personId,firstName,lastName,gamesPlayed,points,assists,reboundsTotal,blocks,steals,turnovers,fieldGoalsAttempted,fieldGoalsMade,threePointersAttempted,threePointersMade,freeThrowsAttempted,freeThrowsMade,guard,forward,center,trueShootingAttempts,ts,fantasyPoints
764,David,Robinson,683,23.644216691068813,2.937042459736457,11.226939970717423,3.2020497803806736,1.5109809663250366,2.7101024890190337,16.11420204978038,8.399707174231333,0.14202049780380674,0.036603221083455345,9.202049780380673,6.808199121522694,0,0,1,20.16310395314788,0.5863238305473663,58.32210834553441
406,Shaquille,O'Neal,534,27.50374531835206,2.6779026217228465,12.387640449438202,2.689138576779026,0.7490636704119851,2.9101123595505616,19.119850187265918,11.041198501872659,0.031835205992509365,0.0018726591760299626,10.146067415730338,5.419475655430712,0,0,1,23.584119850187268,0.5830988286411221,58.03464419475655
165,Hakeem,Olajuwon,651,22.955453149001535,2.9278033794162828,10.944700460829493,3.187403993855607,1.683563748079877,3.067588325652842,17.937019969278033,9.193548387096774,0.14746543778801843,0.03533026113671275,6.0583717357910905,4.533026113671275,0,0,1,20.602703533026112,0.5570980796817264,57.11290322580645
893,Michael,Jordan,503,30.339960238568587,4.864811133200795,6.246520874751491,0.7216699801192843,2.220675944333996,2.3697813121272366,23.254473161033797,11.546719681908549,2.262425447316103,0.805168986083499,7.79324055666004,6.441351888667992,1,0,0,26.683499005964215,0.5685154003188841,54.03677932405566
252,Karl,Malone,785,26.656050955414013,3.778343949044586,10.566878980891719,0.8878980891719745,1.354140127388535,2.8968152866242036,18.47515923566879,9.709554140127388,0.2445859872611465,0.06369426751592357,9.505732484076432,7.173248407643312,0,1,0,22.657681528662422,0.5882343019450947,51.3484076433121
1495,Tim,Duncan,206,21.99514563106796,2.8106796116504853,11.970873786407767,2.412621359223301,0.8058252427184466,3.237864077669903,16.567961165048544,8.504854368932039,0.13592233009708737,0.009708737864077669,7.004854368932039,4.975728155339806,0,1,1,19.65009708737864,0.5596701515840233,50.56553398058252
185,Chris,Webber,405,20.85679012345679,4.2592592592592595,10.061728395061728,1.817283950617284,1.5209876543209877,2.9703703703703703,17.493827160493826,8.797530864197531,1.674074074074074,0.5209876543209877,4.669135802469135,2.740740740740741,0,1,1,19.548246913580247,0.533469579539828,49.75061728395062
121,Patrick,Ewing,681,22.754772393538914,2.036710719530103,10.930983847283407,2.4302496328928047,0.908957415565345,3.067547723935389,17.94273127753304,8.86784140969163,0.14243759177679882,0.02643171806167401,6.71806167400881,4.992657856093979,0,0,1,20.898678414096914,0.5444069702079821,49.428046989721
787,Charles,Barkley,605,21.738842975206612,4.183471074380165,11.532231404958678,0.5933884297520661,1.4661157024793388,2.8,15.16694214876033,7.763636363636364,2.353719008264463,0.6611570247933884,7.614876033057851,5.550413223140496,0,1,0,18.517487603305785,0.5869814372476141,47.950413223140494
297,Alonzo,Mourning,534,21.088014981273407,1.4700374531835205,10.071161048689138,3.1198501872659175,0.6423220973782772,3.1816479400749063,14.187265917602996,7.464419475655431,0.15730337078651685,0.03932584269662921,8.601123595505618,6.119850187265918,0,0,1,17.97176029962547,0.5866986491499355,47.085205992509366
1449,Larry,Bird,105,19.733333333333334,7.019047619047619,8.980952380952381,0.8666666666666667,1.4285714285714286,2.9714285714285715,16.904761904761905,7.761904761904762,3.104761904761905,1.2285714285714286,3.2857142857142856,2.980952380952381,0,1,0,18.35047619047619,0.5376790533527092,46.971428571428575
255,Grant,Hill,435,21.593103448275862,6.252873563218391,7.855172413793103,0.6459770114942529,1.5977011494252873,3.2942528735632184,16.388505747126437,7.797701149425287,0.503448275862069,0.12873563218390804,7.862068965517241,5.86896551724138,0,1,0,19.847816091954023,0.5439667353888207,45.14137931034483
708,Kevin,Garnett,367,17.70027247956403,3.629427792915531,9.128065395095367,1.779291553133515,1.438692098092643,2.3978201634877383,15.133514986376023,7.405994550408719,0.4359673024523161,0.13896457765667575,3.7138964577656677,2.749318801089918,0,1,0,16.767629427792915,0.5278108201218125,44.91280653950953
87,Dikembe,Mutombo,685,12.706569343065693,1.467153284671533,12.31970802919708,3.5664233576642337,0.5094890510948905,2.3912408759124086,8.562043795620438,4.522627737226277,0.00291970802919708,0.0,5.483211678832117,3.6613138686131386,0,0,1,10.97465693430657,0.5789050819140049,44.908029197080296
77685,Larry,Nance,271,16.789667896678967,2.734317343173432,8.306273062730627,2.5682656826568264,0.8376383763837638,1.3394833948339484,13.018450184501845,6.92619926199262,0.06642066420664207,0.007380073800738007,3.623616236162362,2.9298892988929888,0,1,0,14.612841328413284,0.574483343770833,44.29520295202951
937,Scottie,Pippen,731,18.75923392612859,5.846785225718194,7.119015047879617,0.8590971272229823,2.113543091655267,2.915184678522572,15.305061559507523,7.321477428180574,3.0725034199726404,1.0341997264021887,4.359781121751026,3.082079343365253,1,1,0,17.223365253077976,0.5445867764656545,44.26812585499316
921,Brad,Daugherty,270,20.33703703703704,3.6148148148148147,10.459259259259259,0.8,0.8629629629629629,2.4296296296296296,13.637037037037038,7.396296296296296,0.025925925925925925,0.003703703703703704,7.148148148148148,5.54074074074074,0,0,1,16.782222222222224,0.605910134180791,43.24074074074074
17,Clyde,Drexler,535,20.57570093457944,5.6373831775700936,6.302803738317757,0.6504672897196262,1.8,2.6523364485981307,16.252336448598133,7.314018691588785,4.0990654205607475,1.3588785046728973,5.762616822429907,4.588785046728972,1,0,0,18.787887850467293,0.5475788736429913,42.98317757009346
1713,Vince,Carter,132,22.87878787878788,3.5681818181818183,5.75,1.2803030303030303,1.25,2.1818181818181817,18.651515151515152,8.583333333333334,2.287878787878788,0.8636363636363636,6.204545454545454,4.848484848484849,1,1,0,21.381515151515153,0.535013251321589,42.613636363636374
77142,Magic,Johnson,111,18.00900900900901,10.891891891891891,6.612612612612613,0.2702702702702703,1.1531531531531531,3.7567567567567566,11.441441441441441,5.4324324324324325,2.774774774774775,0.918918918918919,6.972972972972973,6.225225225225225,1,1,0,14.509549549549549,0.6205915954698987,42.445945945945944
947,Allen,Iverson,274,24.883211678832115,5.883211678832117,4.054744525547445,0.22262773722627738,2.1423357664233578,3.5693430656934306,20.802919708029197,8.897810218978103,4.197080291970803,1.3576642335766422,7.930656934306569,5.7299270072992705,1,0,0,24.292408759124086,0.5121602374957183,42.11131386861314
1882,Elton,Brand,81,20.08641975308642,1.9135802469135803,10.0,1.6296296296296295,0.8148148148148148,2.814814814814815,16.123456790123456,7.777777777777778,0.024691358024691357,0.0,6.617283950617284,4.530864197530864,0,1,0,19.03506172839506,0.5276163544855498,42.10493827160494
934,Derrick,Coleman,586,18.515358361774744,2.926621160409556,10.03754266211604,1.5085324232081911,0.8156996587030717,2.9351535836177476,14.631399317406144,6.578498293515358,1.477815699658703,0.4232081911262799,6.4300341296928325,4.935153583617748,0,1,0,17.46061433447099,0.5302035199649724,41.38822525597269
431,Shawn,Kemp,748,17.90106951871658,2.0120320855614975,10.01336898395722,1.4973262032085561,1.3155080213903743,3.177807486631016,12.739304812834225,6.347593582887701,0.12165775401069519,0.03609625668449198,6.990641711229946,5.169786096256685,0,1,0,15.815187165775402,0.565945547500541,40.83489304812835
952,Antoine,Walker,288,19.93402777777778,3.3680555555555554,8.98611111111111,0.6006944444444444,1.4826388888888888,3.125,18.40625,7.8125,3.1666666666666665,0.9756944444444444,5.159722222222222,3.3333333333333335,0,1,0,20.67652777777778,0.48204485762841653,40.548611111111114
467,Jason,Kidd,414,13.594202898550725,9.294685990338165,6.193236714975845,0.34541062801932365,2.077294685990338,3.2777777777777777,12.297101449275363,4.958937198067633,3.236714975845411,1.0579710144927537,3.536231884057971,2.6183574879227054,1,0,0,13.85304347826087,0.4906576276860628,39.961352657004824
896,Tim,Hardaway,633,19.526066350710902,8.879936808846761,3.477093206951027,0.15955766192733017,1.7488151658767772,3.0173775671406005,16.398104265402843,7.1469194312796205,5.306477093206951,1.8894154818325435,4.273301737756714,3.3428120063191153,1,0,0,18.278357030015798,0.5341307842561063,39.66034755134282
304,John,Stockton,770,14.410389610389611,11.318181818181818,2.9012987012987015,0.22207792207792207,2.1935064935064936,3.022077922077922,9.997402597402598,5.1454545454545455,2.0805194805194804,0.8207792207792208,3.9935064935064934,3.2987012987012987,1,0,0,11.754545454545454,0.6129709424372998,39.35779220779221
949,Shareef,Abdur-Rahim,294,20.877551020408163,2.826530612244898,7.942176870748299,1.010204081632653,1.1088435374149659,3.119047619047619,16.095238095238095,7.425170068027211,0.7142857142857143,0.23129251700680273,7.309523809523809,5.795918367346939,0,1,0,19.31142857142857,0.5405491091243422,39.26870748299319
358,Anfernee,Hardaway,429,18.724941724941726,6.195804195804196,4.892773892773893,0.5337995337995338,1.8951048951048952,2.9673659673659674,14.400932400932401,6.806526806526806,2.979020979020979,0.9300699300699301,5.438228438228438,4.181818181818182,0,1,0,16.793752913752915,0.5574972378451305,39.138694638694645
339,Tom,Gugliotta,533,16.358348968105066,3.4634146341463414,8.696060037523452,0.7636022514071295,1.701688555347092,2.806754221388368,13.74671669793621,6.315196998123827,1.275797373358349,0.3621013133208255,4.457786116322701,3.3658536585365852,0,1,0,15.708142589118198,0.520696475579401,38.84521575984991
56,Gary,Payton,786,17.15648854961832,7.0585241730279895,4.1157760814249365,0.21501272264631044,2.2340966921119594,2.491094147582697,14.505089058524174,6.852417302798982,2.840966921119593,0.8994910941475827,3.5661577608142494,2.5521628498727735,1,0,0,16.074198473282443,0.533665444598522,38.7321882951654
77384,Reggie,Lewis,241,20.112033195020746,2.8381742738589213,4.775933609958506,1.107883817427386,1.4149377593360997,1.7261410788381744,16.70539419087137,8.149377593360995,0.3900414937759336,0.08298755186721991,4.394190871369295,3.7302904564315353,1,0,0,18.63883817427386,0.5395194970569639,38.17219917012448
452,Vin,Baker,519,17.870905587668595,2.3853564547206165,8.766859344894026,1.1926782273603083,0.8978805394990366,2.5183044315992293,14.466281310211945,7.134874759152216,0.28709055876685935,0.06936416184971098,5.666666666666667,3.531791907514451,0,1,0,16.95961464354528,0.5268664991297473,37.924855491329474
302,Mookie,Blaylock,735,14.391836734693877,7.05578231292517,4.346938775510204,0.3564625850340136,2.454421768707483,2.436734693877551,13.579591836734695,5.613605442176871,4.719727891156462,1.601360544217687,2.1210884353741495,1.563265306122449,1,0,0,14.51287074829932,0.49583011467184646,37.86598639455782
1718,Paul,Pierce,121,18.330578512396695,2.7768595041322315,5.8264462809917354,0.9256198347107438,1.9338842975206612,2.4049586776859506,14.429752066115702,6.363636363636363,4.0,1.487603305785124,5.330578512396694,4.115702479338843,0,1,0,16.775206611570248,0.5463592472164746,37.86363636363637
1122,Dominique,Wilkins,435,22.926436781609194,2.574712643678161,6.583908045977012,0.4413793103448276,1.013793103448276,2.32183908045977,18.344827586206897,8.220689655172414,3.528735632183908,1.181609195402299,6.4528735632183905,5.303448275862069,0,1,0,21.18409195402299,0.5411238969167929,37.84137931034483
124,Vlade,Divac,715,12.875524475524475,3.095104895104895,8.952447552447552,1.5986013986013985,1.2573426573426574,2.337062937062937,9.98041958041958,5.030769230769231,0.4979020979020979,0.11888111888111888,3.841958041958042,2.6951048951048953,0,0,1,11.67088111888112,0.5516089292818898,37.696503496503496
686,Antonio,McDyess,362,17.15193370165746,1.4585635359116023,8.132596685082873,1.7375690607734806,0.9917127071823204,2.383977900552486,13.972375690607734,6.875690607734807,0.143646408839779,0.019337016574585635,5.00828729281768,3.3812154696132595,0,1,1,16.176022099447515,0.5301653767598177,37.687845303867405
1885,Lamar,Odom,76,16.56578947368421,4.171052631578948,7.828947368421052,1.25,1.1973684210526316,3.3947368421052633,13.473684210526315,5.907894736842105,2.1578947368421053,0.7763157894736842,5.526315789473684,3.973684210526316,0,1,0,15.905263157894737,0.5207643944407676,37.565789473684205
393,Rod,Strickland,677,16.02954209748892,8.768094534711965,4.454948301329394,0.24076809453471196,1.7311669128508125,3.103397341211226,12.9807976366322,5.957163958641064,0.7533234859675036,0.21270310192023634,5.40768094534712,3.902511078286558,1,0,0,15.360177252584933,0.5217889687695936,37.5450516986706
134,Kevin,Johnson,500,18.16,8.874,3.206,0.228,1.498,3.054,12.554,6.178,0.874,0.29,6.612,5.514,1,0,0,15.463280000000001,0.5871975415306455,37.076
270,Horace,Grant,712,12.414325842696629,2.5112359550561796,9.015449438202246,1.1306179775280898,1.0941011235955056,1.1938202247191012,10.14185393258427,5.199438202247191,0.07303370786516854,0.0056179775280898875,2.9241573033707864,2.009831460674157,0,0,1,11.428483146067416,0.5431309511520103,36.21558988764045
129,Dino,Radja,224,16.665178571428573,1.5892857142857142,8.40625,1.2589285714285714,0.8973214285714286,2.2098214285714284,13.625,6.767857142857143,0.013392857142857142,0.0,4.258928571428571,3.1294642857142856,0,0,1,15.498928571428571,0.537623568449432,35.86383928571429
762,Shawn,Bradley,473,10.539112050739957,0.9006342494714588,7.6553911205073994,3.2135306553911205,0.7293868921775899,1.7526427061310783,9.674418604651162,4.3171247357293865,0.06342494714587738,0.006342494714587738,2.7864693446088795,1.8985200845665962,0,0,1,10.900465116279069,0.48342487858616895,35.63953488372093
1883,Steve,Francis,77,18.025974025974026,6.584415584415584,5.311688311688312,0.37662337662337664,1.5324675324675325,3.9740259740259742,14.506493506493506,6.454545454545454,4.025974025974026,1.3896103896103895,4.740259740259741,3.727272727272727,1,0,0,16.59220779220779,0.5432060112711334,35.55844155844156
84,Latrell,Sprewell,519,19.57996146435453,4.402697495183045,4.296724470134874,0.558766859344894,1.6416184971098267,2.9903660886319847,15.996146435452793,6.953757225433526,3.5915221579961463,1.186897880539499,5.5876685934489405,4.485549132947977,1,0,0,18.454720616570327,0.5304865316349969,35.44990366088632
224,Eddie,Jones,416,16.19951923076923,3.3197115384615383,3.9591346153846154,0.7139423076923077,2.2259615384615383,1.7836538461538463,12.569711538461538,5.711538461538462,4.117788461538462,1.5504807692307692,4.052884615384615,3.2259615384615383,1,1,0,14.352980769230768,0.5643259574867188,35.31009615384615
1496,Keith,Van Horn,184,19.945652173913043,1.7880434782608696,7.836956521739131,0.75,0.9293478260869565,2.9456521739130435,16.608695652173914,7.211956521739131,2.744565217391304,0.9184782608695652,5.413043478260869,4.603260869565218,0,1,0,18.990434782608695,0.525149961078804,35.20923913043479
950,Stephon,Marbury,272,19.084558823529413,8.400735294117647,2.926470588235294,0.1801470588235294,1.2573529411764706,3.3088235294117645,15.838235294117647,6.672794117647059,3.7573529411764706,1.2095588235294117,5.886029411764706,4.529411764705882,1,0,0,18.42808823529412,0.5178116845288921,35.2077205882353
782,Mitch,Richmond,718,22.532033426183844,3.722841225626741,3.8579387186629526,0.2841225626740947,1.350974930362117,2.764623955431755,17.568245125348188,7.954038997214485,4.229805013927576,1.6657381615598885,5.83008356545961,4.958217270194986,1,0,0,20.133481894150417,0.5595662375897907,34.914345403899716
299,Glenn,Robinson,426,21.056338028169016,2.791079812206573,6.072769953051643,0.5821596244131455,1.187793427230047,3.2699530516431925,17.800469483568076,8.22300469483568,2.563380281690141,0.8943661971830986,4.605633802816901,3.715962441314554,0,1,0,19.826948356807513,0.5310029977694323,34.89201877934273
23,Dennis,Rodman,588,6.421768707482993,2.1479591836734695,15.889455782312925,0.5136054421768708,0.6649659863945578,1.7329931972789117,5.413265306122449,2.6377551020408165,0.5136054421768708,0.11904761904761904,1.7857142857142858,1.0272108843537415,0,1,0,6.198979591836735,0.5179698216735253,34.72619047619048
714,Michael,Finley,379,18.757255936675463,4.153034300791557,5.1846965699208445,0.3482849604221636,1.2137203166226913,2.1609498680738786,16.0,7.261213720316623,2.8839050131926123,1.036939313984169,4.029023746701847,3.1978891820580473,1,1,0,17.772770448548812,0.5276964554000368,34.689973614775724
1711,Raef,LaFrentz,93,12.602150537634408,1.1290322580645162,7.870967741935484,2.118279569892473,0.5483870967741935,1.1290322580645162,10.838709677419354,4.849462365591398,2.3010752688172045,0.7741935483870968,3.053763440860215,2.129032258064516,0,1,1,12.182365591397849,0.5172292049145601,34.51075268817204
363,Christian,Laettner,560,15.7375,2.8285714285714287,7.633928571428571,0.9303571428571429,1.1339285714285714,2.7714285714285714,11.67142857142857,5.553571428571429,0.5107142857142857,0.1375,5.483928571428572,4.492857142857143,0,1,1,14.084357142857142,0.558687196028015,34.145535714285714
436,Juwan,Howard,410,18.417073170731708,3.4097560975609755,7.487804878048781,0.32926829268292684,0.9853658536585366,2.975609756097561,15.726829268292683,7.524390243902439,0.08292682926829269,0.00975609756097561,4.6,3.3585365853658535,0,1,0,17.750829268292684,0.5187665571103515,34.07073170731707
980,Zydrunas,Ilgauskas,87,13.96551724137931,0.8620689655172413,8.816091954022989,1.632183908045977,0.6436781609195402,1.793103448275862,10.724137931034482,5.551724137931035,0.04597701149425287,0.011494252873563218,3.8160919540229883,2.8505747126436782,0,0,1,12.403218390804597,0.5629795751936836,34.0
913,Larry,Johnson,642,16.830218068535824,3.3816199376947043,7.690031152647975,0.35669781931464173,0.7429906542056075,2.0841121495327104,13.221183800623052,6.47196261682243,1.4657320872274144,0.49221183800623053,4.4392523364485985,3.3940809968847354,0,1,0,15.174454828660435,0.5545575857113529,33.66822429906542
938,Rony,Seikaly,526,15.047528517110266,1.38212927756654,9.712927756653992,1.2376425855513309,0.6254752851711026,2.807984790874525,11.079847908745247,5.376425855513308,0.051330798479087454,0.009505703422053232,6.038022813688213,4.285171102661597,0,0,1,13.73657794676806,0.5477175092451118,33.52661596958175
361,Clifford,Robinson,772,16.954663212435232,2.33160621761658,5.231865284974093,1.1411917098445596,1.16580310880829,2.0038860103626943,13.905440414507773,6.341968911917099,2.4753886010362693,0.8873056994818653,4.829015544041451,3.383419689119171,0,1,1,16.03020725388601,0.5288348099281472,33.520077720207254
757,Damon,Stoudamire,350,16.557142857142857,7.597142857142857,3.7685714285714287,0.12571428571428572,1.3142857142857143,2.962857142857143,14.714285714285714,6.08,4.26,1.497142857142857,3.5742857142857143,2.9,1,0,0,16.286971428571427,0.5082940965960523,33.440000000000005
149,Michael,Adams,334,16.005988023952096,7.350299401197605,3.1137724550898205,0.08982035928143713,1.592814371257485,2.529940119760479,13.215568862275449,5.38622754491018,4.416167664670659,1.3712574850299402,4.494011976047904,3.8622754491017965,1,0,0,15.192934131736527,0.5267576323692861,33.37275449101797
717,Arvydas,Sabonis,331,13.706948640483384,2.2084592145015107,8.36858006042296,1.1570996978851964,0.8126888217522659,2.0453172205438066,9.918429003021147,5.02416918429003,1.190332326283988,0.3987915407854985,4.138972809667674,3.2598187311178246,0,0,1,11.739577039274923,0.5837922692881775,33.36102719033232
948,Marcus,Camby,230,11.434782608695652,1.1695652173913043,6.843478260869565,2.391304347826087,0.8956521739130435,1.6478260869565218,9.81304347826087,4.543478260869565,0.0782608695652174,0.013043478260869565,3.617391304347826,2.3347826086956522,0,1,1,11.404695652173913,0.5013190600362932,33.30652173913043
779,Glen,Rice,748,20.84893048128342,2.340909090909091,4.660427807486631,0.29010695187165775,1.0815508021390374,1.914438502673797,16.502673796791445,7.609625668449198,4.371657754010696,1.786096256684492,4.514705882352941,3.843582887700535,1,1,0,18.48914438502674,0.5638154488686813,33.00868983957219
78318,Isiah,Thomas,263,16.988593155893536,7.893536121673004,3.0342205323193916,0.18631178707224336,1.4600760456273765,3.5095057034220534,15.019011406844106,6.452471482889734,1.806083650190114,0.5475285171102662,4.722433460076045,3.536121673003802,1,0,0,17.096882129277567,0.49683307831904067,32.946768060836504
72,Kenny,Anderson,601,14.933444259567388,7.043261231281198,3.3144758735440933,0.1480865224625624,1.5906821963394342,2.3693843594009985,12.861896838602329,5.392678868552412,2.4792013311148087,0.8635607321131448,4.139767054908486,3.284525790349418,1,0,0,14.683394342762062,0.5085147177474186,32.686356073211314
96,Detlef,Schrempf,736,15.911684782608695,4.014945652173913,6.997282608695652,0.29347826086956524,0.845108695652174,2.207880434782609,10.985054347826088,5.448369565217392,1.408967391304348,0.5529891304347826,5.489130434782608,4.461956521739131,0,1,0,13.400271739130435,0.5937075416218847,32.568614130434774
904,Chris,Mullin,607,17.200988467874794,3.3624382207578254,4.194398682042833,0.5996705107084019,1.5387149917627676,2.2668863261943986,12.784184514003295,6.520593080724876,2.5485996705107086,1.0345963756177925,3.6606260296540363,3.125205930807249,0,1,0,14.39485996705107,0.5974698089195302,32.556013179571664
383,Kendall,Gill,718,15.210306406685238,3.4623955431754876,4.4735376044568245,0.532033426183844,1.7701949860724233,1.9930362116991645,13.401114206128133,5.9415041782729805,1.2353760445682451,0.3816155988857939,3.896935933147632,2.945682451253482,1,0,0,15.115766016713092,0.5031272113456776,32.33704735376045
788,Kevin,Willis,740,14.45945945945946,1.3391891891891892,9.993243243243244,0.5351351351351351,0.7189189189189189,2.0905405405405406,12.286486486486487,5.918918918918919,0.20270270270270271,0.04594594594594595,3.516216216216216,2.575675675675676,0,1,1,13.83362162162162,0.5226201733340627,32.293243243243246
98,Nick,Anderson,683,15.373352855051245,2.834553440702782,5.402635431918009,0.4685212298682284,1.506588579795022,1.7554904831625182,13.184480234260615,5.869692532942899,4.187408491947291,1.5095168374816983,3.2035139092240117,2.124450951683748,1,1,0,14.59402635431918,0.526700188207534,32.118594436310396
330,Danny,Manning,650,15.349230769230768,2.563076923076923,5.664615384615384,0.9769230769230769,1.2123076923076923,2.2215384615384615,12.261538461538462,6.273846153846153,0.2246153846153846,0.04461538461538461,3.796923076923077,2.756923076923077,0,1,1,13.932184615384616,0.5508551312290744,32.004615384615384
221,Clar.,Weatherspoon,606,13.465346534653465,1.7623762376237624,7.698019801980198,0.9636963696369637,1.0726072607260726,1.9108910891089108,10.98019801980198,5.201320132013201,0.08250825082508251,0.0165016501650165,4.163366336633663,3.046204620462046,0,1,0,12.812079207920792,0.5254941963802723,31.979372937293725
693,Joe,Smith,362,14.533149171270718,1.2541436464088398,7.472375690607735,1.1657458563535912,0.8232044198895028,1.8591160220994476,12.519337016574585,5.613259668508287,0.23756906077348067,0.06353591160220995,4.165745856353591,3.2430939226519335,0,1,1,14.352265193370165,0.5063015829021926,31.860497237569067
397,Reggie,Miller,775,20.35225806451613,3.087741935483871,3.07741935483871,0.24258064516129033,1.1651612903225808,1.9083870967741936,13.825806451612904,6.567741935483871,4.969032258064516,2.0103225806451612,5.854193548387097,5.2064516129032254,1,0,0,16.401651612903226,0.6204331900485238,31.4141935483871
1710,Mike,Bibby,132,14.030303030303031,7.5,3.3484848484848486,0.15151515151515152,1.5909090909090908,2.977272727272727,12.393939393939394,5.446969696969697,2.1666666666666665,0.696969696969697,3.1742424242424243,2.4393939393939394,1,0,0,13.790606060606061,0.5086905886747677,31.318181818181827
926,Alvin,Robertson,309,11.145631067961165,4.501618122977346,4.5954692556634305,0.3300970873786408,2.511326860841424,2.43042071197411,9.618122977346278,4.4207119741100325,1.766990291262136,0.5533980582524272,2.4174757281553396,1.750809061488673,1,0,0,10.681812297734627,0.5217106777997261,31.29611650485437
52,Micheal,Williams,335,12.680597014925374,6.66865671641791,2.9582089552238804,0.2716417910447761,2.035820895522388,2.5761194029850745,8.719402985074627,4.068656716417911,0.5940298507462687,0.1373134328358209,5.029850746268656,4.405970149253731,1,0,0,10.932537313432835,0.5799475753604194,31.198507462686564
78293,Roy,Tarpley,60,13.216666666666667,1.1666666666666667,8.4,1.0666666666666667,0.85,2.033333333333333,11.483333333333333,5.583333333333333,0.31666666666666665,0.08333333333333333,2.3333333333333335,1.9666666666666666,0,1,0,12.51,0.528244071409539,31.166666666666668
954,Kerry,Kittles,267,15.258426966292134,2.5580524344569286,4.108614232209738,0.43820224719101125,1.6779026217228465,1.3295880149812733,13.685393258426966,5.794007490636704,4.044943820224719,1.550561797752809,2.689138576779026,2.1198501872659175,1,0,0,14.868614232209739,0.5131085764952442,31.063670411985015
204,Jeff,Hornacek,770,15.871428571428572,4.646753246753247,3.4038961038961038,0.24545454545454545,1.4454545454545455,1.851948051948052,11.962337662337662,5.897402597402597,2.3051948051948052,0.9506493506493506,3.5116883116883115,3.125974025974026,1,0,0,13.507480519480518,0.5875051438548722,31.007142857142863
89,Nick,Van Exel,507,15.254437869822485,7.554240631163708,2.9309664694280078,0.10650887573964497,0.9842209072978304,2.3254437869822486,13.621301775147929,5.514792899408284,5.319526627218935,1.883629191321499,2.9250493096646943,2.3412228796844183,1,0,0,14.908323471400394,0.5116080925895546,30.69428007889546
951,Ray,Allen,296,18.138513513513512,3.554054054054054,4.398648648648648,0.16216216216216217,1.179054054054054,2.4222972972972974,14.550675675675675,6.412162162162162,4.327702702702703,1.679054054054054,4.16554054054054,3.635135135135135,1,0,0,16.383513513513513,0.55355993995282,30.58783783783783
111,LaPhonso,Ellis,421,13.995249406175772,1.9406175771971497,7.34916864608076,0.833729216152019,0.7624703087885986,1.8741092636579573,12.002375296912113,5.4821852731591445,1.2921615201900238,0.4014251781472684,3.619952494061758,2.629453681710214,0,1,0,13.595154394299287,0.5147146181747024,30.566508313539195
1489,Lionel,Simmons,454,12.848017621145374,3.299559471365639,6.240088105726873,0.7951541850220264,1.13215859030837,2.1629955947136565,11.407488986784141,4.938325991189427,0.31057268722466963,0.0947136563876652,3.7312775330396475,2.8766519823788546,0,1,0,13.049251101321586,0.49228946249046307,30.540748898678416
711,Jerry,Stackhouse,356,19.264044943820224,3.5252808988764044,3.6264044943820224,0.7191011235955056,1.1095505617977528,3.438202247191011,14.912921348314606,6.205056179775281,3.491573033707865,1.0112359550561798,7.415730337078652,5.842696629213483,0,1,0,18.175842696629214,0.5299354001174543,30.42977528089888
77264,Bernard,King,96,21.25,3.2291666666666665,4.114583333333333,0.19791666666666666,0.6979166666666666,2.875,17.583333333333332,8.375,0.4583333333333333,0.10416666666666667,5.645833333333333,4.395833333333333,0,1,0,20.0675,0.5294630621651925,30.09895833333333
210,Terrell,Brandon,614,13.594462540716613,5.798045602605863,2.903908794788274,0.3241042345276873,1.514657980456026,1.988599348534202,11.760586319218241,5.280130293159609,1.6221498371335505,0.5814332247557004,2.8257328990228014,2.452768729641694,1,0,0,13.003908794788273,0.5227067782175242,30.02524429967427
905,Dale,Davis,645,9.427906976744186,0.8496124031007752,8.967441860465117,1.3503875968992247,0.6961240310077519,1.2217054263565892,7.2263565891472865,3.9224806201550386,0.004651162790697674,0.0,2.9953488372093022,1.5829457364341086,0,1,1,8.544310077519379,0.5517067435058102,29.89612403100775
765,Hersey,Hawkins,763,15.171690694626474,2.998689384010485,3.8597640891218874,0.29882044560943644,1.7549148099606815,1.9213630406290956,10.967234600262124,5.070773263433814,3.5334207077326343,1.381389252948886,4.18872870249017,3.6487549148099605,1,0,0,12.8102752293578,0.592168802894138,29.831585845347313
469,Jamal,Mashburn,394,17.99492385786802,3.3578680203045685,4.66497461928934,0.17258883248730963,1.0279187817258884,2.530456852791878,15.49746192893401,6.535532994923858,3.685279187817259,1.2309644670050761,5.020304568527918,3.6928934010152283,0,1,0,17.706395939086295,0.5081475620384386,29.770304568527926
739,Rasheed,Wallace,334,13.982035928143713,1.6646706586826348,6.008982035928144,1.0838323353293413,0.8982035928143712,1.8592814371257484,10.904191616766466,5.703592814371257,0.7035928143712575,0.19461077844311378,3.5119760479041915,2.3802395209580838,0,1,1,12.44946107784431,0.5615518551653151,29.702095808383234
199,Reggie,Williams,454,13.614537444933921,2.814977973568282,4.433920704845815,0.7555066079295154,1.4537444933920705,1.8259911894273129,12.090308370044053,5.394273127753304,2.3215859030837005,0.7136563876651982,2.6696035242290748,2.1123348017621146,1,1,0,13.264933920704845,0.5131777333501598,29.67290748898678
1503,Tracy,McGrady,191,11.099476439790577,2.481675392670157,5.481675392670157,1.450261780104712,1.0,1.6020942408376964,9.418848167539267,4.214659685863874,0.7382198952879581,0.2094240837696335,3.4554973821989527,2.4607329842931938,1,1,0,10.939267015706806,0.507322676366421,29.641361256544503
1510,Brevin,Knight,184,9.228260869565217,7.695652173913044,3.135869565217391,0.25,2.027173913043478,2.4782608695652173,7.961956521739131,3.3967391304347827,0.11956521739130435,0.010869565217391304,3.130434782608696,2.4239130434782608,1,0,0,9.339347826086957,0.4940527455133725,29.627717391304348
193,Anthony,Mason,634,11.160883280757098,3.3958990536277605,8.537854889589905,0.2886435331230284,0.7523659305993691,1.8138801261829653,7.917981072555205,4.10410094637224,0.015772870662460567,0.0015772870662460567,4.233438485804417,2.951104100946372,0,1,0,9.780694006309147,0.5705568170089793,29.597791798107252
78310,Reggie,Theus,81,18.641975308641975,4.666666666666667,2.8271604938271606,0.43209876543209874,1.0493827160493827,3.111111111111111,15.395061728395062,7.197530864197531,1.7777777777777777,0.6419753086419753,4.234567901234568,3.6049382716049383,1,0,0,17.258271604938273,0.5400881309373926,29.586419753086417
389,Toni,Kukoc,468,13.982905982905983,4.230769230769231,4.767094017094017,0.3888888888888889,1.0876068376068375,2.047008547008547,11.542735042735043,5.267094017094017,2.480769230769231,0.8055555555555556,3.5555555555555554,2.643162393162393,0,1,0,13.107179487179486,0.5334063669679304,29.291666666666668
120,Steven,Smith,610,17.04590163934426,3.8704918032786884,3.8524590163934427,0.34918032786885245,0.9278688524590164,2.224590163934426,13.414754098360655,5.911475409836066,3.9377049180327868,1.362295081967213,4.622950819672131,3.860655737704918,1,1,0,15.448852459016393,0.5516882786137227,29.289344262295074
1460,James,Worthy,294,16.25170068027211,3.261904761904762,3.704081632653061,0.35034013605442177,1.0782312925170068,1.6598639455782314,15.108843537414966,6.857142857142857,1.2074829931972788,0.3299319727891156,2.7755102040816326,2.207482993197279,0,1,0,16.330068027210885,0.4976005198873577,29.095238095238095
73,Hot Rod,Williams,565,9.635398230088496,1.8743362831858408,6.589380530973451,1.4920353982300885,0.8212389380530973,1.2743362831858407,7.700884955752213,3.633628318584071,0.023008849557522124,0.0017699115044247787,3.330973451327434,2.366371681415929,0,0,1,9.166513274336284,0.5255759710218804,29.035398230088497
901,Otis,Thorpe,723,13.340248962655602,2.1798063623789763,8.398340248962656,0.34024896265560167,0.6957123098201936,2.160442600276625,9.751037344398341,5.333333333333333,0.056708160442600276,0.004149377593360996,4.037344398340249,2.669432918395574,0,1,1,11.527468879668051,0.5786287129425655,29.030428769017988
977,Kobe,Bryant,266,15.93984962406015,3.018796992481203,3.962406015037594,0.6578947368421053,1.131578947368421,2.2857142857142856,12.394736842105264,5.575187969924812,2.2593984962406015,0.7481203007518797,4.954887218045113,4.041353383458647,1,1,0,14.574887218045113,0.5468258308141514,28.99812030075188
922,Elden,Campbell,727,10.845942228335625,1.2077028885832186,6.181568088033012,1.689133425034388,0.7152682255845942,1.297111416781293,8.90646492434663,4.1499312242090785,0.03576341127922971,0.002751031636863824,3.751031636863824,2.5433287482806053,0,1,1,10.556918844566711,0.5136888133755837,28.953232462173315
754,Jim,Jackson,527,17.352941176470587,3.7685009487666035,4.827324478178368,0.23908918406072105,0.8861480075901328,2.918406072106262,15.129032258064516,6.552182163187855,2.6698292220113853,0.9165085388994307,4.064516129032258,3.332068311195446,1,1,0,16.91741935483871,0.5128719934316491,28.910815939278933
899,Mark,Price,427,14.992974238875878,6.754098360655738,2.5152224824355973,0.11241217798594848,1.14519906323185,2.5175644028103044,11.416861826697891,5.2810304449648715,3.8056206088992974,1.4894613583138174,3.199063231850117,2.9414519906323187,1,0,0,12.824449648711942,0.5845464971037465,28.892271662763463
22,Rik,Smits,703,15.140825035561878,1.42674253200569,6.066856330014224,1.12375533428165,0.41251778093883357,1.8577524893314368,12.443812233285918,6.2588904694167855,0.034139402560455195,0.004267425320056899,3.3854907539118066,2.6187766714082503,0,0,1,13.933428165007113,0.5433273440052271,28.81081081081081
105,Dan,Majerle,710,12.791549295774647,3.1816901408450704,4.625352112676056,0.4,1.3098591549295775,1.2901408450704226,10.553521126760563,4.629577464788732,4.535211267605634,1.6591549295774648,2.5014084507042256,1.8732394366197183,1,1,0,11.654140845070422,0.5487984685368436,28.761267605633805
1450,Kevin,McHale,195,14.323076923076924,1.441025641025641,5.98974358974359,1.3487179487179488,0.26666666666666666,1.6102564102564103,11.256410256410257,5.769230769230769,0.3487179487179487,0.08717948717948718,3.246153846153846,2.6974358974358976,0,1,0,12.68471794871795,0.564580031695721,28.71025641025641
349,Mark,Jackson,771,9.785992217898833,8.408560311284047,3.953307392996109,0.11413748378728923,1.2088197146562905,2.503242542153048,8.171206225680933,3.714656290531777,1.5278858625162126,0.522697795071336,2.343709468223087,1.8339818417639429,1,0,0,9.202438391699092,0.5317064782919996,28.614137483787285
182,Billy,Owens,555,12.302702702702703,2.971171171171171,6.866666666666666,0.5567567567567567,0.9675675675675676,2.2900900900900902,10.340540540540541,5.018018018018018,0.4720720720720721,0.14234234234234233,3.3585585585585584,2.1243243243243244,1,1,0,11.818306306306306,0.5204934778233798,28.576576576576578
891,Charles,Oakley,714,9.067226890756302,2.5028011204481793,9.267507002801121,0.27310924369747897,1.1540616246498598,1.973389355742297,7.434173669467787,3.5322128851540615,0.16526610644257703,0.04201680672268908,2.488795518207283,1.9607843137254901,0,1,0,8.529243697478991,0.5315375672427043,28.484593837535012
166,Ron,Harper,706,12.076487252124647,3.558073654390935,4.126062322946176,0.6373937677053825,1.5297450424929178,1.9206798866855523,10.68413597733711,4.584985835694051,2.0651558073654392,0.6203966005665722,3.1841359773371103,2.2861189801699715,1,0,0,12.085155807365439,0.49964135525520037,28.42988668555241
136,P.J.,Brown,524,9.196564885496183,1.5248091603053435,7.234732824427481,1.2080152671755726,0.9179389312977099,1.2671755725190839,7.9465648854961835,3.633587786259542,0.0916030534351145,0.015267175572519083,2.568702290076336,1.9141221374045803,0,1,1,9.076793893129771,0.5065976485627303,28.305343511450378
293,Charles,Smith,415,12.787951807228916,1.4,5.43855421686747,1.4,0.7421686746987952,1.7542168674698795,10.306024096385542,4.7301204819277105,0.18795180722891566,0.04096385542168675,4.224096385542168,3.2867469879518074,0,1,0,12.164626506024096,0.5256204044117647,28.10602409638554
57,Doug,Christie,437,12.288329519450802,3.2471395881006866,4.075514874141876,0.5125858123569794,1.805491990846682,2.263157894736842,10.208237986270023,4.258581235697941,3.135011441647597,1.105263157894737,3.356979405034325,2.665903890160183,1,1,0,11.685308924485126,0.5258025097523147,28.018306636155607
1500,Ron,Mercer,189,16.227513227513228,2.3174603174603177,3.624338624338624,0.2751322751322751,1.4126984126984128,1.9682539682539681,15.513227513227513,6.772486772486772,0.5608465608465608,0.12169312169312169,3.1693121693121693,2.560846560846561,1,1,0,16.907724867724866,0.4798845898684425,27.955026455026456
442,Pervis,Ellison,430,9.806976744186047,1.4488372093023256,6.888372093023256,1.6116279069767443,0.6441860465116279,1.7046511627906977,7.723255813953489,3.983720930232558,0.04186046511627907,0.002325581395348837,2.6534883720930234,1.8372093023255813,0,0,1,8.890790697674419,0.5515244412823302,27.92674418604651
735,Bryant,Reeves,320,13.509375,1.696875,7.165625,0.775,0.490625,2.04375,11.421875,5.453125,0.071875,0.003125,3.759375,2.6,0,0,1,13.076,0.5165713903334352,27.778125000000003
1712,Antawn,Jamison,90,14.333333333333334,1.3777777777777778,7.333333333333333,0.34444444444444444,0.7555555555555555,2.011111111111111,12.777777777777779,5.933333333333334,0.18888888888888888,0.05555555555555555,4.011111111111111,2.411111111111111,0,1,0,14.542666666666667,0.49280278720088017,27.77777777777778
101,Scott,Skiles,386,13.72538860103627,7.595854922279793,2.917098445595855,0.04922279792746114,0.966321243523316,2.935233160621762,10.575129533678757,4.658031088082901,2.9533678756476682,1.1476683937823835,3.6580310880829017,3.261658031088083,1,0,0,12.184663212435233,0.5632239628514569,27.68652849740933
1717,Dirk,Nowitzki,129,14.108527131782946,1.937984496124031,5.37984496124031,0.7364341085271318,0.7131782945736435,1.6589147286821706,11.271317829457365,5.046511627906977,2.89922480620155,1.0077519379844961,3.689922480620155,3.007751937984496,0,1,0,12.894883720930233,0.5470591064300485,27.565891472868223
208,Sam,Cassell,434,14.23963133640553,5.870967741935484,2.9009216589861753,0.16589861751152074,1.1866359447004609,2.6313364055299537,11.154377880184331,4.919354838709677,2.0737327188940093,0.6589861751152074,4.375576036866359,3.7419354838709675,1,0,0,13.07963133640553,0.5443437574869288,27.544930875576043
76217,Sam,Bowie,304,10.226973684210526,2.0559210526315788,6.6875,1.4671052631578947,0.46381578947368424,1.792763157894737,9.036184210526315,3.9967105263157894,0.2236842105263158,0.05592105263157895,2.8421052631578947,2.1776315789473686,0,0,1,10.286710526315789,0.4970964069635068,27.48026315789474
258,Brian,Grant,354,11.796610169491526,1.3305084745762712,7.497175141242938,0.9915254237288136,0.5790960451977402,1.926553672316384,8.8954802259887,4.435028248587571,0.06779661016949153,0.01694915254237288,4.0423728813559325,2.9096045197740112,0,1,1,10.674124293785312,0.5525797641479474,27.467514124293785
923,Donyell,Marshall,379,11.216358839050132,1.5831134564643798,6.593667546174142,0.9050131926121372,0.7968337730870713,1.4986807387862797,10.641160949868073,4.308707124010554,2.2638522427440635,0.7097625329815304,2.620052770448549,1.8891820580474934,0,1,0,11.793984168865435,0.4755118659841787,27.291556728232187
251,Sean,Elliott,609,15.311986863711002,2.729064039408867,4.494252873563219,0.40229885057471265,0.8341543513957307,1.9129720853858785,11.993431855500821,5.573070607553366,2.354679802955665,0.8752052545155994,4.129720853858785,3.29064039408867,0,1,0,13.810509031198688,0.5543599743181223,27.266830870279154
109,Robert,Horry,535,8.770093457943926,2.553271028037383,5.3439252336448595,1.138317757009346,1.3214953271028038,1.622429906542056,7.368224299065421,3.304672897196262,2.2130841121495326,0.7495327102803738,1.9271028037383178,1.411214953271028,0,1,1,8.216149532710281,0.5337106769435167,27.21028037383178
932,Oliver,Miller,444,7.891891891891892,2.3063063063063063,6.222972972972973,1.6486486486486487,0.9797297297297297,1.9977477477477477,6.247747747747748,3.34009009009009,0.0945945945945946,0.01126126126126126,1.8806306306306306,1.2004504504504505,0,0,1,7.075225225225225,0.5577131215381678,27.203828828828826
71,Pooh,Richardson,553,11.112115732368897,6.556962025316456,2.875226039783002,0.15551537070524413,1.2368896925858952,1.8499095840867992,10.743218806509946,4.737793851717902,1.81374321880651,0.6057866184448463,1.562386980108499,1.030741410488246,1,0,0,11.430669077757685,0.4860658486733448,27.130198915009046
1890,Shawn,Marion,51,10.196078431372548,1.3529411764705883,6.509803921568627,1.0392156862745099,0.7450980392156863,1.0,9.235294117647058,4.352941176470588,0.43137254901960786,0.0784313725490196,1.6666666666666667,1.411764705882353,1,1,0,9.968627450980392,0.5114083398898505,27.127450980392158
1715,Jason,Williams,131,12.51908396946565,6.778625954198473,2.9236641221374047,0.06870229007633588,1.618320610687023,3.351145038167939,12.13740458015267,4.534351145038168,6.320610687022901,1.8702290076335877,2.099236641221374,1.5801526717557253,1,0,0,13.061068702290076,0.4792518994739919,27.11832061068702
375,Isaiah,Rider,486,18.117283950617285,2.905349794238683,4.067901234567901,0.2613168724279835,0.6934156378600823,2.7016460905349793,15.497942386831276,6.882716049382716,3.6810699588477367,1.2901234567901234,3.7757201646090537,3.0617283950617282,1,0,0,17.15925925925926,0.5279156773868623,26.992798353909464
80,Ken,Norman,429,12.981351981351981,1.9580419580419581,5.941724941724941,0.6317016317016317,0.6736596736596736,1.5710955710955712,11.594405594405595,5.533799533799534,1.6153846153846154,0.5128205128205128,2.5687645687645686,1.400932400932401,0,1,0,12.724662004662004,0.5100863180725717,26.91025641025641
3,Grant,Long,667,10.451274362818591,1.8395802098950524,6.923538230884557,0.3778110944527736,1.262368815592204,1.6551724137931034,8.158920539730135,3.820089955022489,0.3748125937031484,0.11394302848575712,3.4812593703148424,2.6971514242878563,0,1,0,9.690674662668666,0.5392438982127828,26.84632683658171
247,Joe,Dumars,631,17.46434231378764,4.318541996830428,2.1125198098256734,0.07131537242472266,0.8557844690966719,1.9968304278922346,13.881141045958795,6.213946117274168,3.884310618066561,1.4833597464342314,4.1727416798732175,3.553090332805071,1,0,0,15.717147385103011,0.5555824439980963,26.825673534072898
288,Armen,Gilliam,724,13.035911602209945,1.1947513812154695,6.667127071823204,0.6906077348066298,0.6837016574585635,1.7624309392265194,10.089779005524862,4.895027624309392,0.020718232044198894,0.0,4.0897790055248615,3.24585635359116,0,1,0,11.8892817679558,0.548221156527073,26.801104972375693
1897,Metta,World Peace,72,12.027777777777779,2.736111111111111,4.277777777777778,0.5416666666666666,1.6527777777777777,2.3055555555555554,10.541666666666666,4.291666666666667,2.6527777777777777,0.8333333333333334,3.875,2.611111111111111,0,1,0,12.246666666666666,0.49106332788967527,26.71527777777778
133,David,Wesley,480,11.845833333333333,5.479166666666667,2.683333333333333,0.18333333333333332,1.525,2.158333333333333,9.502083333333333,4.20625,2.7333333333333334,1.01875,3.0770833333333334,2.4145833333333333,1,0,0,10.856,0.5455892286907393,26.60625
77845,Drazen,Petrovic,213,18.206572769953052,2.7464788732394365,2.619718309859155,0.11737089201877934,1.136150234741784,2.3427230046948355,13.812206572769954,7.032863849765258,2.3896713615023475,1.0375586854460095,3.6901408450704225,3.103286384976526,1,0,0,15.43586854460094,0.589748892890165,26.58450704225352
689,Theo,Ratliff,340,8.308823529411764,0.43823529411764706,5.711764705882353,2.3676470588235294,0.5058823529411764,1.2588235294117647,6.1,3.1088235294117648,0.0029411764705882353,0.0,2.888235294117647,2.0911764705882354,0,0,1,7.370823529411764,0.5636292536551109,26.510294117647057
365,Derrick,McKey,585,11.536752136752137,2.7726495726495726,4.78974358974359,0.6512820512820513,1.2324786324786325,1.9760683760683762,9.148717948717948,4.420512820512821,0.8,0.2564102564102564,3.1487179487179486,2.4393162393162395,0,1,0,10.534153846153846,0.5475879840583662,26.46324786324786
1709,Michael,Olowokandi,125,9.472,0.504,8.104,1.56,0.496,2.096,9.24,4.016,0.0,0.0,2.456,1.44,0,0,1,10.320640000000001,0.45888627061887627,26.416000000000004
177,Muggsy,Bogues,647,8.15919629057187,7.4652241112828435,2.7928902627511594,0.0401854714064915,1.4884080370942814,1.6352395672333848,7.2642967542503865,3.3616692426584236,0.5038639876352395,0.14992272024729522,1.527047913446677,1.285935085007728,1,0,0,7.936197836166924,0.514049451576717,26.3902627511592
1005,Walt,Williams,522,13.35823754789272,2.7049808429118776,4.176245210727969,0.6551724137931034,1.0881226053639848,2.2222222222222223,11.040229885057471,4.743295019157088,3.7796934865900385,1.4099616858237547,3.3122605363984676,2.4616858237547894,1,1,0,12.497624521072797,0.5344310642942107,26.208812260536398
238,Tyrone,Hill,638,9.83385579937304,0.8385579937304075,8.61128526645768,0.4890282131661442,0.8056426332288401,1.5658307210031348,7.152037617554859,3.688087774294671,0.017241379310344827,0.0,3.8260188087774294,2.457680250783699,0,1,0,8.835485893416928,0.5564977364006641,26.05564263322884
892,Spud,Webb,457,12.413566739606127,5.99562363238512,2.3829321663019694,0.16192560175054704,1.2428884026258207,2.273522975929978,9.932166301969366,4.409190371991247,2.0590809628008753,0.687089715536105,3.3676148796498904,2.9080962800875274,1,0,0,11.413916849015317,0.5437908346369743,26.053610503282275
157,Derek,Harper,634,13.066246056782335,4.952681388012619,2.1608832807570977,0.15141955835962145,1.3738170347003154,1.9179810725552051,11.233438485804417,4.943217665615142,3.1009463722397475,1.1198738170347002,2.7886435331230284,2.0599369085173502,1,0,0,12.46044164037855,0.5243091069276651,26.001577287066247
76,Cedric,Ceballos,568,14.845070422535212,1.2376760563380282,5.549295774647887,0.31161971830985913,0.7640845070422535,1.6883802816901408,11.610915492957746,5.832746478873239,1.2095070422535212,0.375,3.7359154929577465,2.8045774647887325,0,1,0,13.254718309859154,0.5599919242151348,25.951584507042252
78656,Blair,Rasmussen,173,9.68208092485549,1.0520231213872833,6.508670520231214,1.0982658959537572,0.5317919075144508,0.8323699421965318,9.77456647398844,4.520231213872832,0.19653179190751446,0.05202312138728324,0.8439306358381503,0.5895953757225434,0,1,0,10.145895953757226,0.47714272692053505,25.87861271676301
1889,Andre,Miller,82,11.146341463414634,5.804878048780488,3.4146341463414633,0.2073170731707317,1.024390243902439,2.024390243902439,9.207317073170731,4.134146341463414,0.5975609756097561,0.12195121951219512,3.5609756097560976,2.7560975609756095,1,0,0,10.774146341463414,0.517272603794087,25.853658536585364
317,John,Starks,689,14.06966618287373,4.078374455732947,2.7082728592162555,0.13497822931785197,1.193033381712627,1.9550072568940493,12.290275761973875,5.101596516690856,4.770682148040638,1.6240928882438317,2.9129172714078373,2.2423802612481856,1,0,0,13.571959361393324,0.5183358499766871,25.651669085631355
47,Wayman,Tisdale,441,13.843537414965986,1.2290249433106577,5.35827664399093,0.6575963718820862,0.4965986394557823,1.383219954648526,11.936507936507937,5.884353741496598,0.011337868480725623,0.0,2.684807256235828,2.074829931972789,0,1,0,13.1178231292517,0.5276613840026552,25.574829931972786
1722,Michael,Dickerson,132,15.477272727272727,2.2954545454545454,2.742424242424242,0.42424242424242425,1.0833333333333333,1.75,13.121212121212121,5.825757575757576,3.446969696969697,1.4393939393939394,3.0,2.3863636363636362,1,0,0,14.441212121212121,0.5358716635890549,25.564393939393934
448,Bo,Outlaw,475,6.450526315789474,1.776842105263158,5.28,1.6694736842105262,1.1031578947368421,1.32,4.484210526315789,2.562105263157895,0.05894736842105263,0.002105263157894737,2.608421052631579,1.3242105263157895,0,1,0,5.631915789473684,0.5726760268544685,25.486315789473686
168,Chris,Mills,466,11.989270386266094,2.040772532188841,5.3111587982832615,0.48497854077253216,0.8025751072961373,1.3733905579399142,10.336909871244636,4.512875536480687,2.3047210300429186,0.8090128755364807,2.6394849785407724,2.1545064377682404,0,1,0,11.498283261802575,0.5213504535105072,25.420600858369102
49,Gheorghe,Muresan,307,9.8371335504886,0.48859934853420195,6.374592833876221,1.482084690553746,0.5570032573289903,1.4527687296416938,7.185667752442996,4.120521172638436,0.003257328990228013,0.0,2.478827361563518,1.5960912052117264,0,0,1,8.276351791530944,0.5942916515797926,25.382736156351793
1507,Derek,Anderson,168,13.446428571428571,3.5238095238095237,3.2976190476190474,0.16666666666666666,1.3333333333333333,2.244047619047619,10.476190476190476,4.410714285714286,1.9702380952380953,0.5535714285714286,4.696428571428571,4.071428571428571,1,0,0,12.542619047619048,0.5360295373868145,25.19047619047619
345,Terry,Porter,719,12.445062586926287,4.8178025034770515,2.831710709318498,0.16133518776077885,1.1112656467315716,1.917941585535466,9.3894297635605,4.251738525730181,3.3171070931849793,1.2976356050069542,3.1974965229485397,2.643949930458971,1,0,0,10.796328233657857,0.5763562536070576,25.17385257301808
920,A.C.,Green,788,9.524111675126903,1.1890862944162437,7.618020304568528,0.32614213197969544,0.8083756345177665,1.0583756345177664,7.232233502538071,3.511421319796954,0.516497461928934,0.13451776649746192,3.2766497461928936,2.366751269035533,0,1,0,8.673959390862944,0.5490060101710588,25.156091370558375
78615,Orlando,Woolridge,267,15.397003745318353,1.7265917602996255,4.134831460674158,0.5205992509363296,0.6666666666666666,1.895131086142322,12.217228464419476,5.97378277153558,0.1348314606741573,0.00749063670411985,4.760299625468165,3.4419475655430714,0,1,0,14.311760299625469,0.5379143942803907,25.14794007490637
78149,Jack,Sikma,77,10.415584415584416,1.8571428571428572,5.7272727272727275,0.8311688311688312,0.8441558441558441,1.6883116883116882,8.974025974025974,3.831168831168831,1.7532467532467533,0.5974025974025974,2.5584415584415585,2.155844155844156,0,0,1,10.09974025974026,0.5156362514144636,25.116883116883116
305,Robert,Parish,511,9.827788649706457,0.7318982387475538,7.015655577299413,0.9941291585127201,0.5616438356164384,1.283757338551859,7.716242661448141,4.0587084148727985,0.0019569471624266144,0.0,2.3228962818003915,1.710371819960861,0,0,1,8.738317025440313,0.5623387559122832,25.104696673189828
178,Olden,Polynice,734,9.408719346049047,0.8760217983651226,8.029972752043596,0.6771117166212534,0.5367847411444142,1.2615803814713897,8.035422343324251,4.068119891008174,0.025885558583106268,0.005449591280653951,2.361035422343324,1.2670299727520435,0,1,1,9.074277929155315,0.5184279906073399,25.100136239782014
9,Sedale,Threatt,487,11.657084188911705,4.786447638603696,2.0965092402464065,0.16427104722792607,1.375770020533881,1.5523613963039014,9.841889117043122,4.848049281314168,0.9589322381930184,0.3141683778234086,2.004106776180698,1.646817248459959,1,0,0,10.723696098562629,0.5435198872557655,25.036960985626287
1508,Maurice,Taylor,179,14.793296089385475,1.23463687150838,5.240223463687151,0.6536312849162011,0.5642458100558659,2.212290502793296,13.061452513966481,6.089385474860335,0.08379888268156424,0.0111731843575419,3.636871508379888,2.6033519553072626,0,1,1,14.661675977653632,0.5044885766106293,24.95251396648045
100263,Bill,Laimbeer,253,9.810276679841897,1.8102766798418972,6.573122529644269,0.6086956521739131,0.5573122529644269,1.0632411067193677,8.57312252964427,4.16205533596838,0.9723320158102767,0.3241106719367589,1.3399209486166008,1.1620553359683794,0,0,1,9.162687747035573,0.5353383718121268,24.922924901185766
104,Benoit,Benjamin,440,9.997727272727273,0.8363636363636363,6.804545454545455,1.2613636363636365,0.5272727272727272,1.9795454545454545,8.095454545454546,3.9795454545454545,0.011363636363636364,0.0,2.875,2.0386363636363636,0,0,1,9.360454545454546,0.5340406934395182,24.654545454545456
137,Vernon,Maxwell,653,13.889739663093415,3.470137825421133,2.6094946401225116,0.2006125574272588,1.2006125574272588,2.001531393568147,12.55895865237366,4.941807044410414,5.491577335375191,1.77947932618683,3.001531393568147,2.226646248085758,1,0,0,13.879632465543644,0.500364101771962,24.611026033690656
433,Buck,Williams,590,8.864406779661017,0.9389830508474576,7.866101694915254,0.6186440677966102,0.6983050847457627,1.3644067796610169,6.225423728813559,3.406779661016949,0.015254237288135594,0.005084745762711864,2.971186440677966,2.045762711864407,0,1,0,7.532745762711864,0.588391474961299,24.61101694915254
103,Todd,Day,452,12.794247787610619,1.5154867256637168,3.566371681415929,0.6283185840707964,1.154867256637168,1.5331858407079646,10.836283185840708,4.404867256637168,3.4889380530973453,1.1991150442477876,3.769911504424779,2.7853982300884956,1,1,0,12.495044247787611,0.5119728883663611,24.48340707964601
244,Dee,Brown,594,11.284511784511784,3.725589225589226,2.6077441077441077,0.34175084175084175,1.335016835016835,1.505050505050505,9.693602693602694,4.244107744107744,2.782828282828283,0.9966329966329966,2.18013468013468,1.7996632996632997,1,0,0,10.652861952861953,0.5296469547077973,24.48148148148148
183,Bison,Dele,413,10.983050847457626,1.0653753026634383,6.208232445520581,0.8595641646489104,0.774818401937046,1.9903147699757868,8.472154963680387,4.472154963680388,0.03389830508474576,0.004842615012106538,2.9418886198547214,2.0338983050847457,0,1,1,9.766585956416463,0.5622768742562476,24.450363196125906
915,Rodney,Rogers,512,11.8984375,2.1484375,4.60546875,0.580078125,1.083984375,2.130859375,9.671875,4.517578125,2.16796875,0.7890625,3.14453125,2.07421875,0,1,0,11.05546875,0.5381245141686101,24.423828125
203,Nate,McMillan,486,5.516460905349795,4.761316872427984,3.625514403292181,0.3786008230452675,1.962962962962963,1.5308641975308641,4.97119341563786,2.1584362139917697,1.5185185185185186,0.5411522633744856,1.0185185185185186,0.6584362139917695,1,1,0,5.419341563786007,0.5089604373908423,24.401234567901234
78395,Darnell,Valentine,65,9.36923076923077,5.4,2.646153846153846,0.18461538461538463,1.5076923076923077,1.9384615384615385,7.630769230769231,3.5384615384615383,0.38461538461538464,0.09230769230769231,2.646153846153846,2.2,1,0,0,8.795076923076923,0.5326406381192276,24.33076923076923
785,Eric,Murdock,508,10.0748031496063,4.856299212598425,2.482283464566929,0.13582677165354332,1.6338582677165354,1.9507874015748032,8.484251968503937,3.718503937007874,1.6988188976377954,0.5826771653543307,2.6161417322834644,2.0551181102362204,1,0,0,9.635354330708662,0.5228039781317164,24.259842519685037
77376,Lafayette,Lever,116,8.025862068965518,2.8620689655172415,3.956896551724138,0.25862068965517243,1.8189655172413792,1.1551724137931034,8.008620689655173,3.1982758620689653,1.1120689655172413,0.3706896551724138,1.6551724137931034,1.2586206896551724,1,0,0,8.736896551724138,0.4593085211350989,24.254310344827587
1838,Tyrone,Nesby,122,12.098360655737705,1.6639344262295082,3.6885245901639343,0.4180327868852459,1.2459016393442623,1.2704918032786885,10.819672131147541,4.475409836065574,3.0901639344262297,1.0573770491803278,2.6557377049180326,2.0901639344262297,1,1,0,11.988196721311475,0.5045946832950443,24.241803278688526
64,Sam,Perkins,751,11.07323568575233,1.4380825565912116,4.968042609853528,0.6271637816245007,0.7816245006657789,1.0386151797603196,8.571238348868176,3.8242343541944073,2.6884154460719043,1.003994673768309,2.9986684420772303,2.4207723035952062,0,1,1,9.890652463382157,0.5597828720980953,24.24034620505992
422,Avery,Johnson,741,9.98110661268556,6.630229419703104,1.9784075573549258,0.1794871794871795,1.1417004048582995,1.9784075573549258,8.445344129554655,4.1214574898785425,0.21187584345479082,0.032388663967611336,2.4210526315789473,1.7058029689608638,1,0,0,9.510607287449393,0.5247355037914907,24.221997300944672
767,Terry,Catledge,150,13.32,1.1466666666666667,6.333333333333333,0.17333333333333334,0.64,1.8,10.846666666666666,5.233333333333333,0.06,0.0,4.253333333333333,2.8533333333333335,0,1,0,12.718133333333332,0.5236617532971296,24.193333333333328
353,Darrell,Armstrong,261,11.191570881226054,4.8084291187739465,2.632183908045977,0.10344827586206896,1.5440613026819923,2.3908045977011496,9.21455938697318,3.9080459770114944,3.2911877394636013,1.1264367816091954,2.521072796934866,2.2490421455938696,1,0,0,10.323831417624522,0.542026038032748,24.160919540229887
1716,Larry,Hughes,132,12.734848484848484,2.1363636363636362,4.075757575757576,0.3181818181818182,1.2045454545454546,1.9924242424242424,11.825757575757576,4.765151515151516,1.3409090909090908,0.2803030303030303,4.0,2.9242424242424243,1,0,0,13.585757575757576,0.46868378203555416,24.159090909090907
213,Antonio,Davis,499,9.414829659318638,0.7755511022044088,6.981963927855712,0.9559118236472945,0.48897795591182364,1.348697394789579,6.777555110220441,3.208416833667335,0.04008016032064128,0.004008016032064128,4.296593186372745,2.993987975951904,0,1,1,8.668056112224448,0.5430761832541107,24.133266533066134
356,Chris,Morris,586,10.107508532423209,1.5665529010238908,4.650170648464163,0.6825938566552902,1.1672354948805461,1.3583617747440273,8.812286689419794,3.8924914675767917,2.141638225255973,0.6348122866894198,2.25938566552901,1.6877133105802047,0,1,0,9.806416382252559,0.5153517930727253,24.11518771331058
51,Mahmoud,Abdul-Rauf,545,15.205504587155962,3.675229357798165,1.9486238532110092,0.08256880733944955,0.8770642201834863,1.7192660550458716,14.122935779816514,6.227522935779817,2.4311926605504586,0.8623853211009175,2.077064220183486,1.888073394495413,1,0,0,15.036844036697248,0.5056082429945772,24.041284403669724
283,Lindsey,Hunter,488,11.24795081967213,3.3504098360655736,2.778688524590164,0.2028688524590164,1.4815573770491803,1.610655737704918,10.49795081967213,4.174180327868853,3.8504098360655736,1.4344262295081966,1.9651639344262295,1.4651639344262295,1,0,0,11.362622950819672,0.49495397622345333,23.957991803278688
911,Ervin,Johnson,483,5.449275362318841,0.546583850931677,7.05175983436853,1.629399585921325,0.6645962732919255,1.113871635610766,4.256728778467909,2.1635610766045548,0.014492753623188406,0.002070393374741201,1.8115942028985508,1.1200828157349896,0,0,1,5.053830227743271,0.5391233101188038,23.795031055900623
441,Lamond,Murray,434,12.32258064516129,1.403225806451613,4.45852534562212,0.5046082949308756,1.076036866359447,1.868663594470046,10.7926267281106,4.691244239631336,1.8894009216589862,0.6267281105990783,3.055299539170507,2.313364055299539,0,1,0,12.136958525345623,0.5076469784183588,23.70046082949309
77449,Moses,Malone,247,10.287449392712551,0.8421052631578947,7.0,0.6720647773279352,0.4777327935222672,1.48582995951417,7.433198380566802,3.4331983805668016,0.0728744939271255,0.016194331983805668,4.275303643724697,3.4048582995951415,0,0,1,9.314331983805669,0.5522376382224077,23.678137651821864
77081,Jay,Humphries,322,10.798136645962733,4.841614906832298,2.1335403726708075,0.13043478260869565,1.313664596273292,1.686335403726708,9.288819875776397,4.307453416149069,1.4906832298136645,0.48757763975155277,2.1677018633540373,1.6956521739130435,1,0,0,10.242608695652173,0.527118479618692,23.664596273291924
265,Harvey,Grant,631,10.6513470681458,1.5990491283676704,4.64500792393027,0.5641838351822503,0.8129952456418383,0.9524564183835182,9.741679873217116,4.56418383518225,0.37083993660855785,0.10301109350237718,1.987321711568938,1.4199683042789224,0,1,0,10.616101426307448,0.5016600087180314,23.62123613312203
1749,Cuttino,Mobley,130,13.569230769230769,2.5307692307692307,3.0692307692307694,0.4230769230769231,1.0076923076923077,2.0384615384615383,10.930769230769231,4.684615384615385,3.3846153846153846,1.2076923076923076,3.5615384615384613,2.9923076923076923,1,0,0,12.497846153846154,0.5428627702004037,23.615384615384617
461,Popeye,Jones,378,7.822751322751323,1.402116402116402,8.261904761904763,0.35185185185185186,0.6005291005291006,1.2671957671957672,7.404761904761905,3.3544973544973544,0.19047619047619047,0.05291005291005291,1.4285714285714286,1.060846560846561,0,1,0,8.033333333333333,0.48689323585589145,23.59391534391535
956,Erick,Dampier,225,8.666666666666666,0.9333333333333333,6.777777777777778,1.2666666666666666,0.4088888888888889,1.6888888888888889,7.6177777777777775,3.1733333333333333,0.013333333333333334,0.0044444444444444444,3.6533333333333333,2.3155555555555556,0,0,1,9.225244444444444,0.46972558390503355,23.557777777777776
760,Jerome,Kersey,656,8.297256097560975,1.6844512195121952,5.065548780487805,0.6722560975609756,1.1951219512195121,1.1829268292682926,7.736280487804878,3.3826219512195124,0.30335365853658536,0.06859756097560976,2.158536585365854,1.4634146341463414,0,1,0,8.686036585365853,0.47762037472534413,23.52591463414634
117,Jeff,Malone,357,17.22128851540616,1.7675070028011204,2.53781512605042,0.056022408963585436,0.6134453781512605,1.4257703081232493,14.42577030812325,7.159663865546219,0.23249299719887956,0.0784313725490196,3.226890756302521,2.823529411764706,1,0,0,15.845602240896358,0.5434090876949838,23.505602240896355
1887,Wally,Szczerbiak,73,11.575342465753424,2.7534246575342465,3.7260273972602738,0.3150684931506849,0.7945205479452054,1.1369863013698631,9.164383561643836,4.684931506849315,1.0684931506849316,0.3835616438356164,2.2054794520547945,1.821917808219178,1,1,0,10.134794520547945,0.5710694204152249,23.45890410958904
783,Frank,Brickowski,357,11.630252100840336,2.0840336134453783,4.9411764705882355,0.4173669467787115,0.9439775910364145,2.1064425770308124,8.977591036414566,4.641456582633054,0.42857142857142855,0.15126050420168066,2.8935574229691876,2.196078431372549,0,1,0,10.250756302521008,0.5672875131164743,23.400560224089638
1472,Tom,Chambers,392,12.63265306122449,1.5127551020408163,4.5688775510204085,0.4413265306122449,0.5943877551020408,1.3341836734693877,10.673469387755102,4.6811224489795915,0.5663265306122449,0.1760204081632653,3.7755102040816326,3.0943877551020407,0,1,0,12.33469387755102,0.5120780939774984,23.22959183673469
1365,Xavier,McDaniel,476,11.544117647058824,1.6953781512605042,5.367647058823529,0.4180672268907563,0.6764705882352942,1.6491596638655461,10.296218487394958,4.8655462184873945,0.3277310924369748,0.0819327731092437,2.384453781512605,1.73109243697479,0,1,0,11.345378151260505,0.5087586104732983,23.218487394957982
1559,Adrian,Griffin,71,6.830985915492958,2.492957746478873,5.23943661971831,0.2112676056338028,1.6338028169014085,1.3098591549295775,5.816901408450704,2.464788732394366,0.8028169014084507,0.22535211267605634,2.2253521126760565,1.676056338028169,1,1,0,6.796056338028169,0.5025698416645942,23.190140845070424
275,Allan,Houston,532,16.013157894736842,2.3796992481203008,2.8646616541353382,0.20300751879699247,0.6766917293233082,2.1203007518796992,13.265037593984962,5.921052631578948,3.6033834586466167,1.4605263157894737,3.238721804511278,2.710526315789474,1,0,0,14.690075187969924,0.5450332176601256,23.157894736842103
428,Sherman,Douglas,625,11.0912,6.0368,2.2272,0.0992,0.9664,2.2976,9.032,4.4,0.808,0.2256,3.072,2.0656,1,0,0,10.38368,0.5340688464975808,23.154400000000003
77946,Jerry,Reynolds,145,11.344827586206897,2.524137931034483,3.317241379310345,0.5448275862068965,1.193103448275862,1.9586206896551723,9.406896551724138,3.8758620689655174,0.4689655172413793,0.09655172413793103,4.337931034482758,3.496551724137931,1,0,0,11.315586206896551,0.5012920841561228,23.141379310344828
673,Alan,Henderson,298,10.889261744966444,0.8422818791946308,5.822147651006712,0.5302013422818792,0.7348993288590604,1.419463087248322,9.06711409395973,4.194630872483222,0.06711409395973154,0.013422818791946308,3.8456375838926173,2.4865771812080535,0,1,1,10.759194630872482,0.5060444632965717,23.10738255033557
364,Rex,Chapman,536,14.027985074626866,2.779850746268657,2.3861940298507465,0.1828358208955224,0.8880597014925373,1.5242537313432836,12.020522388059701,5.248134328358209,3.671641791044776,1.3022388059701493,2.763059701492537,2.2294776119402986,1,0,0,13.236268656716417,0.5299070847851336,23.01212686567164
184,Bobby,Phills,467,11.034261241970022,2.6680942184154177,3.145610278372591,0.29764453961456105,1.2676659528907923,1.5224839400428265,9.45610278372591,4.190578158458244,1.880085653104925,0.7323340471092077,2.601713062098501,1.9207708779443255,1,0,0,10.600856531049251,0.5204419666303074,22.971092077087796
445,Wesley,Person,446,12.047085201793722,1.748878923766816,3.5560538116591927,0.336322869955157,0.8856502242152466,1.0201793721973094,10.013452914798206,4.542600896860987,4.237668161434978,1.742152466367713,1.5852017937219731,1.2197309417040358,1,1,0,10.710941704035875,0.562372830264513,22.852017937219724
76176,Rolando,Blackman,270,14.607407407407408,2.7333333333333334,2.5555555555555554,0.2111111111111111,0.6148148148148148,1.5592592592592593,12.537037037037036,5.811111111111111,1.6296296296296295,0.6148148148148148,2.7222222222222223,2.3703703703703702,1,0,0,13.734814814814815,0.5317657210656888,22.72592592592592
371,Terry,Mills,663,10.784313725490197,1.3363499245852186,5.5188536953242835,0.444947209653092,0.5942684766214178,1.2684766214177978,9.34238310708899,4.277526395173454,2.0663650075414783,0.799396681749623,1.8310708898944192,1.4298642533936652,0,1,0,10.148054298642535,0.5313488383153789,22.687028657616892
378,Craig,Ehlo,495,9.571717171717172,2.9494949494949494,3.8181818181818183,0.24848484848484848,1.2242424242424241,1.494949494949495,8.507070707070707,3.81010101010101,2.4868686868686867,0.9050505050505051,1.488888888888889,1.0464646464646465,1,0,0,9.162181818181818,0.5223492265086169,22.624242424242425
335,Willie,Anderson,390,10.192307692307692,3.5076923076923077,3.3153846153846156,0.5692307692307692,0.8538461538461538,1.8051282051282052,9.192307692307692,4.184615384615385,0.8333333333333334,0.22564102564102564,1.9846153846153847,1.5974358974358975,1,1,0,10.06553846153846,0.5062971907192859,22.508974358974353
209,Dell,Curry,695,13.133812949640287,1.9525179856115107,2.7841726618705036,0.24172661870503598,0.9712230215827338,1.3280575539568344,11.277697841726619,5.166906474820144,3.566906474820144,1.4705035971223022,1.581294964028777,1.3294964028776979,1,1,0,11.97346762589928,0.5484548570220007,22.43453237410072
181,Kenny,Smith,513,12.105263157894736,5.015594541910332,1.8187134502923976,0.08187134502923976,0.9473684210526315,2.0409356725146197,9.089668615984406,4.426900584795321,2.7563352826510723,1.1306042884990253,2.473684210526316,2.120857699805068,1,0,0,10.178089668615986,0.5946726523357898,22.391812865497077
296,Rick,Fox,652,10.230061349693251,2.687116564417178,3.647239263803681,0.4401840490797546,1.1226993865030674,1.8006134969325154,8.375766871165645,3.8420245398773005,2.084355828220859,0.7177914110429447,2.3803680981595092,1.8282208588957056,0,1,0,9.423128834355829,0.5428165914698854,22.3819018404908
895,Tyrone,Corbin,728,9.366758241758241,1.831043956043956,4.726648351648351,0.26373626373626374,1.1414835164835164,1.2225274725274726,8.293956043956044,3.712912087912088,0.8708791208791209,0.2692307692307692,2.092032967032967,1.6717032967032968,0,1,0,9.21445054945055,0.5082646106509722,22.379120879120876
1497,Chauncey,Billups,138,11.804347826086957,3.8115942028985508,2.318840579710145,0.14492753623188406,1.2681159420289856,2.1449275362318843,9.746376811594203,3.6594202898550723,4.355072463768116,1.4420289855072463,3.4927536231884058,3.0434782608695654,1,0,0,11.283188405797102,0.5230945102371105,22.362318840579707
192,Dennis,Scott,629,12.868044515103339,2.0588235294117645,2.820349761526232,0.31319554848966613,0.8362480127186009,1.2209856915739268,11.305246422893482,4.709062003179651,4.864864864864865,1.9300476947535772,1.917329093799682,1.5198728139904611,0,1,0,12.148871224165342,0.5295983584675541,22.34260731319555
456,Chuck,Person,623,12.412520064205458,2.4414125200642056,4.154093097913322,0.21669341894060995,0.6163723916532905,1.6902086677367576,11.028892455858747,4.895666131621188,4.168539325842697,1.5329052969502408,1.581059390048154,1.088282504012841,0,1,0,11.724558587479935,0.5293384809156125,22.257624398073837
76631,Mark,Eaton,225,3.7866666666666666,0.48,6.32,2.097777777777778,0.41333333333333333,0.8977777777777778,2.942222222222222,1.5422222222222222,0.0,0.0,1.1066666666666667,0.7022222222222222,0,0,1,3.4291555555555555,0.5521281559438022,22.235555555555557
699,Brent,Barry,312,10.352564102564102,3.0256410256410255,3.092948717948718,0.33974358974358976,1.1378205128205128,1.6474358974358974,8.157051282051283,3.5865384615384617,4.0673076923076925,1.5544871794871795,1.9935897435897436,1.625,1,0,0,9.03423076923077,0.5729632310159364,22.14583333333333
1504,Danny,Fortson,185,9.64864864864865,0.7405405405405405,7.54054054054054,0.3081081081081081,0.5135135135135135,1.627027027027027,6.821621621621621,3.281081081081081,0.032432432432432434,0.005405405405405406,4.102702702702703,3.081081081081081,0,1,1,8.626810810810811,0.5592245419684704,22.1027027027027
470,Doc,Rivers,375,8.578666666666667,3.6133333333333333,2.3413333333333335,0.3253333333333333,1.4586666666666666,1.2773333333333334,7.376,3.0853333333333333,2.1146666666666665,0.704,2.1013333333333333,1.704,1,0,0,8.300586666666668,0.5167506232491197,22.092
894,Ricky,Pierce,485,15.082474226804123,2.0103092783505154,2.195876288659794,0.12783505154639174,0.8329896907216495,1.579381443298969,11.536082474226804,5.449484536082474,1.3731958762886598,0.4762886597938144,4.138144329896908,3.707216494845361,1,0,0,13.356865979381443,0.5645963001383126,22.076288659793814
278,Stacey,Augmon,624,10.334935897435898,1.8365384615384615,3.823717948717949,0.3942307692307692,1.2067307692307692,1.5833333333333333,8.184294871794872,3.934294871794872,0.09294871794871795,0.017628205128205128,3.3814102564102564,2.448717948717949,1,1,0,9.672115384615385,0.53426450608079,22.0625
1134,Ike,Austin,268,10.152985074626866,1.6380597014925373,5.798507462686567,0.6417910447761194,0.6343283582089553,2.1940298507462686,8.638059701492537,3.966417910447761,0.08208955223880597,0.011194029850746268,3.294776119402985,2.208955223880597,0,0,1,10.08776119402985,0.503232822394508,22.024253731343283
63,Michael,Smith,370,6.0162162162162165,1.5135135135135136,7.110810810810811,0.5702702702702702,0.8216216216216217,1.2540540540540541,4.186486486486486,2.281081081081081,0.016216216216216217,0.002702702702702703,2.781081081081081,1.4513513513513514,0,1,0,5.410162162162162,0.5560107105746943,22.012162162162163
1112,Ben,Wallace,222,4.09009009009009,0.47297297297297297,6.423423423423423,1.364864864864865,0.8603603603603603,0.6666666666666666,3.3378378378378377,1.7252252252252251,0.0,0.0,1.6306306306306306,0.6396396396396397,0,1,1,4.055315315315315,0.5042875549828942,22.002252252252255
1622,Rodney,McCray,213,8.183098591549296,2.624413145539906,5.568075117370892,0.4507042253521127,0.6103286384976526,1.3896713615023475,7.065727699530516,3.2816901408450705,0.6056338028169014,0.18779342723004694,1.892018779342723,1.431924882629108,0,1,0,7.898215962441315,0.51803461885967,21.93661971830986
731,Greg,Ostertag,326,5.226993865030675,0.3006134969325153,5.96319018404908,1.9938650306748467,0.27300613496932513,0.911042944785276,4.0,1.9447852760736197,0.015337423312883436,0.0,2.168711656441718,1.3374233128834356,0,0,1,4.954233128834356,0.5275280481462219,21.868098159509202
76338,Tony,Campbell,354,12.59322033898305,1.8531073446327684,3.1807909604519775,0.3022598870056497,0.9067796610169492,1.5677966101694916,11.127118644067796,4.97457627118644,0.4887005649717514,0.1497175141242938,3.138418079096045,2.494350282485876,0,1,0,12.508022598870056,0.5034057237840572,21.84463276836158
1051,Dean,Garrett,254,6.0,0.6889763779527559,6.047244094488189,1.2322834645669292,0.531496062992126,0.65748031496063,5.090551181102362,2.4763779527559056,0.0,0.0,1.5393700787401574,1.047244094488189,0,0,1,5.767874015748031,0.5201223174793862,21.844488188976378
423,Chris,Gatling,572,10.568181818181818,0.6555944055944056,5.496503496503497,0.5891608391608392,0.6905594405594405,1.5594405594405594,7.7674825174825175,4.0979020979020975,0.17657342657342656,0.03671328671328671,3.5681818181818183,2.335664335664336,0,1,0,9.337482517482517,0.5659010230217336,21.796328671328673
898,Blue,Edwards,621,11.043478260869565,2.035426731078905,3.421900161030596,0.42028985507246375,1.0499194847020934,1.6666666666666667,9.336553945249598,4.404186795491143,1.4138486312399356,0.4750402576489533,2.2334943639291467,1.7600644122383253,0,1,0,10.319291465378422,0.5350889786338924,21.776972624798713
201,Chris,Dudley,604,4.382450331125828,0.43211920529801323,7.397350993377484,1.4370860927152318,0.4205298013245033,0.8956953642384106,4.298013245033113,1.7516556291390728,0.0033112582781456954,0.0,1.8129139072847682,0.8791390728476821,0,0,1,5.095695364238411,0.4300149457404639,21.76572847682119
30,Richard,Dumas,102,10.588235294117647,1.088235294117647,3.4411764705882355,0.46078431372549017,1.3431372549019607,1.4705882352941178,8.352941176470589,4.254901960784314,0.12745098039215685,0.029411764705882353,2.950980392156863,2.049019607843137,0,1,0,9.651372549019609,0.5485352078338953,21.65686274509804
953,Lorenzen,Wright,267,7.292134831460674,0.5917602996254682,6.52808988764045,0.8352059925093633,0.5917602996254682,1.0262172284644195,6.187265917602996,2.898876404494382,0.03745318352059925,0.00749063670411985,2.3146067415730336,1.4868913857677903,0,1,1,7.205692883895131,0.5059981704020957,21.62734082397004
187,Terry,Cummings,552,9.932971014492754,1.1340579710144927,5.65036231884058,0.29347826086956524,0.6757246376811594,1.181159420289855,8.958333333333334,4.206521739130435,0.11231884057971014,0.030797101449275364,2.213768115942029,1.4891304347826086,0,1,0,9.932391304347826,0.5000291828084076,21.62409420289855
420,Jayson,Williams,475,7.309473684210526,0.6042105263157894,7.545263157894737,0.6336842105263157,0.42947368421052634,1.0842105263157895,6.509473684210526,2.863157894736842,0.05052631578947368,0.00631578947368421,2.602105263157895,1.5768421052631578,0,1,0,7.6544,0.4774687555007921,21.617894736842103
718,Gary,Trent,261,11.11111111111111,1.1800766283524904,5.390804597701149,0.3793103448275862,0.5555555555555556,1.5555555555555556,9.011494252873563,4.517241379310345,0.14942528735632185,0.01532567049808429,3.210727969348659,2.0613026819923372,0,1,0,10.424214559386973,0.5329471610456056,21.595785440613028
236,Kevin,Edwards,402,10.955223880597014,2.3805970149253732,2.554726368159204,0.3208955223880597,1.3258706467661692,1.6791044776119404,10.012437810945274,4.300995024875622,1.092039800995025,0.3781094527363184,2.4029850746268657,1.9751243781094527,1,0,0,11.069751243781095,0.4948270127908962,21.58706467661692
179,Bryant,Stith,458,10.87772925764192,2.11353711790393,3.524017467248908,0.24017467248908297,1.0305676855895196,1.4323144104803494,8.663755458515285,3.7248908296943233,1.3558951965065502,0.4170305676855895,3.5829694323144103,3.010917030567686,1,0,0,10.240262008733625,0.5311255341105832,21.55240174672489
147,Jalen,Rose,438,10.771689497716896,3.6689497716894977,3.045662100456621,0.3584474885844749,0.8333333333333334,2.038812785388128,8.63013698630137,3.9771689497716896,1.4337899543378996,0.4748858447488584,3.105022831050228,2.3424657534246576,1,1,0,9.99634703196347,0.5387812899689385,21.53310502283105
930,Kenny,Gattison,352,8.9375,1.0482954545454546,5.28125,0.7471590909090909,0.65625,1.2698863636363635,6.747159090909091,3.522727272727273,0.022727272727272728,0.0,2.914772727272727,1.8920454545454546,0,1,0,8.02965909090909,0.5565304765004742,21.50568181818182
914,Stanley,Roberts,298,8.570469798657719,0.6342281879194631,5.197986577181208,1.2919463087248322,0.3691275167785235,1.238255033557047,7.124161073825503,3.553691275167785,0.006711409395973154,0.0,2.8456375838926173,1.4630872483221478,0,0,1,8.376241610738255,0.5115939938784995,21.48657718120805
761,Matt,Geiger,513,9.440545808966862,0.7290448343079922,5.8732943469785575,0.6569200779727096,0.5730994152046783,1.3976608187134503,7.50682261208577,3.801169590643275,0.13060428849902533,0.031189083820662766,2.473684210526316,1.8070175438596492,0,0,1,8.59524366471735,0.5491726690494765,21.468810916179336
1499,Tony,Battie,197,7.208121827411167,0.8934010152284264,5.385786802030457,1.0659898477157361,0.6598984771573604,1.0659898477157361,6.431472081218274,3.045685279187817,0.12690355329949238,0.02030456852791878,1.6040609137055837,1.0964467005076142,0,0,1,7.137258883248731,0.5049642968905579,21.398477157360407
384,Calbert,Cheaney,491,11.539714867617107,1.8268839103869654,3.30142566191446,0.2708757637474542,0.9490835030549898,1.3727087576374746,10.44602851323829,4.835030549898167,1.2912423625254583,0.395112016293279,2.0936863543788187,1.474541751527495,1,1,0,11.36725050916497,0.5075860190779241,21.36659877800407
457,Andrew,Lang,601,6.678868552412646,0.6555740432612313,5.146422628951747,1.5274542429284526,0.4875207986688852,1.0449251247920133,5.813643926788686,2.7004991680532444,0.033277870216306155,0.008319467554076539,1.6738768718801997,1.2695507487520798,0,0,1,6.550149750415974,0.5098256381076247,21.351913477537437
107,Dale,Ellis,704,13.853693181818182,1.2613636363636365,3.09375,0.12215909090909091,0.7130681818181818,1.2073863636363635,11.291193181818182,5.286931818181818,4.066761363636363,1.6349431818181819,2.096590909090909,1.6448863636363635,1,0,0,12.213693181818181,0.5671377598727211,21.312499999999996
1721,Keon,Clark,109,7.220183486238532,0.7431192660550459,5.513761467889908,1.3302752293577982,0.5045871559633027,1.3394495412844036,5.577981651376147,2.9541284403669725,0.08256880733944955,0.009174311926605505,1.9541284403669725,1.3027522935779816,0,1,1,6.437798165137615,0.5607649774838966,21.266055045871557
919,Loy,Vaught,170,8.805882352941177,0.8176470588235294,6.576470588235294,0.21764705882352942,0.6470588235294118,1.0470588235294118,8.305882352941177,3.9352941176470586,0.10588235294117647,0.011764705882352941,1.3352941176470587,0.9235294117647059,0,1,1,8.893411764705883,0.49507897452178745,21.261764705882356
1903,Kenny,Thomas,71,8.366197183098592,1.591549295774648,6.154929577464789,0.30985915492957744,0.7605633802816901,1.5774647887323943,7.47887323943662,2.9859154929577465,1.7183098591549295,0.4507042253521127,2.943661971830986,1.943661971830986,0,1,1,8.774084507042254,0.47675613201489664,21.112676056338028
1739,Ruben,Patterson,102,9.872549019607844,1.2549019607843137,4.549019607843137,0.4215686274509804,0.9705882352941176,1.5294117647058822,6.970588235294118,3.676470588235294,0.3235294117647059,0.12745098039215685,3.450980392156863,2.392156862745098,0,1,0,8.489019607843137,0.5814893518732389,21.08823529411765
248,George,Lynch,444,7.542792792792793,1.3941441441441442,5.150900900900901,0.3716216216216216,1.1981981981981982,1.277027027027027,6.621621621621622,3.0968468468468466,0.3581081081081081,0.10810810810810811,1.9234234234234233,1.240990990990991,0,1,0,7.467927927927928,0.5050124255072743,21.085585585585587
123,Robert,Pack,408,10.259803921568627,5.161764705882353,2.1642156862745097,0.10049019607843138,1.2009803921568627,2.718137254901961,8.370098039215685,3.575980392156863,0.8578431372549019,0.24754901960784315,3.6176470588235294,2.860294117647059,1,0,0,9.961862745098038,0.5149540896162818,21.018382352941178
722,Corliss,Williamson,337,12.038575667655786,1.5578635014836795,4.100890207715134,0.39465875370919884,0.6379821958456974,1.8308605341246291,9.863501483679526,4.857566765578635,0.05934718100890208,0.002967359050445104,3.4955489614243325,2.320474777448071,0,1,0,11.401543026706232,0.5279362468508609,20.995548961424333
36,Sarunas,Marciulionis,288,12.913194444444445,2.375,2.0625,0.08333333333333333,1.2673611111111112,2.0,8.82986111111111,4.440972222222222,1.0486111111111112,0.4027777777777778,4.756944444444445,3.6284722222222223,1,0,0,10.922916666666666,0.5911056011189523,20.972222222222218
78421,Alexander,Volkov,77,8.597402597402597,3.2467532467532467,3.4415584415584415,0.38961038961038963,0.8571428571428571,1.3246753246753247,7.3896103896103895,3.25974025974026,1.4285714285714286,0.45454545454545453,2.5714285714285716,1.6233766233766234,0,0,1,8.521038961038961,0.5044808876425044,20.967532467532465
78198,Otis,Smith,130,10.415384615384616,1.7384615384615385,3.8846153846153846,0.36923076923076925,0.9307692307692308,1.5538461538461539,9.384615384615385,4.023076923076923,0.5153846153846153,0.13076923076923078,3.0153846153846153,2.2384615384615385,0,1,0,10.711384615384615,0.48618292542801334,20.94230769230769
1899,James,Posey,81,8.17283950617284,1.8024691358024691,3.9135802469135803,0.4074074074074074,1.2098765432098766,1.1728395061728396,6.617283950617284,2.8395061728395063,2.7160493827160495,1.0123456790123457,1.8518518518518519,1.4814814814814814,0,1,0,7.432098765432099,0.5498338870431894,20.87037037037037
324,Anthony,Peeler,474,11.128691983122362,2.459915611814346,2.69831223628692,0.17721518987341772,1.0063291139240507,1.3755274261603376,9.98945147679325,4.305907172995781,3.1392405063291138,1.1582278481012658,1.7320675105485233,1.358649789029536,1,0,0,10.7515611814346,0.5175384204825518,20.84915611814346
262,Michael,Cage,666,4.954954954954955,0.7327327327327328,6.593093093093093,0.6561561561561562,0.8798798798798799,0.6366366366366366,4.057057057057057,2.1636636636636637,0.021021021021021023,0.0,1.1216216216216217,0.6276276276276276,0,0,1,4.550570570570571,0.5444322726252854,20.814564564564566
1065,Erick,Strickland,196,9.816326530612244,2.6020408163265305,3.3520408163265305,0.14285714285714285,1.163265306122449,1.5816326530612246,9.005102040816327,3.6020408163265305,2.5510204081632653,0.8520408163265306,2.163265306122449,1.760204081632653,1,0,0,9.956938775510205,0.49293898214761517,20.808673469387756
77167,Vinnie,Johnson,142,10.112676056338028,2.9295774647887325,3.2535211267605635,0.20422535211267606,0.8169014084507042,1.352112676056338,10.105633802816902,4.28169014084507,0.6619718309859155,0.2112676056338028,2.0704225352112675,1.3380281690140845,1,0,0,11.01661971830986,0.4589736377815848,20.767605633802816
216,Brian,Shaw,651,7.686635944700461,4.602150537634409,3.490015360983103,0.27956989247311825,0.8648233486943164,1.9861751152073732,7.508448540706605,3.0199692780337943,1.6451612903225807,0.4946236559139785,1.477726574500768,1.152073732718894,1,0,0,8.158648233486943,0.47107288638520284,20.43010752688172
77130,Buck,Johnson,226,9.530973451327434,1.7212389380530972,3.7035398230088497,0.504424778761062,0.8362831858407079,1.3097345132743363,8.446902654867257,3.97787610619469,0.11946902654867257,0.01327433628318584,2.146017699115044,1.5619469026548674,0,1,0,9.391150442477876,0.507444402563136,20.411504424778762
344,Dana,Barros,679,10.960235640648012,3.5994108983799706,1.9528718703976435,0.060382916053019146,0.946980854197349,1.4683357879234167,8.53460972017673,4.010309278350515,3.296023564064801,1.3652430044182622,1.8217967599410898,1.5743740795287187,1,0,0,9.33620029455081,0.5869751769917089,20.38144329896907
76046,Ron,Anderson,254,11.724409448818898,1.4173228346456692,3.47244094488189,0.12598425196850394,0.7480314960629921,1.110236220472441,10.60236220472441,4.8858267716535435,1.2440944881889764,0.38188976377952755,1.8622047244094488,1.5708661417322836,0,1,0,11.421732283464566,0.5132500551511141,20.33464566929134
703,Kurt,Thomas,227,8.20704845814978,0.8590308370044053,5.995594713656388,0.4581497797356828,0.6872246696035242,1.3700440528634361,7.048458149779735,3.392070484581498,0.030837004405286344,0.004405286343612335,2.039647577092511,1.4185022026431717,0,1,0,7.94590308370044,0.5164327057414677,20.330396475770925
1008,Johnny,Dawkins,282,8.886524822695035,4.971631205673759,2.1808510638297873,0.05319148936170213,1.0177304964539007,1.8049645390070923,7.8936170212765955,3.475177304964539,1.301418439716312,0.4432624113475177,1.75177304964539,1.4929078014184398,1,0,0,8.664397163120567,0.5128184139872962,20.28900709219858
412,Sharone,Wright,203,9.724137931034482,0.5812807881773399,5.039408866995074,1.0,0.4039408866995074,1.748768472906404,8.399014778325123,3.8275862068965516,0.059113300492610835,0.0049261083743842365,3.3399014778325125,2.064039408866995,0,0,1,9.868571428571428,0.492682147634926,20.273399014778324
333,Kevin,Gamble,523,10.717017208413003,2.1892925430210326,2.48565965583174,0.3154875717017208,0.8145315487571702,0.9961759082217974,8.921606118546846,4.493307839388145,1.1548757170172084,0.42638623326959846,1.5831739961759081,1.3040152963671128,0,1,0,9.618202676864245,0.5571216145294932,20.25717017208413
966,Jerome,Williams,231,6.4935064935064934,0.6320346320346321,6.779220779220779,0.16883116883116883,0.9567099567099567,0.948051948051948,4.5064935064935066,2.3852813852813854,0.017316017316017316,0.0,2.7012987012987013,1.722943722943723,0,1,1,5.695064935064935,0.5700994253397792,20.216450216450216
78437,Darrell,Walker,182,5.604395604395604,3.9395604395604398,4.362637362637362,0.29120879120879123,0.9560439560439561,1.4175824175824177,5.56043956043956,2.3351648351648353,0.10989010989010989,0.0,1.565934065934066,0.9340659340659341,1,0,0,6.2494505494505495,0.4483910673465799,20.21153846153846
786,Gerald,Wilkins,495,10.973737373737373,2.529292929292929,2.5434343434343436,0.23434343434343435,0.9111111111111111,1.496969696969697,9.993939393939394,4.361616161616162,1.61010101010101,0.5171717171717172,2.2404040404040404,1.7333333333333334,1,0,0,10.979717171717171,0.4997276888882347,20.170707070707067
219,Vinny,Del Negro,547,10.007312614259599,3.473491773308958,2.4844606946983547,0.06946983546617916,0.7696526508226691,1.093235831809872,8.495429616087751,4.058500914076783,1.1188299817184644,0.41316270566727603,1.7824497257769654,1.477148080438757,1,0,0,9.279707495429616,0.5392040977147361,20.114259597806218
76016,Mark,Aguirre,243,11.814814814814815,1.9465020576131686,3.6131687242798356,0.18930041152263374,0.5596707818930041,1.5267489711934157,10.148148148148149,4.563786008230453,1.337448559670782,0.43621399176954734,3.078189300411523,2.251028806584362,0,1,0,11.502551440329219,0.5135736569449612,20.096707818930046
2,Byron,Scott,528,11.446969696969697,1.9375,2.3882575757575757,0.23106060606060605,0.9223484848484849,1.2291666666666667,9.282196969696969,4.1893939393939394,2.2670454545454546,0.7992424242424242,2.725378787878788,2.268939393939394,1,0,0,10.481363636363636,0.5460629978171936,20.090909090909093
927,John,Salley,433,7.011547344110855,1.4018475750577368,4.351039260969977,1.1454965357967668,0.6073903002309469,1.2863741339491916,5.10392609699769,2.4826789838337184,0.016166281755196306,0.004618937644341801,2.7829099307159355,2.0415704387990763,0,1,1,6.3284064665127016,0.5539741624698927,20.079676674364897
907,Malik,Sealy,493,10.050709939148073,1.6551724137931034,3.2150101419878294,0.3184584178498986,1.050709939148073,1.381338742393509,8.874239350912779,3.7829614604462476,1.0973630831643002,0.3204868154158215,2.6754563894523327,2.1643002028397564,1,1,0,10.051440162271806,0.49996367569661937,20.069979716024335
2349,Victor,Alexander,271,9.232472324723247,0.9261992619926199,5.0,0.6494464944649446,0.4981549815498155,1.3763837638376384,7.656826568265683,3.996309963099631,0.22509225092250923,0.06642066420664207,1.845018450184502,1.1734317343173433,0,1,0,8.468634686346864,0.5450980392156862,19.959409594095938
897,Tim,Perry,359,7.721448467966574,1.116991643454039,4.532033426183844,1.0027855153203342,0.5041782729805014,1.1337047353760445,6.445682451253482,3.0779944289693595,0.7910863509749304,0.25069637883008355,1.9972144846796658,1.3147632311977715,0,1,0,7.324456824512535,0.5271004152912362,19.955431754874652
26,Luc,Longley,542,7.455719557195572,1.529520295202952,5.035055350553505,0.996309963099631,0.507380073800738,1.6974169741697418,6.629151291512915,3.0756457564575648,0.00922509225092251,0.0,1.7158671586715868,1.3044280442804428,0,0,1,7.384132841328413,0.5048473339663185,19.922509225092256
902,Bimbo,Coles,701,8.651925820256777,4.252496433666191,2.3509272467902997,0.17118402282453637,0.9629101283880172,1.6262482168330956,7.708987161198288,3.3295292439372326,1.2482168330955778,0.340941512125535,2.0470756062767475,1.6519258202567761,1,0,0,8.609700427960057,0.50245219869437,19.840941512125536
77335,Jerome,Lane,97,5.762886597938144,1.6185567010309279,7.185567010309279,0.18556701030927836,0.6701030927835051,1.2989690721649485,5.783505154639175,2.5051546391752577,0.041237113402061855,0.010309278350515464,1.9381443298969072,0.7422680412371134,0,1,0,6.636288659793815,0.4341949916112595,19.79381443298969
404,Kevin,Duckworth,380,9.85,0.9263157894736842,5.268421052631579,0.47368421052631576,0.4868421052631579,1.6078947368421053,8.9,4.036842105263158,0.05526315789473684,0.013157894736842105,2.463157894736842,1.763157894736842,0,0,1,9.983789473684212,0.49329966471965075,19.768421052631577
31,Lorenzo,Williams,253,2.992094861660079,0.9762845849802372,6.335968379446641,1.383399209486166,0.5296442687747036,0.932806324110672,2.849802371541502,1.3359683794466404,0.007905138339920948,0.0,0.849802371541502,0.3201581027667984,0,1,0,3.223715415019763,0.4640755272192251,19.74703557312253
41,Anthony,Bonner,318,6.915094339622642,1.389937106918239,5.427672955974843,0.2641509433962264,1.0880503144654088,1.4150943396226414,5.921383647798742,2.770440251572327,0.050314465408805034,0.006289308176100629,2.3176100628930816,1.3679245283018868,0,1,0,6.941132075471698,0.4981243883875177,19.720125786163525
935,Bryon,Russell,484,8.640495867768594,1.1838842975206612,3.6404958677685952,0.2768595041322314,1.1735537190082646,1.0020661157024793,6.582644628099174,2.981404958677686,2.0640495867768593,0.7603305785123967,2.621900826446281,1.9173553719008265,1,1,0,7.736280991735537,0.5584398935999744,19.6745867768595
1847,Thurl,Bailey,358,9.097765363128492,0.9581005586592178,3.9553072625698324,0.952513966480447,0.38268156424581007,1.0698324022346368,7.776536312849162,3.5754189944134076,0.025139664804469275,0.0,2.4189944134078214,1.946927374301676,0,1,0,8.840893854748604,0.5145274625281197,19.66899441340782
702,Voshon,Lenard,248,11.306451612903226,2.088709677419355,2.939516129032258,0.2056451612903226,0.6370967741935484,1.282258064516129,9.338709677419354,3.9879032258064515,4.766129032258065,1.907258064516129,1.7903225806451613,1.4233870967741935,1,0,0,10.126451612903224,0.558263251783894,19.655241935483872
1839,Randy,White,226,8.168141592920353,0.6814159292035398,5.278761061946903,0.5353982300884956,0.8185840707964602,1.4380530973451326,7.517699115044247,3.0530973451327434,0.5575221238938053,0.11504424778761062,2.672566371681416,1.9469026548672566,0,1,0,8.69362831858407,0.4697774791832081,19.648230088495577
390,Sasha,Danilovic,75,12.76,1.9866666666666666,2.4266666666666667,0.16,0.92,2.04,10.053333333333333,4.413333333333333,4.1866666666666665,1.5866666666666667,2.973333333333333,2.3466666666666667,1,0,0,11.3616,0.561540628080552,19.619999999999997
369,Charlie,Ward,355,6.245070422535211,4.222535211267606,2.8225352112676054,0.23098591549295774,1.3549295774647887,1.8084507042253521,5.270422535211267,2.2056338028169016,2.5098591549295777,0.895774647887324,1.2338028169014084,0.9380281690140845,1,0,0,5.813295774647887,0.5371368208865543,19.53943661971831
435,Carlos,Rogers,236,8.296610169491526,0.7203389830508474,4.639830508474576,0.8940677966101694,0.4788135593220339,1.1652542372881356,6.377118644067797,3.343220338983051,0.4957627118644068,0.13135593220338984,2.6228813559322033,1.478813559322034,0,1,1,7.531186440677966,0.5508169419813657,19.497881355932204
156,Antoine,Carr,608,9.84046052631579,1.0608552631578947,3.3865131578947367,0.9391447368421053,0.34868421052631576,1.1546052631578947,7.967105263157895,3.9786184210526314,0.04111842105263158,0.003289473684210526,2.424342105263158,1.8799342105263157,0,1,0,9.033815789473683,0.5446458482019314,19.35361842105263
682,Bob,Sura,330,8.081818181818182,3.727272727272727,2.809090909090909,0.28484848484848485,0.9939393939393939,1.8303030303030303,6.675757575757576,2.7696969696969695,2.0575757575757576,0.696969696969697,2.8636363636363638,1.8454545454545455,1,0,0,7.935757575757576,0.5092026882541623,19.340909090909093
76782,Winston,Garland,286,7.863636363636363,4.13986013986014,2.3216783216783217,0.17132867132867133,1.0664335664335665,1.618881118881119,7.06993006993007,3.062937062937063,0.4965034965034965,0.13286713286713286,1.9475524475524475,1.6048951048951048,1,0,0,7.926853146853147,0.49601249183972335,19.269230769230774
164,Chris,Childs,383,7.95822454308094,4.989556135770235,2.4725848563968666,0.08616187989556136,0.95822454308094,2.033942558746736,6.64490861618799,2.741514360313316,2.2193211488250655,0.7989556135770235,2.060052219321149,1.6762402088772845,1,0,0,7.551331592689295,0.5269418012834698,19.261096605744125
76385,Maurice,Cheeks,167,5.850299401197605,4.3532934131736525,1.8562874251497006,0.0718562874251497,1.4610778443113772,1.0598802395209581,4.940119760479042,2.437125748502994,0.16766467065868262,0.04790419161676647,1.1916167664670658,0.9281437125748503,1,0,0,5.46443113772455,0.5353072674673447,19.176646706586826
1517,Bobby,Jackson,188,8.03191489361702,3.4893617021276597,3.1382978723404253,0.11170212765957446,1.0212765957446808,1.6861702127659575,7.888297872340425,3.1382978723404253,0.8138297872340425,0.23404255319148937,1.9148936170212767,1.5212765957446808,1,0,0,8.730851063829787,0.4599731936152065,19.132978723404257
45,George,McCloud,573,9.55322862129145,2.1657940663176265,3.1849912739965096,0.24607329842931938,0.8080279232111692,1.3472949389179756,8.31413612565445,3.4345549738219896,3.6230366492146597,1.343804537521815,1.6666666666666667,1.3403141361256545,0,1,0,9.047469458987784,0.5279503105590062,19.101221640488653
1453,Walter,Davis,117,11.803418803418804,1.6495726495726495,2.1452991452991452,0.03418803418803419,0.9316239316239316,1.1367521367521367,10.811965811965813,5.0256410256410255,0.4444444444444444,0.13675213675213677,1.8034188034188035,1.6153846153846154,1,0,0,11.605470085470087,0.508528250751193,19.08547008547009
76583,James,Donaldson,189,6.534391534391534,0.6190476190476191,6.095238095238095,0.9365079365079365,0.25925925925925924,1.164021164021164,5.015873015873016,2.5978835978835977,0.0,0.0,1.8783068783068784,1.3386243386243386,0,0,1,5.842328042328043,0.5592284006520557,19.06084656084656
769,B.J.,Armstrong,663,10.357466063348417,3.4374057315233784,1.8386123680241326,0.06184012066365008,0.7345399698340875,1.2156862745098038,8.428355957767723,4.012066365007541,1.5384615384615385,0.6515837104072398,1.9683257918552035,1.6817496229260935,1,0,0,9.294419306184013,0.5571873681477394,19.025641025641026
978,Peja,Stojakovic,122,10.48360655737705,1.459016393442623,3.4344262295081966,0.11475409836065574,0.7622950819672131,1.1557377049180328,8.926229508196721,3.7868852459016393,3.6475409836065573,1.2868852459016393,1.860655737704918,1.6229508196721312,0,1,0,9.744918032786885,0.5379012179530315,19.02049180327869
1509,Kelvin,Cato,181,5.524861878453039,0.3756906077348066,4.370165745856354,1.5138121546961325,0.4696132596685083,0.7845303867403315,4.198895027624309,2.0552486187845305,0.04419889502762431,0.0055248618784530384,2.2099447513812156,1.408839779005525,0,0,1,5.171270718232044,0.5341880341880342,19.008287292817677
417,Sam,Mitchell,758,9.360158311345646,1.1846965699208443,4.015831134564643,0.3073878627968338,0.5857519788918206,0.8970976253298153,7.725593667546174,3.4722955145118735,0.2704485488126649,0.06068601583113457,2.9894459102902373,2.3548812664907652,0,1,0,9.040949868073879,0.5176534793318002,18.939313984168866
76017,Danny,Ainge,383,9.91644908616188,2.968668407310705,2.1070496083550916,0.12532637075718014,0.804177545691906,1.156657963446475,8.03916449086162,3.631853785900783,3.422976501305483,1.2741514360313315,1.6657963446475197,1.3785900783289817,1,0,0,8.772114882506528,0.5652256735680353,18.934725848563968
994,Jamie,Feick,193,4.606217616580311,0.694300518134715,7.150259067357513,0.45077720207253885,0.5647668393782384,0.7512953367875648,4.160621761658031,1.7772020725388602,0.15544041450777202,0.06217616580310881,1.5595854922279793,0.9896373056994818,0,1,0,4.846839378238341,0.47517745659796473,18.932642487046635
202,Gary,Grant,433,6.7829099307159355,4.766743648960739,1.9630484988452657,0.12702078521939955,1.3140877598152425,1.8568129330254042,6.434180138568129,2.903002309468822,0.6905311778290993,0.19630484988452657,0.9861431870669746,0.7806004618937644,1,0,0,6.868083140877598,0.4937993463085263,18.9284064665127
28,Doug,West,608,10.384868421052632,2.0723684210526314,2.606907894736842,0.2944078947368421,0.7335526315789473,1.2960526315789473,8.717105263157896,4.222039473684211,0.29769736842105265,0.05592105263157895,2.3536184210526314,1.8848684210526316,1,0,0,9.752697368421053,0.5324100619936455,18.923519736842106
475,Doug,Smith,296,7.95945945945946,1.3513513513513513,4.168918918918919,0.5067567567567568,0.7567567567567568,1.1925675675675675,8.10472972972973,3.445945945945946,0.12162162162162163,0.010135135135135136,1.3682432432432432,1.0574324324324325,0,1,0,8.706756756756757,0.45708520875368613,18.90878378378379
21,Greg,Anthony,639,7.419405320813771,4.120500782472614,1.9154929577464788,0.1111111111111111,1.2065727699530517,1.4178403755868545,6.294209702660407,2.5571205007824727,2.2316118935837244,0.7777777777777778,2.064162754303599,1.5273865414710486,1,0,0,7.20244131455399,0.515061837839717,18.908450704225352
698,Eddie,Johnson,507,12.420118343195266,1.4615384615384615,2.9684418145956606,0.08086785009861933,0.4970414201183432,1.2564102564102564,10.591715976331361,4.83629191321499,1.757396449704142,0.5956607495069034,2.489151873767258,2.1518737672583828,0,1,0,11.686942800788955,0.5313672940350498,18.86390532544379
1751,Jahidi,White,98,6.285714285714286,0.16326530612244897,6.23469387755102,0.9591836734693877,0.3469387755102041,1.1224489795918366,4.908163265306122,2.489795918367347,0.0,0.0,2.510204081632653,1.3061224489795917,0,1,1,6.012653061224489,0.5227072160749441,18.86224489795918
53,Mario,Elie,664,8.984939759036145,2.6265060240963853,2.8042168674698793,0.17620481927710843,0.9231927710843374,1.355421686746988,6.394578313253012,3.0406626506024095,2.216867469879518,0.8102409638554217,2.444277108433735,2.0933734939759034,1,1,0,7.470060240963855,0.601396740401442,18.81777108433735
677,Eric,Williams,246,10.601626016260163,1.386178861788618,3.2642276422764227,0.1951219512195122,0.8252032520325203,1.4268292682926829,8.260162601626016,3.5934959349593494,0.4715447154471545,0.14634146341463414,4.41869918699187,3.268292682926829,1,1,0,10.204390243902438,0.5194639641792947,18.804878048780488
77496,Travis,Mays,115,11.069565217391304,2.8347826086956522,2.026086956521739,0.12173913043478261,0.8869565217391304,1.8434782608695652,9.104347826086956,3.7304347826086954,2.4956521739130433,0.9043478260869565,3.608695652173913,2.7043478260869565,1,0,0,10.692173913043478,0.5176480156148341,18.708695652173915
1501,Tim,Thomas,206,10.427184466019417,1.2087378640776698,3.621359223300971,0.2912621359223301,0.6747572815533981,1.4223300970873787,8.330097087378642,3.8106796116504853,2.0436893203883497,0.7087378640776699,2.8446601941747574,2.0970873786407767,0,1,0,9.581747572815535,0.5441170510274388,18.691747572815533
1891,Jason,Terry,81,8.11111111111111,4.271604938271605,2.049382716049383,0.12345679012345678,1.1111111111111112,1.9259259259259258,7.407407407407407,3.074074074074074,1.9382716049382716,0.5679012345679012,1.728395061728395,1.3950617283950617,1,0,0,8.167901234567902,0.49652357920193463,18.679012345679013
271,Johnny,Newman,733,11.263301500682129,1.538881309686221,2.2987721691678034,0.2305593451568895,0.9195088676671214,1.4788540245566166,8.44474761255116,3.937244201909959,1.3765347885402455,0.47748976807639837,3.6248294679399726,2.911323328785812,0,1,0,10.039672578444748,0.5609396826777261,18.662346521145977
1538,Cedric,Henderson,192,8.40625,1.75,3.4479166666666665,0.4479166666666667,1.0052083333333333,1.71875,7.833333333333333,3.46875,0.16145833333333334,0.015625,2.0052083333333335,1.453125,0,1,0,8.715625,0.4822517031193977,18.578125
76874,Rickey,Green,105,8.561904761904762,4.580952380952381,1.5333333333333334,0.06666666666666667,0.7047619047619048,1.2,7.857142857142857,3.619047619047619,0.38095238095238093,0.08571428571428572,1.5142857142857142,1.2380952380952381,1,0,0,8.523428571428571,0.5022570841154912,18.41904761904762
931,Don,MacLean,311,11.122186495176848,1.2861736334405145,3.832797427652733,0.1607717041800643,0.3633440514469453,1.247588424437299,9.266881028938906,4.212218649517685,0.6270096463022508,0.17363344051446947,3.2990353697749195,2.5241157556270095,0,1,0,10.718456591639871,0.5188333973312854,18.40192926045016
78417,Sam,Vincent,88,9.284090909090908,3.9204545454545454,2.3636363636363638,0.10227272727272728,0.7386363636363636,1.8522727272727273,7.9772727272727275,3.4318181818181817,0.36363636363636365,0.045454545454545456,2.840909090909091,2.375,1,0,0,9.227272727272727,0.5030788177339901,18.369318181818183
77019,Rod,Higgins,217,8.327188940092165,1.3502304147465438,3.3225806451612905,0.43317972350230416,0.663594470046083,0.7603686635944701,6.580645161290323,2.8525345622119818,2.3225806451612905,0.7926267281105991,2.2211981566820276,1.8294930875576036,0,1,0,7.557972350230415,0.5508877615726062,18.202764976958527
426,Terry,Davis,398,6.85929648241206,0.6055276381909548,6.545226130653266,0.3015075376884422,0.3944723618090452,1.1155778894472361,5.673366834170854,2.6834170854271355,0.04522613065326633,0.007537688442211055,2.442211055276382,1.484924623115578,0,1,1,6.747939698492462,0.5082511691638617,18.13819095477387
78554,John,Williams,175,6.822857142857143,2.28,3.8971428571428572,0.2342857142857143,0.8971428571428571,1.24,6.702857142857143,2.8057142857142856,0.72,0.17714285714285713,1.64,1.0342857142857143,0,1,0,7.424457142857142,0.45948525337109786,18.13428571428571
462,J.R.,Reid,584,8.154109589041095,0.9195205479452054,4.592465753424658,0.3578767123287671,0.7191780821917808,1.3253424657534247,6.464041095890411,3.095890410958904,0.0547945205479452,0.008561643835616438,2.691780821917808,1.9537671232876712,0,1,0,7.648424657534247,0.5330581102742976,18.07962328767123
197,Scott,Burrell,377,6.981432360742706,1.3952254641909814,3.5251989389920424,0.47745358090185674,0.896551724137931,0.8938992042440318,6.119363395225464,2.559681697612732,2.3952254641909816,0.8938992042440318,1.3315649867374004,0.9681697612732095,1,0,0,6.70525198938992,0.5205943320094308,18.07029177718833
291,Ed,Pinckney,396,5.275252525252525,0.6792929292929293,5.454545454545454,0.5151515151515151,0.7550505050505051,0.7828282828282829,3.5555555555555554,1.8611111111111112,0.012626262626262626,0.0,1.957070707070707,1.553030303030303,0,1,0,4.416666666666666,0.5971983990851916,17.991161616161612
1505,Tariq,Abdul-Wahad,169,9.035502958579881,1.1775147928994083,3.5088757396449703,0.33727810650887574,0.8520710059171598,1.4260355029585798,8.34319526627219,3.5207100591715976,0.3727810650887574,0.07692307692307693,2.6863905325443787,1.9171597633136095,1,1,0,9.525207100591716,0.47429430474107936,17.97041420118343
190,Duane,Causwell,510,5.043137254901961,0.4666666666666667,4.294117647058823,1.468627450980392,0.41568627450980394,0.9352941176470588,3.8117647058823527,1.9549019607843137,0.013725490196078431,0.00392156862745098,1.8176470588235294,1.1294117647058823,0,0,1,4.611529411764706,0.5467966052689763,17.85098039215686
1853,Anthony,Carter,79,6.30379746835443,4.784810126582278,2.518987341772152,0.06329113924050633,1.1772151898734178,2.189873417721519,6.443037974683544,2.5443037974683542,0.2911392405063291,0.0379746835443038,1.5696202531645569,1.1772151898734178,1,0,0,7.133670886075949,0.44183405493647526,17.84177215189873
402,Jon,Koncak,443,3.505643340857788,1.3566591422121896,4.252821670428894,1.0338600451467268,0.7336343115124153,0.5891647855530474,3.618510158013544,1.5688487584650113,0.17155756207674944,0.04288939051918736,0.5643340857787811,0.32505643340857787,0,0,1,3.8668171557562077,0.45329830706363106,17.81151241534989
970,Othella,Harrington,235,8.931914893617021,0.6553191489361702,5.165957446808511,0.5617021276595745,0.2723404255319149,1.625531914893617,6.825531914893617,3.476595744680851,0.02553191489361702,0.0,2.651063829787234,1.9787234042553192,0,1,1,7.992,0.5588034843353992,17.74893617021277
280,Felton,Spencer,585,5.617094017094017,0.35384615384615387,5.726495726495727,0.8957264957264958,0.40683760683760684,1.100854700854701,4.136752136752137,2.01025641025641,0.0017094017094017094,0.0,2.4085470085470084,1.5965811965811967,0,0,1,5.196512820512821,0.5404676377320754,17.74615384615385
243,Aaron,McKie,420,6.7023809523809526,2.3095238095238093,3.026190476190476,0.22142857142857142,1.1357142857142857,1.2142857142857142,6.0928571428571425,2.573809523809524,1.1023809523809525,0.3619047619047619,1.5357142857142858,1.1928571428571428,1,0,0,6.768571428571429,0.4951104544814971,17.705952380952382
246,Greg,Anderson,456,5.131578947368421,0.48464912280701755,5.885964912280702,0.6820175438596491,0.6403508771929824,1.1469298245614035,4.359649122807017,2.0899122807017543,0.03289473684210526,0.0021929824561403508,1.6820175438596492,0.9495614035087719,0,1,1,5.099736842105263,0.5031219361164148,17.68311403508772
1725,Rasho,Nesterovic,84,5.7023809523809526,1.119047619047619,4.607142857142857,1.0119047619047619,0.25,0.8571428571428571,5.2976190476190474,2.488095238095238,0.023809523809523808,0.0,1.25,0.7261904761904762,0,0,1,5.847619047619047,0.4875814332247557,17.625
77098,Mike,Iuzzolino,122,8.98360655737705,4.278688524590164,1.9508196721311475,0.05737704918032787,0.6721311475409836,1.8114754098360655,6.827868852459017,3.122950819672131,2.2950819672131146,0.9262295081967213,2.2704918032786887,1.8114754098360655,1,0,0,7.826885245901639,0.5738941018766757,17.62295081967213
721,Tyus,Edney,202,8.029702970297029,4.237623762376238,1.8267326732673268,0.0297029702970297,0.9900990099009901,1.8316831683168318,6.6683168316831685,2.712871287128713,0.9702970297029703,0.31683168316831684,2.8613861386138613,2.287128712871287,1,0,0,7.927326732673268,0.5064571728324132,17.54207920792079
76826,Mike,Gminski,178,6.882022471910112,0.797752808988764,4.825842696629214,0.550561797752809,0.3651685393258427,0.7247191011235955,6.702247191011236,2.949438202247191,0.09550561797752809,0.016853932584269662,1.202247191011236,0.9662921348314607,0,0,1,7.23123595505618,0.4758538177072003,17.530898876404493
763,Tony,Massenburg,380,7.58421052631579,0.45,5.060526315789474,0.5421052631578948,0.45263157894736844,1.15,6.060526315789474,2.9078947368421053,0.02368421052631579,0.0,2.542105263157895,1.768421052631579,0,1,1,7.179052631578948,0.5282180613187489,17.528947368421054
727,Eric,Snow,297,5.343434343434343,4.491582491582491,2.0774410774410774,0.05723905723905724,1.228956228956229,1.4208754208754208,4.686868686868687,2.0235690235690234,0.3602693602693603,0.08080808080808081,1.7272727272727273,1.2154882154882154,1,0,0,5.446868686868687,0.4905051554039018,17.5
1000,Shandon,Anderson,279,8.971326164874553,1.5519713261648747,3.304659498207885,0.24372759856630824,0.8172043010752689,1.5197132616487454,7.021505376344086,3.390681003584229,1.2365591397849462,0.4444444444444444,2.3727598566308243,1.7455197132616487,1,1,0,8.065519713261649,0.5561530120696091,17.46057347670251
1630,Mikki,Moore,31,7.483870967741935,0.5483870967741935,3.6451612903225805,1.0,0.2903225806451613,0.7419354838709677,4.548387096774194,2.838709677419355,0.0,0.0,2.2580645161290325,1.8064516129032258,0,1,1,5.541935483870969,0.6752037252619323,17.451612903225808
76842,Paul,Graham,179,8.374301675977653,1.9664804469273742,2.4189944134078214,0.1787709497206704,1.0391061452513966,1.2067039106145252,7.256983240223463,3.2513966480446927,1.6480446927374302,0.5586592178770949,1.776536312849162,1.312849162011173,1,0,0,8.038659217877095,0.5208767686876268,17.410614525139664
399,Sean,Rooks,477,7.566037735849057,0.9014675052410901,4.480083857442348,0.7547169811320755,0.33752620545073375,1.3060796645702306,5.635220125786163,2.6855345911949686,0.03773584905660377,0.0020964360587002098,3.20335429769392,2.192872117400419,0,0,1,7.044696016771488,0.5370024283401581,17.39517819706499
416,Willie,Burton,313,10.351437699680512,1.255591054313099,2.977635782747604,0.3865814696485623,0.610223642172524,1.6549520766773163,8.198083067092652,3.4792332268370605,1.2875399361022364,0.4440894568690096,3.7507987220447285,2.94888178913738,0,1,0,9.848434504792333,0.5255372158206166,17.378594249201278
313,Vern,Fleming,413,8.50363196125908,3.3801452784503634,2.3559322033898304,0.09927360774818401,0.7336561743341404,1.5738498789346247,6.937046004842615,3.3825665859564165,0.29055690072639223,0.048426150121065374,2.3026634382566584,1.6900726392251817,1,0,0,7.950217917675545,0.5348049606510246,17.29176755447942
145,Tracy,Murray,530,10.169811320754716,0.8547169811320755,2.8056603773584907,0.269811320754717,0.6283018867924528,1.0113207547169811,8.550943396226415,3.728301886792453,3.1924528301886794,1.258490566037736,1.7471698113207548,1.4547169811320755,0,1,0,9.319698113207547,0.5456084090504186,17.23018867924528
76673,Alex,English,79,9.658227848101266,1.3291139240506329,3.2151898734177213,0.31645569620253167,0.5063291139240507,1.2784810126582278,9.291139240506329,4.075949367088608,0.012658227848101266,0.0,1.7721518987341771,1.5063291139240507,0,1,0,10.070886075949367,0.4795123177476118,17.20886075949367
76082,John,Bagley,86,6.383720930232558,5.848837209302325,1.9651162790697674,0.046511627906976744,0.686046511627907,1.9186046511627908,6.1976744186046515,2.697674418604651,0.5,0.11627906976744186,1.197674418604651,0.872093023255814,1,0,0,6.724651162790698,0.4746507124083552,17.19767441860465
692,Andrew,DeClercq,303,5.900990099009901,0.6237623762376238,4.696369636963697,0.5808580858085809,0.7854785478547854,1.0759075907590758,4.561056105610561,2.3036303630363038,0.006600660066006601,0.0,2.108910891089109,1.2937293729372936,0,0,1,5.488976897689769,0.537530965150677,17.194719471947195
76195,Manute,Bol,230,1.8,0.26521739130434785,3.4565217391304346,2.591304347826087,0.18695652173913044,0.6956521739130435,1.9478260869565218,0.7652173913043478,0.27391304347826084,0.06086956521739131,0.3739130434782609,0.20869565217391303,0,0,1,2.112347826086957,0.42606619463197754,17.104347826086958
1506,Austin,Croshere,134,7.485074626865671,0.7985074626865671,4.522388059701493,0.5447761194029851,0.44776119402985076,1.171641791044776,6.074626865671642,2.626865671641791,1.6119402985074627,0.5597014925373134,2.0,1.671641791044776,0,1,0,6.954626865671642,0.5381363207142243,17.093283582089555
128,David,Benoit,443,7.397291196388262,0.5981941309255079,4.293453724604966,0.5417607223476298,0.47404063205417607,0.8939051918735892,6.555304740406321,2.853273137697517,1.4627539503386005,0.4650112866817156,1.5417607223476297,1.2257336343115124,0,1,0,7.233679458239278,0.5113090260007739,17.010158013544018
281,Scott,Williams,507,5.357001972386588,0.6627218934911243,5.0848126232741615,0.6153846153846154,0.5463510848126233,0.8205128205128205,4.546351084812623,2.1893491124260356,0.0650887573964497,0.0039447731755424065,1.378698224852071,0.9743589743589743,0,1,1,5.152978303747535,0.5197966745261352,16.984220907297832
1761,Greg,Buckner,46,5.978260869565218,1.1956521739130435,3.782608695652174,0.43478260869565216,0.8260869565217391,0.782608695652174,5.065217391304348,2.4130434782608696,0.5652173913043478,0.21739130434782608,1.3695652173913044,0.9347826086956522,1,0,0,5.667826086956522,0.5273857011353176,16.92391304347826
1802,Brad,Miller,92,7.184782608695652,0.7282608695652174,4.456521739130435,0.5760869565217391,0.34782608695652173,0.8695652173913043,4.684782608695652,2.3152173913043477,0.043478260869565216,0.010869565217391304,3.2282608695652173,2.5434782608695654,0,1,1,6.105217391304348,0.5884133314342687,16.918478260869566
76247,Randy,Breuer,178,4.735955056179775,0.9887640449438202,3.9887640449438204,1.1292134831460674,0.39325842696629215,0.6966292134831461,4.696629213483146,2.140449438202247,0.011235955056179775,0.0,0.9831460674157303,0.4550561797752809,0,0,1,5.129213483146068,0.4616648411829134,16.89887640449438
1884,Baron,Davis,82,5.926829268292683,3.768292682926829,2.0121951219512195,0.23170731707317074,1.1829268292682926,1.7073170731707317,5.280487804878049,2.2195121951219514,1.353658536585366,0.3048780487804878,1.8658536585365855,1.1829268292682926,1,0,0,6.101463414634146,0.48568915893827946,16.841463414634145
1088,Chucky,Atkins,82,9.536585365853659,3.731707317073171,1.5365853658536586,0.036585365853658534,0.6341463414634146,1.7317073170731707,9.036585365853659,3.8292682926829267,1.9878048780487805,0.6951219512195121,1.6219512195121952,1.1829268292682926,1,0,0,9.750243902439024,0.4890434260556334,16.658536585365848
1125,Larry,Stewart,267,7.50936329588015,1.2659176029962547,4.033707865168539,0.3970037453183521,0.550561797752809,1.2958801498127341,5.6254681647940075,2.865168539325843,0.1647940074906367,0.033707865168539325,2.3183520599250937,1.7453183520599251,0,1,0,6.645543071161049,0.5649924479812439,16.657303370786515
600009,Rory,Sparrow,126,7.603174603174603,3.5317460317460316,1.6984126984126984,0.16666666666666666,0.753968253968254,1.2619047619047619,7.198412698412699,3.4047619047619047,0.7380952380952381,0.2698412698412698,0.7619047619047619,0.5238095238095238,1,0,0,7.533650793650794,0.5046142176899414,16.60714285714286
1513,Scot,Pollard,121,4.818181818181818,0.4628099173553719,4.619834710743802,0.71900826446281,0.5867768595041323,0.5537190082644629,3.4214876033057853,1.7933884297520661,0.0,0.0,1.6942148760330578,1.2314049586776858,0,1,1,4.166942148760331,0.5781435938119793,16.557851239669425
961,John,Wallace,256,8.88671875,0.8359375,3.2578125,0.71484375,0.41015625,1.48828125,7.42578125,3.5078125,0.03515625,0.01171875,2.55859375,1.859375,0,1,0,8.5515625,0.5195961995249406,16.55078125
1502,Adonal,Foyle,173,4.127167630057803,0.4277456647398844,4.630057803468208,1.3352601156069364,0.31213872832369943,0.8786127167630058,3.878612716763006,1.8150289017341041,0.005780346820809248,0.0,1.1734104046242775,0.49710982658959535,0,0,1,4.394913294797687,0.46953914141414144,16.546242774566473
716,Rumeal,Robinson,332,7.662650602409639,3.5512048192771086,1.822289156626506,0.16265060240963855,0.9066265060240963,1.7469879518072289,7.0602409638554215,3.0542168674698793,0.9789156626506024,0.3373493975903614,1.9909638554216869,1.216867469879518,1,0,0,7.936265060240964,0.48276176162499435,16.506024096385545
1631,Billy,Thompson,74,6.743243243243243,1.5,4.216216216216216,0.6486486486486487,0.43243243243243246,1.5810810810810811,5.554054054054054,2.77027027027027,0.05405405405405406,0.0,1.6756756756756757,1.2027027027027026,0,1,0,6.291351351351352,0.5359137382936677,16.479729729729733
234,Khalid,Reeves,277,7.823104693140794,3.1985559566787005,2.0938628158844765,0.11552346570397112,0.8447653429602888,1.6101083032490975,6.4548736462093865,2.6859205776173285,2.335740072202166,0.8483754512635379,2.155234657039711,1.6028880866425992,1,0,0,7.403176895306859,0.5283613240486082,16.382671480144406
1730,Brian,Skinner,54,4.907407407407407,0.2222222222222222,4.703703703703703,1.0555555555555556,0.48148148148148145,1.037037037037037,3.7962962962962963,1.8703703703703705,0.0,0.0,1.8148148148148149,1.1666666666666667,0,1,1,4.594814814814815,0.5340157988070289,16.37037037037037
958,Vitaly,Potapenko,289,7.809688581314879,0.8615916955017301,4.709342560553633,0.43944636678200694,0.4463667820069204,1.6816608996539792,6.705882352941177,3.2214532871972317,0.01730103806228374,0.0034602076124567475,2.0207612456747404,1.3633217993079585,0,1,1,7.595017301038062,0.5141323759886285,16.346020761245676
239,Darrick,Martin,362,8.549723756906078,3.552486187845304,1.419889502762431,0.058011049723756904,0.8204419889502762,1.5994475138121547,7.370165745856354,2.8784530386740332,2.3812154696132595,0.8093922651933702,2.334254143646409,1.9834254143646408,1,0,0,8.397237569060774,0.5090795447068885,16.323204419889503
1444,Lawrence,Funderburke,174,8.022988505747126,0.7241379310344828,3.9655172413793105,0.3333333333333333,0.41954022988505746,0.8850574712643678,5.982758620689655,3.1149425287356323,0.08045977011494253,0.011494252873563218,2.5632183908045976,1.7816091954022988,0,1,0,7.110574712643678,0.5641589344023794,16.29885057471264
781,Will,Perdue,672,5.008928571428571,0.7946428571428571,5.418154761904762,0.7336309523809523,0.2976190476190476,1.0907738095238095,3.8601190476190474,2.0401785714285716,0.01488095238095238,0.001488095238095238,1.6369047619047619,0.9270833333333334,0,0,1,4.580357142857142,0.5467836257309941,16.27157738095238
1474,Larry,Krystkowiak,206,7.20873786407767,1.1941747572815533,4.344660194174757,0.15048543689320387,0.587378640776699,1.1262135922330097,6.344660194174757,2.8689320388349513,0.03398058252427184,0.0,1.8786407766990292,1.470873786407767,0,1,0,7.17126213592233,0.5026129102133652,16.21601941747573
906,Haywoode,Workman,353,5.555240793201133,3.988668555240793,2.311614730878187,0.059490084985835696,0.9943342776203966,1.5269121813031161,5.050991501416431,2.1133144475920678,1.0424929178470255,0.3371104815864023,1.3002832861189801,0.9915014164305949,1,0,0,5.623116147308782,0.4939646138965017,16.1671388101983
964,Roy,Rogers,136,4.794117647058823,0.41911764705882354,3.5441176470588234,1.536764705882353,0.19117647058823528,0.7426470588235294,4.382352941176471,2.1176470588235294,0.014705882352941176,0.007352941176470588,1.036764705882353,0.5514705882352942,0,1,0,4.838529411764706,0.4954106133365752,16.16544117647059
959,Steve,Nash,229,7.419213973799127,3.890829694323144,2.0,0.039301310043668124,0.6855895196506551,1.5109170305676856,6.270742358078603,2.7467248908296944,2.314410480349345,0.9301310043668122,1.1615720524017468,0.9956331877729258,1,0,0,6.781834061135371,0.5469917065883686,16.133187772925762
24,Keith,Jennings,164,6.646341463414634,3.7439024390243905,1.5121951219512195,0.012195121951219513,1.0,1.225609756097561,4.932926829268292,2.152439024390244,2.2195121951219514,0.8292682926829268,1.774390243902439,1.5121951219512195,1,0,0,5.713658536585365,0.581618714249125,16.128048780487802
400,Derek,Strong,428,6.94392523364486,0.6635514018691588,4.918224299065421,0.21728971962616822,0.4439252336448598,0.9322429906542056,5.530373831775701,2.3901869158878504,0.14018691588785046,0.02570093457943925,2.7149532710280373,2.1378504672897196,0,1,0,6.724953271028037,0.5162805564434315,16.09696261682243
1719,Bonzi,Wells,73,8.36986301369863,1.36986301369863,2.6164383561643834,0.1780821917808219,0.958904109589041,1.4109589041095891,6.8493150684931505,3.3835616438356166,0.7671232876712328,0.2876712328767123,2.0136986301369864,1.3150684931506849,1,1,0,7.735342465753424,0.5410143798257421,16.075342465753423
32,Clifford,Rozier,172,4.808139534883721,0.5697674418604651,5.209302325581396,0.6569767441860465,0.45348837209302323,0.9418604651162791,4.098837209302325,2.0348837209302326,0.06395348837209303,0.011627906976744186,1.563953488372093,0.7267441860465116,0,0,1,4.786976744186046,0.5022104547221143,16.03488372093023
1723,Matt,Harpring,54,7.851851851851852,0.9814814814814815,4.185185185185185,0.12962962962962962,0.6481481481481481,1.3703703703703705,6.2407407407407405,2.814814814814815,0.5,0.2222222222222222,2.7777777777777777,2.0,0,1,0,7.462962962962963,0.5260545905707197,15.972222222222221
122,Fred,Roberts,305,8.111475409836066,1.340983606557377,2.839344262295082,0.34098360655737703,0.6360655737704918,1.180327868852459,6.304918032786885,3.1901639344262294,0.380327868852459,0.14098360655737704,2.0229508196721313,1.5901639344262295,0,1,0,7.195016393442623,0.5636870693740659,15.929508196721315
78227,Andre,Spencer,48,7.208333333333333,0.9583333333333334,3.2083333333333335,0.3541666666666667,0.75,0.9791666666666666,5.854166666666667,2.6041666666666665,0.041666666666666664,0.0,2.7291666666666665,2.0,0,1,0,7.055,0.5108669974013702,15.916666666666666
1607,Troy,Hudson,93,7.806451612903226,3.6344086021505375,2.204301075268817,0.021505376344086023,0.6021505376344086,1.5806451612903225,7.580645161290323,2.903225806451613,2.6129032258064515,0.8064516129032258,1.4301075268817205,1.1935483870967742,1,0,0,8.20989247311828,0.47542958927074597,15.897849462365592
1740,Rashard,Lewis,101,7.138613861386139,0.7326732673267327,3.5742574257425743,0.36633663366336633,0.6831683168316832,0.9702970297029703,6.118811881188119,2.910891089108911,1.2475247524752475,0.40594059405940597,1.3564356435643565,0.9108910891089109,0,1,0,6.715643564356435,0.5314914194727841,15.856435643564359
696,Travis,Best,348,7.439655172413793,3.2672413793103448,1.5919540229885059,0.06321839080459771,0.9224137931034483,1.4252873563218391,6.117816091954023,2.706896551724138,1.1551724137931034,0.4109195402298851,1.985632183908046,1.6149425287356323,1,0,0,6.991494252873563,0.532050438957025,15.820402298850574
77386,Marcus,Liberty,267,7.273408239700374,0.9138576779026217,3.4644194756554305,0.27340823970037453,0.7078651685393258,0.9887640449438202,7.0299625468164795,2.932584269662921,0.7265917602996255,0.24719101123595505,1.749063670411985,1.1610486891385767,0,1,0,7.799550561797753,0.4662709845952902,15.788389513108614
1565,Michael,Stewart,164,3.0121951219512195,0.43902439024390244,4.445121951219512,1.475609756097561,0.23170731707317074,0.6951219512195121,2.6158536585365852,1.201219512195122,0.0,0.0,1.2134146341463414,0.6097560975609756,0,0,1,3.1497560975609753,0.4781632336998607,15.777439024390244
289,Ledell,Eackles,283,9.93286219081272,1.5371024734982333,2.204946996466431,0.07773851590106007,0.558303886925795,1.1625441696113075,8.477031802120141,3.812720848056537,1.0918727915194346,0.38515901060070673,2.5159010600706715,1.9222614840989398,1,0,0,9.584028268551236,0.518198711047532,15.765017667844523
198,Danny,Ferry,722,7.815789473684211,1.4473684210526316,2.994459833795014,0.3490304709141274,0.46121883656509693,0.9861495844875346,6.840720221606648,3.056786703601108,1.951523545706371,0.7520775623268698,1.1301939058171746,0.9501385041551247,0,1,0,7.338005540166205,0.5325554355950503,15.747229916897506
76821,Gerald,Glass,201,7.72636815920398,1.4825870646766168,2.5472636815920398,0.2885572139303483,0.6467661691542289,0.8905472636815921,7.875621890547263,3.4129353233830844,0.5472636815920398,0.12935323383084577,1.199004975124378,0.7711442786069652,0,1,0,8.40318407960199,0.45972860323023723,15.731343283582088
76672,A.J.,English,151,9.947019867549669,2.119205298013245,2.0860927152317883,0.15894039735099338,0.37748344370860926,1.3443708609271523,9.390728476821192,4.086092715231788,0.4304635761589404,0.059602649006622516,2.205298013245033,1.7152317880794703,1,0,0,10.361059602649005,0.4800194308797587,15.711920529801324
308,Derrick,Alston,139,5.402877697841727,0.6762589928057554,3.776978417266187,0.6258992805755396,0.6834532374100719,0.8057553956834532,4.676258992805756,2.287769784172662,0.050359712230215826,0.007194244604316547,1.683453237410072,0.8201438848920863,0,0,1,5.416978417266187,0.498698470038249,15.708633093525176
78304,Terry,Teagle,166,10.240963855421686,1.1867469879518073,2.210843373493976,0.10240963855421686,0.5843373493975904,1.1927710843373494,9.451807228915662,4.22289156626506,0.0783132530120482,0.006024096385542169,2.2650602409638556,1.7891566265060241,1,0,0,10.448433734939758,0.4900717234381126,15.698795180722891
770,Mark,West,593,4.929173693086003,0.30522765598650925,4.36256323777403,1.1416526138279932,0.24451939291736932,0.9055649241146712,3.4586846543001686,2.015177065767285,0.0,0.0,1.6138279932546373,0.8988195615514334,0,0,1,4.168768971332209,0.5912025500792855,15.664418212478921
2000,Dedric,Willoughby,25,7.6,2.64,2.04,0.08,0.92,1.48,7.16,2.44,3.92,1.16,2.04,1.56,1,0,0,8.0576,0.47160444797458295,15.66
355,Vincent,Askew,451,7.226164079822617,2.1818181818181817,2.5587583148558757,0.22172949002217296,0.6518847006651884,1.0886917960088691,5.452328159645233,2.645232815964523,0.5609756097560976,0.16851441241685144,2.343680709534368,1.7671840354767183,1,0,0,6.483547671840355,0.5572692949577304,15.65410199556541
679,Jason,Caffey,318,7.779874213836478,0.9968553459119497,4.537735849056604,0.20440251572327045,0.46226415094339623,1.5566037735849056,6.179245283018868,2.981132075471698,0.0220125786163522,0.0,2.89937106918239,1.8176100628930818,0,1,0,7.4549685534591195,0.5217912160224071,15.635220125786166
76362,Bill,Cartwright,277,6.9675090252707585,1.3104693140794224,4.628158844765343,0.18050541516245489,0.3176895306859206,1.148014440433213,6.126353790613718,2.8592057761732854,0.0,0.0,1.8628158844765343,1.2490974729241877,0,0,1,6.945992779783394,0.5015488243487661,15.57220216606498
138,Anthony,Avent,349,5.610315186246418,0.7965616045845272,4.538681948424069,0.6045845272206304,0.47564469914040114,1.191977077363897,5.782234957020058,2.332378223495702,0.0057306590257879654,0.0,1.3782234957020056,0.9455587392550143,0,0,1,6.3886532951289405,0.43908433648481365,15.550143266475645
1074,Matt,Maloney,226,7.893805309734513,3.0132743362831858,1.663716814159292,0.03982300884955752,0.7964601769911505,1.3539823008849559,6.845132743362832,2.7831858407079646,4.053097345132743,1.5176991150442478,1.0044247787610618,0.8097345132743363,1,0,0,7.287079646017699,0.5416302341397066,15.54646017699115
78059,Mike,Sanders,164,6.939024390243903,1.4268292682926829,2.75,0.4024390243902439,0.6097560975609756,0.8780487804878049,6.408536585365853,3.018292682926829,0.16463414634146342,0.036585365853658534,1.1097560975609757,0.8658536585365854,0,1,0,6.896829268292683,0.5030590232344309,15.496951219512196
924,Anthony,Goldwire,183,7.48087431693989,3.3224043715846996,1.4972677595628416,0.04918032786885246,0.7377049180327869,1.2240437158469946,6.306010928961749,2.601092896174863,2.185792349726776,0.8743169398907104,1.7704918032786885,1.4043715846994536,1,0,0,7.085027322404372,0.5279354599864255,15.40983606557377
1855,Mark,Macon,251,6.713147410358566,1.705179282868526,1.8605577689243027,0.0796812749003984,1.3904382470119523,1.2868525896414342,7.195219123505976,2.764940239043825,0.50199203187251,0.13545816733067728,1.4262948207171315,1.047808764940239,1,0,0,7.822788844621514,0.42907635267275096,15.36852589641434
685,Cherokee,Parks,318,4.69811320754717,0.5880503144654088,4.00314465408805,0.7515723270440252,0.4968553459119497,0.6477987421383647,4.144654088050315,1.9433962264150944,0.09433962264150944,0.0220125786163522,1.2547169811320755,0.789308176100629,0,1,1,4.6967295597484275,0.5001472990706768,15.283018867924529
962,Walter,McCarty,204,6.186274509803922,1.4656862745098038,3.0,0.4362745098039216,0.8088235294117647,1.2990196078431373,5.9068627450980395,2.269607843137255,1.7107843137254901,0.5147058823529411,1.5637254901960784,1.1323529411764706,0,1,0,6.5949019607843145,0.4690194446096212,15.2671568627451
376,Eric,Montross,360,5.102777777777778,0.4777777777777778,5.127777777777778,0.6277777777777778,0.275,0.9416666666666667,4.305555555555555,2.175,0.005555555555555556,0.0,1.5055555555555555,0.7527777777777778,0,0,1,4.968,0.5135645911612096,15.238888888888887
76726,Sleepy,Floyd,316,7.882911392405063,2.892405063291139,1.639240506329114,0.18354430379746836,0.6613924050632911,1.4177215189873418,7.496835443037975,2.9651898734177213,1.5158227848101267,0.4240506329113924,2.0221518987341773,1.5284810126582278,1,0,0,8.386582278481013,0.4699716243547559,15.224683544303794
1006,Herb,Williams,410,5.873170731707317,0.7292682926829268,3.4804878048780488,0.8560975609756097,0.3439024390243902,0.8829268292682927,5.714634146341464,2.580487804878049,0.03902439024390244,0.004878048780487805,1.0560975609756098,0.7073170731707317,0,0,1,6.179317073170732,0.47522814108434114,15.221951219512196
386,Elliot,Perry,497,6.621730382293762,3.245472837022133,1.392354124748491,0.03822937625754527,1.1066398390342052,1.4788732394366197,5.6237424547283705,2.5814889336016096,0.7625754527162978,0.27565392354124746,1.5070422535211268,1.1830985915492958,1,0,0,6.286841046277666,0.5266341500883324,15.20020120724346
78404,Kiki,Vandeweghe,183,10.639344262295081,1.0491803278688525,1.726775956284153,0.1366120218579235,0.3825136612021858,0.8469945355191257,8.26775956284153,4.032786885245901,1.3333333333333333,0.48633879781420764,2.377049180327869,2.087431693989071,0,1,0,9.313661202185791,0.5711687397324572,15.185792349726777
77387,Todd,Lichti,158,7.848101265822785,1.3227848101265822,2.240506329113924,0.20253164556962025,0.7848101265822784,1.0063291139240507,6.841772151898734,3.0569620253164556,0.4050632911392405,0.12025316455696203,1.9873417721518987,1.6139240506329113,1,0,0,7.716202531645569,0.5085468683355754,15.129746835443038
1593,Charles,Shackleford,172,5.02906976744186,0.5406976744186046,4.744186046511628,0.5523255813953488,0.37209302325581395,0.7732558139534884,4.308139534883721,2.13953488372093,0.01744186046511628,0.0,1.122093023255814,0.75,0,0,1,4.801860465116279,0.5236584657109646,15.10755813953488
29,Jim,McIlvaine,383,2.7258485639686683,0.26370757180156656,3.151436031331593,1.7650130548302871,0.3368146214099217,0.5796344647519582,2.3994778067885116,1.0783289817232375,0.02610966057441253,0.0026109660574412533,1.0339425587467364,0.566579634464752,0,0,1,2.8544125326370757,0.4774797848596831,15.096605744125327
969,Travis,Knight,239,4.556485355648536,0.8242677824267782,3.928870292887029,0.7949790794979079,0.4686192468619247,0.8242677824267782,4.01673640167364,1.8661087866108788,0.23430962343096234,0.06276150627615062,1.0920502092050208,0.7615062761506276,0,0,1,4.497238493723849,0.5065870269063304,15.09205020920502
77054,Dennis,Hopson,132,7.628787878787879,1.2651515151515151,2.3863636363636362,0.4015151515151515,0.696969696969697,1.2045454545454546,6.340909090909091,2.878787878787879,0.3939393939393939,0.09848484848484848,2.5454545454545454,1.7727272727272727,0,1,0,7.460909090909091,0.5112505584663499,15.09090909090909
955,Samaki,Walker,192,6.072916666666667,0.4427083333333333,4.5,0.5885416666666666,0.3333333333333333,1.046875,5.213541666666667,2.4114583333333335,0.015625,0.0,2.0572916666666665,1.25,0,1,0,6.11875,0.49625468164794007,15.080729166666668
1944,Eddie,Robinson,67,7.029850746268656,0.47761194029850745,2.746268656716418,0.373134328358209,0.7164179104477612,0.582089552238806,5.7611940298507465,3.1641791044776117,0.05970149253731343,0.0,0.9552238805970149,0.7014925373134329,0,1,0,6.181492537313433,0.5686208228703882,15.059701492537314
1714,Robert,Traylor,91,4.571428571428571,0.6373626373626373,3.2637362637362637,0.7582417582417582,0.7582417582417582,0.7582417582417582,3.5494505494505493,1.8241758241758241,0.054945054945054944,0.0,1.6263736263736264,0.9230769230769231,0,1,1,4.265054945054945,0.5359167267855303,14.972527472527473
78195,Larry,Smith,192,2.3802083333333335,0.7760416666666666,6.421875,0.234375,0.6614583333333334,0.9166666666666666,2.3020833333333335,1.125,0.005208333333333333,0.0,0.4322916666666667,0.13020833333333334,0,1,0,2.492291666666667,0.47751400150463924,14.927083333333334
1720,Michael,Doleac,130,6.684615384615385,0.6384615384615384,3.707692307692308,0.3923076923076923,0.36923076923076925,0.7,6.1692307692307695,2.8230769230769233,0.015384615384615385,0.007692307692307693,1.3461538461538463,1.0307692307692307,0,0,1,6.7615384615384615,0.4943117178612059,14.85
12,Chris,King,103,6.728155339805825,1.1262135922330097,3.0194174757281553,0.3300970873786408,0.7184466019417476,1.1650485436893203,6.223300970873787,2.6310679611650487,1.1650485436893203,0.44660194174757284,1.6116504854368932,1.0194174757281553,0,1,0,6.93242718446602,0.4852669318245476,14.810679611650489
81,Jeff,Grayer,355,7.402816901408451,1.4253521126760564,2.935211267605634,0.15211267605633802,0.6,1.0788732394366196,6.661971830985915,3.0422535211267605,0.35774647887323946,0.09577464788732394,1.8507042253521127,1.2225352112676056,1,0,0,7.476281690140844,0.4950868097419822,14.794366197183098
771,Elmore,Spencer,157,5.8789808917197455,0.6942675159235668,3.535031847133758,1.0828025477707006,0.3375796178343949,1.585987261146497,4.802547770700637,2.477707006369427,0.01910828025477707,0.0,1.5923566878980893,0.9235668789808917,0,0,1,5.503184713375797,0.5341435185185185,14.732484076433122
694,Sam,Mack,246,8.012195121951219,1.3455284552845528,2.105691056910569,0.14634146341463414,0.6463414634146342,0.8658536585365854,7.040650406504065,2.841463414634146,3.459349593495935,1.3089430894308942,1.2235772357723578,1.0203252032520325,1,0,0,7.5790243902439025,0.5285769453562463,14.628048780487804
1425,Aaron,Williams,237,5.489451476793249,0.4641350210970464,3.586497890295359,0.7974683544303798,0.3881856540084388,0.8438818565400844,4.109704641350211,2.1012658227848102,0.029535864978902954,0.0,1.7721518987341771,1.2869198312236287,0,1,1,4.889451476793249,0.561356575768036,14.620253164556964
960,Tony,Delk,217,7.626728110599078,1.9400921658986174,1.8986175115207373,0.1336405529953917,0.7373271889400922,1.1705069124423964,7.308755760368664,2.9723502304147464,1.728110599078341,0.5483870967741935,1.5299539170506913,1.1336405529953917,1,0,0,7.981935483870968,0.47774929564454294,14.527649769585253
1894,Corey,Maggette,77,8.38961038961039,0.7922077922077922,3.935064935064935,0.33766233766233766,0.3116883116883117,1.7922077922077921,6.090909090909091,2.909090909090909,0.14285714285714285,0.025974025974025976,3.3896103896103895,2.5454545454545454,0,1,0,7.582337662337662,0.5532337626747055,14.493506493506494
95,Mark,Bryant,619,6.101777059773829,0.691437802907916,4.17124394184168,0.28109854604200324,0.45718901453957994,0.9321486268174475,4.825525040387722,2.4410339256865914,0.01938610662358643,0.0016155088852988692,1.7124394184168013,1.2180936995153473,0,1,0,5.578998384491115,0.5468523773672322,14.484652665589657
77879,Paul,Pressey,144,5.263888888888889,3.076388888888889,2.0972222222222223,0.3888888888888889,0.7152777777777778,1.5069444444444444,4.534722222222222,2.013888888888889,0.5694444444444444,0.13194444444444445,1.3958333333333333,1.1041666666666667,1,0,0,5.148888888888889,0.5111674579197238,14.427083333333336
1498,Antonio,Daniels,186,6.553763440860215,3.317204301075269,1.521505376344086,0.11290322580645161,0.7526881720430108,1.4301075268817205,5.779569892473118,2.5483870967741935,0.7258064516129032,0.20430107526881722,1.8064516129032258,1.2526881720430108,1,0,0,6.5744086021505375,0.49842988453109155,14.41397849462366
680,John,Amaechi,108,8.453703703703704,0.9629629629629629,2.9444444444444446,0.4444444444444444,0.37962962962962965,1.6018518518518519,7.12962962962963,3.1018518518518516,0.05555555555555555,0.009259259259259259,3.0,2.240740740740741,0,1,1,8.44962962962963,0.5002410800385728,14.407407407407407
194,Anthony,Bowie,372,6.736559139784946,1.9220430107526882,2.2768817204301075,0.260752688172043,0.6129032258064516,1.0698924731182795,5.89247311827957,2.838709677419355,0.5,0.16129032258064516,1.0672043010752688,0.8978494623655914,1,0,0,6.362043010752688,0.5294336369935944,14.38978494623656
943,Ryan,Lorthridge,37,7.351351351351352,2.72972972972973,1.9189189189189189,0.02702702702702703,0.7567567567567568,1.5405405405405406,6.027027027027027,2.864864864864865,0.3783783783783784,0.08108108108108109,2.3783783783783785,1.5405405405405406,1,0,0,7.073513513513514,0.519639309185389,14.378378378378379
753,Randy,Brown,567,5.08994708994709,2.1675485008818343,1.8483245149911816,0.25220458553791886,1.1340388007054674,1.1499118165784832,4.892416225749559,2.0440917107583774,0.20634920634920634,0.042328042328042326,1.3774250440917108,0.9594356261022927,1,0,0,5.498483245149912,0.4628501045662745,14.358906525573191
1479,Mike,Brown,369,5.048780487804878,0.7696476964769647,4.764227642276423,0.3062330623306233,0.44715447154471544,1.032520325203252,4.0894308943089435,1.7913279132791329,0.013550135501355014,0.0,2.165311653116531,1.4661246612466126,0,1,1,5.042168021680217,0.5006557165584555,14.298102981029812
460,Trevor,Ruffin,110,9.190909090909091,2.881818181818182,1.4090909090909092,0.03636363636363636,0.5181818181818182,1.7818181818181817,7.681818181818182,3.1545454545454548,3.481818181818182,1.290909090909091,2.0,1.5909090909090908,1,0,0,8.561818181818182,0.5367381609683585,14.281818181818181
65,Greg,Minor,277,6.866425992779783,1.3862815884476534,2.675090252707581,0.16606498194945848,0.5631768953068592,0.8122743682310469,6.0,2.8664259927797833,0.38267148014440433,0.08664259927797834,1.364620938628159,1.0469314079422383,1,0,0,6.60043321299639,0.5201496455762668,14.250902527075812
77065,Brian,Howard,95,6.0,0.8526315789473684,2.768421052631579,0.4421052631578947,0.6947368421052632,0.8736842105263158,5.4526315789473685,2.4947368421052634,0.09473684210526316,0.021052631578947368,1.3157894736842106,0.9894736842105263,0,1,0,6.031578947368422,0.49738219895287955,14.231578947368419
15,Eric,Piatkowski,400,7.955,0.99,2.3475,0.165,0.5825,0.86,6.3825,2.77,2.745,1.0675,1.6325,1.3475,1,1,0,7.1008000000000004,0.5601481523208652,14.23125
93,Hubert,Davis,508,9.076771653543307,1.8169291338582678,1.545275590551181,0.07874015748031496,0.4468503937007874,0.9980314960629921,7.383858267716535,3.4133858267716537,2.59251968503937,1.1437007874015748,1.3228346456692914,1.1062992125984252,1,0,0,7.965905511811023,0.569726294147301,14.226377952755904
1540,Eric,Washington,104,6.884615384615385,1.0384615384615385,2.076923076923077,0.41346153846153844,0.75,1.0192307692307692,6.5576923076923075,2.6346153846153846,2.25,0.7788461538461539,1.1057692307692308,0.8365384615384616,1,1,0,7.044230769230769,0.48867048867048873,14.173076923076925
228,Adam,Keefe,549,5.353369763205829,0.7122040072859745,4.2750455373406195,0.2786885245901639,0.5081967213114754,0.9198542805100182,3.772313296903461,1.9234972677595628,0.020036429872495445,0.0,2.09471766848816,1.506375227686703,0,1,0,4.693989071038251,0.5702367093519597,14.142076502732243
38,Brad,Lohaus,427,5.4402810304449645,1.0070257611241218,2.522248243559719,0.7447306791569087,0.46604215456674475,0.7259953161592506,4.946135831381733,2.11943793911007,2.1662763466042154,0.7985948477751756,0.5807962529274004,0.4028103044496487,0,1,1,5.201686182669789,0.5229343754502233,14.125292740046834
174,John,Battle,275,9.214545454545455,2.0,1.2727272727272727,0.06545454545454546,0.43636363636363634,1.0327272727272727,7.665454545454545,3.5236363636363635,0.44363636363636366,0.12,2.48,2.0472727272727274,1,0,0,8.756654545454545,0.5261453107870171,14.065454545454546
965,Derek,Fisher,290,5.413793103448276,2.9827586206896552,1.806896551724138,0.04827586206896552,0.8862068965517241,1.1793103448275861,4.779310344827586,1.8413793103448275,1.4379310344827587,0.49310344827586206,1.710344827586207,1.2379310344827585,1,0,0,5.531862068965517,0.48932828005784673,13.977586206896554
707,Mark,Davis,229,5.506550218340611,1.2838427947598254,3.0436681222707422,0.32751091703056767,0.8733624454148472,1.4148471615720524,4.676855895196507,2.0655021834061134,0.4978165938864629,0.1222707423580786,1.9126637554585153,1.2532751091703056,1,1,0,5.518427947598253,0.4989238122368879,13.971615720524019
7,Dan,Schayes,469,5.3049040511727075,0.8166311300639659,3.6439232409381663,0.4904051172707889,0.42857142857142855,0.8912579957356077,4.275053304904051,1.8869936034115138,0.021321961620469083,0.0021321961620469083,1.8912579957356077,1.5287846481876333,0,0,1,5.107206823027719,0.5193547309709095,13.88912579957356
279,Charles,Jones,328,1.420731707317073,0.6128048780487805,3.981707317073171,1.1310975609756098,0.4695121951219512,0.4329268292682927,1.1951219512195121,0.5640243902439024,0.006097560975609756,0.0,0.5457317073170732,0.2926829268292683,0,1,1,1.4352439024390244,0.49494434531396037,13.849085365853659
1380,Lloyd,Daniels,200,7.055,1.56,2.2,0.305,0.51,1.055,6.865,2.765,2.405,0.76,1.03,0.765,1,0,0,7.3182,0.48201743598152547,13.845
78347,Tom,Tolbert,228,6.026315789473684,0.9649122807017544,3.8026315789473686,0.3508771929824561,0.3991228070175439,1.1666666666666667,5.12280701754386,2.289473684210526,0.33771929824561403,0.10526315789473684,1.8728070175438596,1.3421052631578947,0,1,0,5.9468421052631575,0.5066820072572794,13.844298245614036
77820,John,Paxson,247,6.40080971659919,2.8623481781376516,1.0323886639676114,0.06477732793522267,0.631578947368421,0.6072874493927125,5.530364372469635,2.8704453441295548,0.8218623481781376,0.3319838056680162,0.4048582995951417,0.32793522267206476,1,0,0,5.708502024291498,0.5606382978723404,13.813765182186236
78377,Andre,Turner,140,4.9714285714285715,3.4857142857142858,1.7285714285714286,0.014285714285714285,0.8571428571428571,1.2785714285714285,4.6,1.9928571428571429,0.35,0.09285714285714286,1.1714285714285715,0.8928571428571429,1,0,0,5.115428571428571,0.48592493297587136,13.721428571428572
1732,Felipe,Lopez,109,6.669724770642202,0.9724770642201835,2.6513761467889907,0.27522935779816515,0.7431192660550459,1.2293577981651376,5.871559633027523,2.5688073394495414,0.5688073394495413,0.13761467889908258,2.2018348623853212,1.3944954128440368,1,1,0,6.840366972477065,0.4875268240343347,13.720183486238529
42,Monty,Williams,284,6.683098591549296,1.2077464788732395,2.721830985915493,0.3485915492957746,0.5669014084507042,1.2887323943661972,5.524647887323944,2.637323943661972,0.05985915492957746,0.01056338028169014,2.091549295774648,1.397887323943662,0,1,0,6.444929577464789,0.5184772394501628,13.661971830985918
85,Brent,Price,392,6.216836734693878,3.11734693877551,1.7142857142857142,0.03826530612244898,0.7857142857142857,1.5612244897959184,4.795918367346939,2.056122448979592,2.3443877551020407,0.9132653061224489,1.441326530612245,1.191326530612245,1,0,0,5.430102040816327,0.5724419806445551,13.637755102040817
1512,Chris,Anstey,153,5.313725490196078,0.8300653594771242,3.4901960784313726,0.42483660130718953,0.5098039215686274,0.9477124183006536,4.7973856209150325,1.9803921568627452,0.1895424836601307,0.026143790849673203,1.7581699346405228,1.326797385620915,0,0,1,5.570980392156862,0.47691116429677605,13.637254901960782
78,LaSalle,Thompson,362,4.234806629834254,0.9530386740331491,4.196132596685083,0.4558011049723757,0.5359116022099447,1.1464088397790055,3.9613259668508287,1.8232044198895028,0.022099447513812154,0.0027624309392265192,0.8011049723756906,0.585635359116022,0,0,1,4.313812154696133,0.49084272540983603,13.632596685082873
724,Cory,Alexander,265,5.947169811320754,2.871698113207547,1.6113207547169812,0.13584905660377358,0.8981132075471698,1.5962264150943397,5.29433962264151,2.086792452830189,2.392452830188679,0.8490566037735849,1.2150943396226415,0.9245283018867925,1,0,0,5.828981132075472,0.5101380221146127,13.615094339622642
76431,Lester,Conner,199,3.28643216080402,2.7889447236180906,1.8542713567839195,0.08542713567839195,1.1608040201005025,0.8391959798994975,2.7437185929648242,1.2110552763819096,0.07537688442211055,0.0,1.185929648241206,0.864321608040201,1,0,0,3.265527638190955,0.5032007878862489,13.557788944723615
1888,Richard,Hamilton,71,9.0,1.5211267605633803,1.8169014084507042,0.08450704225352113,0.39436619718309857,1.1830985915492958,8.52112676056338,3.5774647887323945,1.0845070422535212,0.39436619718309857,1.8732394366197183,1.4507042253521127,1,0,0,9.345352112676055,0.48152278755727035,13.556338028169012
78369,Kelly,Tripucka,77,7.025974025974026,2.064935064935065,2.2857142857142856,0.16883116883116883,0.42857142857142855,1.1948051948051948,5.35064935064935,2.4285714285714284,0.5844155844155844,0.19480519480519481,2.168831168831169,1.974025974025974,0,1,0,6.304935064935065,0.5571805223696136,13.551948051948052
1108,Tony,Farmer,99,5.373737373737374,0.797979797979798,3.292929292929293,0.20202020202020202,0.7676767676767676,0.9191919191919192,3.686868686868687,1.4545454545454546,0.5353535353535354,0.10101010101010101,3.0707070707070705,2.3636363636363638,0,1,0,5.037979797979798,0.533322640147566,13.55050505050505
1569,Keith,Closs,128,3.921875,0.34375,2.90625,1.2734375,0.21875,0.609375,3.3359375,1.5703125,0.03125,0.0,1.2890625,0.78125,0,0,1,3.903125,0.5024019215372297,13.546875
143,Terry,Dehere,402,8.04726368159204,2.572139303482587,1.462686567164179,0.08955223880597014,0.5298507462686567,1.5348258706467661,6.54726368159204,2.691542288557214,2.156716417910448,0.8159203980099502,2.373134328358209,1.8482587064676617,1,0,0,7.591442786069652,0.530022020080216,13.507462686567164
61,Carl,Herrera,465,5.335483870967742,0.5612903225806452,3.6344086021505375,0.43655913978494626,0.5096774193548387,0.9612903225806452,4.694623655913978,2.2344086021505376,0.030107526881720432,0.004301075268817204,1.3419354838709678,0.8623655913978494,0,1,0,5.285075268817204,0.5047689578280897,13.491397849462366
381,James,Robinson,371,7.730458221024259,1.9272237196765498,1.7547169811320755,0.18867924528301888,0.5417789757412399,1.3450134770889488,7.142857142857143,2.8194070080862534,3.0862533692722374,1.0727762803234502,1.536388140161725,1.0188679245283019,1,0,0,7.818867924528302,0.4943463872035301,13.485175202156336
114,Harold,Miner,200,9.005,1.225,2.16,0.135,0.4,1.39,7.52,3.46,0.37,0.115,2.51,1.97,1,0,0,8.6244,0.5220653030935486,13.4425
76123,Kenny,Battle,75,5.133333333333334,0.9066666666666666,2.7066666666666666,0.26666666666666666,0.84,0.7866666666666666,4.16,2.0,0.3466666666666667,0.04,1.4266666666666667,1.0933333333333333,1,0,0,4.787733333333334,0.5360922357134901,13.406666666666666
77474,Jeff,Martin,74,7.0675675675675675,0.8783783783783784,1.7702702702702702,0.4189189189189189,0.5,0.6621621621621622,6.851351351351352,2.891891891891892,1.1891891891891893,0.36486486486486486,1.3513513513513513,0.918918918918919,1,0,0,7.4459459459459465,0.4745916515426497,13.391891891891891
78381,Jeff,Turner,351,6.735042735042735,1.1396011396011396,3.5811965811965814,0.14245014245014245,0.31054131054131057,1.1566951566951567,6.048433048433049,2.8632478632478633,0.5612535612535613,0.2022792022792023,1.0598290598290598,0.8062678062678063,0,1,0,6.514757834757836,0.5169066069585599,13.314814814814818
55,Marty,Conlon,379,6.474934036939314,0.9973614775725593,3.4564643799472297,0.19261213720316622,0.39050131926121373,1.0897097625329815,5.124010554089709,2.5514511873350925,0.19788918205804748,0.0395778364116095,1.812664907651715,1.3324538258575198,0,0,1,5.921583113456464,0.5467232252660097,13.308707124010555
446,Lucious,Harris,433,6.554272517321016,1.2471131639722863,2.023094688221709,0.11085450346420324,0.7113163972286374,0.7297921478060047,5.787528868360277,2.484988452655889,1.3926096997690531,0.47575057736720555,1.443418013856813,1.1085450346420322,1,0,0,6.422632794457275,0.5102481121898598,13.288683602771366
1677,Harold,Ellis,143,5.8671328671328675,0.6223776223776224,2.034965034965035,0.1258741258741259,1.1118881118881119,0.7762237762237763,4.13986013986014,2.1818181818181817,0.14685314685314685,0.006993006993006993,2.2867132867132867,1.4965034965034965,1,1,0,5.146013986013986,0.5700657715931946,13.25174825174825
76337,Dexter,Cambridge,53,6.981132075471698,1.0943396226415094,3.150943396226415,0.11320754716981132,0.4528301886792453,1.1886792452830188,5.886792452830188,2.849056603773585,0.07547169811320754,0.0,1.8679245283018868,1.2830188679245282,0,1,0,6.708679245283019,0.5203059961750478,13.235849056603772
195,Lee,Mayberry,496,5.133064516129032,3.5625,1.2943548387096775,0.08669354838709678,0.7096774193548387,1.1935483870967742,4.610887096774194,1.9153225806451613,2.028225806451613,0.7641129032258065,0.8165322580645161,0.5383064516129032,1,0,0,4.970161290322581,0.516388122667532,13.216733870967744
70,Steve,Kerr,607,6.7775947281713345,1.970345963756178,1.301482701812191,0.05601317957166392,0.6062602965403624,0.5667215815485996,5.194398682042833,2.555189456342669,1.9291598023064251,0.8846787479406919,0.914332784184514,0.7825370675453048,1,0,0,5.59670510708402,0.6054986459437184,13.200988467874794
78194,Labradford,Smith,183,6.655737704918033,2.1530054644808745,1.4808743169398908,0.08196721311475409,0.7759562841530054,1.180327868852459,6.131147540983607,2.650273224043716,0.5683060109289617,0.16939890710382513,1.459016393442623,1.185792349726776,0,1,0,6.773114754098361,0.4913350759996127,13.1775956284153
983,Moochie,Norris,50,5.14,2.82,2.0,0.02,0.68,1.02,4.42,1.72,1.08,0.4,1.88,1.3,1,0,0,5.247199999999999,0.48978502820551917,13.130000000000003
939,Pete,Myers,239,5.384937238493724,2.3221757322175733,2.0418410041841004,0.2301255230125523,0.7405857740585774,1.3514644351464435,4.698744769874477,2.0,0.5313807531380753,0.13389121338912133,1.8702928870292888,1.2510460251046025,1,0,0,5.521673640167363,0.4876182104752668,13.110878661087867
76433,Anthony,Cook,116,3.603448275862069,0.29310344827586204,3.689655172413793,0.7844827586206896,0.3706896551724138,0.5689655172413793,3.2586206896551726,1.4310344827586208,0.05172413793103448,0.0,1.4137931034482758,0.7413793103448276,0,1,0,3.880689655172414,0.4642793673360583,13.060344827586206
1600,Kornel,David,79,6.1645569620253164,0.7088607594936709,3.2151898734177213,0.25316455696202533,0.5063291139240507,1.0253164556962024,5.050632911392405,2.2278481012658227,0.05063291139240506,0.0,2.1139240506329116,1.7088607594936709,0,1,0,5.980759493670886,0.5153657297663393,13.037974683544304
1741,Jelani,McCoy,82,4.658536585365853,0.34146341463414637,3.1463414634146343,0.8048780487804879,0.3170731707317073,0.6707317073170732,3.0853658536585367,1.9268292682926829,0.0,0.0,1.6219512195121952,0.8048780487804879,0,1,1,3.7990243902439027,0.6131227529532614,13.036585365853659
140,Donald,Royal,438,6.333333333333333,1.04337899543379,2.954337899543379,0.20776255707762556,0.4908675799086758,1.0547945205479452,4.066210045662101,1.9337899543378996,0.02968036529680365,0.0,3.2077625570776256,2.4657534246575343,0,1,0,5.477625570776256,0.5781093697899299,13.014840182648403
359,Chucky,Brown,575,6.012173913043478,0.8382608695652174,3.1808695652173915,0.3095652173913043,0.32,0.7913043478260869,5.074782608695652,2.5252173913043476,0.15130434782608695,0.03826086956521739,1.342608695652174,0.9234782608695652,0,1,0,5.6655304347826085,0.5305923233712335,12.976521739130433
1541,Alvin,Williams,158,5.468354430379747,2.2721518987341773,1.5696202531645569,0.16455696202531644,0.7784810126582279,1.018987341772152,5.10126582278481,2.1139240506329116,0.7911392405063291,0.2468354430379747,1.3101265822784811,0.9936708860759493,1,0,0,5.677721518987341,0.481562402461319,12.965189873417721
1533,Anthony,Johnson,181,5.370165745856354,2.8066298342541436,1.6408839779005524,0.09392265193370165,0.7292817679558011,1.1988950276243093,5.513812154696133,2.0939226519337018,0.8729281767955801,0.27071823204419887,1.276243093922652,0.9116022099447514,1,0,0,6.0753591160221,0.4419628241970099,12.93646408839779
76695,Jim,Farmer,31,8.35483870967742,1.3548387096774193,2.2580645161290325,0.06451612903225806,0.41935483870967744,1.3870967741935485,7.387096774193548,3.3225806451612905,0.8064516129032258,0.16129032258064516,2.096774193548387,1.5483870967741935,0,1,0,8.309677419354838,0.5027173913043479,12.93548387096774
1123,Greg,Kite,258,2.9224806201550386,0.4573643410852713,4.941860465116279,0.627906976744186,0.2713178294573643,0.8565891472868217,2.6705426356589146,1.2170542635658914,0.007751937984496124,0.0,0.9573643410852714,0.4883720930232558,0,0,1,3.091782945736434,0.4726205997392438,12.905038759689925
990,Malik,Rose,221,4.959276018099548,0.5701357466063348,3.48868778280543,0.4434389140271493,0.5610859728506787,1.085972850678733,3.832579185520362,1.755656108597285,0.04072398190045249,0.00904977375565611,2.1131221719457014,1.4389140271493213,0,1,0,4.762352941176471,0.5206749771967163,12.893665158371043
1972,John,Morton,91,5.087912087912088,3.021978021978022,1.4175824175824177,0.2087912087912088,0.8131868131868132,1.4835164835164836,4.032967032967033,1.7142857142857142,0.3076923076923077,0.06593406593406594,1.945054945054945,1.5934065934065933,0,1,0,4.888791208791209,0.5203650422585866,12.868131868131869
458,Howard,Eisley,410,6.060975609756097,3.2121951219512197,1.5609756097560976,0.1048780487804878,0.5707317073170731,1.5560975609756098,5.317073170731708,2.2780487804878047,1.224390243902439,0.4195121951219512,1.3121951219512196,1.0853658536585367,1,0,0,5.894439024390245,0.5141265847926114,12.810975609756099
100,Tim,Legler,299,7.2040133779264215,1.3244147157190636,1.5819397993311037,0.13712374581939799,0.4916387959866221,0.6354515050167224,5.605351170568562,2.511705685618729,2.0133779264214047,0.8695652173913043,1.565217391304348,1.3110367892976589,1,0,0,6.294046822742475,0.5722878762115287,12.807692307692307
76752,Anthony,Frederick,101,5.603960396039604,1.1386138613861385,2.257425742574257,0.38613861386138615,0.6138613861386139,0.9702970297029703,5.326732673267327,2.257425742574257,0.16831683168316833,0.039603960396039604,1.504950495049505,1.0495049504950495,0,1,0,5.988910891089109,0.4678613939955032,12.757425742574256
1073,Reggie,Slater,169,6.461538461538462,0.6745562130177515,3.2071005917159763,0.26627218934911245,0.3905325443786982,1.1301775147928994,4.710059171597633,2.230769230769231,0.011834319526627219,0.0,3.2189349112426036,2.0,0,1,0,6.126390532544379,0.5273528048215114,12.650887573964496
175,Alton,Lister,306,3.4019607843137254,0.5130718954248366,4.294117647058823,0.7483660130718954,0.1830065359477124,0.8562091503267973,2.738562091503268,1.3169934640522876,0.006535947712418301,0.0,1.3496732026143792,0.7679738562091504,0,1,1,3.332418300653595,0.5104342368493311,12.625816993464053
734,Lawrence,Moten,117,6.384615384615385,1.5555555555555556,1.547008547008547,0.27350427350427353,0.6581196581196581,1.0769230769230769,5.9914529914529915,2.4444444444444446,1.6837606837606838,0.5042735042735043,1.5213675213675213,0.9914529914529915,1,0,0,6.660854700854701,0.4792639737206796,12.611111111111112
76790,Tom,Garrick,107,3.710280373831776,3.0,1.7102803738317758,0.056074766355140186,0.9158878504672897,1.02803738317757,3.542056074766355,1.485981308411215,0.24299065420560748,0.009345794392523364,0.9813084112149533,0.7289719626168224,1,0,0,3.9738317757009343,0.4668391345249295,12.607476635514018
351,Stacey,King,356,5.873595505617978,0.8426966292134831,3.0224719101123596,0.42696629213483145,0.3792134831460674,1.148876404494382,4.803370786516854,2.258426966292135,0.0449438202247191,0.011235955056179775,1.9241573033707866,1.345505617977528,0,1,1,5.6499999999999995,0.5197872128865467,12.598314606741575
1562,Gerard,King,75,4.653333333333333,0.7066666666666667,3.506666666666667,0.21333333333333335,0.48,0.5866666666666667,3.8666666666666667,1.9333333333333333,0.0,0.0,1.0933333333333333,0.7866666666666666,0,1,0,4.347733333333333,0.5351447497546614,12.573333333333334
229,James,Edwards,297,8.05050505050505,0.6734006734006734,2.4478114478114477,0.2996632996632997,0.18855218855218855,1.0572390572390573,6.602693602693603,3.0505050505050506,0.010101010101010102,0.003367003367003367,2.7138047138047137,1.9461279461279462,0,0,1,7.7967676767676775,0.516271959371923,12.570707070707071
440,Zan,Tabak,191,5.324607329842932,0.6910994764397905,3.507853403141361,0.5026178010471204,0.2879581151832461,1.1099476439790577,4.5863874345549736,2.298429319371728,0.015706806282722512,0.0,1.3403141361256545,0.7277486910994765,0,0,1,5.176125654450262,0.5143429357501214,12.565445026178011
273,Duane,Ferrell,521,6.89443378119002,0.9539347408829175,2.0806142034548945,0.19001919385796545,0.564299424184261,0.9500959692898272,5.493282149712092,2.6487523992322455,0.2783109404990403,0.08061420345489444,2.0076775431861806,1.5163147792706333,0,1,0,6.376660268714012,0.5405991138508958,12.563339731285991
1477,Bruce,Bowen,149,4.053691275167785,0.959731543624161,2.1543624161073827,0.35570469798657717,0.8791946308724832,0.5637583892617449,3.9194630872483223,1.4697986577181208,0.959731543624161,0.3624161073825503,1.2684563758389262,0.7516778523489933,0,1,0,4.477583892617449,0.4526650278793693,12.536912751677853
1027,Trevor,Wilson,103,5.737864077669903,0.9611650485436893,3.4271844660194173,0.13592233009708737,0.4854368932038835,1.1359223300970873,5.029126213592233,2.29126213592233,0.038834951456310676,0.0,2.0388349514563107,1.1553398058252426,0,1,0,5.92621359223301,0.4841087811271297,12.53398058252427
432,Pete,Chilcutt,581,4.292598967297763,0.8399311531841652,3.3304647160068845,0.3614457831325301,0.459552495697074,0.6712564543889845,4.072289156626506,1.7969018932874354,0.8502581755593803,0.32358003442340794,0.5387263339070568,0.37521514629948366,0,1,0,4.309328743545611,0.4980588883740994,12.489672977624785
76803,Derrick,Gervin,56,7.589285714285714,0.5357142857142857,1.9642857142857142,0.3392857142857143,0.3392857142857143,0.8035714285714286,7.035714285714286,2.9285714285714284,0.5,0.125,2.0357142857142856,1.6071428571428572,0,1,0,7.9314285714285715,0.4784311959654179,12.446428571428571
380,Tony,Smith,449,5.538975501113586,1.9398663697104677,1.6302895322939865,0.1759465478841871,0.6926503340757239,0.9643652561247216,5.20935412026726,2.247216035634744,0.8663697104677061,0.267260579064588,1.1247216035634744,0.77728285077951,1,0,0,5.704231625835189,0.48551460253006407,12.439866369710469
78555,Kenny,Williams,260,4.796153846153846,0.6192307692307693,2.6653846153846152,0.6346153846153846,0.2923076923076923,0.5230769230769231,4.115384615384615,2.103846153846154,0.05384615384615385,0.0,0.8653846153846154,0.5884615384615385,0,1,0,4.496153846153846,0.5333618477331052,12.384615384615383
468,Jon,Barry,444,4.9842342342342345,1.8783783783783783,1.5563063063063063,0.11936936936936937,0.9166666666666666,0.9481981981981982,3.918918918918919,1.6666666666666667,1.6576576576576576,0.6058558558558559,1.268018018018018,1.045045045045045,1,0,0,4.476846846846847,0.5566679411587145,12.384009009009008
77486,Marlon,Maxey,98,4.887755102040816,0.22448979591836735,3.704081632653061,0.5204081632653061,0.2755102040816326,0.7959183673469388,3.4285714285714284,1.8571428571428572,0.030612244897959183,0.0,1.7142857142857142,1.1734693877551021,0,1,0,4.182857142857142,0.584260343481655,12.372448979591834
1814,Chris,Smith,224,5.089285714285714,2.799107142857143,1.2991071428571428,0.24553571428571427,0.5267857142857143,0.9776785714285714,4.357142857142857,1.8973214285714286,0.71875,0.26339285714285715,1.4464285714285714,1.03125,1,0,0,4.993571428571428,0.509583750536404,12.370535714285715
82,Bill,Wennington,448,5.183035714285714,0.6785714285714286,3.0424107142857144,0.33705357142857145,0.36160714285714285,0.5959821428571429,4.830357142857143,2.236607142857143,0.033482142857142856,0.006696428571428571,0.8616071428571429,0.703125,0,0,1,5.2094642857142865,0.49746340794570315,12.367187499999998
695,Eldridge,Recasner,247,6.574898785425101,1.9352226720647774,1.959514170040486,0.044534412955465584,0.4939271255060729,1.1214574898785425,5.497975708502024,2.3846153846153846,2.2024291497975708,0.9149797570850202,0.9959514170040485,0.8906882591093117,1,0,0,5.936194331983806,0.5537974683544303,12.327935222672064
690,Don,Reid,266,3.830827067669173,0.35714285714285715,2.8233082706766917,0.6917293233082706,0.5225563909774437,0.5676691729323309,2.8609022556390977,1.5451127819548873,0.0037593984962406013,0.0,1.1015037593984962,0.7406015037593985,0,1,0,3.345563909774436,0.5725233728874506,12.323308270676693
76876,Sidney,Green,185,4.881081081081081,0.6054054054054054,4.178378378378379,0.15675675675675677,0.3621621621621622,0.9243243243243243,4.416216216216216,1.9351351351351351,0.02702702702702703,0.0,1.2162162162162162,1.0108108108108107,0,1,0,4.951351351351351,0.4929039301310044,12.283783783783784
78440,Kenny,Walker,151,4.225165562913907,0.3509933774834437,3.2649006622516556,0.6225165562913907,0.32450331125827814,0.5894039735099338,3.357615894039735,1.5430463576158941,0.026490066225165563,0.0,1.5562913907284768,1.1390728476821192,0,1,0,4.042384105960265,0.522608125819135,12.258278145695364
76770,Corey,Gaines,39,4.384615384615385,3.948717948717949,1.1538461538461537,0.07692307692307693,0.5128205128205128,1.0769230769230769,3.6153846153846154,1.564102564102564,1.0512820512820513,0.23076923076923078,1.3333333333333333,1.0256410256410255,1,0,0,4.202051282051282,0.5217232121064194,12.243589743589746
1727,Pat,Garrity,120,7.433333333333334,0.6333333333333333,2.375,0.18333333333333332,0.325,0.875,6.291666666666667,2.8583333333333334,1.7916666666666667,0.7166666666666667,1.3916666666666666,1.0,0,1,0,6.904,0.5383352645809193,12.229166666666666
732,Ashraf,Amaya,82,4.621951219512195,0.43902439024390244,4.329268292682927,0.15853658536585366,0.35365853658536583,0.8170731707317073,3.5609756097560976,1.6219512195121952,0.024390243902439025,0.012195121951219513,2.158536585365854,1.3658536585365855,0,1,0,4.510731707317073,0.5123283226992538,12.189024390243903
76009,Mark,Acres,154,3.616883116883117,0.33766233766233766,4.402597402597403,0.2987012987012987,0.34415584415584416,0.5714285714285714,2.688311688311688,1.3831168831168832,0.05194805194805195,0.01948051948051948,1.1948051948051948,0.8311688311688312,0,0,1,3.214025974025974,0.5626717310489737,12.155844155844155
328,Rick,Mahorn,387,4.10594315245478,0.5710594315245479,3.868217054263566,0.330749354005168,0.3850129198966408,0.7984496124031008,3.343669250645995,1.5271317829457365,0.046511627906976744,0.00516795865633075,1.3695090439276485,1.0465116279069768,0,1,0,3.94625322997416,0.520233106338397,12.031007751937985
78055,Ralph,Sampson,35,2.742857142857143,0.6,4.0285714285714285,0.7142857142857143,0.4,1.0571428571428572,3.4857142857142858,1.2285714285714286,0.2,0.02857142857142857,0.7142857142857143,0.2571428571428571,0,0,1,3.8,0.3609022556390978,12.028571428571428
1114,Jaren,Jackson,378,5.886243386243386,1.2486772486772486,1.939153439153439,0.13756613756613756,0.6216931216931217,0.8465608465608465,5.473544973544974,2.14021164021164,2.484126984126984,0.8783068783068783,0.9470899470899471,0.7275132275132276,1,0,0,5.8902645502645505,0.4996586601512674,12.011904761904763
713,Chris,Carr,259,7.023166023166024,1.0926640926640927,2.3667953667953667,0.16602316602316602,0.3436293436293436,1.1196911196911197,6.335907335907336,2.613899613899614,1.6756756756756757,0.5482625482625483,1.5328185328185329,1.247104247104247,1,0,0,7.010347490347491,0.5009142580190342,12.011583011583012
78375,Trent,Tucker,158,6.170886075949367,1.3924050632911393,1.3481012658227849,0.11392405063291139,0.5632911392405063,0.4936708860759494,5.430379746835443,2.4936708860759493,2.1012658227848102,0.8607594936708861,0.43670886075949367,0.3227848101265823,1,0,0,5.6225316455696195,0.5487640145886803,12.003164556962027
766,David,Wingate,473,4.797040169133193,1.7315010570824525,1.9640591966173362,0.12896405919661733,0.758985200845666,0.9704016913319239,4.310782241014799,1.9767441860465116,0.3784355179704017,0.11416490486257928,1.0126849894291754,0.7293868921775899,1,1,0,4.756363636363636,0.5042760116634664,11.951374207188161
1861,Negele,Knight,276,6.155797101449275,2.8260869565217392,1.2717391304347827,0.10869565217391304,0.44565217391304346,1.2934782608695652,5.576086956521739,2.431159420289855,0.3442028985507246,0.09057971014492754,1.6485507246376812,1.2028985507246377,1,0,0,6.301449275362319,0.48844296228150874,11.932971014492754
77372,Jim,Les,232,4.521551724137931,2.9913793103448274,1.3017241379310345,0.06465517241379311,0.5991379310344828,0.8491379310344828,3.4094827586206895,1.4094827586206897,2.0689655172413794,0.8405172413793104,1.0344827586206897,0.8620689655172413,1,0,0,3.864655172413793,0.5849877314298461,11.91810344827586
76019,Mark,Alarie,42,5.809523809523809,1.0714285714285714,2.7857142857142856,0.19047619047619047,0.35714285714285715,0.9523809523809523,5.357142857142857,2.357142857142857,0.5,0.11904761904761904,1.1428571428571428,0.9761904761904762,0,1,0,5.859999999999999,0.4956931578091988,11.88095238095238
76748,Tellis,Frank,77,3.038961038961039,0.8441558441558441,3.1948051948051948,0.5064935064935064,0.5194805194805194,0.7012987012987013,2.5064935064935066,1.103896103896104,0.025974025974025976,0.0,1.1818181818181819,0.8311688311688312,0,1,0,3.0264935064935066,0.5020597322348095,11.798701298701298
1603,Walter,Bond,153,5.705882352941177,1.1568627450980393,1.8888888888888888,0.2222222222222222,0.6339869281045751,0.954248366013072,5.261437908496732,2.150326797385621,0.8954248366013072,0.2679738562091503,1.4836601307189543,1.1372549019607843,1,0,0,5.914248366013072,0.4823844045619309,11.790849673202613
1106,Donald,Hodge,249,4.746987951807229,0.7670682730923695,3.248995983935743,0.3815261044176707,0.3373493975903614,0.9477911646586346,4.244979919678715,1.855421686746988,0.05622489959839357,0.01606425702811245,1.4337349397590362,1.0200803212851406,0,1,0,4.875823293172691,0.4867883500263574,11.751004016064257
173,Keith,Askins,486,3.8106995884773665,0.7716049382716049,2.9382716049382718,0.3497942386831276,0.5740740740740741,0.6604938271604939,3.4732510288065845,1.3930041152263375,1.5925925925925926,0.565843621399177,0.6399176954732511,0.4588477366255144,1,1,0,3.754814814814815,0.5074417483176608,11.750000000000002
768,Acie,Earl,193,5.077720207253886,0.3160621761658031,2.678756476683938,0.6528497409326425,0.32642487046632124,0.8808290155440415,4.637305699481865,1.8704663212435233,0.046632124352331605,0.0,2.005181347150259,1.3367875647668395,0,1,1,5.519585492227979,0.45997296485431066,11.725388601036268
916,Corie,Blount,390,3.3846153846153846,0.6461538461538462,3.694871794871795,0.44871794871794873,0.3974358974358974,0.7897435897435897,2.830769230769231,1.3692307692307693,0.035897435897435895,0.002564102564102564,1.1128205128205129,0.6435897435897436,0,1,1,3.3204102564102564,0.5096682523012294,11.701282051282053
1090,Pat,Durham,64,5.046875,0.890625,1.6875,0.515625,0.578125,0.8125,4.09375,1.921875,0.40625,0.078125,1.6875,1.125,0,1,0,4.83625,0.521775652623417,11.6640625
76050,Michael,Ansley,77,5.194805194805195,0.35064935064935066,3.3636363636363638,0.09090909090909091,0.35064935064935066,0.45454545454545453,3.6493506493506493,1.974025974025974,0.0,0.0,1.7272727272727273,1.2467532467532467,0,1,0,4.40935064935065,0.5890669180018849,11.623376623376625
77644,Darren,Morningstar,23,4.173913043478261,0.6521739130434783,3.5217391304347827,0.08695652173913043,0.6086956521739131,0.8260869565217391,3.5652173913043477,1.6956521739130435,0.0,0.0,1.3043478260869565,0.782608695652174,0,0,1,4.139130434782609,0.5042016806722689,11.565217391304346
1915,Evan,Eschmeyer,31,2.935483870967742,0.6774193548387096,3.4838709677419355,0.6774193548387096,0.25806451612903225,0.6774193548387096,2.3225806451612905,1.2258064516129032,0.0,0.0,0.967741935483871,0.4838709677419355,0,0,1,2.7483870967741937,0.534037558685446,11.564516129032254
141,Anthony,Tucker,62,3.9193548387096775,1.096774193548387,2.7419354838709675,0.1774193548387097,0.7419354838709677,0.9032258064516129,3.3870967741935485,1.5483870967741935,0.016129032258064516,0.0,1.3387096774193548,0.8225806451612904,0,1,0,3.9761290322580645,0.49286061982800583,11.548387096774192
929,Tracy,Moore,119,7.0,1.0168067226890756,1.5378151260504203,0.06722689075630252,0.5210084033613446,0.8235294117647058,6.201680672268908,2.504201680672269,1.8823529411764706,0.6470588235294118,1.6050420168067228,1.3445378151260505,1,0,0,6.907899159663866,0.5066663422704492,11.537815126050422
67,Tom,Hammonds,612,5.372549019607843,0.5326797385620915,3.3823529411764706,0.19934640522875818,0.2549019607843137,0.7843137254901961,4.305555555555555,2.088235294117647,0.016339869281045753,0.0,1.7189542483660132,1.196078431372549,0,1,0,5.061895424836601,0.5306855010523325,11.493464052287582
76881,David,Greenwood,63,3.7936507936507935,0.8253968253968254,3.507936507936508,0.3968253968253968,0.4603174603174603,1.126984126984127,2.6825396825396823,1.3492063492063493,0.031746031746031744,0.0,1.492063492063492,1.0952380952380953,0,1,0,3.339047619047619,0.5680737782848451,11.468253968253968
76001,Alaa,Abdelnaby,256,5.72265625,0.33203125,3.3046875,0.2734375,0.27734375,0.96484375,4.828125,2.421875,0.01171875,0.0,1.25390625,0.87890625,0,1,0,5.37984375,0.5318608230954663,11.451171875
912,Rafael,Addison,316,5.775316455696203,0.930379746835443,2.132911392405063,0.24050632911392406,0.3829113924050633,0.7246835443037974,5.430379746835443,2.449367088607595,0.6170886075949367,0.16772151898734178,0.9272151898734177,0.7088607594936709,0,1,0,5.838354430379747,0.4946013919302734,11.414556962025316
76516,Brad,Davis,113,4.628318584070796,2.6194690265486726,1.336283185840708,0.17699115044247787,0.49557522123893805,0.9203539823008849,4.061946902654867,1.7433628318584071,0.911504424778761,0.23893805309734514,1.176991150442478,0.9026548672566371,1,0,0,4.579823008849558,0.5052944813727005,11.41150442477876
434,Tony,Dumas,154,7.402597402597403,1.2077922077922079,1.2857142857142858,0.12337662337662338,0.42207792207792205,0.961038961038961,6.577922077922078,2.655844155844156,2.0259740259740258,0.6623376623376623,2.3506493506493507,1.4285714285714286,1,0,0,7.612207792207792,0.4862319582352339,11.402597402597404
418,Scott,Brooks,515,4.978640776699029,2.1262135922330097,1.021359223300971,0.05242718446601942,0.7048543689320388,0.6737864077669903,4.058252427184466,1.858252427184466,1.0466019417475727,0.39029126213592236,1.036893203883495,0.8718446601941747,1,0,0,4.514485436893204,0.5514073360401899,11.381553398058252
77251,Alec,Kessler,210,5.161904761904762,0.38571428571428573,3.5761904761904764,0.3380952380952381,0.18571428571428572,0.9142857142857143,4.752380952380952,2.0238095238095237,0.11428571428571428,0.047619047619047616,1.4333333333333333,1.0666666666666667,0,1,0,5.383047619047619,0.47945932557234355,11.371428571428572
684,Loren,Meyer,135,4.762962962962963,0.5703703703703704,3.5481481481481483,0.37037037037037035,0.22962962962962963,0.9851851851851852,4.451851851851852,1.9185185185185185,0.17037037037037037,0.05925925925925926,1.2444444444444445,0.8666666666666667,0,1,1,4.999407407407407,0.4763527529188645,11.370370370370372
697,Fred,Hoiberg,167,4.880239520958084,1.095808383233533,2.0,0.0718562874251497,0.6766467065868264,0.5808383233532934,3.8802395209580838,1.526946107784431,1.562874251497006,0.5688622754491018,1.473053892215569,1.2574850299401197,1,0,0,4.528383233532934,0.5388501004971967,11.3562874251497
737,Bob,McCann,168,4.244047619047619,0.5833333333333334,2.7261904761904763,0.4583333333333333,0.4583333333333333,0.7619047619047619,3.5535714285714284,1.7202380952380953,0.02976190476190476,0.005952380952380952,1.4226190476190477,0.7976190476190477,0,1,0,4.179523809523809,0.5077190383958072,11.351190476190476
1736,Corey,Benjamin,77,6.337662337662338,0.8311688311688312,1.6623376623376624,0.38961038961038963,0.5454545454545454,1.2337662337662338,6.064935064935065,2.4545454545454546,1.3376623376623376,0.44155844155844154,1.5844155844155845,0.987012987012987,1,0,0,6.762077922077922,0.46861796112775606,11.35064935064935
982,Martin,Muursepp,80,4.8625,0.6125,2.25,0.3125,0.5125,0.5875,4.025,1.7125,0.775,0.25,1.7125,1.1875,0,1,0,4.7785,0.5087893690488646,11.28125
1511,Johnny,Taylor,53,4.830188679245283,0.49056603773584906,2.2641509433962264,0.37735849056603776,0.6037735849056604,0.8301886792452831,4.69811320754717,1.8867924528301887,1.3396226415094339,0.5283018867924528,0.7358490566037735,0.5283018867924528,0,1,0,5.02188679245283,0.48091373609858734,11.226415094339622
1928,Todd,MacCulloch,52,3.9615384615384617,0.25,2.7884615384615383,0.7115384615384616,0.21153846153846154,0.5,3.0961538461538463,1.7115384615384615,0.0,0.0,1.0384615384615385,0.5384615384615384,0,0,1,3.5530769230769232,0.5574799740203508,11.211538461538463
979,Jermaine,O'Neal,208,3.9278846153846154,0.2692307692307692,3.1298076923076925,0.7355769230769231,0.15384615384615385,0.6875,3.3076923076923075,1.5625,0.02403846153846154,0.0,1.4423076923076923,0.8028846153846154,0,1,1,3.942307692307692,0.4981707317073171,11.209134615384613
348,Mitchell,Butler,306,5.571895424836601,0.9967320261437909,2.065359477124183,0.1568627450980392,0.6274509803921569,1.0588235294117647,4.787581699346405,2.1013071895424837,0.9117647058823529,0.27124183006535946,1.7647058823529411,1.0980392156862746,1,0,0,5.564052287581699,0.5007048044167743,11.184640522875817
77905,Kurt,Rambis,237,2.949367088607595,0.8481012658227848,3.4430379746835444,0.31645569620253167,0.4388185654008439,0.6160337552742616,2.210970464135021,1.1139240506329113,0.02109704641350211,0.0,1.0590717299578059,0.7215189873417721,0,1,0,2.6769620253164557,0.5508795157934557,11.175105485232068
1742,Shammond,Williams,37,6.108108108108108,2.108108108108108,1.4054054054054055,0.0,0.4864864864864865,1.0810810810810811,6.0,2.2432432432432434,2.1621621621621623,0.6486486486486487,1.4864864864864864,0.972972972972973,1,0,0,6.654054054054054,0.45897644191714054,11.162162162162161
780,Byron,Houston,214,3.9018691588785046,0.5327102803738317,3.02803738317757,0.40186915887850466,0.48130841121495327,0.8084112149532711,3.1448598130841123,1.4345794392523366,0.1822429906542056,0.04672897196261682,1.4579439252336448,0.985981308411215,0,1,0,3.786355140186916,0.5152539862763489,11.158878504672899
78394,Kelvin,Upshaw,48,5.625,1.7916666666666667,1.1458333333333333,0.10416666666666667,0.5833333333333334,0.8125,4.8125,2.1666666666666665,0.6041666666666666,0.14583333333333334,1.3333333333333333,1.1458333333333333,1,0,0,5.399166666666667,0.5209137212532798,11.15625
976,Jeff,McInnis,73,5.136986301369863,2.4657534246575343,1.356164383561644,0.0547945205479452,0.4931506849315068,0.958904109589041,5.054794520547945,2.095890410958904,1.1232876712328768,0.3835616438356164,0.7534246575342466,0.5616438356164384,1,0,0,5.3863013698630136,0.47685656154628686,11.143835616438357
43,Chris,Whitney,370,5.256756756756757,2.4108108108108106,1.2837837837837838,0.051351351351351354,0.5108108108108108,0.9567567567567568,4.297297297297297,1.7027027027027026,2.0945945945945947,0.7297297297297297,1.2837837837837838,1.1216216216216217,1,0,0,4.8621621621621625,0.5405780989438577,11.133783783783784
77674,Tod,Murphy,108,3.3703703703703702,0.6944444444444444,3.4722222222222223,0.25925925925925924,0.3333333333333333,0.4722222222222222,2.9537037037037037,1.25,0.17592592592592593,0.018518518518518517,1.3425925925925926,0.8518518518518519,0,0,1,3.5444444444444443,0.4754440961337513,11.046296296296296
1037,Stojko,Vrankovic,170,2.7823529411764705,0.34705882352941175,3.0352941176470587,1.0529411764705883,0.12941176470588237,0.7764705882352941,2.429411764705882,1.1588235294117648,0.0,0.0,0.7764705882352941,0.4647058823529412,0,0,1,2.771058823529412,0.5020378704254054,11.032352941176471
712,Mario,Bennett,66,4.075757575757576,0.36363636363636365,2.757575757575758,0.3333333333333333,0.4696969696969697,0.5,3.1515151515151514,1.6818181818181819,0.045454545454545456,0.015151515151515152,1.3636363636363635,0.696969696969697,0,1,1,3.7515151515151515,0.5432148626817448,10.96969696969697
77626,Sidney,Moncrief,72,4.680555555555555,1.4444444444444444,1.7777777777777777,0.125,0.6944444444444444,0.9166666666666666,3.3333333333333335,1.625,0.8888888888888888,0.2916666666666667,1.4583333333333333,1.1388888888888888,1,0,0,3.975,0.5887491264849755,10.95833333333333
76316,Steve,Burtt,35,6.171428571428572,1.8571428571428572,1.0571428571428572,0.11428571428571428,0.5142857142857142,1.0571428571428572,5.314285714285714,2.4,0.2571428571428571,0.05714285714285714,1.8285714285714285,1.3142857142857143,1,0,0,6.118857142857142,0.5042958535674263,10.942857142857145
1733,Al,Harrington,68,5.485294117647059,0.6323529411764706,2.8970588235294117,0.16176470588235295,0.4264705882352941,1.1176470588235294,4.6911764705882355,2.0441176470588234,0.5735294117647058,0.11764705882352941,1.8529411764705883,1.2794117647058822,0,1,0,5.5064705882352944,0.4980771285119111,10.897058823529413
672,Matt,Bullard,517,5.433268858800774,0.9226305609284333,2.021276595744681,0.20889748549323017,0.3365570599613153,0.5705996131528046,4.806576402321083,2.02321083172147,2.495164410058027,0.9613152804642167,0.5570599613152805,0.425531914893617,0,1,0,5.051682785299806,0.5377682140505108,10.88974854932302
77146,Frank,Johnson,147,4.462585034013605,2.272108843537415,1.3265306122448979,0.061224489795918366,0.6870748299319728,0.9863945578231292,4.156462585034014,1.836734693877551,0.16326530612244897,0.02040816326530612,0.9863945578231292,0.7687074829931972,1,0,0,4.59047619047619,0.4860699466508595,10.88095238095238
77377,Cliff,Levingston,214,3.5233644859813085,0.6962616822429907,2.691588785046729,0.5046728971962616,0.32242990654205606,0.5280373831775701,3.0981308411214954,1.4345794392523366,0.0514018691588785,0.009345794392523364,1.0841121495327102,0.6448598130841121,0,1,0,3.575140186915888,0.4927589271710148,10.857476635514018
1518,Rodrick,Rhodes,72,5.277777777777778,1.6805555555555556,1.2222222222222223,0.16666666666666666,0.9583333333333334,1.6527777777777777,5.0,1.7361111111111112,0.20833333333333334,0.041666666666666664,2.8472222222222223,1.7638888888888888,1,0,0,6.252777777777778,0.4220346512661039,10.82638888888889
997,Chris,Robinson,73,4.794520547945205,1.4246575342465753,1.5890410958904109,0.1780821917808219,0.6438356164383562,0.9178082191780822,4.876712328767123,1.8356164383561644,2.1232876712328768,0.7945205479452054,0.5753424657534246,0.3287671232876712,1,0,0,5.12986301369863,0.467314676351207,10.76712328767123
78528,Morlon,Wiley,204,3.6176470588235294,2.607843137254902,1.1862745098039216,0.0392156862745098,0.8480392156862745,1.0490196078431373,3.4362745098039214,1.3872549019607843,1.4558823529411764,0.5245098039215687,0.47058823529411764,0.31862745098039214,1,0,0,3.643333333333333,0.49647489370862713,10.759803921568627
54,Dickey,Simpkins,326,4.251533742331288,0.9325153374233128,3.6411042944785277,0.18404907975460122,0.2791411042944785,1.1288343558282208,3.4478527607361964,1.51840490797546,0.027607361963190184,0.006134969325153374,1.960122699386503,1.2085889570552146,0,1,0,4.310306748466258,0.49318227105810014,10.707055214723926
1735,Vladimir,Stepania,48,4.166666666666667,0.3125,2.5416666666666665,0.7083333333333334,0.4166666666666667,1.125,4.166666666666667,1.6875,0.1875,0.0,1.5833333333333333,0.7916666666666666,0,0,1,4.863333333333333,0.42837559972583966,10.697916666666668
1110,Mark,Strickland,175,4.6571428571428575,0.3314285714285714,2.6914285714285713,0.4057142857142857,0.25142857142857145,0.5714285714285714,3.7485714285714287,1.9542857142857142,0.017142857142857144,0.0,1.0685714285714285,0.7485714285714286,0,1,0,4.218742857142857,0.5519586064907623,10.677142857142858
211,Eric,Mobley,112,3.9285714285714284,0.5089285714285714,3.1339285714285716,0.5357142857142857,0.24107142857142858,0.9196428571428571,2.9732142857142856,1.6071428571428572,0.03571428571428571,0.026785714285714284,1.4464285714285714,0.6875,0,0,1,3.609642857142857,0.5441773028594044,10.660714285714286
1724,Bryce,Drew,105,5.123809523809523,2.038095238095238,1.2857142857142858,0.047619047619047616,0.5047619047619047,0.9238095238095239,5.161904761904762,1.9523809523809523,2.019047619047619,0.7142857142857143,0.580952380952381,0.5047619047619047,1,0,0,5.41752380952381,0.47289220167358126,10.47142857142857
287,Eric,Leckner,297,3.98989898989899,0.5925925925925926,3.457912457912458,0.31986531986531985,0.2053872053872054,0.8552188552188552,3.2356902356902357,1.5757575757575757,0.016835016835016835,0.0,1.3097643097643097,0.8383838383838383,0,0,1,3.8119865319865323,0.5233359242509893,10.456228956228957
78331,Mychal,Thompson,72,4.0,0.2916666666666667,3.1666666666666665,0.3194444444444444,0.3194444444444444,0.6527777777777778,3.1666666666666665,1.5694444444444444,0.027777777777777776,0.0,1.2222222222222223,0.8611111111111112,0,0,1,3.7044444444444444,0.5398920215956808,10.437500000000002
1901,Dion,Glover,30,6.5,0.9,1.2666666666666666,0.13333333333333333,0.5,0.9333333333333333,5.7,2.2,1.5,0.4,2.3333333333333335,1.7,1,1,0,6.726666666666667,0.48315163528245786,10.416666666666666
77254,Warren,Kidd,68,3.6323529411764706,0.27941176470588236,3.426470588235294,0.3382352941176471,0.27941176470588236,0.6470588235294118,2.485294117647059,1.4705882352941178,0.0,0.0,1.2647058823529411,0.6911764705882353,0,1,0,3.041764705882353,0.5970798684973893,10.367647058823529
341,Joe,Wolf,402,3.5049751243781095,0.8034825870646766,3.08955223880597,0.1865671641791045,0.39054726368159204,0.6517412935323383,3.470149253731343,1.5099502487562189,0.13930348258706468,0.01990049751243781,0.599502487562189,0.4651741293532338,0,1,0,3.7339303482587063,0.46934125672866817,10.349502487562187
709,Ed,O'Bannon,62,3.7903225806451615,0.6290322580645161,2.370967741935484,0.1935483870967742,0.46774193548387094,0.3064516129032258,4.483870967741935,1.5,1.1129032258064515,0.2903225806451613,0.5645161290322581,0.5,0,1,0,4.732258064516128,0.40047716428084534,10.32258064516129
988,Randy,Livingston,155,4.219354838709678,2.1483870967741936,1.4967741935483871,0.17419354838709677,0.632258064516129,1.2967741935483872,4.012903225806451,1.696774193548387,0.4967741935483871,0.18064516129032257,0.864516129032258,0.6451612903225806,1,0,0,4.393290322580645,0.4802044172932331,10.319354838709678
688,Michael,Curry,348,5.255747126436781,1.0718390804597702,1.4798850574712643,0.11494252873563218,0.5373563218390804,0.6954022988505747,4.017241379310345,1.8448275862068966,0.46264367816091956,0.14080459770114942,1.7155172413793103,1.4252873563218391,1,1,0,4.772068965517242,0.5506780355035286,10.301724137931034
1728,Roshown,McLeod,77,6.233766233766234,0.8571428571428571,2.4415584415584415,0.07792207792207792,0.23376623376623376,1.0649350649350648,6.428571428571429,2.5064935064935066,0.2987012987012987,0.03896103896103896,1.4935064935064934,1.1818181818181819,0,1,0,7.085714285714286,0.4398826979472141,10.298701298701296
1729,Ricky,Davis,94,4.638297872340425,1.2765957446808511,1.7765957446808511,0.1595744680851064,0.6382978723404256,1.0638297872340425,4.117021276595745,1.8617021276595744,0.1702127659574468,0.02127659574468085,1.1702127659574468,0.8936170212765957,1,0,0,4.631914893617021,0.5006890215893431,10.28191489361702
925,Sean,Higgins,220,6.25,1.0272727272727273,1.8272727272727274,0.14545454545454545,0.33181818181818185,1.0863636363636364,5.931818181818182,2.540909090909091,1.3181818181818181,0.42272727272727273,0.8772727272727273,0.7454545454545455,0,1,0,6.317818181818182,0.4946327846206976,10.26818181818182
1874,Jeff,Sanders,24,3.5,0.6666666666666666,2.6666666666666665,0.20833333333333334,0.5833333333333334,0.7083333333333334,3.5,1.5,0.0,0.0,0.7916666666666666,0.5,0,1,0,3.848333333333333,0.45474231268947596,10.250000000000002
511,Melvin,Booker,29,5.620689655172414,2.5517241379310347,1.3103448275862069,0.10344827586206896,0.27586206896551724,1.3448275862068966,5.310344827586207,2.103448275862069,1.896551724137931,0.4827586206896552,1.0689655172413792,0.9310344827586207,1,0,0,5.780689655172414,0.4861608208064901,10.241379310344827
76441,Wayne,Cooper,102,2.196078431372549,0.4215686274509804,2.8333333333333335,0.8627450980392157,0.10784313725490197,0.3627450980392157,2.2254901960784315,0.9019607843137255,0.00980392156862745,0.0,0.5196078431372549,0.39215686274509803,0,0,1,2.4541176470588235,0.447427293064877,10.23529411764706
1601,Rusty,LaRue,60,4.816666666666666,1.3166666666666667,1.2333333333333334,0.06666666666666667,0.7166666666666667,0.7833333333333333,5.15,1.8833333333333333,1.9833333333333334,0.6,0.5333333333333333,0.45,1,0,0,5.384666666666667,0.4472576451652841,10.208333333333334
1032,Darvin,Ham,133,3.030075187969925,0.5413533834586466,2.699248120300752,0.46616541353383456,0.44360902255639095,0.6616541353383458,2.1954887218045114,1.1879699248120301,0.007518796992481203,0.0,1.406015037593985,0.6541353383458647,1,1,0,2.814135338345865,0.5383669979694347,10.206766917293233
176,Antonio,Harvey,163,3.1226993865030677,0.3006134969325153,2.460122699386503,0.7177914110429447,0.3128834355828221,0.6073619631901841,3.184049079754601,1.294478527607362,0.018404907975460124,0.006134969325153374,1.0552147239263803,0.5276073619631901,0,1,1,3.6483435582822086,0.42796125647407013,10.171779141104295
676,Thomas,Hamilton,33,3.242424242424242,0.48484848484848486,3.393939393939394,0.696969696969697,0.12121212121212122,1.121212121212121,3.3333333333333335,1.3333333333333333,0.0,0.0,1.2424242424242424,0.5757575757575758,0,0,1,3.88,0.4178381755701343,10.09090909090909
77839,Jim,Petersen,89,3.6179775280898876,0.4044943820224719,2.752808988764045,0.5280898876404494,0.20224719101123595,0.5955056179775281,3.101123595505618,1.4831460674157304,0.06741573033707865,0.011235955056179775,0.9662921348314607,0.6404494382022472,0,1,0,3.526292134831461,0.5130002549069589,10.084269662921347
35,Eric,Riley,186,3.086021505376344,0.3225806451612903,2.575268817204301,0.7096774193548387,0.2903225806451613,0.6774193548387096,2.5698924731182795,1.1720430107526882,0.021505376344086023,0.0,1.053763440860215,0.7419354838709677,0,0,1,3.033548387096774,0.5086488019282576,10.077956989247312
1800,Damon,Jones,72,4.944444444444445,1.9166666666666667,1.375,0.013888888888888888,0.4305555555555556,0.7916666666666666,4.513888888888889,1.6944444444444444,2.4444444444444446,0.9166666666666666,0.9027777777777778,0.6388888888888888,1,0,0,4.911111111111111,0.503393665158371,10.07638888888889
1532,Jerald,Honeycutt,50,5.5,0.7,2.1,0.16,0.5,1.16,5.06,1.98,1.88,0.68,1.36,0.86,1,1,0,5.658399999999999,0.48600311041990674,10.02
116,David,Wood,404,3.962871287128713,0.7202970297029703,2.482673267326733,0.18811881188118812,0.40594059405940597,0.5841584158415841,3.126237623762376,1.4034653465346534,0.8118811881188119,0.2747524752475248,1.1212871287128714,0.8811881188118812,0,1,0,3.6196039603960397,0.5474178018491165,9.975247524752477
77,Doug,Overton,386,4.831606217616581,2.11139896373057,1.3367875647668395,0.04145077720207254,0.4274611398963731,0.961139896373057,4.414507772020725,1.8523316062176165,0.655440414507772,0.22538860103626943,1.0829015544041452,0.9015544041450777,1,0,0,4.890984455958549,0.49392982753506515,9.957253886010365
971,Mark,Hendrickson,109,3.467889908256881,0.5779816513761468,2.8990825688073394,0.13761467889908258,0.45871559633027525,0.5779816513761468,2.9357798165137616,1.2201834862385321,0.14678899082568808,0.01834862385321101,1.2568807339449541,1.0091743119266054,0,1,0,3.4888073394495414,0.4970022088987062,9.912844036697246
78633,Danny,Young,209,3.708133971291866,2.124401913875598,0.9665071770334929,0.07655502392344497,0.6267942583732058,0.6267942583732058,3.397129186602871,1.3444976076555024,1.215311004784689,0.41148325358851673,0.69377990430622,0.6076555023923444,1,0,0,3.702392344497608,0.5007753941586973,9.904306220095693
1913,Michael,Ruffin,70,2.2714285714285714,0.6285714285714286,3.5714285714285716,0.37142857142857144,0.37142857142857144,0.8428571428571429,1.9714285714285715,0.8285714285714286,0.0,0.0,1.2571428571428571,0.6142857142857143,0,1,1,2.524571428571429,0.4498641919420552,9.857142857142858
1763,Ryan,Bowen,52,2.519230769230769,0.38461538461538464,2.1923076923076925,0.25,0.75,0.2692307692307692,2.25,0.8846153846153846,0.17307692307692307,0.019230769230769232,1.0192307692307692,0.7307692307692307,0,1,0,2.6984615384615385,0.46679019384264536,9.846153846153847
1516,Ed,Gray,60,6.216666666666667,0.7666666666666667,1.2166666666666666,0.2,0.45,0.9833333333333333,6.4,2.1666666666666665,1.4666666666666666,0.5,1.7,1.3833333333333333,1,0,0,7.148000000000001,0.4348535720947584,9.825000000000001
76152,Winston,Bennett,81,3.8271604938271606,0.8148148148148148,2.7901234567901234,0.13580246913580246,0.3333333333333333,0.654320987654321,3.925925925925926,1.4814814814814814,0.012345679012345678,0.0,1.1975308641975309,0.8641975308641975,1,0,0,4.45283950617284,0.42974381723411337,9.802469135802468
1934,Rodney,Buford,31,4.741935483870968,0.6774193548387096,1.5161290322580645,0.25806451612903225,0.3225806451612903,0.2903225806451613,4.838709677419355,2.0,0.9354838709677419,0.22580645161290322,0.7096774193548387,0.5161290322580645,1,1,0,5.150967741935484,0.46029559118236474,9.774193548387098
1077,Ray,Owes,55,3.2181818181818183,0.2727272727272727,2.963636363636364,0.36363636363636365,0.2545454545454545,0.41818181818181815,3.272727272727273,1.3636363636363635,0.09090909090909091,0.01818181818181818,0.8363636363636363,0.4727272727272727,0,1,0,3.640727272727273,0.44196963643627646,9.709090909090909
170,Joe,Kleine,565,3.3805309734513274,0.5292035398230088,3.2265486725663717,0.19646017699115045,0.22300884955752212,0.5380530973451327,3.2371681415929205,1.4353982300884955,0.07256637168141593,0.023008849557522124,0.6353982300884956,0.48672566371681414,0,0,1,3.5167433628318587,0.4806337319321979,9.615929203539823
76890,Darrell,Griffith,75,5.733333333333333,0.49333333333333335,1.2,0.09333333333333334,0.56,0.64,5.933333333333334,2.32,1.84,0.64,0.6,0.4533333333333333,1,0,0,6.197333333333334,0.4625645438898451,9.606666666666667
728,Jimmy,King,64,4.453125,1.40625,1.75,0.203125,0.375,0.953125,4.078125,1.75,0.53125,0.078125,1.265625,0.875,1,0,0,4.635,0.4803802588996764,9.59375
76942,Bob,Hansen,104,3.8653846153846154,1.5288461538461537,1.6634615384615385,0.07692307692307693,0.4519230769230769,0.5961538461538461,4.173076923076923,1.6826923076923077,0.9230769230769231,0.25,0.5576923076923077,0.25,1,0,0,4.418461538461539,0.4374129526462395,9.576923076923078
704,Shawn,Respert,168,5.065476190476191,1.0535714285714286,1.3452380952380953,0.041666666666666664,0.5416666666666666,0.7440476190476191,4.523809523809524,1.875,1.6964285714285714,0.5773809523809523,0.9047619047619048,0.7380952380952381,1,0,0,4.921904761904762,0.5145849458204335,9.50892857142857
310,Bobby,Hurley,265,3.8943396226415095,3.3207547169811322,1.0679245283018868,0.026415094339622643,0.4528301886792453,1.4528301886792452,3.860377358490566,1.3622641509433961,0.8867924528301887,0.24150943396226415,1.2075471698113207,0.9283018867924528,1,0,0,4.391698113207547,0.4433751503694793,9.48867924528302
146,Jud,Buechler,581,3.5714285714285716,0.8416523235800344,1.8175559380378659,0.21686746987951808,0.46815834767641995,0.4423407917383821,3.332185886402754,1.4440619621342512,0.9948364888123924,0.35800344234079173,0.5163511187607573,0.3253012048192771,1,1,0,3.559380378657487,0.5016924564796905,9.41566265060241
77260,Bo,Kimble,105,5.466666666666667,0.9333333333333333,1.542857142857143,0.13333333333333333,0.3904761904761905,0.9333333333333333,5.352380952380952,2.066666666666667,0.819047619047619,0.23809523809523808,1.5047619047619047,1.0952380952380953,1,0,0,6.01447619047619,0.4544590828477325,9.40952380952381
285,Greg,Grant,207,2.7004830917874396,2.816425120772947,0.9130434782608695,0.033816425120772944,0.6038647342995169,0.7439613526570048,2.917874396135266,1.1159420289855073,0.6280193236714976,0.18357487922705315,0.38164251207729466,0.28502415458937197,1,0,0,3.0857971014492755,0.4375665351618761,9.357487922705314
77789,Gerald,Paddio,129,5.542635658914729,1.0387596899224807,1.426356589147287,0.09302325581395349,0.29457364341085274,0.7209302325581395,5.62015503875969,2.364341085271318,0.2558139534883721,0.06201550387596899,1.0077519379844961,0.751937984496124,0,1,0,6.0635658914728685,0.45704423421119916,9.348837209302328
1731,Tyronn,Lue,22,5.590909090909091,1.9090909090909092,0.7727272727272727,0.0,0.36363636363636365,0.8636363636363636,4.7272727272727275,2.1363636363636362,1.0909090909090908,0.5,1.3181818181818181,0.8181818181818182,1,0,0,5.307272727272728,0.52672147995889,9.340909090909092
1869,Charles R.,Jones,83,3.566265060240964,1.6265060240963856,1.2530120481927711,0.12048192771084337,0.5783132530120482,0.6867469879518072,3.9036144578313254,1.2650602409638554,2.1566265060240966,0.6987951807228916,0.5421686746987951,0.3373493975903614,1,0,0,4.142168674698795,0.4304828388598022,9.307228915662652
76450,Chris,Corchiani,112,3.7142857142857144,2.169642857142857,1.1517857142857142,0.03571428571428571,0.6517857142857143,1.0714285714285714,2.7767857142857144,1.1696428571428572,0.6964285714285714,0.1875,1.4553571428571428,1.1875,1,0,0,3.4171428571428573,0.5434782608695652,9.303571428571429
1054,Jerrod,Mustaf,179,4.027932960893855,0.553072625698324,2.525139664804469,0.2569832402234637,0.30726256983240224,0.8044692737430168,3.547486033519553,1.5921787709497206,0.0111731843575419,0.0,1.3016759776536313,0.8435754189944135,0,1,0,4.120223463687151,0.4888003037205771,9.293296089385475
674,Reggie,Jordan,169,2.899408284023669,1.1242603550295858,2.0177514792899407,0.1834319526627219,0.5443786982248521,0.6153846153846154,2.4615384615384617,1.0591715976331362,0.03550295857988166,0.011834319526627219,1.331360946745562,0.7692307692307693,1,0,0,3.047337278106509,0.47572815533980584,9.292899408284022
1023,Emanual,Davis,110,4.236363636363636,1.4090909090909092,1.5363636363636364,0.09090909090909091,0.5818181818181818,1.0272727272727273,3.7818181818181817,1.518181818181818,1.8363636363636364,0.6363636363636364,0.7545454545454545,0.5636363636363636,1,0,0,4.113818181818182,0.5148943693096437,9.29090909090909
323,Greg,Foster,557,4.102333931777379,0.547576301615799,2.637342908438061,0.3105924596050269,0.15080789946140036,0.7360861759425493,3.8025134649910233,1.6912028725314183,0.12926391382405744,0.02872531418312388,0.9281867145421903,0.6912028725314183,0,0,1,4.210915619389587,0.48710711666695095,9.253141831238779
900,Matt,Fish,48,3.6875,0.5208333333333334,2.2708333333333335,0.2916666666666667,0.3958333333333333,0.6875,2.9583333333333335,1.4791666666666667,0.020833333333333332,0.0,1.1666666666666667,0.7291666666666666,0,0,1,3.4716666666666667,0.5310849735957753,9.25
777,Rex,Walters,331,4.667673716012085,1.7190332326283988,1.2175226586102719,0.09063444108761329,0.38972809667673713,0.879154078549849,3.915407854984894,1.7280966767371602,1.5649546827794563,0.5649546827794562,0.8006042296072508,0.6465256797583081,1,0,0,4.267673716012085,0.5468639388361887,9.235649546827794
189,B.J.,Tyler,55,3.5454545454545454,3.1636363636363636,1.1272727272727272,0.03636363636363636,0.6545454545454545,1.7636363636363637,3.4363636363636365,1.309090909090909,0.9272727272727272,0.2909090909090909,0.9090909090909091,0.6363636363636364,1,0,0,3.8363636363636364,0.46208530805687204,9.218181818181815
710,David,Vaughn,115,3.0,0.3130434782608696,3.130434782608696,0.40869565217391307,0.26956521739130435,0.8521739130434782,2.8173913043478263,1.2,0.017391304347826087,0.0,0.9304347826086956,0.6,0,1,0,3.226782608695652,0.4648593295246308,9.173913043478262
941,Ennis,Whatley,135,3.2222222222222223,2.0148148148148146,1.1333333333333333,0.037037037037037035,0.6814814814814815,0.8296296296296296,2.5481481481481483,1.237037037037037,0.13333333333333333,0.014814814814814815,0.9555555555555556,0.7333333333333333,1,0,0,2.968592592592593,0.5427188342149915,9.15925925925926
1734,Sam,Jacobson,53,4.9245283018867925,0.6037735849056604,1.3962264150943395,0.05660377358490566,0.5660377358490566,0.6415094339622641,4.0754716981132075,2.0754716981132075,0.4716981132075472,0.16981132075471697,0.8113207547169812,0.6037735849056604,1,0,0,4.432452830188679,0.5555082581304274,9.132075471698112
1544,Chris,Crawford,134,5.134328358208955,0.4925373134328358,1.7014925373134329,0.26865671641791045,0.291044776119403,0.7686567164179104,4.417910447761194,1.835820895522388,0.4626865671641791,0.1417910447761194,1.6343283582089552,1.3208955223880596,0,1,0,5.137014925373134,0.49973850891975125,9.12686567164179
77096,Byron,Irvin,37,5.216216216216216,0.7027027027027027,1.3243243243243243,0.05405405405405406,0.43243243243243246,0.5405405405405406,3.972972972972973,1.864864864864865,0.16216216216216217,0.05405405405405406,1.8108108108108107,1.4324324324324325,1,0,0,4.76972972972973,0.5468041704442429,9.121621621621621
1034,LeRon,Ellis,91,3.043956043956044,0.31868131868131866,2.4175824175824174,0.4065934065934066,0.27472527472527475,0.38461538461538464,2.791208791208791,1.2087912087912087,0.0,0.0,1.021978021978022,0.6263736263736264,0,0,1,3.2408791208791206,0.4696188796961888,9.104395604395602
1522,Keith,Booth,42,3.0952380952380953,0.9285714285714286,2.3095238095238093,0.2619047619047619,0.5238095238095238,1.0,3.738095238095238,1.2142857142857142,0.2619047619047619,0.023809523809523808,1.1428571428571428,0.6428571428571429,0,1,0,4.240952380952381,0.36492252414102855,9.095238095238095
967,Brian,Evans,95,3.9263157894736844,0.8105263157894737,1.7263157894736842,0.18947368421052632,0.3684210526315789,0.4421052631578947,3.9263157894736844,1.5052631578947369,1.105263157894737,0.3894736842105263,0.6421052631578947,0.5263157894736842,0,1,0,4.208842105263158,0.46643657462985194,9.078947368421053
77865,Gary,Plummer,60,4.683333333333334,0.6666666666666666,2.8833333333333333,0.18333333333333332,0.23333333333333334,1.3,3.8,1.7666666666666666,0.05,0.0,1.5833333333333333,1.15,0,1,0,4.496666666666666,0.5207561156412158,9.075
957,Todd,Fuller,212,3.797169811320755,0.21226415094339623,3.0849056603773586,0.27358490566037735,0.14622641509433962,0.6745283018867925,3.3773584905660377,1.4433962264150944,0.018867924528301886,0.0,1.3820754716981132,0.910377358490566,0,0,1,3.9854716981132077,0.47637646167684516,9.07311320754717
306,Steve,Colter,76,3.3421052631578947,1.8157894736842106,1.118421052631579,0.09210526315789473,0.5394736842105263,0.618421052631579,2.960526315789474,1.1842105263157894,0.6447368421052632,0.17105263157894737,1.0657894736842106,0.8026315789473685,1,0,0,3.4294736842105267,0.48726212400245544,9.032894736842106
1080,Henry,James,210,6.152380952380953,0.4142857142857143,1.5142857142857142,0.08571428571428572,0.22857142857142856,0.638095238095238,5.419047619047619,2.2476190476190476,1.9095238095238096,0.7238095238095238,1.1523809523809523,0.9333333333333333,0,1,0,5.926095238095238,0.5190923116482387,9.026190476190479
705,Randolph,Keys,118,3.305084745762712,0.711864406779661,2.0338983050847457,0.2457627118644068,0.4491525423728814,0.5932203389830508,3.1864406779661016,1.305084745762712,0.7966101694915254,0.211864406779661,0.6610169491525424,0.4830508474576271,0,1,0,3.4772881355932204,0.47523883798011307,9.016949152542372
240,Brooks,Thompson,164,4.615853658536586,1.7134146341463414,0.9573170731707317,0.03048780487804878,0.5304878048780488,0.9329268292682927,4.115853658536586,1.6890243902439024,2.3963414634146343,0.9085365853658537,0.5060975609756098,0.32926829268292684,1,0,0,4.338536585365854,0.5319597481448167,9.000000000000002
46,Mike,Peplowski,68,2.8529411764705883,0.38235294117647056,2.588235294117647,0.39705882352941174,0.27941176470588236,0.5588235294117647,2.2205882352941178,1.2352941176470589,0.014705882352941176,0.0,0.7205882352941176,0.38235294117647056,0,0,1,2.5376470588235294,0.5621233194251275,8.897058823529413
1116,Melvin,Newbern,33,3.606060606060606,1.7272727272727273,1.121212121212121,0.030303030303030304,0.696969696969697,0.9696969696969697,3.4242424242424243,1.2727272727272727,0.24242424242424243,0.030303030303030304,1.8181818181818181,1.0303030303030303,1,0,0,4.224242424242425,0.42682926829268286,8.848484848484848
1086,Joe,Stephens,22,3.227272727272727,0.5454545454545454,2.0454545454545454,0.13636363636363635,0.5454545454545454,0.5,3.8181818181818183,1.3636363636363635,0.9545454545454546,0.18181818181818182,0.45454545454545453,0.3181818181818182,0,1,0,4.0181818181818185,0.4015837104072398,8.84090909090909
368,Dwayne,Schintzius,213,2.755868544600939,0.431924882629108,2.516431924882629,0.5492957746478874,0.14084507042253522,0.5586854460093896,2.967136150234742,1.2018779342723005,0.03755868544600939,0.004694835680751174,0.5446009389671361,0.3474178403755869,0,0,1,3.206760563380282,0.42969665026938386,8.821596244131454
112,Dontonio,Wingfield,112,3.7767857142857144,0.6785714285714286,2.455357142857143,0.13392857142857142,0.3482142857142857,0.7946428571428571,3.607142857142857,1.4017857142857142,1.3571428571428572,0.41964285714285715,0.7678571428571429,0.5535714285714286,0,1,0,3.9450000000000003,0.4786800651819663,8.816964285714286
37,Greg,Graham,202,4.628712871287129,0.995049504950495,1.0841584158415842,0.0594059405940594,0.6336633663366337,0.8861386138613861,4.014851485148514,1.6336633663366336,0.8316831683168316,0.2376237623762376,1.4504950495049505,1.1237623762376239,1,0,0,4.653069306930693,0.4973827559792323,8.747524752475247
76138,William,Bedford,108,3.8055555555555554,0.4074074074074074,1.8888888888888888,0.5092592592592593,0.07407407407407407,0.4444444444444444,3.611111111111111,1.5277777777777777,0.1388888888888889,0.05555555555555555,1.037037037037037,0.6944444444444444,0,0,1,4.067407407407408,0.46781096339464573,8.694444444444443
76148,Tony,Bennett,152,3.539473684210526,1.993421052631579,1.019736842105263,0.006578947368421052,0.45394736842105265,0.6118421052631579,3.526315789473684,1.4539473684210527,1.0789473684210527,0.3618421052631579,0.3684210526315789,0.26973684210526316,1,0,0,3.6884210526315786,0.4798087899543379,8.67763157894737
1757,Cory,Carr,42,4.071428571428571,1.5714285714285714,1.1666666666666667,0.16666666666666666,0.5,1.0952380952380953,5.142857142857143,1.6904761904761905,0.7142857142857143,0.11904761904761904,0.7619047619047619,0.5714285714285714,1,0,0,5.478095238095238,0.3716098748261474,8.654761904761905
77893,Brian,Quinnett,107,4.05607476635514,0.6074766355140186,1.8317757009345794,0.19626168224299065,0.35514018691588783,0.6355140186915887,3.9906542056074765,1.7009345794392523,0.7850467289719626,0.2616822429906542,0.5794392523364486,0.3925233644859813,1,0,0,4.245607476635514,0.4776789645152769,8.649532710280374
76801,Tate,George,177,4.15819209039548,1.8361581920903955,1.0169491525423728,0.062146892655367235,0.4293785310734463,0.8870056497175142,4.0508474576271185,1.6779661016949152,0.07909604519774012,0.005649717514124294,0.9717514124293786,0.7966101694915254,1,0,0,4.478418079096045,0.46424786799212797,8.62994350282486
357,Greg,Sutton,168,4.529761904761905,1.6904761904761905,0.9107142857142857,0.07738095238095238,0.5,1.0892857142857142,4.089285714285714,1.619047619047619,1.9107142857142858,0.6904761904761905,0.8095238095238095,0.6011904761904762,1,0,0,4.445476190476191,0.5094799421562852,8.562500000000002
292,Anthony,Miller,173,2.913294797687861,0.37572254335260113,2.7803468208092488,0.15028901734104047,0.32947976878612717,0.5028901734104047,2.184971098265896,1.1213872832369942,0.046242774566473986,0.011560693641618497,1.1445086705202312,0.6589595375722543,0,1,0,2.6885549132947975,0.541795665634675,8.560693641618496
78523,Mitchell,Wiggins,49,4.3061224489795915,0.4489795918367347,1.9183673469387754,0.02040816326530612,0.40816326530612246,0.5102040816326531,4.673469387755102,1.7959183673469388,0.02040816326530612,0.0,1.0408163265306123,0.7142857142857143,1,0,0,5.131428571428571,0.41958320076360167,8.551020408163263
76488,Radisav,Curcic,20,2.9,0.6,2.45,0.1,0.35,0.4,2.05,0.8,0.0,0.0,1.8,1.3,0,0,1,2.8419999999999996,0.5102040816326531,8.475
76993,Gerald,Henderson,39,4.076923076923077,1.8461538461538463,1.1538461538461537,0.05128205128205128,0.38461538461538464,0.9230769230769231,3.8205128205128207,1.5897435897435896,0.7435897435897436,0.2564102564102564,0.8205128205128205,0.6410256410256411,1,0,0,4.181538461538461,0.48749080206033846,8.474358974358973
320,Jamie,Watson,102,3.1666666666666665,1.1470588235294117,1.4607843137254901,0.16666666666666666,0.6372549019607843,0.9117647058823529,2.6372549019607843,1.2352941176470589,0.37254901960784315,0.11764705882352941,0.8333333333333334,0.5784313725490197,0,1,0,3.003921568627451,0.527088772845953,8.470588235294116
1863,Earl,Boykins,46,4.413043478260869,1.7391304347826086,0.9347826086956522,0.021739130434782608,0.391304347826087,0.8043478260869565,4.217391304347826,1.8695652173913044,0.8043478260869565,0.2391304347826087,0.5652173913043478,0.43478260869565216,1,0,0,4.466086956521739,0.49406152647975077,8.467391304347828
1528,Bubba,Wells,35,3.657142857142857,0.9714285714285714,1.9428571428571428,0.11428571428571428,0.42857142857142855,0.8857142857142857,3.3142857142857145,1.3714285714285714,0.17142857142857143,0.02857142857142857,1.2285714285714286,0.8857142857142857,0,1,0,3.854857142857143,0.4743551734361103,8.428571428571427
1136,Brett,Szabo,63,2.365079365079365,0.2698412698412698,2.6031746031746033,0.5079365079365079,0.25396825396825395,0.6507936507936508,1.8888888888888888,0.8253968253968254,0.015873015873015872,0.0,0.9682539682539683,0.7142857142857143,0,0,1,2.314920634920635,0.5108337904552934,8.420634920634921
77516,Tim,McCormick,78,3.769230769230769,0.5256410256410257,2.551282051282051,0.1794871794871795,0.16666666666666666,0.6794871794871795,2.8205128205128207,1.3717948717948718,0.038461538461538464,0.0,1.4230769230769231,1.0256410256410255,0,0,1,3.4466666666666668,0.5467936319000148,8.410256410256409
180,John,Crotty,390,3.8794871794871795,2.0384615384615383,0.9846153846153847,0.04871794871794872,0.3923076923076923,0.8948717948717949,2.91025641025641,1.258974358974359,0.7333333333333333,0.2692307692307692,1.3025641025641026,1.0923076923076922,1,0,0,3.4833846153846153,0.5568559903424315,8.388461538461536
78534,Eddielee,Wilkins,94,4.648936170212766,0.18085106382978725,2.3404255319148937,0.0851063829787234,0.2553191489361702,0.7127659574468085,3.74468085106383,1.797872340425532,0.031914893617021274,0.0,1.7872340425531914,1.053191489361702,0,0,1,4.531063829787234,0.5130071374906086,8.367021276595745
1576,Travis,Williams,46,3.282608695652174,0.4782608695652174,2.4130434782608696,0.13043478260869565,0.43478260869565216,0.7608695652173914,2.847826086956522,1.3478260869565217,0.021739130434782608,0.0,1.0869565217391304,0.5869565217391305,0,1,0,3.3260869565217392,0.49346405228758167,8.358695652173914
223,Bill,Curley,125,2.648,0.456,2.024,0.28,0.432,0.472,2.456,1.056,0.056,0.008,0.688,0.528,0,1,0,2.75872,0.47993272242199286,8.272000000000002
1872,Randell,Jackson,25,4.48,0.28,2.12,0.44,0.12,1.04,4.24,1.84,0.24,0.04,1.2,0.76,0,1,0,4.768000000000001,0.4697986577181208,8.24
1914,Chris,Herren,45,3.1333333333333333,2.466666666666667,1.1555555555555554,0.044444444444444446,0.3333333333333333,0.9333333333333333,2.7555555555555555,1.0,1.488888888888889,0.5333333333333333,0.8888888888888888,0.6,1,0,0,3.1466666666666665,0.4978813559322034,8.21111111111111
1753,Toby,Bailey,65,3.646153846153846,0.6615384615384615,1.9384615384615385,0.09230769230769231,0.3230769230769231,0.5384615384615384,3.4307692307692306,1.4,0.23076923076923078,0.046153846153846156,1.1692307692307693,0.8,1,0,0,3.9452307692307693,0.4620963968179691,8.130769230769232
1683,Larry,Robinson,52,3.8076923076923075,0.8846153846153846,1.5,0.038461538461538464,0.5384615384615384,0.7884615384615384,4.038461538461538,1.6346153846153846,0.3076923076923077,0.09615384615384616,0.8076923076923077,0.4423076923076923,1,0,0,4.3938461538461535,0.4332983193277311,8.115384615384615
1594,Rick,Brunson,78,3.1923076923076925,2.128205128205128,1.1923076923076923,0.05128205128205128,0.5384615384615384,1.2179487179487178,2.9743589743589745,1.0769230769230769,1.0128205128205128,0.3076923076923077,1.2307692307692308,0.7307692307692307,1,0,0,3.515897435897436,0.45398191365227536,8.096153846153845
77426,Kevin,Lynch,95,3.263157894736842,1.1368421052631579,1.263157894736842,0.15789473684210525,0.5052631578947369,0.7157894736842105,2.968421052631579,1.2947368421052632,0.09473684210526316,0.031578947368421054,0.8842105263157894,0.6421052631578947,0,1,0,3.357473684210526,0.48595435164283923,8.08421052631579
132,Dwayne,Morton,41,4.073170731707317,0.43902439024390244,1.4146341463414633,0.36585365853658536,0.2682926829268293,0.6585365853658537,3.1463414634146343,1.2195121951219512,0.6097560975609756,0.21951219512195122,2.073170731707317,1.4146341463414633,1,0,0,4.058536585365854,0.5018028846153846,8.073170731707318
1754,Andrae,Patterson,38,3.1578947368421053,0.42105263157894735,1.763157894736842,0.18421052631578946,0.5263157894736842,0.6052631578947368,2.6578947368421053,1.2105263157894737,0.13157894736842105,0.0,0.9473684210526315,0.7368421052631579,0,1,0,3.074736842105263,0.5135227661759671,8.065789473684209
76268,Tony,Brown,87,4.068965517241379,0.735632183908046,1.4597701149425288,0.05747126436781609,0.39080459770114945,0.5862068965517241,3.781609195402299,1.5172413793103448,0.8620689655172413,0.25287356321839083,1.0229885057471264,0.7816091954022989,0,1,0,4.231724137931034,0.4807692307692307,7.982758620689657
1545,DeJuan,Wheat,71,3.732394366197183,1.7746478873239437,0.7887323943661971,0.04225352112676056,0.4507042253521127,0.8028169014084507,3.4225352112676055,1.3098591549295775,1.0845070422535212,0.4225352112676056,0.9859154929577465,0.6901408450704225,1,0,0,3.856338028169014,0.4839298758217677,7.943661971830984
77478,Bob,Martin,54,2.0925925925925926,0.3333333333333333,2.2037037037037037,0.6296296296296297,0.14814814814814814,0.5370370370370371,1.7222222222222223,0.7592592592592593,0.0,0.0,0.9444444444444444,0.5740740740740741,0,0,1,2.137777777777778,0.4894317394317394,7.935185185185185
1519,John,Thomas,145,2.9931034482758623,0.2827586206896552,2.1724137931034484,0.2413793103448276,0.35172413793103446,0.5586206896551724,2.3655172413793104,1.206896551724138,0.013793103448275862,0.0,0.9862068965517241,0.5793103448275863,0,0,1,2.799448275862069,0.5345880961765865,7.931034482758619
1909,Scott,Padgett,42,2.857142857142857,0.5952380952380952,2.0714285714285716,0.19047619047619047,0.3333333333333333,0.5238095238095238,3.3095238095238093,1.0476190476190477,1.0476190476190477,0.30952380952380953,0.6428571428571429,0.4523809523809524,0,1,0,3.5923809523809522,0.3976670201484624,7.904761904761905
76903,Andres,Guibert,22,2.727272727272727,0.5454545454545454,2.772727272727273,0.09090909090909091,0.36363636363636365,0.8181818181818182,3.0454545454545454,1.0,0.18181818181818182,0.0,1.1363636363636365,0.7272727272727273,0,0,1,3.5454545454545454,0.3846153846153846,7.886363636363637
1117,John,Shasky,57,2.6315789473684212,0.19298245614035087,2.3508771929824563,0.3508771929824561,0.24561403508771928,0.47368421052631576,2.0350877192982457,0.8947368421052632,0.0,0.0,1.3859649122807018,0.8421052631578947,0,0,1,2.6449122807017544,0.4974794375165827,7.885964912280704
77034,Craig,Hodges,129,4.651162790697675,1.1705426356589148,0.5116279069767442,0.023255813953488372,0.37209302325581395,0.4418604651162791,4.542635658914729,1.8527131782945736,1.6356589147286822,0.6201550387596899,0.34108527131782945,0.32558139534883723,1,0,0,4.692713178294574,0.4955728822518832,7.872093023255816
340,Kevin,Pritchard,94,3.617021276595745,1.6170212765957446,0.9574468085106383,0.13829787234042554,0.39361702127659576,0.8723404255319149,3.1702127659574466,1.2659574468085106,0.4574468085106383,0.0851063829787234,1.2659574468085106,1.0,1,0,0,3.7272340425531914,0.4852152072154356,7.861702127659575
1900,Quincy,Lewis,74,3.824324324324324,0.5405405405405406,1.527027027027027,0.20270270270270271,0.32432432432432434,0.6216216216216216,4.027027027027027,1.5,0.8513513513513513,0.3108108108108108,0.7027027027027027,0.5135135135135135,1,1,0,4.336216216216217,0.4409748192470705,7.7905405405405395
78197,Michael,Smith,76,4.881578947368421,0.8289473684210527,1.4736842105263157,0.05263157894736842,0.15789473684210525,0.7236842105263158,4.394736842105263,2.0789473684210527,0.42105263157894735,0.09210526315789473,0.75,0.631578947368421,1,0,0,4.724736842105263,0.5165979725966359,7.730263157894738
77493,Tharon,Mayes,24,4.125,1.4583333333333333,0.6666666666666666,0.08333333333333333,0.6666666666666666,1.2916666666666667,4.125,1.25,1.7083333333333333,0.625,1.5,1.0,1,0,0,4.785,0.43103448275862066,7.729166666666666
1520,Charles,Smith,56,3.625,0.6071428571428571,0.9107142857142857,0.35714285714285715,0.5178571428571429,0.8392857142857143,3.9642857142857144,1.5,1.4285714285714286,0.39285714285714285,0.48214285714285715,0.23214285714285715,1,0,0,4.176428571428572,0.43398323926800064,7.7232142857142865
1628,Alan,Ogg,80,2.1875,0.1625,1.6625,0.725,0.15,0.375,1.9,0.9375,0.025,0.0,0.55,0.3125,0,0,1,2.142,0.5106209150326798,7.675000000000001
77134,Steve,Johnson,24,3.75,0.7083333333333334,2.375,0.16666666666666666,0.16666666666666666,1.0416666666666667,2.625,1.4166666666666667,0.0,0.0,1.5416666666666667,0.9166666666666666,0,0,1,3.3033333333333332,0.5676084762865792,7.624999999999998
1667,Steve,Henson,225,3.2755555555555556,2.066666666666667,0.7822222222222223,0.008888888888888889,0.39111111111111113,0.7644444444444445,2.7955555555555556,1.1244444444444444,1.0755555555555556,0.4666666666666667,0.6444444444444445,0.56,1,0,0,3.079111111111111,0.5318995381062356,7.62
77697,Ed,Nealy,148,2.3783783783783785,0.5945945945945946,2.2027027027027026,0.05405405405405406,0.35135135135135137,0.2905405405405405,1.9391891891891893,0.8986486486486487,0.6283783783783784,0.22297297297297297,0.5,0.3581081081081081,0,1,0,2.1591891891891892,0.5507572912755039,7.614864864864865
1068,Greg,Dreiling,328,2.268292682926829,0.45121951219512196,2.375,0.3231707317073171,0.21036585365853658,0.5304878048780488,1.8871951219512195,0.8780487804878049,0.027439024390243903,0.009146341463414634,0.8109756097560976,0.5030487804878049,0,0,1,2.2440243902439025,0.5054073148198467,7.580792682926829
76097,Stephen,Bardo,33,2.212121212121212,1.3333333333333333,1.8181818181818181,0.12121212121212122,0.36363636363636365,0.6666666666666666,2.5757575757575757,0.8484848484848485,0.30303030303030304,0.030303030303030304,0.696969696969697,0.48484848484848486,1,0,0,2.8824242424242423,0.3837258200168208,7.545454545454546
76497,Quintin,Dailey,41,5.2439024390243905,0.4878048780487805,1.0731707317073171,0.04878048780487805,0.2926829268292683,0.7073170731707317,4.682926829268292,2.0,0.04878048780487805,0.0,1.9024390243902438,1.2439024390243902,1,0,0,5.52,0.47499116295510785,7.536585365853659
1429,Jimmy,Oliver,78,4.243589743589744,0.7051282051282052,1.0256410256410255,0.038461538461538464,0.34615384615384615,0.4230769230769231,4.256410256410256,1.7307692307692308,0.6410256410256411,0.21794871794871795,0.7307692307692307,0.5641025641025641,1,0,0,4.5779487179487175,0.46348157275680524,7.532051282051282
1133,Corey,Beck,86,2.802325581395349,1.430232558139535,1.4534883720930232,0.10465116279069768,0.5,1.0116279069767442,2.395348837209302,1.0813953488372092,0.05813953488372093,0.03488372093023256,0.8837209302325582,0.6046511627906976,1,0,0,2.7841860465116275,0.5032576010691615,7.52325581395349
917,Jack,Haley,218,3.2522935779816513,0.21100917431192662,2.522935779816514,0.1651376146788991,0.14220183486238533,0.5412844036697247,2.7339449541284404,1.188073394495413,0.009174311926605505,0.0,1.3990825688073394,0.8761467889908257,0,1,0,3.34954128440367,0.4854834291974801,7.500000000000001
78014,Tree,Rollins,234,1.376068376068376,0.20085470085470086,1.982905982905983,0.717948717948718,0.15384615384615385,0.3333333333333333,1.0897435897435896,0.5128205128205128,0.008547008547008548,0.0,0.5,0.3504273504273504,0,0,1,1.3097435897435896,0.5253197598538241,7.472222222222222
706,Jerome,Allen,115,2.9043478260869566,1.7478260869565216,1.0695652173913044,0.0782608695652174,0.45217391304347826,0.8956521739130435,2.8260869565217392,0.9826086956521739,1.0956521739130434,0.34782608695652173,0.9391304347826087,0.591304347826087,1,0,0,3.2393043478260872,0.448298077955546,7.460869565217391
1756,Ryan,Stack,39,2.5384615384615383,0.23076923076923078,2.0,0.5641025641025641,0.15384615384615385,0.6666666666666666,2.2564102564102564,0.7948717948717948,0.02564102564102564,0.0,1.205128205128205,0.9487179487179487,0,1,0,2.7866666666666666,0.4554655870445344,7.4230769230769225
1096,Ivano,Newbill,133,1.4887218045112782,0.37593984962406013,2.661654135338346,0.21804511278195488,0.37593984962406013,0.5338345864661654,1.4511278195488722,0.5714285714285714,0.007518796992481203,0.007518796992481203,0.7819548872180451,0.3383458646616541,0,0,1,1.7951879699248119,0.41464231864633944,7.353383458646616
97,Ronnie,Grandison,33,2.3333333333333335,0.48484848484848486,2.1515151515151514,0.09090909090909091,0.3939393939393939,0.45454545454545453,2.0,0.7575757575757576,0.42424242424242425,0.12121212121212122,1.0606060606060606,0.696969696969697,0,1,0,2.466666666666667,0.47297297297297297,7.3181818181818175
212,Yinka,Dare,109,2.1376146788990824,0.03669724770642202,2.5779816513761467,0.6422018348623854,0.11009174311926606,0.8807339449541285,1.9908256880733946,0.7889908256880734,0.0,0.0,0.981651376146789,0.5596330275229358,0,0,1,2.4227522935779815,0.44115419569827324,7.307339449541283
1898,Cal,Bowdler,44,2.75,0.3181818181818182,1.9318181818181819,0.20454545454545456,0.3181818181818182,0.4772727272727273,2.6136363636363638,1.1136363636363635,0.022727272727272728,0.0,0.8409090909090909,0.5227272727272727,0,1,0,2.983636363636364,0.46084704448507,7.261363636363637
1918,Obinna,Ekezie,38,3.289473684210526,0.21052631578947367,2.4210526315789473,0.10526315789473684,0.23684210526315788,0.6842105263157895,2.3157894736842106,1.0789473684210527,0.0,0.0,1.6842105263157894,1.131578947368421,0,0,1,3.056842105263158,0.5380509641873278,7.2368421052631575
76676,Jojo,English,50,3.58,0.92,1.08,0.26,0.36,0.92,3.56,1.48,0.64,0.22,0.72,0.4,1,0,0,3.8768000000000002,0.46172100701609575,7.219999999999999
1764,J.R.,Henderson,30,3.2333333333333334,0.7333333333333333,1.5666666666666667,0.13333333333333333,0.3,0.6,3.2,1.1666666666666667,0.16666666666666666,0.06666666666666667,1.5,0.8333333333333334,0,1,0,3.8600000000000003,0.4188255613126079,7.216666666666668
1381,John,Long,56,4.017857142857143,0.6964285714285714,1.2857142857142858,0.07142857142857142,0.32142857142857145,0.6785714285714286,3.5892857142857144,1.4464285714285714,0.6964285714285714,0.25,0.9464285714285714,0.875,1,0,0,4.005714285714286,0.5015156918687589,7.205357142857144
76875,Sean,Green,84,4.190476190476191,0.5357142857142857,1.0119047619047619,0.15476190476190477,0.39285714285714285,0.75,4.714285714285714,1.8214285714285714,0.7261904761904762,0.17857142857142858,0.5952380952380952,0.36904761904761907,1,0,0,4.976190476190476,0.4210526315789474,7.2023809523809526
77822,Kenny,Payne,109,3.614678899082569,0.46788990825688076,1.3211009174311927,0.14678899082568808,0.28440366972477066,0.43119266055045874,3.889908256880734,1.5688073394495412,0.44036697247706424,0.11926605504587157,0.42201834862385323,0.3577981651376147,0,1,0,4.075596330275229,0.44345398883486403,7.160550458715597
78041,Jeff,Ruland,24,2.625,0.2916666666666667,2.7083333333333335,0.16666666666666666,0.375,1.0833333333333333,2.0416666666666665,1.0416666666666667,0.0,0.0,0.8333333333333334,0.5416666666666666,0,0,1,2.408333333333333,0.5449826989619377,7.125
729,Martin,Lewis,25,3.56,0.28,1.4,0.2,0.36,0.6,2.96,1.4,0.4,0.12,1.08,0.64,0,1,0,3.4352,0.5181648812296228,7.12
1515,Anthony,Parker,44,2.977272727272727,0.6590909090909091,1.1818181818181819,0.1590909090909091,0.4318181818181818,0.5,2.75,1.1363636363636365,0.9545454545454546,0.22727272727272727,0.7045454545454546,0.4772727272727273,1,0,0,3.06,0.4864824717765894,7.102272727272727
76844,Jim,Grandholm,26,3.0384615384615383,0.3076923076923077,1.9230769230769231,0.3076923076923077,0.07692307692307693,0.4230769230769231,2.230769230769231,1.1538461538461537,0.6538461538461539,0.34615384615384615,0.8076923076923077,0.38461538461538464,0,0,1,2.586153846153846,0.5874479476502082,7.0769230769230775
78035,Delaney,Rudd,162,3.3518518518518516,2.111111111111111,0.7962962962962963,0.018518518518518517,0.32098765432098764,1.0,3.1419753086419755,1.271604938271605,0.7345679012345679,0.17901234567901234,0.7839506172839507,0.6296296296296297,1,0,0,3.486913580246914,0.48063305480810076,7.070987654320987
1747,Rafer,Alston,27,2.2222222222222223,2.5925925925925926,0.8518518518518519,0.0,0.4444444444444444,1.0740740740740742,3.5185185185185186,1.0,0.5185185185185185,0.1111111111111111,0.14814814814814814,0.1111111111111111,1,0,0,3.5837037037037036,0.31004547333608934,7.018518518518519
76599,Larry,Drew,47,2.9574468085106385,2.4680851063829787,0.6808510638297872,0.02127659574468085,0.3191489361702128,1.0212765957446808,2.6595744680851063,1.148936170212766,0.7021276595744681,0.2978723404255319,0.46808510638297873,0.3617021276595745,1,0,0,2.865531914893617,0.516038016038016,7.000000000000002
968,Priest,Lauderdale,69,3.63768115942029,0.4782608695652174,2.028985507246377,0.37681159420289856,0.11594202898550725,1.1884057971014492,3.1159420289855073,1.463768115942029,0.014492753623188406,0.0,1.3043478260869565,0.7101449275362319,0,0,1,3.689855072463768,0.49293008641005504,6.992753623188406
76852,Josh,Grant,53,2.9622641509433962,0.4528301886792453,1.679245283018868,0.1509433962264151,0.33962264150943394,0.5660377358490566,2.7547169811320753,1.1132075471698113,1.150943396226415,0.32075471698113206,0.5471698113207547,0.41509433962264153,0,1,0,2.9954716981132075,0.4944570420760897,6.99056603773585
1063,Carl,Thomas,56,3.232142857142857,0.5,1.0714285714285714,0.14285714285714285,0.42857142857142855,0.44642857142857145,3.142857142857143,1.25,1.3035714285714286,0.4107142857142857,0.5,0.32142857142857145,1,0,0,3.362857142857143,0.48056499575191164,6.982142857142857
321,Scott,Haskin,27,2.037037037037037,0.2222222222222222,2.037037037037037,0.5555555555555556,0.07407407407407407,0.48148148148148145,1.6666666666666667,0.7777777777777778,0.0,0.0,0.7037037037037037,0.48148148148148145,0,1,0,1.9762962962962964,0.5153673163418291,6.981481481481483
241,Darrin,Hancock,133,3.511278195488722,0.6691729323308271,1.2706766917293233,0.07518796992481203,0.42105263157894735,0.7293233082706767,2.781954887218045,1.4736842105263157,0.045112781954887216,0.015037593984962405,0.9473684210526315,0.5488721804511278,0,1,0,3.1987969924812028,0.5488435502068447,6.947368421052632
678,George,Zidek,130,3.4846153846153847,0.24615384615384617,2.2,0.09230769230769231,0.1076923076923077,0.5307692307692308,3.023076923076923,1.2384615384615385,0.03076923076923077,0.007692307692307693,1.2769230769230768,1.0,0,0,1,3.5849230769230767,0.4860097845678483,6.8923076923076945
346,Doug,Edwards,85,2.388235294117647,0.7058823529411765,1.8,0.3176470588235294,0.2,0.6705882352941176,2.211764705882353,0.8352941176470589,0.07058823529411765,0.0,1.011764705882353,0.7176470588235294,0,1,0,2.656941176470588,0.4494332270634077,6.876470588235294
154,Adrian,Caldwell,145,2.0206896551724136,0.1793103448275862,2.668965517241379,0.15862068965517243,0.3103448275862069,0.6482758620689655,1.806896551724138,0.8413793103448276,0.020689655172413793,0.0,0.7517241379310344,0.33793103448275863,0,1,0,2.137655172413793,0.4726416311782165,6.872413793103448
1002,Reggie,Geary,93,2.193548387096774,1.1827956989247312,0.8709677419354839,0.13978494623655913,0.5376344086021505,0.6021505376344086,2.4086021505376345,0.8172043010752689,0.6559139784946236,0.21505376344086022,0.6774193548387096,0.34408602150537637,1,0,0,2.7066666666666666,0.40521214047354204,6.779569892473119
1525,Charles,O'Bannon,43,2.7906976744186047,0.6744186046511628,1.558139534883721,0.09302325581395349,0.2558139534883721,0.3953488372093023,2.9069767441860463,1.1627906976744187,0.09302325581395349,0.0,0.5348837209302325,0.46511627906976744,1,0,0,3.142325581395349,0.44404973357015987,6.744186046511628
226,Antonio,Lang,140,2.335714285714286,0.35714285714285715,1.5,0.32857142857142857,0.39285714285714285,0.6357142857142857,1.8928571428571428,0.8571428571428571,0.05714285714285714,0.0,0.8642857142857143,0.6214285714285714,0,1,0,2.273142857142857,0.5137631975867271,6.735714285714285
1010,Randy,Woods,151,2.357615894039735,1.7019867549668874,0.6158940397350994,0.026490066225165563,0.5629139072847682,0.7284768211920529,2.23841059602649,0.7615894039735099,1.2384105960264902,0.37748344370860926,0.6688741721854304,0.45695364238410596,1,0,0,2.5327152317880794,0.465432486141617,6.735099337748347
1680,Brian,Oliver,118,3.2966101694915255,0.9661016949152542,1.0423728813559323,0.05084745762711865,0.3813559322033898,0.6610169491525424,3.389830508474576,1.3135593220338984,0.1864406779661017,0.0423728813559322,0.8898305084745762,0.6271186440677966,1,0,0,3.7813559322033896,0.4359031824294039,6.716101694915254
76334,Rick,Calloway,64,3.203125,0.953125,1.21875,0.109375,0.34375,0.796875,3.0,1.171875,0.03125,0.0,1.234375,0.859375,1,0,0,3.543125,0.45201975657082377,6.6796875
1128,Stephen,Howard,116,2.8793103448275863,0.21551724137931033,1.4827586206896552,0.2413793103448276,0.3275862068965517,0.5172413793103449,2.043103448275862,0.9827586206896551,0.0,0.0,1.4482758620689655,0.9137931034482759,0,1,0,2.680344827586207,0.5371156567605815,6.668103448275863
1904,Devean,George,45,3.4444444444444446,0.26666666666666666,1.6666666666666667,0.08888888888888889,0.2222222222222222,0.4666666666666667,3.2,1.2444444444444445,1.0444444444444445,0.35555555555555557,0.9111111111111111,0.6,0,1,0,3.600888888888889,0.47827696864971614,6.655555555555556
720,Terrence,Rencher,36,2.9444444444444446,1.5,1.2222222222222223,0.05555555555555555,0.4444444444444444,1.1944444444444444,2.7777777777777777,0.9166666666666666,0.8055555555555556,0.25,1.2777777777777777,0.8611111111111112,1,0,0,3.34,0.4407850964737193,6.638888888888889
1612,Chris,Garner,31,1.7096774193548387,1.3870967741935485,0.7741935483870968,0.12903225806451613,0.6774193548387096,0.7741935483870968,2.2580645161290325,0.7419354838709677,0.45161290322580644,0.12903225806451613,0.22580645161290322,0.0967741935483871,1,0,0,2.3574193548387097,0.36261631089217294,6.629032258064516
76024,Steve,Alford,34,4.4411764705882355,0.6470588235294118,0.7058823529411765,0.029411764705882353,0.23529411764705882,0.47058823529411764,3.4411764705882355,1.7352941176470589,0.6764705882352942,0.20588235294117646,0.9117647058823529,0.7647058823529411,1,0,0,3.842352941176471,0.577924066135946,6.588235294117647
78589,Kennard,Winchester,122,3.418032786885246,0.3770491803278688,1.0737704918032787,0.20491803278688525,0.22950819672131148,0.38524590163934425,3.3934426229508197,1.4098360655737705,0.3360655737704918,0.10655737704918032,0.6311475409836066,0.4918032786885246,0,1,0,3.6711475409836067,0.46552648030722515,6.561475409836066
1521,Jacque,Vaughn,133,3.5338345864661656,1.6240601503759398,0.849624060150376,0.007518796992481203,0.3458646616541353,1.0902255639097744,3.112781954887218,1.2330827067669172,0.37593984962406013,0.14285714285714285,1.2481203007518797,0.924812030075188,1,0,0,3.6619548872180454,0.4825065703022339,6.477443609022556
675,Junior,Burrough,61,3.098360655737705,0.2459016393442623,1.7868852459016393,0.16393442622950818,0.2459016393442623,0.6557377049180327,2.7868852459016393,1.0491803278688525,0.0,0.0,1.5245901639344261,1.0,0,1,0,3.457704918032787,0.4480371704911815,6.475409836065574
316,Richard,Manning,54,3.3333333333333335,0.18518518518518517,1.7037037037037037,0.14814814814814814,0.12962962962962962,0.4444444444444444,3.5555555555555554,1.4814814814814814,0.09259259259259259,0.037037037037037035,0.5185185185185185,0.3333333333333333,0,0,1,3.7837037037037033,0.44048551292090843,6.388888888888889
1563,Kevin,Ollie,77,2.7012987012987013,1.4805194805194806,1.0,0.012987012987012988,0.33766233766233766,0.7272727272727273,2.090909090909091,0.8181818181818182,0.012987012987012988,0.0,1.4805194805194806,1.0649350649350648,1,0,0,2.742337662337662,0.49251752225800344,6.370129870129871
1361,Mark,Bradtke,31,1.903225806451613,0.22580645161290322,2.193548387096774,0.16129032258064516,0.16129032258064516,0.25806451612903225,1.8709677419354838,0.8064516129032258,0.0,0.0,0.41935483870967744,0.2903225806451613,0,0,1,2.0554838709677417,0.462962962962963,6.306451612903226
1003,Drew,Barry,60,2.2333333333333334,1.85,1.1166666666666667,0.03333333333333333,0.31666666666666665,0.9166666666666666,1.7166666666666666,0.7166666666666667,1.05,0.4,0.5166666666666667,0.4,1,0,0,1.944,0.5744170096021948,6.250000000000001
1024,Horacio,Llamas,25,2.32,0.2,1.44,0.32,0.44,0.8,1.92,0.92,0.12,0.04,0.72,0.44,0,0,1,2.2367999999999997,0.5185979971387698,6.220000000000001
992,Marcus,Brown,27,3.4074074074074074,0.8518518518518519,0.8148148148148148,0.07407407407407407,0.2962962962962963,0.5925925925925926,3.111111111111111,1.1851851851851851,1.4444444444444444,0.48148148148148145,0.7777777777777778,0.5555555555555556,1,0,0,3.453333333333333,0.49335049335049336,6.203703703703704
1036,Litterial,Green,140,2.992857142857143,1.3,0.5285714285714286,0.04285714285714286,0.35,0.5571428571428572,2.4214285714285713,1.0142857142857142,0.17142857142857143,0.014285714285714285,1.4285714285714286,0.95,1,0,0,3.05,0.490632318501171,6.192857142857143
1432,Joe,Courtney,96,2.75,0.28125,1.4583333333333333,0.23958333333333334,0.20833333333333334,0.4895833333333333,2.5520833333333335,1.1041666666666667,0.03125,0.020833333333333332,0.8229166666666666,0.5208333333333334,0,1,0,2.9141666666666666,0.47183299971404064,6.171874999999999
1070,Devin,Gray,27,2.4814814814814814,0.25925925925925924,1.4444444444444444,0.1111111111111111,0.3333333333333333,0.3333333333333333,2.3333333333333335,0.8518518518518519,0.0,0.0,1.2592592592592593,0.7777777777777778,0,1,0,2.8874074074074074,0.42970754232939967,6.148148148148147
77628,Rodney,Monroe,38,3.4473684210526314,0.7105263157894737,0.868421052631579,0.05263157894736842,0.3157894736842105,0.6052631578947368,3.789473684210526,1.394736842105263,0.7105263157894737,0.15789473684210525,0.6052631578947368,0.5,1,0,0,4.05578947368421,0.42499351154944204,6.078947368421053
1895,William,Avery,53,2.811320754716981,1.6603773584905661,0.7547169811320755,0.03773584905660377,0.2641509433962264,0.7924528301886793,3.339622641509434,1.0188679245283019,1.150943396226415,0.33962264150943394,0.660377358490566,0.4339622641509434,1,0,0,3.630188679245283,0.3872141372141372,6.056603773584905
78279,Jon,Sundvold,27,4.2592592592592595,0.9629629629629629,0.3333333333333333,0.0,0.25925925925925924,0.5925925925925926,4.074074074074074,1.6296296296296295,1.3333333333333333,0.5925925925925926,0.4074074074074074,0.4074074074074074,1,0,0,4.253333333333334,0.5006966213862766,6.055555555555556
1138,Michael,Hawkins,61,2.0,1.6885245901639345,1.0327868852459017,0.03278688524590164,0.3114754098360656,0.7213114754098361,1.9836065573770492,0.7540983606557377,0.9016393442622951,0.26229508196721313,0.29508196721311475,0.22950819672131148,1,0,0,2.11344262295082,0.4731616506360533,6.016393442622952
940,Earl,Cureton,20,1.4,0.35,2.85,0.15,0.0,0.4,2.0,0.65,0.05,0.0,0.4,0.1,0,1,0,2.176,0.3216911764705882,6.000000000000001
76308,Evers,Burns,23,2.4347826086956523,0.391304347826087,1.3043478260869565,0.13043478260869565,0.2608695652173913,0.30434782608695654,2.391304347826087,0.9565217391304348,0.0,0.0,1.0,0.5217391304347826,0,1,0,2.831304347826087,0.42997542997543003,5.934782608695652
1577,Darnell,Mee,40,1.9,0.45,0.9,0.325,0.4,0.45,2.325,0.725,0.675,0.15,0.675,0.3,1,0,0,2.6220000000000003,0.3623188405797101,5.925
66,Marques,Bragg,53,2.4716981132075473,0.1509433962264151,1.490566037735849,0.1509433962264151,0.32075471698113206,0.49056603773584906,2.2641509433962264,1.0188679245283019,0.0,0.0,0.7735849056603774,0.4339622641509434,0,1,0,2.604528301886792,0.4745001448855405,5.839622641509433
77114,Dave,Jamerson,90,3.4,0.6777777777777778,0.8555555555555555,0.011111111111111112,0.25555555555555554,0.5,3.4555555555555557,1.3555555555555556,0.5222222222222223,0.14444444444444443,0.6333333333333333,0.5444444444444444,1,0,0,3.7342222222222223,0.4552487502975482,5.766666666666667
76968,Scott,Hastings,143,1.832167832167832,0.46853146853146854,1.8391608391608392,0.16083916083916083,0.15384615384615385,0.40559440559440557,1.3286713286713288,0.6293706293706294,0.14685314685314685,0.03496503496503497,0.6713286713286714,0.5384615384615384,0,1,0,1.6240559440559441,0.5640716500172235,5.741258741258741
76094,Ken,Bannister,47,2.3617021276595747,0.19148936170212766,2.0425531914893615,0.14893617021276595,0.10638297872340426,0.5319148936170213,1.7234042553191489,0.9148936170212766,0.02127659574468085,0.0,1.3829787234042554,0.5319148936170213,0,1,0,2.3319148936170215,0.5063868613138686,5.670212765957447
681,Donny,Marshall,93,2.827956989247312,0.3333333333333333,1.043010752688172,0.053763440860215055,0.3655913978494624,0.45161290322580644,2.5698924731182795,0.8494623655913979,1.2903225806451613,0.43010752688172044,1.021505376344086,0.6989247311827957,0,1,0,3.0193548387096776,0.4683048433048433,5.666666666666667
726,Sherell,Ford,28,3.2142857142857144,0.17857142857142858,0.8571428571428571,0.03571428571428571,0.2857142857142857,0.21428571428571427,2.857142857142857,1.0714285714285714,0.8928571428571429,0.14285714285714285,1.2142857142857142,0.9285714285714286,0,1,0,3.3914285714285715,0.4738837405223252,5.625000000000001
671,Donnie,Boyce,30,2.6333333333333333,0.5333333333333333,0.8333333333333334,0.16666666666666666,0.43333333333333335,0.7333333333333333,2.8666666666666667,1.0,0.8,0.2,0.8666666666666667,0.43333333333333335,1,0,0,3.248,0.40537766830870275,5.616666666666667
160,Tim,Breaux,100,2.99,0.41,0.96,0.13,0.24,0.47,2.93,1.08,0.74,0.22,0.96,0.61,0,1,0,3.3524000000000003,0.44594917074334806,5.585000000000001
77623,Paul,Mokeski,36,1.5833333333333333,0.25,1.8611111111111112,0.08333333333333333,0.2222222222222222,0.19444444444444445,1.6388888888888888,0.5833333333333334,0.25,0.08333333333333333,0.4166666666666667,0.3333333333333333,0,0,1,1.8222222222222222,0.4344512195121951,5.583333333333333
78110,Brad,Sellers,97,2.443298969072165,0.6185567010309279,1.288659793814433,0.20618556701030927,0.07216494845360824,0.4329896907216495,2.247422680412371,0.9278350515463918,0.020618556701030927,0.0,0.6701030927835051,0.5876288659793815,0,1,0,2.5422680412371133,0.4805352798053529,5.551546391752577
76703,Dave,Feitl,86,2.546511627906977,0.16279069767441862,1.872093023255814,0.1744186046511628,0.05813953488372093,0.5116279069767442,2.5232558139534884,0.9883720930232558,0.03488372093023256,0.0,0.7325581395348837,0.5697674418604651,0,0,1,2.8455813953488374,0.4474501471068977,5.505813953488373
342,Andy,Toolson,60,2.65,0.5333333333333333,1.2166666666666666,0.03333333333333333,0.23333333333333334,0.43333333333333335,2.433333333333333,0.9666666666666667,0.7333333333333333,0.25,0.6166666666666667,0.4666666666666667,0,1,0,2.7046666666666663,0.48989401035247726,5.475
1061,William,Cunningham,22,0.6363636363636364,0.09090909090909091,1.7272727272727273,0.5,0.13636363636363635,0.22727272727272727,1.2272727272727273,0.3181818181818182,0.0,0.0,0.09090909090909091,0.0,0,0,1,1.2672727272727273,0.2510760401721664,5.454545454545454
1819,John,Turner,42,2.7857142857142856,0.2857142857142857,1.8571428571428572,0.09523809523809523,0.14285714285714285,0.7619047619047619,2.3333333333333335,1.0238095238095237,0.0,0.0,1.4047619047619047,0.7380952380952381,0,1,0,2.9514285714285715,0.47192642787996125,5.428571428571429
1666,Gerald,Madkins,48,1.6666666666666667,1.3541666666666667,0.5416666666666666,0.020833333333333332,0.5,0.6041666666666666,1.4791666666666667,0.5416666666666666,0.6666666666666666,0.25,0.4375,0.3333333333333333,1,0,0,1.6716666666666669,0.4985044865403788,5.385416666666667
1030,Duane,Cooper,88,2.3181818181818183,2.022727272727273,0.6704545454545454,0.022727272727272728,0.23863636363636365,1.0113636363636365,2.2613636363636362,0.9090909090909091,0.42045454545454547,0.09090909090909091,0.5681818181818182,0.4090909090909091,1,0,0,2.5113636363636362,0.4615384615384616,5.380681818181818
1089,Kevin,Salvadori,37,1.135135135135135,0.35135135135135137,1.2162162162162162,0.6486486486486487,0.05405405405405406,0.4594594594594595,1.2432432432432432,0.35135135135135137,0.0,0.0,0.6486486486486487,0.43243243243243246,0,0,1,1.5286486486486486,0.3712871287128713,5.378378378378379
1821,Mark,Randall,127,2.6141732283464565,0.4409448818897638,1.2598425196850394,0.06299212598425197,0.1889763779527559,0.41732283464566927,2.2755905511811023,1.0078740157480315,0.30708661417322836,0.047244094488188976,0.7637795275590551,0.5511811023622047,0,1,0,2.6116535433070864,0.5004823926676314,5.338582677165354
78201,Reggie,Smith,66,1.5,0.07575757575757576,1.8181818181818181,0.10606060606060606,0.24242424242424243,0.24242424242424243,1.5,0.5909090909090909,0.015151515151515152,0.0,0.7878787878787878,0.3181818181818182,0,1,0,1.8466666666666667,0.40613718411552346,5.249999999999998
1737,Nazr,Mohammed,52,1.8461538461538463,0.07692307692307693,1.6730769230769231,0.3076923076923077,0.17307692307692307,0.5769230769230769,1.8461538461538463,0.6923076923076923,0.0,0.0,0.8269230769230769,0.46153846153846156,0,0,1,2.21,0.41768186564566656,5.240384615384615
76265,Kevin,Brooks,126,3.3095238095238093,0.38095238095238093,1.119047619047619,0.047619047619047616,0.14285714285714285,0.5476190476190477,3.4047619047619047,1.3650793650793651,0.47619047619047616,0.09523809523809523,0.5634920634920635,0.48412698412698413,0,1,0,3.6526984126984128,0.45302450895185115,5.226190476190476
76904,Jay,Guidinger,64,1.53125,0.3125,1.515625,0.234375,0.203125,0.40625,1.359375,0.546875,0.0,0.0,0.71875,0.4375,0,0,1,1.675625,0.45691906005221933,5.2109375
77138,Dave,Johnson,59,3.457627118644068,0.288135593220339,1.0847457627118644,0.01694915254237288,0.2033898305084746,0.6271186440677966,3.440677966101695,1.2542372881355932,0.2542372881355932,0.05084745762711865,1.3559322033898304,0.8983050847457628,1,0,0,4.03728813559322,0.42821158690176325,5.1440677966101696
1126,Donald,Whiteside,28,2.1785714285714284,1.3214285714285714,0.4642857142857143,0.0,0.39285714285714285,0.6428571428571429,2.0,0.6785714285714286,1.3214285714285714,0.42857142857142855,0.6071428571428571,0.39285714285714285,1,0,0,2.267142857142857,0.48046628859483304,5.142857142857143
984,Steve,Hamer,34,2.235294117647059,0.20588235294117646,1.7647058823529411,0.11764705882352941,0.058823529411764705,0.38235294117647056,1.6764705882352942,0.8823529411764706,0.058823529411764705,0.0,0.8529411764705882,0.47058823529411764,0,0,1,2.051764705882353,0.5447247706422018,5.132352941176471
691,Lou,Roe,65,2.0,0.3230769230769231,1.4153846153846155,0.13846153846153847,0.2,0.4307692307692308,2.123076923076923,0.7076923076923077,0.3076923076923077,0.07692307692307693,0.7846153846153846,0.5076923076923077,0,1,0,2.4683076923076923,0.4051358763400648,5.1
1619,Kiwane,Garris,29,2.4827586206896552,1.0344827586206897,0.6896551724137931,0.034482758620689655,0.2413793103448276,0.5517241379310345,2.5517241379310347,0.8275862068965517,0.5172413793103449,0.1724137931034483,0.8620689655172413,0.6551724137931034,1,0,0,2.931034482758621,0.4235294117647059,5.068965517241381
1035,Shawnelle,Scott,46,1.3043478260869565,0.17391304347826086,1.5869565217391304,0.2391304347826087,0.13043478260869565,0.21739130434782608,1.0434782608695652,0.5,0.0,0.0,0.5869565217391305,0.30434782608695654,0,0,1,1.3017391304347825,0.5010020040080161,4.9891304347826075
1886,Jonathan,Bender,22,2.8636363636363638,0.13636363636363635,0.9090909090909091,0.22727272727272727,0.045454545454545456,0.2727272727272727,3.1363636363636362,1.0454545454545454,0.5454545454545454,0.09090909090909091,1.0454545454545454,0.6818181818181818,0,1,0,3.596363636363636,0.39812942366026294,4.977272727272727
101258,Corey,Williams,39,2.358974358974359,0.7435897435897436,0.9487179487179487,0.02564102564102564,0.15384615384615385,0.3333333333333333,2.5128205128205128,0.9230769230769231,0.10256410256410256,0.02564102564102564,0.5897435897435898,0.48717948717948717,1,0,0,2.772307692307692,0.42545320014798377,4.948717948717948
76453,Dave,Corzine,28,1.6785714285714286,0.14285714285714285,1.1785714285714286,0.17857142857142858,0.17857142857142858,0.07142857142857142,1.3571428571428572,0.6071428571428571,0.0,0.0,0.7857142857142857,0.4642857142857143,0,0,1,1.7028571428571428,0.4928691275167785,4.946428571428571
77794,Walter,Palmer,48,2.0833333333333335,0.22916666666666666,1.3541666666666667,0.1875,0.08333333333333333,0.3333333333333333,2.125,0.875,0.020833333333333332,0.0,0.5,0.3333333333333333,0,0,1,2.345,0.44420753375977257,4.875
76183,Lance,Blanks,142,2.035211267605634,0.823943661971831,0.7746478873239436,0.056338028169014086,0.2746478873239437,0.44366197183098594,1.8732394366197183,0.8169014084507042,0.528169014084507,0.13380281690140844,0.4014084507042254,0.2676056338028169,1,0,0,2.0498591549295773,0.496427099079291,4.869718309859155
989,Ben,Davis,32,1.625,0.125,1.625,0.0625,0.1875,0.21875,1.78125,0.625,0.0,0.0,0.8125,0.375,0,1,0,2.13875,0.37989479836353013,4.8125
1960,Milt,Palacio,52,2.076923076923077,0.9230769230769231,0.9807692307692307,0.0,0.38461538461538464,0.8461538461538461,1.8846153846153846,0.8269230769230769,0.038461538461538464,0.0,0.7115384615384616,0.4230769230769231,1,0,0,2.1976923076923076,0.4725236261813091,4.778846153846154
1908,Jumaine,Jones,29,1.9655172413793103,0.1724137931034483,1.3103448275862069,0.1724137931034483,0.20689655172413793,0.4827586206896552,2.0,0.7586206896551724,0.13793103448275862,0.06896551724137931,0.6206896551724138,0.3793103448275862,0,1,0,2.273103448275862,0.4323422330097087,4.7413793103448265
1930,Lari,Ketner,20,1.7,0.05,1.7,0.15,0.2,0.5,1.6,0.65,0.0,0.0,0.6,0.4,0,1,0,1.864,0.45600858369098707,4.725
1831,Marlon,Garnett,23,2.130434782608696,0.782608695652174,0.9130434782608695,0.043478260869565216,0.21739130434782608,0.5217391304347826,2.217391304347826,0.6521739130434783,1.0,0.2608695652173913,0.782608695652174,0.5652173913043478,1,0,0,2.5617391304347827,0.41581805838424984,4.673913043478261
700,Keith,Tower,53,1.849056603773585,0.1320754716981132,1.3018867924528301,0.22641509433962265,0.11320754716981132,0.3584905660377358,1.7169811320754718,0.7358490566037735,0.018867924528301886,0.0,0.6792452830188679,0.37735849056603776,0,0,1,2.0158490566037734,0.4586297266941221,4.641509433962264
1120,Elmer,Bennett,21,2.2857142857142856,1.0476190476190477,0.47619047619047616,0.047619047619047616,0.42857142857142855,0.9523809523809523,2.238095238095238,0.7619047619047619,0.5238095238095238,0.14285714285714285,0.8571428571428571,0.6190476190476191,1,0,0,2.6152380952380954,0.4369992716678805,4.571428571428571
1118,Tim,Kempton,61,1.6885245901639345,0.5573770491803278,1.2950819672131149,0.14754098360655737,0.19672131147540983,0.639344262295082,1.6229508196721312,0.6065573770491803,0.0,0.0,0.8032786885245902,0.47540983606557374,0,0,1,1.9763934426229508,0.42717319177173196,4.565573770491803
998,Mark,Pope,25,1.64,0.28,1.16,0.24,0.12,0.36,1.92,0.6,0.28,0.04,0.72,0.4,0,1,1,2.2367999999999997,0.3665951359084407,4.52
1527,Marko,Milic,39,2.769230769230769,0.358974358974359,0.7692307692307693,0.02564102564102564,0.3333333333333333,0.6923076923076923,2.1538461538461537,1.205128205128205,0.1794871794871795,0.07692307692307693,0.4358974358974359,0.28205128205128205,1,0,0,2.3456410256410254,0.590292960209882,4.512820512820513
1937,Tim,Young,24,2.25,0.20833333333333334,1.4583333333333333,0.041666666666666664,0.08333333333333333,0.375,1.5833333333333333,0.5416666666666666,0.0,0.0,1.5,1.1666666666666667,0,0,1,2.243333333333333,0.5014858841010401,4.5
77358,Doug,Lee,73,2.3013698630136985,0.4383561643835616,0.5753424657534246,0.0684931506849315,0.2328767123287671,0.273972602739726,2.0273972602739727,0.8356164383561644,0.7945205479452054,0.2465753424657534,0.547945205479452,0.3835616438356164,1,0,0,2.2684931506849315,0.5072463768115941,4.479452054794521
78379,Henry,Turner,30,2.2666666666666666,0.23333333333333334,0.9333333333333333,0.03333333333333333,0.26666666666666666,0.4,1.9,0.7666666666666667,0.16666666666666666,0.06666666666666667,1.1666666666666667,0.6666666666666666,1,0,0,2.413333333333333,0.4696132596685083,4.416666666666667
719,Randolph,Childress,49,2.5306122448979593,1.0,0.5102040816326531,0.02040816326530612,0.3469387755102041,0.9387755102040817,2.4285714285714284,0.7959183673469388,1.346938775510204,0.3673469387755102,0.7142857142857143,0.5714285714285714,1,0,0,2.742857142857143,0.46130952380952384,4.387755102040816
1049,Shane,Heal,32,2.34375,1.0,0.53125,0.0625,0.09375,0.5,3.0,0.8125,2.0,0.625,0.15625,0.09375,1,0,0,3.06875,0.3818737270875764,4.265625
77785,Keith,Owens,20,1.3,0.15,0.75,0.2,0.25,0.1,1.6,0.45,0.0,0.0,0.5,0.4,0,1,0,1.82,0.35714285714285715,4.25
76410,Richard,Coffey,52,1.3076923076923077,0.057692307692307696,1.5192307692307692,0.07692307692307693,0.11538461538461539,0.09615384615384616,1.4423076923076923,0.5384615384615384,0.019230769230769232,0.0,0.4230769230769231,0.23076923076923078,1,0,0,1.6284615384615384,0.401511572980633,4.25
76517,Brian,Davis,68,1.9264705882352942,0.3235294117647059,0.8088235294117647,0.058823529411764705,0.23529411764705882,0.27941176470588236,1.8529411764705883,0.5882352941176471,0.04411764705882353,0.014705882352941176,1.0,0.7352941176470589,0,1,0,2.2929411764705883,0.42008722421754746,4.24264705882353
88,Steve,Scheffler,171,1.935672514619883,0.15204678362573099,1.0526315789473684,0.04678362573099415,0.17543859649122806,0.19883040935672514,1.2690058479532165,0.7076023391812866,0.029239766081871343,0.005847953216374269,0.6783625730994152,0.5146198830409356,0,1,0,1.5674853801169593,0.617445157439188,4.233918128654971
1871,Gerald,Brown,33,2.4242424242424243,0.9393939393939394,0.6666666666666666,0.030303030303030304,0.15151515151515152,0.6666666666666666,2.696969696969697,1.0,0.30303030303030304,0.09090909090909091,0.42424242424242425,0.3333333333333333,1,0,0,2.8836363636363633,0.42034468263976466,4.227272727272728
76683,Vincenzo,Esposito,30,3.8666666666666667,0.7666666666666667,0.5333333333333333,0.0,0.23333333333333334,1.3,3.3333333333333335,1.2,1.8666666666666667,0.43333333333333335,1.3,1.0333333333333334,1,0,0,3.9053333333333335,0.49504950495049505,4.15
77846,Richard,Petruska,22,2.409090909090909,0.045454545454545456,1.4090909090909092,0.13636363636363635,0.09090909090909091,0.6818181818181818,2.090909090909091,0.9090909090909091,0.6818181818181818,0.3181818181818182,0.36363636363636365,0.2727272727272727,0,0,1,2.250909090909091,0.5351373182552505,4.136363636363637
1919,Laron,Profit,32,1.53125,0.78125,0.8125,0.125,0.21875,0.59375,1.84375,0.65625,0.53125,0.09375,0.3125,0.125,1,1,0,1.98125,0.3864353312302839,4.109375
78317,Irving,Thomas,26,1.7692307692307692,0.38461538461538464,1.1923076923076923,0.038461538461538464,0.15384615384615385,0.5,1.9230769230769231,0.6538461538461539,0.0,0.0,0.8076923076923077,0.46153846153846156,0,1,0,2.2784615384615385,0.38825118163403105,3.903846153846154
76482,Corey,Crowder,58,2.0689655172413794,0.3103448275862069,0.7586206896551724,0.034482758620689655,0.13793103448275862,0.25862068965517243,2.103448275862069,0.7758620689655172,0.5862068965517241,0.22413793103448276,0.41379310344827586,0.29310344827586204,0,1,0,2.2855172413793103,0.4526252263126132,3.8448275862068972
1101,Rich,King,71,1.9014084507042253,0.29577464788732394,1.028169014084507,0.09859154929577464,0.07042253521126761,0.38028169014084506,1.5633802816901408,0.6197183098591549,0.028169014084507043,0.0,1.0,0.6619718309859155,0,0,1,2.003380281690141,0.4745500562429696,3.802816901408451
1456,Randy,Wittman,65,1.4,0.5538461538461539,0.6461538461538462,0.06153846153846154,0.18461538461538463,0.2,1.5076923076923077,0.6615384615384615,0.07692307692307693,0.0,0.12307692307692308,0.07692307692307693,1,0,0,1.5618461538461539,0.448187549251379,3.784615384615385
944,Eric,Anderson,27,1.5555555555555556,0.18518518518518517,1.1481481481481481,0.07407407407407407,0.1111111111111111,0.25925925925925924,1.2962962962962963,0.4444444444444444,0.07407407407407407,0.07407407407407407,1.0,0.5925925925925926,0,1,0,1.7362962962962962,0.44795221843003413,3.7777777777777772
76446,Tom,Copa,33,1.4545454545454546,0.09090909090909091,1.0909090909090908,0.18181818181818182,0.06060606060606061,0.24242424242424243,1.2121212121212122,0.6666666666666666,0.0,0.0,0.3939393939393939,0.12121212121212122,0,1,0,1.3854545454545455,0.5249343832020997,3.7121212121212124
77294,Bart,Kofoed,56,1.5357142857142858,1.1607142857142858,0.5357142857142857,0.05357142857142857,0.07142857142857142,0.44642857142857145,1.2321428571428572,0.5,0.14285714285714285,0.017857142857142856,0.8214285714285714,0.5178571428571429,0,1,0,1.5935714285714286,0.4818467055132228,3.6875000000000004
77362,Kurk,Lee,48,1.375,0.7083333333333334,0.625,0.041666666666666664,0.22916666666666666,0.4166666666666667,1.4791666666666667,0.3958333333333333,0.3125,0.0625,0.5833333333333334,0.5208333333333334,1,0,0,1.7358333333333333,0.39606337013922227,3.6250000000000004
77129,Les,Jepsen,52,1.0192307692307692,0.038461538461538464,1.2884615384615385,0.15384615384615385,0.038461538461538464,0.11538461538461539,1.1538461538461537,0.38461538461538464,0.038461538461538464,0.0,0.38461538461538464,0.25,1,0,0,1.323076923076923,0.3851744186046511,3.548076923076923
76079,Milos,Babic,21,1.7619047619047619,0.47619047619047616,0.9523809523809523,0.047619047619047616,0.09523809523809523,0.47619047619047616,1.5238095238095237,0.5714285714285714,0.0,0.0,0.9523809523809523,0.6190476190476191,0,0,1,1.9428571428571426,0.45343137254901966,3.523809523809523
1635,Malcolm,Mackey,22,1.4545454545454546,0.045454545454545456,1.0909090909090908,0.13636363636363635,0.0,0.09090909090909091,1.6818181818181819,0.6363636363636364,0.09090909090909091,0.0,0.36363636363636365,0.18181818181818182,0,1,0,1.8418181818181818,0.39486673247778875,3.522727272727273
76180,Alex,Blackwell,27,1.2592592592592593,0.25925925925925924,0.8518518518518519,0.07407407407407407,0.14814814814814814,0.18518518518518517,1.5555555555555556,0.5185185185185185,0.1111111111111111,0.0,0.2962962962962963,0.2222222222222222,0,1,0,1.6859259259259258,0.37346221441124783,3.4444444444444446
77301,Frank,Kornet,32,1.8125,0.28125,0.75,0.03125,0.15625,0.34375,1.9375,0.71875,0.5625,0.15625,0.40625,0.21875,0,1,0,2.11625,0.4282339043118724,3.421875
77872,Dave,Popson,24,1.75,0.20833333333333334,0.7916666666666666,0.125,0.125,0.4166666666666667,1.625,0.6666666666666666,0.041666666666666664,0.0,0.5,0.4166666666666667,0,0,1,1.845,0.4742547425474255,3.4166666666666665
77053,Dave,Hoppen,43,1.744186046511628,0.11627906976744186,1.2325581395348837,0.023255813953488372,0.06976744186046512,0.37209302325581395,1.2093023255813953,0.627906976744186,0.046511627906976744,0.0,0.7906976744186046,0.4883720930232558,0,0,1,1.5572093023255813,0.5600358422939068,3.3953488372093026
942,Todd,Mundt,33,1.121212121212121,0.09090909090909091,0.8484848484848485,0.15151515151515152,0.06060606060606061,0.09090909090909091,1.2424242424242424,0.48484848484848486,0.0,0.0,0.24242424242424243,0.15151515151515152,0,0,1,1.3490909090909091,0.4155435759209344,3.196969696969697
77647,Isaiah,Morris,25,2.2,0.16,0.48,0.04,0.12,0.32,2.28,1.04,0.0,0.0,0.16,0.12,0,1,0,2.3503999999999996,0.4680054458815522,3.16
738,Bob,Thornton,21,1.0952380952380953,0.047619047619047616,1.380952380952381,0.14285714285714285,0.047619047619047616,0.47619047619047616,1.2380952380952381,0.2857142857142857,0.0,0.0,0.6666666666666666,0.5238095238095238,0,1,0,1.5314285714285716,0.35758706467661694,3.0476190476190474
1022,Julius,Nwosu,23,1.3478260869565217,0.13043478260869565,1.0434782608695652,0.13043478260869565,0.0,0.391304347826087,1.2173913043478262,0.391304347826087,0.0,0.0,0.7391304347826086,0.5652173913043478,0,1,0,1.542608695652174,0.4368658399098083,2.8478260869565215
78316,Charles,Thomas,36,1.3333333333333333,0.6111111111111112,0.6111111111111112,0.027777777777777776,0.1111111111111111,0.4722222222222222,1.4166666666666667,0.5,0.4722222222222222,0.05555555555555555,0.4166666666666667,0.2777777777777778,1,0,0,1.6,0.41666666666666663,2.7777777777777786
