personId,firstName,lastName,gamesPlayed,points,assists,reboundsTotal,blocks,steals,turnovers,fieldGoalsAttempted,fieldGoalsMade,threePointersAttempted,threePointersMade,freeThrowsAttempted,freeThrowsMade,guard,forward,center,trueShootingAttempts,ts,fantasyPoints,br_id
2544,LeBron,James,548,27.83029197080292,6.952554744525547,7.045620437956204,0.8795620437956204,1.7427007299270072,3.288321167883212,20.80839416058394,9.88138686131387,4.2773722627737225,1.4069343065693432,8.972627737226277,6.660583941605839,0,1,0,24.756350364963502,0.5620839009087103,52.73996350364963,
708,Kevin,Garnett,757,20.833553500660503,4.474240422721268,11.675033025099076,1.5019815059445178,1.3011889035667108,2.4253632760898283,16.330250990752972,8.171730515191545,0.5693527080581242,0.1532364597093791,5.425363276089828,4.336856010568032,0,1,0,18.717410832232492,0.5565287231069344,51.41941875825627,
1495,Tim,Duncan,771,20.89494163424125,3.2607003891050583,11.503242542153048,2.2542153047989624,0.7367055771725033,2.552529182879377,15.833981841763944,8.022049286640726,0.1439688715953307,0.0311284046692607,7.083009079118028,4.819714656290532,0,1,1,18.950505836575875,0.5513030051660275,49.89948119325551,
977,Kobe,Bryant,754,28.580901856763926,5.255968169761273,5.777188328912467,0.5159151193633952,1.6618037135278514,3.1525198938992043,21.79575596816976,9.932360742705573,4.281167108753316,1.4641909814323608,8.607427055702917,7.251989389920424,1,1,0,25.58302387267905,0.5585911579296615,47.53647214854112,
2548,Dwyane,Wade,471,25.40764331210191,6.636942675159236,4.8789808917197455,0.978768577494692,1.8301486199575367,3.713375796178344,18.42462845010616,8.883227176220807,1.8067940552016983,0.5222929936305732,9.239915074309978,7.118895966029724,1,0,0,22.49019108280255,0.564860547839681,46.49044585987261,
1717,Dirk,Nowitzki,791,24.38811630847029,2.800252844500632,8.986093552465233,1.0632111251580278,0.9532237673830596,1.963337547408344,17.800252844500633,8.466498103666245,3.290771175726928,1.2654867256637168,7.025284450063211,6.189633375474084,0,1,0,20.891378002528448,0.5836885509782705,46.20670037926675,
101108,Chris,Paul,345,19.327536231884057,9.98840579710145,4.707246376811594,0.0898550724637681,2.382608695652174,2.5739130434782607,14.495652173913044,6.84927536231884,2.527536231884058,0.8927536231884058,5.582608695652174,4.736231884057971,1,0,0,16.951999999999998,0.5700665476605727,46.11304347826087,
185,Chris,Webber,426,20.504694835680752,4.230046948356808,9.504694835680752,1.0892018779342725,1.363849765258216,2.605633802816901,18.636150234741784,8.518779342723004,0.4812206572769953,0.1244131455399061,4.730046948356808,3.3427230046948355,0,1,1,20.717370892018774,0.4948672044960117,45.70774647887324,
1503,Tracy,McGrady,622,24.778135048231512,5.345659163987138,6.144694533762058,0.7717041800643086,1.387459807073955,2.5209003215434085,20.68649517684888,8.963022508038586,4.720257234726688,1.6012861736334405,6.961414790996785,5.2508038585209,1,1,0,23.74951768488746,0.5216555421670435,45.60852090032155,
2730,Dwight,Howard,489,17.460122699386503,1.4805725971370145,12.656441717791411,2.130879345603272,0.8957055214723927,3.01840490797546,10.67075664621677,6.132924335378323,0.0388548057259713,0.0020449897750511,8.668711656441717,5.192229038854806,0,1,1,14.484989775051126,0.6026971012937727,44.73517382413088,
1890,Shawn,Marion,768,17.75,2.0182291666666665,9.802083333333334,1.2799479166666667,1.8151041666666667,1.6145833333333333,14.895833333333334,7.200520833333333,2.5859375,0.87109375,3.040364583333333,2.477864583333333,1,1,0,16.23359375,0.5467058087492179,44.63151041666666,mariosh01
1882,Elton,Brand,638,19.155172413793103,2.5517241379310347,9.672413793103448,2.0094043887147337,0.9529780564263324,2.3824451410658307,14.641065830721002,7.369905956112853,0.0203761755485893,0.0031347962382445,5.932601880877743,4.412225705329154,0,1,0,17.251410658307208,0.5551769879342928,44.57601880877744,
406,Shaquille,O'Neal,636,21.33333333333333,2.4685534591194966,9.91509433962264,1.971698113207547,0.5078616352201258,2.672955974842768,14.223270440251572,8.333333333333334,0.0078616352201257,0.0,8.966981132075471,4.666666666666667,0,0,1,18.168742138364777,0.5870888906581557,44.481132075471685,
947,Allen,Iverson,640,27.421875,6.26875,3.5671875,0.1609375,2.18125,3.56875,22.196875,9.4203125,3.4890625,1.0734375,9.3671875,7.5078125,1,0,0,26.3184375,0.5209632030776904,44.40703125,
948,Marcus,Camby,599,10.056761268781305,2.2136894824707847,11.223706176961604,2.654424040066778,1.1085141903171951,1.4173622704507514,8.656093489148581,4.105175292153589,0.1068447412353923,0.021702838063439,2.614357262103506,1.8247078464106845,0,1,1,9.806410684474123,0.5127646389878177,42.42988313856428,
252,Karl,Malone,284,20.72887323943662,4.380281690140845,8.274647887323944,0.6056338028169014,1.517605633802817,2.887323943661972,15.609154929577464,7.369718309859155,0.1584507042253521,0.0492957746478873,7.609154929577465,5.940140845070423,0,1,0,18.95718309859155,0.5467287289369669,42.429577464788736,
2200,Pau,Gasol,649,18.78582434514638,3.189522342064715,8.969183359013867,1.7149460708782742,0.539291217257319,2.4375963020030817,13.489984591679509,7.03235747303544,0.1263482280431433,0.0277349768875192,6.317411402157165,4.693374422187982,0,1,1,16.26964560862866,0.5773273984278814,41.165639445300464,
2547,Chris,Bosh,509,20.18664047151277,2.1905697445972496,9.38310412573674,1.1787819253438114,0.7799607072691552,2.212180746561886,14.43222003929273,7.100196463654224,0.3300589390962672,0.0982318271119842,7.400785854616896,5.888015717092338,0,1,0,17.688565815324164,0.5706126964240494,40.95776031434184,
201142,Kevin,Durant,236,25.283898305084747,2.6610169491525424,6.156779661016949,0.8983050847457628,1.2118644067796611,3.0847457627118646,18.74576271186441,8.652542372881356,3.330508474576271,1.2033898305084745,7.677966101694915,6.77542372881356,0,1,0,22.12406779661017,0.5714116078815923,40.78177966101696,
2405,Amar'e,Stoudemire,516,21.385658914728683,1.312015503875969,8.939922480620154,1.3992248062015504,0.8662790697674418,2.567829457364341,14.218992248062015,7.728682170542636,0.1531007751937984,0.0290697674418604,7.786821705426356,5.89922480620155,0,1,1,17.64519379844961,0.6059910465989817,40.68992248062016,
467,Jason,Kidd,773,13.601552393272964,9.152652005174645,6.842173350582147,0.314359637774903,1.9184993531694696,2.975420439844761,11.886157826649418,4.786545924967658,4.426908150064683,1.5834411384217335,3.023285899094437,2.445019404915912,1,0,0,13.21640362225097,0.5145708614094366,40.57438551099612,kiddja01
979,Jermaine,O'Neal,652,17.538343558282207,1.8773006134969328,8.975460122699387,2.263803680981595,0.6058282208588958,2.3865030674846626,14.552147239263803,6.7684049079754605,0.1365030674846625,0.0214723926380368,5.501533742331288,3.9800613496932513,0,1,1,16.972822085889568,0.5166596182276249,40.523006134969336,onealje01
1718,Paul,Pierce,763,23.17300131061599,4.017038007863696,6.175622542595019,0.5884665792922673,1.4613368283093051,3.0982961992136304,16.882044560943644,7.516382699868938,4.576671035386632,1.6867627785058978,8.01834862385321,6.453473132372215,0,1,0,20.410117955439052,0.5676841594254642,40.46461336828309,
1884,Baron,Davis,666,18.05255255255255,7.792792792792793,4.213213213213213,0.4654654654654654,1.983483483483484,2.921921921921922,15.977477477477477,6.53003003003003,5.591591591591592,1.8018018018018016,4.48048048048048,3.190690690690691,1,0,0,17.948888888888888,0.5028877459854307,40.01351351351352,
1713,Vince,Carter,720,22.886111111111116,4.277777777777778,5.245833333333334,0.6291666666666667,1.1902777777777778,2.3194444444444446,18.727777777777774,8.28888888888889,4.430555555555555,1.6625,5.788888888888889,4.645833333333333,1,1,0,21.27488888888889,0.537866759977856,39.81041666666667,
893,Michael,Jordan,142,21.232394366197184,4.373239436619718,5.887323943661972,0.4577464788732394,1.4647887323943662,2.359154929577465,20.0774647887324,8.661971830985916,0.7605633802816901,0.1830985915492957,4.626760563380282,3.725352112676057,1,0,0,22.11323943661972,0.4800833099793635,39.595070422535215,
2746,Josh,Smith,457,14.291028446389497,2.9256017505470457,7.612691466083151,2.339168490153173,1.24945295404814,2.4682713347921226,11.706783369803064,5.424507658643326,1.0459518599562363,0.2778993435448578,4.739606126914661,3.164113785557987,0,1,0,13.792210065645516,0.5180833375640961,39.5164113785558,
2397,Yao,Ming,481,19.11850311850312,1.5904365904365905,9.286902286902286,1.896049896049896,0.3929313929313929,2.711018711018711,13.322245322245324,6.98960498960499,0.0207900207900207,0.0041580041580041,6.17047817047817,5.135135135135135,0,0,1,16.037255717255718,0.596065294947316,39.168399168399176,
1112,Ben,Wallace,744,6.864247311827957,1.635752688172043,11.333333333333334,2.3239247311827955,1.4475806451612905,1.1209677419354838,5.973118279569892,2.802419354838709,0.0604838709677419,0.0067204301075268,2.971774193548387,1.2526881720430108,0,1,1,7.280698924731182,0.4714002998057908,39.1619623655914,
2546,Carmelo,Anthony,514,24.7295719844358,3.091439688715953,6.19455252918288,0.4455252918287938,1.149805447470817,3.081712062256809,19.280155642023345,8.85603112840467,2.32295719844358,0.7159533073929961,7.86964980544747,6.301556420233463,0,1,0,22.742801556420236,0.5436791048606477,38.87645914396887,
2240,Gilbert,Arenas,465,22.741935483870968,5.627956989247312,4.2172043010752684,0.2408602150537634,1.718279569892473,3.3440860215053765,17.316129032258065,7.36989247311828,5.83010752688172,2.083870967741936,7.356989247311828,5.918279569892473,1,0,0,20.55320430107527,0.5532454976541344,38.65806451612903,
201936,Tyreke,Evans,72,20.13888888888889,5.75,5.277777777777778,0.3611111111111111,1.5138888888888888,3.0,16.180555555555557,7.402777777777778,1.9583333333333333,0.5,6.458333333333333,4.833333333333333,1,0,0,19.022222222222226,0.5293516355140188,38.18055555555556,
469,Jamal,Mashburn,217,20.986175115207374,5.027649769585254,6.6036866359447,0.1889400921658986,1.0460829493087558,2.7096774193548385,18.967741935483872,7.84331797235023,3.566820276497696,1.2995391705069124,4.857142857142857,4.0,0,1,0,21.104884792626727,0.4971876255524307,37.953917050691246,mashbja01
1712,Antawn,Jamison,774,20.449612403100776,1.751937984496124,8.135658914728682,0.3772609819121447,1.0852713178294573,1.6873385012919897,17.166666666666668,7.821705426356589,3.2868217054263567,1.1421188630490955,4.952196382428941,3.664082687338501,0,1,0,19.345633074935403,0.5285330369879627,37.75645994832041,jamisan01
2430,Carlos,Boozer,509,17.275049115913557,2.487229862475442,10.172888015717092,0.4754420432220039,0.9764243614931236,2.235756385068762,13.106090373280942,7.084479371316307,0.0176817288801571,0.0019646365422396,4.263261296660118,3.104125736738703,0,1,0,14.981925343811394,0.5765296755750217,37.60117878192535,boozeca01
210,Terrell,Brandon,110,14.972727272727273,7.7,3.5545454545454547,0.2454545454545454,1.9363636363636365,1.8,13.627272727272729,6.054545454545455,1.0363636363636364,0.3363636363636363,2.8,2.527272727272728,1,0,0,14.859272727272726,0.5038176345349094,36.98181818181818,
2731,Emeka,Okafor,412,13.300970873786408,0.8567961165048543,10.33495145631068,1.8155339805825244,0.7402912621359223,1.7184466019417477,10.550970873786408,5.37378640776699,0.0024271844660194,0.0,4.320388349514563,2.5533980582524274,0,0,1,12.451941747572816,0.5340922381193716,36.875,
1885,Lamar,Odom,671,14.42622950819672,4.117734724292101,9.040238450074517,0.9836065573770492,0.92548435171386,2.5603576751117734,11.566318926974663,5.394932935916542,2.3591654247391958,0.7317436661698957,4.162444113263786,2.9046199701937407,0,1,0,13.39779433681073,0.5383807642337196,36.67883755588674,odomla01
201572,Brook,Lopez,164,15.914634146341465,1.6646341463414631,8.378048780487806,1.7682926829268293,0.6036585365853658,2.1402439024390243,12.03048780487805,6.164634146341464,0.024390243902439,0.0,4.426829268292683,3.5853658536585367,0,0,1,13.97829268292683,0.5692624452548376,36.1859756097561,
1883,Steve,Francis,499,18.15230460921844,5.943887775551103,5.623246492985972,0.3887775551102204,1.4589178356713426,3.4549098196392785,14.32865731462926,6.104208416833667,2.753507014028056,0.937875751503006,6.270541082164328,5.006012024048096,1,0,0,17.087695390781562,0.5311513400166066,35.98396793587174,
200750,Brandon,Roy,274,20.197080291970803,4.981751824817518,4.572992700729927,0.2335766423357664,1.0766423357664234,1.9452554744525548,15.66058394160584,7.313868613138686,2.927007299270073,1.0364963503649636,5.689781021897811,4.532846715328467,1,0,0,18.164087591240875,0.5559618723075934,35.87956204379562,roybr01
2738,Andre,Iguodala,486,15.8559670781893,4.588477366255144,5.81275720164609,0.4979423868312757,1.786008230452675,2.483539094650206,11.87037037037037,5.506172839506172,2.728395061728395,0.8765432098765432,5.2818930041152266,3.967078189300412,1,1,0,14.19440329218107,0.5585288353376396,35.626543209876544,
201939,Stephen,Curry,80,17.4875,5.9,4.45,0.2375,1.9,3.0375,14.2875,6.6,4.75,2.075,2.5,2.2125,1,0,0,15.3875,0.5682372055239643,35.487500000000004,
764,David,Robinson,222,11.927927927927929,1.220720720720721,8.315315315315315,2.018018018018018,0.981981981981982,1.391891891891892,8.626126126126126,4.225225225225225,0.0045045045045045,0.0,4.86036036036036,3.477477477477477,0,0,1,10.764684684684685,0.5540305302624532,35.4481981981982,
1905,Andrei,Kirilenko,617,12.416531604538088,2.79902755267423,5.687196110210697,2.1166936790923825,1.421393841166937,1.988654781199352,8.703403565640194,4.095623987034036,1.559157212317666,0.4781199351701782,4.914100486223663,3.7471636952998377,0,1,0,10.865607779578603,0.5713684800897365,35.320907617504055,kirilan01
739,Rasheed,Wallace,754,14.840848806366049,1.8992042440318304,7.047745358090186,1.436339522546419,1.030503978779841,1.4084880636604775,12.924403183023871,5.7824933687002655,3.877984084880637,1.3249336870026525,2.6114058355437666,1.9509283819628649,0,1,1,14.07342175066313,0.5272651196453612,35.31167108753316,
951,Ray,Allen,726,21.482093663911847,3.723140495867769,4.31404958677686,0.2052341597796143,1.177685950413223,2.231404958677686,16.505509641873278,7.480716253443526,6.742424242424242,2.6818181818181817,4.253443526170799,3.838842975206612,1,0,0,18.37702479338843,0.5844823605951857,34.60674931129476,
2744,Al,Jefferson,407,15.304668304668304,1.1670761670761671,8.67076167076167,1.2457002457002455,0.6781326781326781,1.6191646191646192,12.705159705159703,6.395577395577396,0.0515970515970515,0.0,3.6265356265356266,2.5135135135135136,0,0,1,14.30083538083538,0.53509700297572,34.51842751842752,
299,Glenn,Robinson,262,20.091603053435115,2.633587786259542,6.114503816793893,0.5381679389312977,1.2213740458015268,2.877862595419847,17.35114503816794,7.893129770992366,2.7900763358778624,0.9122137404580152,4.022900763358779,3.3931297709923665,0,1,0,19.121221374045803,0.5253744690364408,34.49618320610686,robingl01
1897,Metta,World Peace,609,15.929392446633829,3.1970443349753697,5.114942528735632,0.5862068965517241,2.021346469622332,2.178981937602628,13.42200328407225,5.666666666666667,3.6141215106732343,1.251231527093596,4.610837438423645,3.3448275862068964,0,1,0,15.450771756978654,0.5154885690237122,34.46962233169129,
950,Stephon,Marbury,574,19.34843205574913,7.292682926829267,2.9965156794425085,0.1254355400696864,1.1846689895470384,2.8693379790940767,15.707317073170731,6.888501742160279,3.529616724738676,1.1533101045296168,5.580139372822299,4.418118466898955,1,0,0,18.162578397212545,0.5326455207130333,34.28397212543554,
101114,Deron,Williams,386,16.702072538860104,9.038860103626943,3.1139896373056994,0.2305699481865284,1.028497409326425,2.979274611398964,13.062176165803107,6.103626943005182,3.028497409326425,1.093264248704663,4.259067357512953,3.401554404145078,1,0,0,14.936165803108809,0.5591151289772017,34.00906735751296,
101106,Andrew,Bogut,331,12.72809667673716,2.380664652567976,9.03323262839879,1.3595166163141994,0.676737160120846,2.006042296072508,10.187311178247734,5.413897280966768,0.0513595166163142,0.0030211480362537,3.1570996978851964,1.897280966767372,0,0,1,11.57643504531722,0.5497416357847487,33.98187311178247,
201143,Al,Horford,229,11.973799126637555,2.078602620087336,9.641921397379912,1.1441048034934498,0.7510917030567685,1.5807860262008733,9.209606986899564,4.85589519650655,0.0305676855895196,0.0043668122270742,3.0,2.25764192139738,0,1,1,10.529606986899564,0.568577684881059,33.97379912663756,
2030,Kenyon,Martin,606,13.874587458745877,2.061056105610561,7.315181518151816,1.2145214521452146,1.2541254125412542,1.9504950495049505,11.8993399339934,5.717821782178218,0.4273927392739274,0.1006600660066006,3.6485148514851486,2.3382838283828384,0,1,0,13.504686468646865,0.5136952824102133,33.912541254125415,
1740,Rashard,Lewis,747,17.965194109772423,1.987951807228916,5.946452476572959,0.5917001338688086,1.1994645247657296,1.7295850066934404,14.153949129852744,6.4417670682730925,5.251673360107095,2.069611780455154,3.6987951807228914,3.0120481927710845,0,1,0,15.781419009370817,0.5691881731010661,33.57228915662651,lewisra02
952,Antoine,Walker,605,16.37685950413223,3.636363636363636,7.112396694214876,0.4892561983471074,1.087603305785124,2.6512396694214875,15.553719008264462,6.340495867768595,5.540495867768595,1.8264462809917357,3.003305785123967,1.8694214876033055,0,1,0,16.87517355371901,0.485235291121585,33.50495867768595,
959,Steve,Nash,778,16.803341902313626,9.647814910025708,3.2994858611825197,0.0951156812339331,0.7956298200514139,3.1889460154241647,12.237789203084834,6.074550128534704,3.739074550128535,1.6336760925449871,3.3251928020565558,3.020565552699229,1,0,0,13.70087403598972,0.6132215309101553,33.40938303341902,
201188,Marc,Gasol,151,13.132450331125828,2.0397350993377485,8.245033112582782,1.3178807947019868,0.8741721854304636,1.9801324503311255,8.688741721854305,4.821192052980132,0.0132450331125827,0.0,4.973509933774834,3.4900662251655628,0,0,1,10.877086092715231,0.6036750200920582,33.36754966887417,
2406,Caron,Butler,560,16.639285714285716,2.9178571428571427,6.016071428571428,0.2964285714285714,1.6660714285714286,2.2928571428571427,13.917857142857144,6.133928571428571,1.7964285714285717,0.5607142857142857,4.480357142857143,3.8107142857142855,0,1,0,15.889214285714283,0.523603162972187,33.30446428571429,
200746,LaMarcus,Aldridge,298,16.033557046979865,1.5536912751677852,7.120805369127517,0.9798657718120806,0.7416107382550335,1.3221476510067114,13.593959731543624,6.651006711409396,0.1778523489932885,0.0436241610738255,3.5268456375838926,2.6879194630872485,0,1,1,15.145771812080536,0.5293080222623986,33.28691275167785,
2202,Jason,Richardson,671,18.251862891207157,2.892697466467958,5.256333830104322,0.4679582712369597,1.1862891207153503,1.946348733233979,15.67064083457526,6.923994038748137,4.9538002980625935,1.8315946348733236,3.622950819672131,2.572280178837556,1,0,0,17.264739195230998,0.5285878542621955,33.19970193740686,richaja01
1889,Andre,Miller,815,14.880981595092024,7.348466257668711,4.196319018404908,0.2,1.3865030674846626,2.7079754601226997,11.894478527607362,5.463803680981595,0.7263803680981595,0.1521472392638037,4.714110429447853,3.8012269938650314,1,0,0,13.968687116564418,0.5326549829241212,33.1282208588957,
2216,Zach,Randolph,582,17.417525773195877,1.6941580756013743,8.84364261168385,0.2938144329896907,0.7594501718213058,2.216494845360825,14.623711340206183,6.86254295532646,0.5979381443298969,0.1718213058419244,4.565292096219931,3.520618556701031,0,1,0,16.632439862542956,0.523601044619466,33.00429553264606,
201566,Russell,Westbrook,164,15.71951219512195,6.628048780487805,4.878048780487805,0.3048780487804878,1.329268292682927,3.304878048780488,13.75,5.615853658536586,1.420731707317073,0.3536585365853658,5.182926829268292,4.134146341463414,1,0,0,16.03048780487805,0.4903004944845948,32.90548780487805,
949,Shareef,Abdur-Rahim,536,16.58582089552239,2.3843283582089554,7.2835820895522385,0.6361940298507462,0.9216417910447762,2.274253731343284,12.656716417910449,6.065298507462686,0.5764925373134329,0.1604477611940298,5.212686567164179,4.294776119402985,0,1,0,14.950298507462684,0.5546986532490741,32.770522388059696,
201565,Derrick,Rose,159,18.742138364779876,6.169811320754717,3.836477987421384,0.2830188679245283,0.7735849056603774,2.635220125786164,16.232704402515722,7.836477987421383,0.8301886792452831,0.2012578616352201,3.69811320754717,2.8679245283018866,1,0,0,17.859874213836477,0.524699618272224,32.70754716981132,
101122,Danny,Granger,369,17.67208672086721,1.962059620596206,5.24119241192412,0.962059620596206,1.037940379403794,1.91869918699187,13.46070460704607,6.002710027100271,4.585365853658536,1.7642276422764227,4.6287262872628725,3.902439024390244,1,1,0,15.497344173441734,0.5701650077292727,32.63956639566396,
2561,David,West,460,16.017391304347825,1.908695652173913,7.226086956521739,0.8108695652173913,0.7152173913043478,1.7152173913043478,13.154347826086957,6.408695652173913,0.2608695652173913,0.0695652173913043,3.7021739130434783,3.130434782608696,0,1,0,14.783304347826087,0.5417392122723637,32.393478260869564,
200752,Rudy,Gay,318,17.41509433962264,1.7169811320754718,5.522012578616352,0.8679245283018868,1.251572327044025,2.207547169811321,14.669811320754716,6.660377358490566,3.0628930817610063,1.059748427672956,3.990566037735849,3.0345911949685536,1,1,0,16.42566037735849,0.5301185443852233,32.33647798742138,
101135,David,Lee,364,13.118131868131869,1.9532967032967032,9.692307692307692,0.3681318681318681,0.8186813186813187,1.5906593406593406,9.494505494505496,5.291208791208791,0.0357142857142857,0.0,3.277472527472528,2.5357142857142856,0,1,1,10.936593406593406,0.5997357394773067,32.15247252747253,
56,Gary,Payton,549,15.169398907103826,6.225865209471767,3.704918032786885,0.2112932604735883,1.2550091074681238,1.95264116575592,13.29143897996357,6.0510018214936245,2.435336976320583,0.7741347905282332,3.054644808743169,2.2932604735883424,1,0,0,14.635482695810564,0.5182404715440679,32.025500910746814,
101145,Monta,Ellis,296,18.06418918918919,3.868243243243243,3.7736486486486487,0.3108108108108108,1.587837837837838,2.577702702702702,14.83445945945946,7.0574324324324325,1.7939189189189189,0.5540540540540541,4.445945945945946,3.39527027027027,1,0,0,16.790675675675676,0.5379232360302936,31.966216216216218,
1802,Brad,Miller,700,12.351428571428572,3.1914285714285717,7.925714285714286,0.7371428571428571,0.8214285714285714,1.7442857142857142,9.17142857142857,4.417142857142857,0.6914285714285714,0.2185714285714285,4.1,3.2985714285714285,0,1,1,10.975428571428573,0.562685479252356,31.772857142857145,
2736,Luol,Deng,402,15.803482587064677,2.18407960199005,6.512437810945274,0.5970149253731343,0.9950248756218906,1.7462686567164178,13.228855721393035,6.266169154228856,0.8134328358208955,0.2512437810945274,3.937810945273632,3.0199004975124377,0,1,0,14.961492537313433,0.5281385713240624,31.72388059701493,
980,Zydrunas,Ilgauskas,684,13.744152046783626,1.2485380116959064,7.510233918128655,1.6476608187134505,0.5,1.9035087719298245,11.096491228070176,5.207602339181286,0.1403508771929824,0.043859649122807,4.18859649122807,3.2850877192982457,0,0,1,12.939473684210526,0.5310939371342056,31.66593567251462,
2222,Gerald,Wallace,541,13.227356746765247,1.9463955637707948,6.090573012939002,0.9574861367837338,1.5249537892791127,1.844731977818854,9.772643253234753,4.678373382624769,1.362292051756007,0.4306839186691312,4.828096118299445,3.43992606284658,0,1,0,11.897005545286508,0.5559111785068392,31.52310536044362,wallage01
304,John,Stockton,246,11.910569105691057,8.195121951219512,2.8089430894308944,0.2479674796747967,1.7113821138211385,2.410569105691057,8.398373983739837,4.219512195121951,1.1788617886178865,0.4674796747967479,3.6016260162601625,3.0040650406504064,1,0,0,9.983089430894308,0.5965372336960063,31.432926829268297,
2207,Joe,Johnson,699,17.619456366237483,4.470672389127325,4.246065808297568,0.2474964234620887,1.0100143061516451,2.19170243204578,15.288984263233193,6.775393419170244,4.087267525035766,1.5264663805436338,3.2088698140200287,2.5422031473533617,1,1,0,16.700886981402004,0.527500616759409,31.3412017167382,
208,Sam,Cassell,558,16.944444444444443,6.077060931899641,3.5161290322580645,0.1630824372759856,0.9731182795698924,2.2867383512544803,13.829749103942651,6.385304659498208,2.0232974910394264,0.6917562724014337,4.023297491039426,3.482078853046595,1,0,0,15.6,0.5430911680911681,31.30555555555555,
200765,Rajon,Rondo,314,10.757961783439493,6.82484076433121,4.426751592356688,0.1369426751592356,1.894904458598726,2.353503184713376,9.0,4.398089171974522,0.5605095541401274,0.1369426751592356,2.894904458598726,1.82484076433121,1,0,0,10.273757961783438,0.5235650783022728,31.05573248407644,
2072,Michael,Redd,568,20.26408450704225,2.276408450704225,4.095070422535211,0.1144366197183098,0.9929577464788732,1.6232394366197185,15.845070422535212,7.121478873239437,4.580985915492958,1.7588028169014085,5.075704225352113,4.262323943661972,1,0,0,18.07838028169014,0.5604507757690494,31.004401408450708,reddmi01
2572,Josh,Howard,435,15.33793103448276,1.6988505747126437,6.0183908045977015,0.593103448275862,1.091954022988506,1.471264367816092,12.783908045977013,5.8068965517241375,2.177011494252873,0.7379310344827587,3.8482758620689657,2.986206896551724,1,1,0,14.477149425287356,0.529728974396433,30.711494252873567,
124,Vlade,Divac,337,10.359050445103858,3.7181008902077153,7.160237388724036,1.0979228486646884,0.9198813056379822,2.0445103857566767,8.382789317507418,3.9584569732937687,0.1928783382789317,0.0445103857566765,3.599406528189911,2.397626112759644,0,0,1,9.96652818991098,0.5196920255335366,30.65875370919881,
978,Peja,Stojakovic,649,18.62557781201849,1.8505392912172571,5.066255778120185,0.1386748844375963,0.987673343605547,1.436055469953775,14.486902927580894,6.5685670261941445,5.87211093990755,2.3821263482280437,3.463790446841294,3.106317411402157,0,1,0,16.010970724191065,0.5816504861843574,30.63405238828968,
1891,Jason,Terry,796,17.069095477386934,4.834170854271357,2.8341708542713566,0.2123115577889447,1.3404522613065326,2.0753768844221105,13.875628140703515,6.25251256281407,4.815326633165829,1.855527638190955,3.201005025125628,2.708542713567839,1,0,0,15.284070351758793,0.5583949525403333,30.631909547738697,
201567,Kevin,Love,141,12.347517730496454,1.5602836879432624,9.872340425531917,0.5177304964539007,0.5531914893617021,1.6666666666666667,9.46099290780142,4.304964539007092,0.8865248226950354,0.2624113475177305,4.340425531914893,3.475177304964539,0,1,1,11.370780141843971,0.5429494536200788,30.44680851063829,
201943,Brandon,Jennings,82,15.48780487804878,5.7317073170731705,3.4390243902439024,0.2195121951219512,1.2804878048780488,2.4390243902439024,14.829268292682928,5.5,4.7317073170731705,1.7682926829268293,3.3292682926829267,2.7195121951219514,1,0,0,16.294146341463417,0.47525671346885,30.365853658536583,
1710,Mike,Bibby,749,16.09479305740988,5.583444592790388,3.213618157543391,0.1562082777036048,1.1895861148197595,2.162883845126836,13.45260347129506,5.885180240320428,4.37917222963952,1.6622162883845126,3.2763684913217626,2.6622162883845126,1,0,0,14.894205607476636,0.5403038430371396,30.347797062750335,
1497,Chauncey,Billups,772,16.075129533678755,5.896373056994818,3.0725388601036268,0.1670984455958549,1.005181347150259,2.0414507772020727,11.444300518134716,4.83678756476684,4.5310880829015545,1.800518134715026,5.146373056994818,4.601036269430052,1,0,0,13.708704663212435,0.5863110311514941,30.13471502590673,
1938,Manu,Ginobili,552,15.001811594202898,3.757246376811594,4.034420289855072,0.3369565217391304,1.516304347826087,2.088768115942029,10.626811594202898,4.800724637681159,3.8731884057971016,1.4565217391304348,4.7644927536231885,3.943840579710145,1,0,0,12.7231884057971,0.5895460758628546,29.924818840579714,
2210,Richard,Jefferson,652,17.03680981595092,2.826687116564417,5.148773006134969,0.3634969325153374,0.8420245398773006,2.079754601226994,12.539877300613496,5.881901840490798,2.033742331288344,0.7070552147239264,5.871165644171779,4.565950920245399,0,1,0,15.12319018404908,0.5632677235627241,29.66257668711656,
2403,Nene,Hilario,452,11.949115044247788,1.7787610619469028,6.814159292035399,0.9070796460176992,1.2699115044247788,1.9469026548672568,8.073008849557523,4.471238938053097,0.0353982300884955,0.0022123893805309,4.471238938053097,3.004424778761062,0,1,1,10.040353982300886,0.595054470455507,29.65265486725664,
1716,Larry,Hughes,586,14.588737201365188,3.4146757679180886,4.2593856655290105,0.363481228668942,1.5887372013651877,2.18259385665529,12.998293515358364,5.296928327645051,2.580204778156997,0.8293515358361775,4.151877133105802,3.165529010238908,1,0,0,14.825119453924916,0.4920276442529052,29.543515358361777,hughela01
101109,Raymond,Felton,399,13.31077694235589,6.448621553884712,3.423558897243108,0.2055137844611528,1.4160401002506269,2.558897243107769,12.112781954887218,4.962406015037594,2.87218045112782,0.9398496240601504,3.1278195488721803,2.4461152882205512,1,0,0,13.489022556390978,0.4933929380987417,29.487468671679203,
2549,Chris,Kaman,461,11.748373101952277,1.2776572668112798,8.425162689804772,1.4295010845986984,0.4815618221258134,2.3080260303687634,9.750542299349242,4.765726681127982,0.0347071583514099,0.0,3.0065075921908893,2.2169197396963125,0,0,1,11.073405639913233,0.5304769591211477,29.33080260303688,
2211,Troy,Murphy,621,12.074074074074074,1.6215780998389695,8.623188405797102,0.4331723027375201,0.7053140096618358,1.3413848631239935,9.748792270531402,4.359098228663446,2.323671497584541,0.9162640901771336,3.103059581320451,2.4396135265700485,0,1,1,11.1141384863124,0.5431853350101711,29.312399355877616,
2550,Kirk,Hinrich,514,13.428015564202337,5.844357976653696,3.4085603112840466,0.2879377431906614,1.2743190661478598,2.1712062256809337,11.77626459143969,4.883268482490273,4.171206225680934,1.5797665369649805,2.5739299610894943,2.081712062256809,1,0,0,12.908793774319069,0.5201111660376904,29.21400778210117,
193,Anthony,Mason,227,11.202643171806168,3.537444933920705,8.070484581497798,0.2599118942731278,0.7444933920704846,1.709251101321586,8.691629955947137,4.259911894273127,0.0088105726872246,0.0044052863436123,3.577092511013216,2.6784140969162995,0,1,0,10.265550660792952,0.5456425837238443,29.2136563876652,
1749,Cuttino,Mobley,617,16.53160453808752,2.73257698541329,4.056726094003242,0.4181523500810373,1.2106969205834683,2.034035656401945,13.87034035656402,6.012965964343598,3.93354943273906,1.5040518638573743,3.59967585089141,3.0016207455429496,1,0,0,15.45419773095624,0.5348580633523645,29.16288492706645,
2246,Mehmet,Okur,602,13.898671096345517,1.7275747508305648,7.182724252491695,0.7375415282392026,0.5249169435215947,1.5930232558139534,10.652823920265782,4.906976744186046,2.493355481727575,0.9435215946843852,3.938538205980066,3.1411960132890364,0,0,1,12.385780730897013,0.5610736778859049,29.127906976744185,okurme01
165,Hakeem,Olajuwon,119,9.445378151260504,1.1596638655462186,6.697478991596639,1.512605042016807,1.2100840336134453,1.504201680672269,8.285714285714286,4.008403361344538,0.0252100840336134,0.0,2.369747899159664,1.4285714285714286,0,0,1,9.328403361344538,0.5062698183914672,29.113445378151265,
1536,Stephen,Jackson,675,16.176296296296297,3.2444444444444445,3.992592592592593,0.3866666666666666,1.3807407407407408,2.585185185185185,13.736296296296295,5.74962962962963,4.518518518518518,1.5333333333333334,3.942222222222222,3.143703703703704,1,1,0,15.470874074074077,0.5227983958386799,28.931111111111115,jacksst02
1888,Richard,Hamilton,717,18.794979079497907,3.686192468619247,3.414225941422594,0.1603905160390516,0.8521617852161785,2.331938633193863,15.658298465829846,7.089260808926081,1.6889818688981868,0.5774058577405857,4.722454672245467,4.03905160390516,1,0,0,17.736178521617852,0.5298486101893237,28.83193863319386,hamilri01
2225,Tony,Parker,668,16.63622754491018,5.645209580838324,3.0508982035928143,0.0778443113772455,0.9505988023952096,2.5179640718562872,13.47305389221557,6.6017964071856285,1.535928143712575,0.4790419161676646,4.055389221556887,2.953592814371257,1,0,0,15.2574251497006,0.5451846357324793,28.75823353293413,
201564,O.J.,Mayo,164,17.975609756097562,3.073170731707317,3.774390243902439,0.1829268292682926,1.1524390243902438,2.451219512195122,15.03658536585366,6.7317073170731705,4.469512195121951,1.7134146341463414,3.3109756097560976,2.798780487804878,1,0,0,16.49341463414634,0.5449329370184701,28.685975609756103,
202130,Reggie,Williams,24,15.208333333333334,2.75,4.583333333333333,0.25,0.9583333333333334,1.2083333333333333,11.791666666666666,5.833333333333333,3.8333333333333335,1.375,2.583333333333333,2.1666666666666665,0,1,0,12.928333333333333,0.5881784194920717,28.625,
84,Latrell,Sprewell,394,16.624365482233504,3.5,3.7918781725888326,0.2690355329949238,1.1243654822335023,2.279187817258883,15.208121827411167,6.261421319796955,3.5736040609137056,1.2385786802030456,3.548223350253807,2.8629441624365484,1,0,0,16.769340101522843,0.4956773904515129,28.577411167512693,sprewla01
147,Jalen,Rose,485,17.529896907216497,3.9587628865979374,3.8329896907216496,0.3257731958762886,0.7505154639175258,2.492783505154639,14.77319587628866,6.412371134020619,3.039175257731958,1.109278350515464,4.323711340206185,3.595876288659794,1,1,0,16.675628865979384,0.5256142676268102,28.53711340206186,
2449,Luis,Scola,245,13.142857142857142,1.6244897959183673,7.959183673469388,0.2285714285714285,0.7795918367346939,1.5959183673469388,10.444897959183674,5.424489795918367,0.0448979591836734,0.0040816326530612,3.1020408163265305,2.289795918367347,0,1,0,11.809795918367348,0.5564387917329093,28.35918367346939,
224,Eddie,Jones,538,13.784386617100372,2.659851301115242,4.107806691449814,0.5260223048327137,1.2899628252788105,1.4219330855018588,11.258364312267656,4.75092936802974,4.524163568773234,1.674721189591078,3.174721189591078,2.607806691449814,1,1,0,12.655241635687732,0.5446117511588422,28.355947955390334,
2223,Samuel,Dalembert,576,8.175347222222221,0.4809027777777778,8.40625,1.9635416666666667,0.5069444444444444,1.5225694444444444,6.373263888888889,3.357638888888889,0.0121527777777777,0.0,2.107638888888889,1.4600694444444444,0,0,1,7.300625,0.5599073519200221,28.342881944444446,
255,Grant,Hill,433,14.078521939953813,2.76905311778291,5.066974595842956,0.5173210161662818,1.0115473441108545,1.8521939953810624,10.676674364896074,5.346420323325635,0.6928406466512702,0.2332563510392609,3.898383371824481,3.1524249422632797,0,1,0,12.391963048498846,0.5680505132582393,28.24364896073903,
1894,Corey,Maggette,633,17.649289099526065,2.358609794628752,5.257503949447077,0.1658767772511848,0.8151658767772512,2.4218009478672986,11.83570300157978,5.406003159557662,1.9826224328594,0.6382306477093207,7.515007898894154,6.199052132701421,0,1,0,15.142306477093207,0.5827807383975929,28.15402843601896,maggeco01
57,Doug,Christie,390,10.07948717948718,4.033333333333333,4.105128205128205,0.4307692307692308,1.964102564102564,1.876923076923077,8.058974358974359,3.5307692307692307,2.312820512820513,0.8256410256410256,2.546153846153846,2.1923076923076925,1,1,0,9.179282051282051,0.5490346152986659,28.112820512820512,
1733,Al,Harrington,728,14.990384615384617,1.8942307692307687,6.119505494505495,0.2912087912087912,0.9807692307692308,2.06456043956044,12.755494505494504,5.71565934065934,2.717032967032967,0.9739010989010988,3.532967032967033,2.5851648351648358,0,1,0,14.31,0.5237730473579529,27.969780219780212,harrial01
213,Antonio,Davis,404,10.754950495049505,1.5594059405940597,8.096534653465346,1.0198019801980198,0.4603960396039604,1.6658415841584158,9.254950495049505,3.9282178217821775,0.0074257425742574,0.0,3.772277227722772,2.8985148514851486,0,1,1,10.914752475247523,0.4926795417229836,27.8279702970297,davisan01
954,Kerry,Kittles,240,12.879166666666666,2.55,3.691666666666667,0.4333333333333333,1.5166666666666666,1.1083333333333334,11.179166666666667,5.133333333333334,3.158333333333333,1.1666666666666667,1.8875,1.4458333333333333,1,0,0,12.009666666666668,0.5362000055510838,27.825000000000003,
201145,Jeff,Green,240,14.029166666666669,1.7,5.783333333333333,0.6416666666666667,0.9625,1.9416666666666669,12.029166666666669,5.3375,2.645833333333333,0.9208333333333332,3.2,2.433333333333333,0,1,0,13.437166666666666,0.5220284534189996,27.7875,
2400,Drew,Gooden,580,11.891379310344828,1.0724137931034483,7.86896551724138,0.6706896551724137,0.746551724137931,1.6137931034482758,10.056896551724138,4.741379310344827,0.25,0.0534482758620689,3.1517241379310343,2.3551724137931034,0,1,0,11.443655172413791,0.5195621124188678,27.7448275862069,
2740,Andris,Biedrins,348,8.181034482758621,1.0833333333333333,8.21551724137931,1.2672413793103448,0.6925287356321839,1.1264367816091954,5.910919540229885,3.5632183908045976,0.0057471264367816,0.0,2.031609195402299,1.0545977011494252,0,0,1,6.804827586206896,0.6011198945981555,27.715517241379317,biedran01
201574,Jason,Thompson,157,11.777070063694268,1.382165605095541,7.917197452229299,0.8407643312101911,0.554140127388535,1.8152866242038217,9.560509554140127,4.624203821656051,0.1146496815286624,0.0063694267515923,3.5859872611464967,2.522292993630573,0,1,1,11.138343949044586,0.5286724003842811,27.675159235668787,
136,P.J.,Brown,565,8.939823008849558,1.5256637168141594,8.173451327433629,0.8548672566371681,0.7628318584070797,1.2,7.435398230088496,3.447787610619469,0.0194690265486725,0.0,2.4283185840707966,2.0442477876106198,0,1,1,8.503858407079647,0.5256333408260279,27.55929203539824,
937,Scottie,Pippen,213,10.352112676056338,4.657276995305164,4.694835680751174,0.488262910798122,1.5070422535211268,2.431924882629108,9.070422535211268,3.910798122065728,2.5539906103286385,0.7934272300469484,2.262910798122065,1.7370892018779345,1,1,0,10.066103286384976,0.5142065594567367,27.49765258215963,
923,Donyell,Marshall,577,11.197573656845751,1.2218370883882148,6.715771230502599,0.8752166377816292,0.8457538994800693,1.2547660311958406,9.315424610051991,4.266897746967072,2.979202772963605,1.0953206239168112,2.121317157712305,1.5684575389948008,0,1,0,10.248804159445408,0.5462868390614113,27.47833622183709,marshdo01
201149,Joakim,Noah,217,7.889400921658986,1.4838709677419355,7.953917050691245,1.262672811059908,0.6866359447004609,1.327188940092166,5.801843317972351,2.9769585253456223,0.0092165898617511,0.0,2.7419354838709675,1.935483870967742,0,1,1,7.008294930875576,0.5628616517622304,27.188940092165897,
201563,Michael,Beasley,159,14.333333333333334,1.150943396226415,5.8930817610062896,0.5408805031446541,0.7610062893081762,1.5849056603773586,12.559748427672956,5.786163522012578,1.150943396226415,0.3836477987421384,3.0251572327044025,2.3773584905660377,0,1,0,13.890817610062893,0.5159283541002608,26.937106918239,
2199,Tyson,Chandler,588,8.071428571428571,0.8231292517006803,8.77721088435374,1.379251700680272,0.5204081632653061,1.5918367346938775,5.431972789115647,3.027210884353741,0.010204081632653,0.0,3.3095238095238093,2.017006802721089,0,0,1,6.888163265306122,0.5858912064470253,26.88690476190476,
201163,Wilson,Chandler,181,13.43646408839779,1.8839779005524864,5.082872928176796,0.7734806629834254,0.7292817679558011,1.5138121546961325,11.911602209944752,5.375690607734807,2.729281767955801,0.8397790055248618,2.3701657458563536,1.8453038674033149,0,1,0,12.954475138121548,0.5186031832682236,26.87016574585636,
1496,Keith,Van Horn,391,14.158567774936062,1.4603580562659846,6.309462915601023,0.40153452685422,0.7698209718670077,1.8414322250639383,11.77237851662404,5.291560102301791,2.9411764705882355,1.09462915601023,3.020460358056266,2.4808184143222505,0,1,0,13.1013810741688,0.5403463838958037,26.815856777493604,
711,Jerry,Stackhouse,540,17.127777777777776,3.579629629629629,3.172222222222222,0.3185185185185185,0.8462962962962963,2.551851851851852,14.053703703703704,5.687037037037037,3.3851851851851853,1.0814814814814817,5.492592592592593,4.672222222222223,0,1,0,16.470444444444446,0.5199549361145216,26.81111111111111,stackje01
2224,Jamaal,Tinsley,436,9.809633027522937,6.637614678899083,3.288990825688073,0.305045871559633,1.5894495412844036,2.770642201834862,9.371559633027523,3.697247706422018,2.6307339449541285,0.7958715596330275,2.261467889908257,1.6192660550458715,1,0,0,10.366605504587156,0.4731362172112288,26.736238532110097,
1541,Alvin,Williams,301,10.953488372093023,5.043189368770764,2.963455149501661,0.2757475083056478,1.415282392026578,1.5348837209302326,10.445182724252492,4.418604651162791,1.7906976744186047,0.5614617940199336,2.043189368770764,1.5548172757475085,1,0,0,11.344186046511629,0.482779827798278,26.6578073089701,willial02
2755,Kevin,Martin,353,17.478753541076486,1.8951841359773367,3.6288951841359776,0.1189801699716713,0.9546742209631728,1.725212464589235,11.75070821529745,5.26628895184136,3.654390934844193,1.388101983002833,6.492917847025495,5.558073654390935,1,0,0,14.60759206798867,0.5982763435521906,26.609065155807365,
275,Allan,Houston,307,19.648208469055376,2.3583061889250816,2.964169381107492,0.1009771986970684,0.6710097719869706,2.0586319218241043,16.156351791530945,7.1237785016286646,4.3322475570032575,1.719869706840391,4.091205211726384,3.680781758957655,1,0,0,17.956482084690553,0.5471062866430604,26.60260586319218,
2037,Jamal,Crawford,672,15.617559523809524,4.049107142857143,2.7261904761904763,0.2336309523809523,1.0178571428571428,2.0922619047619047,13.386904761904765,5.477678571428571,5.028273809523809,1.7678571428571428,3.424107142857143,2.894345238095238,1,0,0,14.893511904761905,0.5243074844830963,26.60193452380953,
2419,Tayshaun,Prince,579,12.80656303972366,2.689119170984456,4.7789291882556135,0.6113989637305699,0.6252158894645942,1.2366148531951642,10.949913644214162,5.070811744386874,1.89119170984456,0.6994818652849741,2.5492227979274613,1.9654576856649395,0,1,0,12.071571675302245,0.5304430684003296,26.48186528497409,
2551,T.J.,Ford,374,12.093582887700537,6.17379679144385,3.294117647058824,0.1203208556149732,1.2085561497326205,2.56951871657754,10.545454545454543,4.596256684491979,1.0668449197860963,0.3181818181818182,3.1550802139037435,2.5828877005347595,1,0,0,11.933689839572192,0.5066992292525543,26.471925133689844,
200794,Paul,Millsap,322,9.944099378881988,1.279503105590062,6.509316770186335,0.9906832298136646,0.8726708074534162,1.3229813664596273,7.34472049689441,3.872670807453416,0.062111801242236,0.0062111801242236,3.18944099378882,2.192546583850932,0,1,0,8.748074534161491,0.5683593195308284,26.43478260869565,
1729,Ricky,Davis,639,14.82942097026604,3.608763693270736,3.729264475743349,0.2691705790297339,1.051643192488263,2.356807511737089,12.555555555555555,5.589984350547731,2.5007824726134587,0.9092331768388108,3.503912363067293,2.740219092331768,1,0,0,14.097276995305164,0.5259675671835314,26.406103286384976,
302,Mookie,Blaylock,104,8.451923076923077,5.538461538461538,3.1153846153846154,0.2307692307692307,1.7980769230769231,1.5865384615384617,9.10576923076923,3.5288461538461537,2.5673076923076925,0.8461538461538461,0.8076923076923077,0.5480769230769231,1,0,0,9.461153846153843,0.4466644985568519,26.375,
1711,Raef,LaFrentz,466,9.695278969957082,1.0751072961373391,5.772532188841201,1.5493562231759657,0.482832618025751,0.871244635193133,8.09656652360515,3.811158798283262,2.3626609442060085,0.871244635193133,1.6781115879828326,1.201716738197425,0,1,1,8.834935622317596,0.5486898481448017,26.35300429184549,
101115,Andrew,Bynum,277,10.332129963898916,1.0938628158844763,6.7111913357400725,1.4657039711191335,0.2924187725631769,1.3862815884476534,7.263537906137184,4.122743682310469,0.0144404332129963,0.0,3.0144404332129966,2.0866425992779782,0,0,1,8.589891696750904,0.601412120702698,26.29963898916967,bynuman01
2203,Shane,Battier,685,9.785401459854016,1.9197080291970805,4.744525547445256,1.018978102189781,1.1153284671532846,1.032116788321168,7.855474452554745,3.4788321167883214,3.3255474452554745,1.2802919708029197,2.065693430656934,1.5474452554744529,0,1,0,8.764379562043796,0.5582483843027516,26.25474452554744,battish01
2034,Mike,Miller,691,13.672937771345875,3.23589001447178,5.091172214182344,0.2952243125904486,0.6700434153400868,1.9175108538350216,10.798842257597684,5.011577424023155,4.480463096960926,1.8162083936324167,2.380607814761216,1.833574529667149,1,1,0,11.84630969609262,0.5770969239414596,26.18958031837916,
297,Alonzo,Mourning,304,10.039473684210526,0.5296052631578947,5.789473684210527,2.2697368421052637,0.2335526315789473,1.6776315789473684,6.990131578947368,3.720394736842105,0.0164473684210526,0.0032894736842105,4.1743421052631575,2.5953947368421053,0,0,1,8.826842105263157,0.5686900005962674,26.175986842105264,
201959,Taj,Gibson,82,8.963414634146341,0.8536585365853658,7.451219512195122,1.2682926829268293,0.6097560975609756,1.3902439024390243,7.670731707317073,3.792682926829268,0.0,0.0,2.1341463414634148,1.3780487804878048,0,1,0,8.609756097560975,0.5205382436260623,26.152439024390244,
101111,Charlie,Villanueva,352,13.056818181818182,1.1136363636363635,5.965909090909091,0.6278409090909091,0.6022727272727273,1.3409090909090908,11.514204545454543,5.167613636363637,2.9119318181818183,0.9715909090909092,2.2045454545454546,1.75,0,1,0,12.484204545454546,0.5229335250907965,25.914772727272734,
686,Antonio,McDyess,580,9.703448275862067,1.186206896551724,7.412068965517242,0.7482758620689656,0.6689655172413793,1.186206896551724,8.205172413793104,4.117241379310345,0.0120689655172413,0.0,2.220689655172414,1.4689655172413794,0,1,1,9.182275862068966,0.5283792613956423,25.897413793103453,
1719,Bonzi,Wells,518,12.613899613899614,2.218146718146718,4.915057915057915,0.3455598455598455,1.3494208494208495,2.146718146718147,10.832046332046332,4.955598455598456,1.2104247104247103,0.3899613899613899,3.3030888030888037,2.312741312741313,1,1,0,12.285405405405406,0.5133692864685473,25.800193050193048,
2735,Josh,Childress,284,11.133802816901408,1.852112676056338,5.570422535211268,0.5387323943661971,1.017605633802817,1.3556338028169015,7.876760563380282,4.112676056338028,0.908450704225352,0.3274647887323944,3.2288732394366195,2.580985915492957,1,1,0,9.297464788732396,0.5987547718596619,25.781690140845072,
201569,Eric,Gordon,140,16.40714285714286,2.8642857142857143,2.5785714285714287,0.35,1.05,2.2,12.035714285714286,5.45,4.7,1.7857142857142858,4.635714285714286,3.721428571428572,1,0,0,14.075428571428573,0.5828292465086067,25.77142857142857,
2590,Mo,Williams,478,13.905857740585772,4.857740585774058,3.1443514644351462,0.1380753138075313,0.9539748953974896,2.278242677824268,11.751046025104603,5.2677824267782425,3.303347280334728,1.307531380753138,2.3744769874476988,2.062761506276151,1,0,0,12.79581589958159,0.5433751880190961,25.72071129707113,
934,Derrick,Coleman,195,10.430769230769233,1.3846153846153846,6.923076923076923,0.8564102564102564,0.6564102564102564,1.6205128205128203,9.03076923076923,3.9025641025641034,1.2256410256410255,0.4,2.8615384615384616,2.2256410256410257,0,1,0,10.289846153846154,0.5068476765743676,25.702564102564104,
1721,Keon,Clark,244,8.586065573770492,0.9877049180327868,6.127049180327869,1.7459016393442623,0.5286885245901639,1.3278688524590163,7.176229508196721,3.512295081967213,0.040983606557377,0.0,2.450819672131148,1.5614754098360657,0,1,1,8.254590163934427,0.5200782475721406,25.700819672131143,
703,Kurt,Thomas,738,9.0,1.195121951219512,7.302168021680217,0.8780487804878049,0.6802168021680217,1.1504065040650406,7.951219512195122,3.865853658536585,0.0311653116531165,0.008130081300813,1.589430894308943,1.2601626016260163,0,1,0,8.650569105691057,0.5201969887784065,25.678184281842817,
2732,Ben,Gordon,460,17.88695652173913,2.9521739130434783,2.858695652173913,0.1478260869565217,0.7978260869565217,2.3543478260869564,14.410869565217393,6.265217391304348,4.543478260869565,1.8369565217391304,4.0978260869565215,3.519565217391305,1,0,0,16.21391304347826,0.5515928349243805,25.677173913043475,
689,Theo,Ratliff,459,6.496732026143791,0.681917211328976,5.751633986928105,2.522875816993464,0.477124183006536,1.2396514161220045,5.16557734204793,2.503267973856209,0.0021786492374727,0.0,2.1372549019607843,1.4901960784313726,0,0,1,6.105969498910675,0.5319984015071504,25.667755991285404,
201141,Greg,Oden,82,9.426829268292684,0.6097560975609756,7.341463414634147,1.4268292682926829,0.4024390243902439,1.5365853658536586,6.134146341463414,3.5365853658536586,0.0,0.0,3.5365853658536586,2.3536585365853657,0,0,1,7.690243902439024,0.61290834126229,25.597560975609756,
2734,Devin,Harris,408,12.987745098039216,4.681372549019608,2.5245098039215685,0.2377450980392156,1.2475490196078431,2.122549019607843,9.754901960784316,4.340686274509804,1.9754901960784317,0.5955882352941176,4.637254901960785,3.7107843137254894,1,0,0,11.79529411764706,0.5505477425360729,25.49264705882353,
201155,Rodney,Stuckey,209,12.961722488038278,4.282296650717703,3.277511961722488,0.138755980861244,1.0909090909090908,1.9808612440191389,11.502392344497608,4.7990430622009566,0.8277511961722488,0.2105263157894736,3.851674641148325,3.15311004784689,1,0,0,13.19712918660287,0.4910811398738308,25.25837320574163,
714,Michael,Finley,724,14.084254143646408,2.3080110497237567,3.921270718232044,0.2638121546961326,0.7403314917127072,1.1187845303867403,12.473756906077348,5.447513812154696,3.849447513812154,1.4654696132596683,2.078729281767956,1.723756906077348,1,1,0,13.388397790055247,0.5259872900590103,25.20718232044199,finlemi01
2617,Udonis,Haslem,517,10.009671179883943,1.0754352030947776,8.079303675048356,0.3365570599613153,0.5938104448742747,1.1624758220502902,8.081237911025145,4.034816247582205,0.0251450676982591,0.0,2.5435203094777563,1.940038684719536,0,1,0,9.200386847195356,0.5439809948282387,25.138297872340424,
201576,Anthony,Randolph,96,9.197916666666666,0.9479166666666666,6.020833333333333,1.3020833333333333,0.7291666666666666,1.34375,7.708333333333333,3.5,0.09375,0.0104166666666666,2.8854166666666665,2.1875,0,1,0,8.977916666666665,0.5122522857010257,25.088541666666664,
1722,Michael,Dickerson,80,15.175,3.125,3.0875,0.3625,0.875,2.2,13.65,5.625,3.275,1.225,3.5125,2.7,1,0,0,15.1955,0.4993254581948603,25.04375,
200745,Andrea,Bargnani,301,13.691029900332223,1.0830564784053156,4.823920265780731,0.9900332225913622,0.3787375415282392,1.495016611295681,11.465116279069768,5.033222591362127,3.8039867109634553,1.4285714285714286,2.6943521594684388,2.1960132890365447,0,1,1,12.65063122923588,0.5411204252279507,25.03654485049834,
101107,Marvin,Williams,365,11.947945205479453,1.356164383561644,5.410958904109589,0.4712328767123288,0.8328767123287671,1.3123287671232875,9.427397260273972,4.252054794520548,1.082191780821918,0.3287671232876712,3.8767123287671232,3.115068493150685,0,1,0,11.133150684931506,0.5365931686189587,24.69041095890411,
397,Reggie,Miller,376,14.59308510638298,2.867021276595745,2.7127659574468086,0.1196808510638298,0.9202127659574468,1.2340425531914894,10.742021276595745,4.75,4.9388297872340425,1.8430851063829787,3.5531914893617023,3.25,1,0,0,12.305425531914894,0.5929532899343829,24.654255319148938,
956,Erick,Dampier,696,7.512931034482759,0.8347701149425287,7.583333333333333,1.5258620689655171,0.3204022988505747,1.4655172413793105,5.436781609195402,2.897988505747126,0.0172413793103448,0.0014367816091954,2.7485632183908044,1.7155172413793105,0,0,1,6.646149425287357,0.565209307956383,24.594109195402304,
89,Nick,Van Exel,373,13.195710455764075,5.2171581769437,2.839142091152815,0.1018766756032171,0.6112600536193029,1.7962466487935658,12.203753351206434,4.932975871313673,4.238605898123325,1.5361930294906163,2.29490616621984,1.793565683646113,1,0,0,13.213512064343163,0.4993263861836125,24.5402144772118,
1747,Rafer,Alston,637,10.57927786499215,4.916797488226059,2.9293563579277864,0.1648351648351648,1.2574568288854002,1.830455259026688,9.880690737833596,3.803767660910518,4.395604395604396,1.5588697017268447,1.9372056514913656,1.41287284144427,1,0,0,10.733061224489797,0.4928359972853432,24.37676609105181,
201568,Danilo,Gallinari,109,12.761467889908255,1.3761467889908257,4.155963302752293,0.5688073394495413,0.8165137614678899,1.146788990825688,9.65137614678899,4.110091743119266,5.137614678899083,2.0,3.0642201834862384,2.541284403669725,0,1,0,10.999633027522936,0.5800860745979849,24.30733944954128,
2399,Mike,Dunleavy,565,12.182300884955753,2.529203539823009,4.688495575221239,0.295575221238938,0.8495575221238938,1.646017699115044,9.938053097345133,4.368141592920354,3.325663716814159,1.184070796460177,2.838938053097345,2.2619469026548678,1,1,0,11.187185840707963,0.5444756643188478,24.297345132743363,
201152,Thaddeus,Young,214,12.52803738317757,1.1261682242990654,4.850467289719626,0.2149532710280373,1.1869158878504673,1.4345794392523366,10.565420560747665,5.238317757009346,1.5,0.514018691588785,2.135514018691589,1.5373831775700937,0,1,0,11.505046728971962,0.544458344164284,24.231308411214957,
2032,Darius,Miles,445,10.123595505617978,1.8876404494382024,4.921348314606742,1.1123595505617978,0.8629213483146068,2.004494382022472,8.925842696629214,4.208988764044944,0.2943820224719101,0.049438202247191,2.808988764044944,1.6561797752808989,0,1,0,10.16179775280899,0.4981203007518796,24.229213483146065,
757,Damon,Stoudamire,527,11.32447817836812,5.1461100569259965,3.263757115749525,0.0702087286527514,0.935483870967742,1.9013282732447816,10.4573055028463,4.176470588235294,3.741935483870968,1.3510436432637571,1.8842504743833015,1.6204933586337762,1,0,0,11.286375711574951,0.5016879850435111,24.15939278937381,
1887,Wally,Szczerbiak,578,14.44636678200692,2.3027681660899653,4.031141868512111,0.2370242214532872,0.5709342560553633,1.5346020761245676,11.28719723183391,5.439446366782007,2.378892733564014,0.972318339100346,3.0069204152249136,2.5951557093425603,1,1,0,12.610242214532873,0.572802906408807,24.109861591695505,
201154,Al,Thornton,225,13.346666666666666,1.2933333333333332,4.533333333333333,0.6222222222222222,0.6666666666666666,1.6,11.546666666666669,5.168888888888889,1.0666666666666669,0.3288888888888889,3.608888888888889,2.68,0,1,0,13.134577777777778,0.5080736850653744,24.042222222222225,
1903,Kenny,Thomas,560,9.432142857142855,1.5392857142857144,6.971428571428572,0.4535714285714285,0.8446428571428571,1.6821428571428572,7.919642857142857,3.744642857142857,0.2142857142857142,0.0482142857142857,2.6892857142857145,1.894642857142857,0,1,1,9.10292857142857,0.5180828775668741,24.02678571428571,
2045,Hedo,Turkoglu,752,12.220744680851064,2.8763297872340425,4.257978723404255,0.3058510638297872,0.7819148936170213,1.6582446808510638,9.91755319148936,4.230053191489362,3.2779255319148937,1.256648936170213,3.136968085106383,2.503989361702128,0,1,0,11.297819148936169,0.5408452958818074,23.956781914893615,
258,Brian,Grant,402,9.345771144278608,1.1243781094527363,7.383084577114428,0.5223880597014925,0.6218905472636815,1.3756218905472637,7.917910447761194,3.8134328358208953,0.0099502487562189,0.0,2.1766169154228856,1.7189054726368158,0,1,1,8.875621890547263,0.5264854260089686,23.932835820895523,
2749,Jameer,Nelson,394,12.357868020304569,4.647208121827411,3.0228426395939088,0.065989847715736,0.9720812182741116,2.0609137055837565,10.309644670050762,4.761421319796955,2.6928934010152283,1.0431472081218274,2.215736040609137,1.7918781725888324,1,0,0,11.284568527918784,0.5475560713610969,23.893401015228427,
2564,Boris,Diaw,541,9.55083179297597,3.99445471349353,4.844731977818854,0.6044362292051756,0.6728280961182994,2.0406654343807764,8.007393715341959,3.9704251386321623,1.0702402957486137,0.354898336414048,1.7578558225508318,1.255083179297597,0,1,1,8.780850277264324,0.5438443596803665,23.83733826247689,
87,Dikembe,Mutombo,510,5.931372549019608,0.4607843137254901,7.686274509803922,1.6588235294117648,0.284313725490196,1.0490196078431373,4.276470588235294,2.1,0.0,0.0,2.3607843137254902,1.731372549019608,0,0,1,5.3152156862745095,0.5579616048635807,23.826470588235296,
101181,Jose,Calderon,359,9.779944289693594,6.584958217270195,2.35933147632312,0.0807799442896936,0.871866295264624,1.6128133704735377,7.621169916434541,3.777158774373259,1.8802228412256268,0.7270194986072424,1.7075208913649025,1.498607242339833,1,0,0,8.372479108635098,0.5840530721424484,23.78133704735376,
2204,Eddie,Griffin,302,7.188741721854305,0.7814569536423841,5.774834437086093,1.7152317880794703,0.347682119205298,0.7516556291390728,7.490066225165563,2.827814569536424,2.486754966887417,0.7847682119205298,1.1158940397350994,0.7483443708609272,0,1,0,7.981059602649007,0.4503626134722936,23.771523178807943,
201954,Darren,Collison,76,12.447368421052632,5.684210526315789,2.526315789473684,0.0526315789473684,1.0263157894736843,2.6578947368421053,10.38157894736842,4.947368421052632,1.513157894736842,0.6052631578947368,2.289473684210526,1.947368421052632,1,0,0,11.388947368421054,0.5464670271269467,23.76315789473684,
133,David,Wesley,466,13.21030042918455,3.281115879828326,2.3948497854077253,0.1566523605150214,1.1781115879828326,1.6566523605150214,11.721030042918455,4.783261802575107,3.73175965665236,1.3605150214592274,2.8969957081545066,2.2832618025751072,1,0,0,12.995708154506438,0.5082562747688243,23.75,
361,Clifford,Robinson,526,10.94296577946768,2.32319391634981,3.724334600760456,0.8631178707224335,0.8536121673003803,1.570342205323194,10.245247148288971,4.173003802281369,2.9657794676806084,1.057034220532319,2.2547528517110265,1.5399239543726235,0,1,1,11.237338403041823,0.4869020308450237,23.74049429657795,robincl02
2217,Brendan,Haywood,607,7.71993410214168,0.6144975288303131,6.352553542009884,1.5189456342668863,0.4316309719934102,1.14332784184514,5.439868204283361,2.8945634266886326,0.0032948929159802,0.0,3.1202635914332784,1.9308072487644152,0,0,1,6.812784184514003,0.5665770331966262,23.686161449752884,
1715,Jason,Williams,629,10.448330683624802,5.836248012718601,2.220985691573927,0.0794912559618442,1.1287758346581875,1.8855325914149443,9.605723370429253,3.8934817170111287,4.639109697933227,1.562798092209857,1.3179650238473768,1.0985691573926868,1,0,0,10.1856279809221,0.5128957538599853,23.596184419713836,
221,Clar.,Weatherspoon,307,7.566775244299674,0.9055374592833876,7.100977198697068,0.6840390879478827,0.749185667752443,0.8859934853420195,6.133550488599348,2.8436482084690557,0.003257328990228,0.0,2.403908794788274,1.8794788273615637,0,1,0,7.1912703583061885,0.5261083833094777,23.537459283387623,
200748,Tyrus,Thomas,279,8.03225806451613,0.942652329749104,5.211469534050179,1.3763440860215057,0.8888888888888888,1.4050179211469531,6.541218637992832,2.946236559139785,0.07168458781362,0.014336917562724,2.967741935483871,2.1254480286738358,0,1,0,7.847025089605735,0.5118027515392908,23.51433691756273,
201144,Mike,Conley,215,10.93953488372093,4.655813953488372,2.818604651162791,0.1023255813953488,1.130232558139535,1.869767441860465,9.311627906976744,4.097674418604651,2.4186046511627906,0.9302325581395348,2.358139534883721,1.813953488372093,1,0,0,10.349209302325582,0.5285203228647958,23.341860465116284,
436,Juwan,Howard,704,11.943181818181818,1.7414772727272727,5.938920454545454,0.2443181818181818,0.5696022727272727,1.7045454545454546,10.375,4.796875,0.0227272727272727,0.002840909090909,2.957386363636364,2.346590909090909,0,1,0,11.67625,0.5114305456881199,23.310369318181817,howarju01
896,Tim,Hardaway,155,11.941935483870967,5.064516129032258,2.212903225806452,0.1032258064516129,1.0064516129032255,2.0064516129032257,11.038709677419355,4.2064516129032254,5.819354838709677,2.083870967741936,1.8193548387096772,1.4451612903225806,1,0,0,11.839225806451614,0.5043376855504936,23.283870967741937,hardati01
2753,Delonte,West,362,10.060773480662984,3.693370165745856,3.113259668508287,0.43646408839779,1.069060773480663,1.6464088397790055,8.53867403314917,3.812154696132597,2.494475138121547,0.930939226519337,1.839779005524862,1.5055248618784531,1,0,0,9.34817679558011,0.5381142066878642,23.0,
2760,Anderson,Varejao,385,7.007792207792208,0.8883116883116883,6.740259740259741,0.6961038961038961,0.8597402597402597,0.8467532467532467,5.220779220779221,2.7064935064935063,0.0545454545454545,0.0025974025974025,2.651948051948052,1.5922077922077922,0,1,0,6.387636363636364,0.5485434524487239,22.98051948051948,
1507,Derek,Anderson,446,11.4304932735426,3.3430493273542603,3.2152466367713006,0.132286995515695,1.047085201793722,1.5134529147982063,9.334080717488789,3.7623318385650224,3.497757847533632,1.2376681614349776,3.1591928251121075,2.6681614349775784,1,0,0,10.724125560538116,0.5329335808787864,22.9585201793722,
922,Elden,Campbell,314,9.292993630573248,1.0222929936305734,5.156050955414012,1.1847133757961783,0.5796178343949044,1.3503184713375795,7.509554140127388,3.328025477707006,0.0318471337579617,0.0,3.5127388535031847,2.6369426751592355,0,1,1,9.055159235668787,0.5131325352053233,22.9171974522293,
201229,Anthony,Tolliver,64,9.234375,1.625,5.640625,0.53125,0.578125,0.828125,8.015625,3.3125,3.015625,0.921875,2.25,1.6875,0,1,0,9.005625,0.512700395586092,22.9140625,
201171,Carl,Landry,191,12.162303664921463,0.6596858638743456,5.329842931937173,0.5287958115183246,0.5130890052356021,1.2041884816753927,8.209424083769633,4.575916230366492,0.0366492146596858,0.0104712041884816,3.816753926701571,3.0,0,1,0,9.888795811518325,0.614953726254262,22.905759162303664,
201977,Marcus,Thornton,73,14.47945205479452,1.5616438356164384,2.8904109589041096,0.1506849315068493,0.7945205479452054,1.0410958904109588,12.095890410958903,5.452054794520548,4.287671232876712,1.6027397260273972,2.4246575342465757,1.9726027397260275,1,1,0,13.162739726027398,0.5500166514028807,22.856164383561644,
201579,Roy,Hibbert,151,9.536423841059603,1.3708609271523178,4.682119205298013,1.3708609271523178,0.3311258278145695,1.3245033112582782,7.960264900662252,3.874172185430464,0.0397350993377483,0.0198675496688741,2.456953642384106,1.7682119205298013,0,0,1,9.04132450331126,0.5273798013536082,22.774834437086096,
101155,Ryan,Gomes,372,11.556451612903226,1.5618279569892473,5.158602150537634,0.1774193548387097,0.7338709677419355,1.2876344086021505,9.78763440860215,4.435483870967742,1.9193548387096773,0.6935483870967742,2.467741935483871,1.991935483870968,0,1,0,10.873440860215052,0.531407296065188,22.706989247311828,
2047,Quentin,Richardson,677,11.174298375184636,1.5672082717872968,4.955686853766617,0.2023633677991137,0.8183161004431314,1.187592319054653,10.1890694239291,4.079763663220088,4.456425406203841,1.5982274741506648,1.9852289512555392,1.4165435745937962,0,1,0,11.062570162481537,0.5050498306931432,22.666174298375186,
201973,Jonas,Jerebko,80,9.2625,0.725,5.975,0.3625,0.9875,1.025,7.5375,3.625,1.4375,0.45,2.2,1.5625,0,1,0,8.5055,0.5445006172476633,22.662499999999994,
2049,Speedy,Claxton,333,9.297297297297296,4.327327327327327,2.4924924924924925,0.1201201201201201,1.5105105105105106,1.7417417417417418,8.267267267267266,3.3813813813813813,0.6546546546546547,0.1261261261261261,3.1621621621621623,2.4084084084084085,1,0,0,9.658618618618618,0.4812953934931847,22.566066066066064,
201146,Jianlian,Yi,179,9.575418994413408,0.905027932960894,5.82122905027933,0.8044692737430168,0.5698324022346368,1.324022346368715,8.843575418994414,3.558659217877095,1.128491620111732,0.3854748603351955,2.575418994413408,2.0726256983240225,0,1,0,9.976759776536314,0.4798862160103928,22.51396648044693,
1739,Ruben,Patterson,544,10.930147058823527,1.8786764705882355,4.104779411764706,0.3786764705882353,1.1985294117647058,1.856617647058824,8.213235294117647,4.233455882352941,0.2996323529411764,0.0404411764705882,3.8308823529411766,2.422794117647059,0,1,0,9.898823529411764,0.552093237461374,22.50091911764705,
1515,Anthony,Parker,316,10.69620253164557,2.411392405063291,3.6867088607594938,0.1930379746835443,0.9968354430379748,1.0854430379746836,8.686708860759493,3.9556962025316458,3.3765822784810124,1.4240506329113924,1.6582278481012658,1.360759493670886,1,0,0,9.41632911392405,0.5679603167134927,22.43196202531646,
913,Larry,Johnson,65,9.923076923076923,1.9538461538461536,5.584615384615384,0.4461538461538462,0.6,1.4923076923076923,9.2,3.784615384615385,2.507692307692308,0.7846153846153846,1.9692307692307691,1.5692307692307692,0,1,0,10.066461538461535,0.4928781024575132,22.43076923076923,johnsla02
200758,Ronnie,Brewer,270,10.355555555555556,1.8185185185185184,2.888888888888889,0.2592592592592592,1.462962962962963,0.9481481481481482,7.718518518518518,4.022222222222222,0.6481481481481481,0.1518518518518518,3.055555555555556,2.1592592592592594,0,1,0,9.062962962962963,0.5713118103800572,22.40925925925926,
238,Tyrone,Hill,163,7.717791411042945,0.6871165644171779,8.343558282208589,0.4110429447852761,0.6134969325153374,1.503067484662577,6.625766871165644,2.950920245398773,0.0122699386503067,0.0,2.8220858895705523,1.8159509202453987,0,1,0,7.867484662576687,0.4904865876481597,22.355828220858896,hillty01
1501,Tim,Thomas,617,11.841166936790923,1.6580226904376012,4.26742301458671,0.3889789303079417,0.7617504051863857,1.4975688816855754,10.058346839546193,4.332252836304701,3.5461912479740683,1.3225283630470015,2.419773095623987,1.8541329011345216,0,1,0,11.123047001620746,0.5322807201599319,22.337115072933543,
1709,Michael,Olowokandi,374,7.890374331550802,0.7058823529411765,6.419786096256685,1.3422459893048129,0.4385026737967914,1.700534759358289,7.898395721925134,3.4385026737967914,0.0,0.0,1.681818181818182,1.0133689839572193,0,0,1,8.638395721925134,0.4567036858200547,22.300802139037437,olowomi01
1723,Matt,Harpring,611,11.818330605564649,1.397708674304419,5.13911620294599,0.1718494271685761,0.7545008183306056,1.5171849427168576,9.322422258592471,4.497545008183306,0.7315875613747954,0.2389525368248772,3.4189852700491,2.5842880523731586,0,1,0,10.826775777414076,0.5457917873490589,22.29459901800327,
2420,Nenad,Krstic,347,10.47550432276657,0.9193083573487032,5.550432276657061,0.7521613832853026,0.3919308357348703,1.2708933717579252,8.763688760806916,4.302593659942363,0.0403458213256484,0.0057636887608069,2.5792507204610957,1.8645533141210373,0,0,1,9.898559077809798,0.5291428904157447,22.21469740634005,
2046,Desmond,Mason,642,12.098130841121495,1.6339563862928348,4.459501557632398,0.3582554517133956,0.6869158878504673,1.6074766355140186,10.177570093457945,4.565420560747664,0.3956386292834891,0.102803738317757,3.870716510903427,2.864485981308411,1,0,0,11.880685358255452,0.5091512179772923,22.20404984423676,
1899,James,Posey,734,8.878746594005449,1.6798365122615804,4.900544959128065,0.3528610354223433,1.0831062670299727,1.1743869209809263,7.239782016348774,2.975476839237057,3.453678474114441,1.20708446866485,2.092643051771117,1.720708446866485,0,1,0,8.160544959128066,0.5440045143108997,22.14441416893733,
358,Anfernee,Hardaway,275,9.64,3.152727272727273,3.807272727272727,0.3018181818181818,1.1381818181818182,1.8654545454545453,9.283636363636363,3.909090909090909,1.1381818181818182,0.3781818181818182,1.8109090909090908,1.4436363636363636,0,1,0,10.080436363636364,0.4781539038714054,22.10909090909091,
201938,Jonny,Flynn,81,13.506172839506172,4.395061728395062,2.3580246913580245,0.0246913580246913,1.0123456790123455,2.876543209876543,11.753086419753089,4.901234567901234,2.654320987654321,0.9506172839506172,3.333333333333333,2.753086419753086,1,0,0,13.219753086419754,0.5108330220395965,22.030864197530864,
953,Lorenzen,Wright,508,8.346456692913385,0.9133858267716536,6.299212598425197,0.687007874015748,0.6161417322834646,1.187007874015748,7.714566929133858,3.503937007874016,0.0374015748031496,0.0,2.074803149606299,1.3385826771653544,0,1,1,8.62748031496063,0.4837134590988326,22.00393700787402,
693,Joe,Smith,652,9.108895705521473,0.8466257668711656,5.903374233128834,0.6779141104294478,0.4723926380368098,0.9386503067484664,7.613496932515337,3.5122699386503067,0.0613496932515337,0.0107361963190184,2.5920245398773005,2.0736196319018405,0,1,1,8.75398773006135,0.5202712173242694,21.95782208588957,
270,Horace,Grant,213,7.107981220657277,1.4225352112676055,5.948356807511737,0.6150234741784038,0.6338028169014085,0.6056338028169014,6.258215962441315,2.967136150234742,0.0187793427230046,0.0,1.568075117370892,1.1737089201877935,0,0,1,6.948169014084508,0.5115003108192113,21.94835680751174,grantho01
200081,Jamario,Moon,219,7.004566210045662,1.0684931506849316,4.748858447488584,0.9041095890410958,0.91324200913242,0.5342465753424658,5.917808219178082,2.808219178082192,1.8493150684931507,0.6255707762557078,0.958904109589041,0.7625570776255708,0,1,0,6.33972602739726,0.552434456928839,21.93150684931507,
201150,Spencer,Hawes,220,8.786363636363637,1.5954545454545457,5.5227272727272725,0.9818181818181818,0.4090909090909091,1.5772727272727274,8.10909090909091,3.7772727272727273,1.0136363636363637,0.3181818181818182,1.3636363636363635,0.9136363636363636,0,1,1,8.709090909090909,0.5044363256784969,21.87272727272727,
201196,Ramon,Sessions,178,10.044943820224718,4.702247191011236,3.039325842696629,0.0842696629213483,0.8707865168539326,1.8258426966292132,8.129213483146067,3.646067415730337,0.3146067415730337,0.0561797752808988,3.5280898876404496,2.696629213483146,1,0,0,9.681573033707863,0.518766102639092,21.825842696629213,
200751,Randy,Foye,261,12.203065134099615,3.5517241379310347,2.6436781609195403,0.2298850574712643,0.7432950191570882,1.8199233716475096,10.547892720306514,4.417624521072797,3.153256704980843,1.160919540229885,2.582375478927203,2.206896551724138,1,0,0,11.684137931034485,0.5222064822466191,21.74904214559387,
1510,Brevin,Knight,544,6.698529411764706,5.634191176470588,2.2205882352941178,0.0753676470588235,1.5735294117647058,1.6746323529411764,6.3088235294117645,2.5625,0.1783088235294117,0.025735294117647,1.9411764705882355,1.5477941176470589,1,0,0,7.162941176470588,0.4675823273384248,21.72702205882353,
2201,Eddy,Curry,511,13.270058708414872,0.5596868884540117,5.301369863013699,0.7475538160469667,0.3033268101761252,2.2720156555772992,9.197651663405088,5.013698630136986,0.0039138943248532,0.0039138943248532,5.041095890410959,3.238747553816047,0,0,1,11.415733855185907,0.5812179434433199,21.72113502935421,
201596,Mario,Chalmers,155,8.638709677419355,4.187096774193549,2.341935483870968,0.1290322580645161,1.6193548387096774,1.8580645161290323,7.2,2.967741935483871,3.529032258064516,1.219354838709677,1.9548387096774196,1.4838709677419355,1,0,0,8.060129032258065,0.5358915249895944,21.70967741935484,
735,Bryant,Reeves,75,8.293333333333333,1.0666666666666669,6.026666666666666,0.72,0.5733333333333334,1.2,7.36,3.3866666666666667,0.0533333333333333,0.0133333333333333,1.893333333333333,1.5066666666666666,0,0,1,8.193066666666667,0.5061189949225361,21.706666666666667,reevebr01
727,Eric,Snow,540,7.785185185185185,5.390740740740741,2.8222222222222224,0.1629629629629629,1.1296296296296295,1.7944444444444445,6.779629629629629,2.857407407407408,0.2907407407407407,0.0574074074074074,2.562962962962963,2.012962962962963,1,0,0,7.907333333333333,0.4922762742508126,21.686111111111117,
2557,Luke,Ridnour,516,9.356589147286822,4.833333333333333,2.25968992248062,0.2093023255813953,1.0368217054263569,1.6686046511627908,8.251937984496124,3.496124031007752,1.8507751937984496,0.6414728682170543,1.994186046511628,1.7228682170542635,1,0,0,9.12937984496124,0.5124438519474565,21.64341085271318,
2555,Nick,Collison,454,7.784140969162996,0.8920704845814978,6.634361233480176,0.6806167400881057,0.5242290748898678,1.1365638766519823,6.081497797356828,3.2180616740088106,0.0352422907488986,0.0022026431718061,1.8502202643171808,1.3458149779735682,0,1,1,6.895594713656388,0.5644285440490641,21.620044052863435,
101154,Andray,Blatche,315,8.714285714285714,1.361904761904762,4.8920634920634924,0.946031746031746,0.6730158730158731,1.4984126984126984,7.711111111111111,3.6222222222222222,0.3746031746031746,0.0888888888888888,1.93968253968254,1.380952380952381,0,1,1,8.564571428571428,0.5087403255938083,21.574603174603176,blatcan01
702,Voshon,Lenard,315,12.511111111111113,2.0984126984126985,2.7904761904761903,0.2539682539682539,0.8444444444444444,1.3650793650793651,11.346031746031748,4.619047619047619,3.977777777777778,1.46984126984127,2.307936507936508,1.8031746031746032,1,0,0,12.36152380952381,0.5060505203036559,21.507936507936503,
2571,Leandro,Barbosa,466,12.605150214592276,2.592274678111588,2.356223175965665,0.1545064377682403,0.9592274678111588,1.497854077253219,9.972103004291846,4.663090128755365,3.821888412017168,1.5214592274678111,2.1223175965665235,1.757510729613734,1,0,0,10.905922746781116,0.5779038833881657,21.487124463519315,
682,Bob,Sura,327,9.134556574923549,3.804281345565749,4.015290519877676,0.146788990825688,0.9602446483180428,1.9174311926605505,7.415902140672783,3.070336391437309,1.908256880733945,0.5902140672782875,3.2996941896024463,2.403669724770642,1,0,0,8.867767584097859,0.5150426242171766,21.457186544342505,
966,Jerome,Williams,342,6.906432748538012,0.95906432748538,6.362573099415204,0.260233918128655,1.1578947368421053,1.0760233918128654,5.248538011695906,2.5526315789473686,0.0643274853801169,0.0029239766081871,2.7690058479532165,1.7982456140350878,0,1,1,6.466900584795321,0.5339832163784997,21.4093567251462,
717,Arvydas,Sabonis,139,7.856115107913669,1.6762589928057554,4.7913669064748206,0.7985611510791367,0.7266187050359713,1.1510791366906474,6.309352517985611,3.014388489208633,0.1510791366906475,0.0287769784172661,2.302158273381295,1.7985611510791366,0,0,1,7.322302158273381,0.5364511691884457,21.35611510791367,sabonar01
2398,Jay,Williams,75,9.52,4.666666666666667,2.6,0.2266666666666666,1.1466666666666667,2.28,9.133333333333333,3.64,2.6933333333333334,0.8666666666666667,2.1466666666666665,1.3733333333333333,1,0,0,10.077866666666663,0.4723221845893311,21.35333333333333,
905,Dale,Davis,444,5.912162162162162,0.9684684684684683,6.351351351351352,0.8986486486486487,0.545045045045045,0.6801801801801802,4.77027027027027,2.391891891891892,0.0112612612612612,0.0,1.7477477477477477,1.1283783783783785,0,1,1,5.539279279279279,0.5336580685033991,21.306306306306304,
101126,Nate,Robinson,337,12.068249258160238,2.70919881305638,2.792284866468843,0.0563798219584569,0.9287833827893176,1.486646884272997,10.062314540059347,4.308605341246291,3.735905044510386,1.3353115727002969,2.6706231454005933,2.115727002967359,1,0,0,11.237388724035608,0.5369685767097967,21.287833827893174,
363,Christian,Laettner,308,7.493506493506493,2.0779220779220777,4.970779220779221,0.5,0.9155844155844156,1.2337662337662338,6.068181818181818,3.0064935064935066,0.2175324675324675,0.0487012987012987,1.7305194805194806,1.431818181818182,0,1,1,6.82961038961039,0.5486042443142922,21.26136363636364,laettch01
965,Derek,Fisher,738,10.345528455284551,3.2262872628726287,2.306233062330623,0.089430894308943,1.1598915989159893,1.2317073170731707,8.86720867208672,3.597560975609756,3.180216802168021,1.2046070460704608,2.3089430894308944,1.94579945799458,1,0,0,9.883143631436312,0.5233925986048349,21.17818428184282,
2031,Stromile,Swift,547,8.376599634369287,0.5027422303473492,4.634369287020109,1.2486288848263254,0.6471663619744058,1.2614259597806217,6.6234003656307125,3.1316270566727606,0.0493601462522851,0.0036563071297989,3.016453382084095,2.109689213893967,0,1,1,7.950639853747714,0.5267877673028283,21.142595978062158,
2772,Trevor,Ariza,381,8.48031496062992,1.7742782152230971,4.125984251968504,0.3228346456692913,1.2598425196850394,1.2860892388451444,7.131233595800525,3.1548556430446197,1.6824146981627297,0.5406824146981627,2.477690288713911,1.6299212598425197,0,1,0,8.221417322834647,0.5157453166302722,21.08923884514436,
101235,Kelenna,Azubuike,204,10.642156862745098,1.1274509803921569,4.063725490196078,0.5049019607843137,0.6323529411764706,0.9754901960784312,8.529411764705882,3.9166666666666665,2.5049019607843137,1.0245098039215683,2.3186274509803924,1.7843137254901962,1,0,0,9.549607843137254,0.5572038683448659,21.02696078431373,
121,Patrick,Ewing,144,7.986111111111111,0.8819444444444444,5.881944444444445,0.9444444444444444,0.5208333333333334,1.4930555555555556,7.0625,3.0694444444444446,0.0208333333333333,0.0,2.673611111111111,1.8472222222222223,0,0,1,8.238888888888889,0.4846594740391098,21.006944444444446,
200816,Jorge,Garbajosa,74,7.95945945945946,1.7297297297297298,4.662162162162162,0.2027027027027027,1.0945945945945943,0.8783783783783784,7.486486486486487,3.108108108108108,2.824324324324324,0.972972972972973,1.054054054054054,0.7702702702702703,0,1,0,7.950270270270271,0.5005779167799836,20.97972972972973,
2804,Andres,Nocioni,449,11.293986636971049,1.265033407572383,4.703786191536748,0.4721603563474387,0.44543429844098,1.4966592427616927,9.311804008908686,4.028953229398664,3.2293986636971046,1.2115812917594655,2.5256124721603563,2.024498886414254,0,1,0,10.423073496659242,0.5417781348558535,20.92427616926503,
2365,Chris,Andersen,404,5.445544554455446,0.5321782178217822,5.314356435643564,1.646039603960396,0.4356435643564356,0.8415841584158416,3.881188118811881,1.9306930693069304,0.0544554455445544,0.0049504950495049,2.448019801980198,1.5792079207920793,0,1,1,4.9583168316831685,0.5491323708540506,20.85891089108911,
915,Rodney,Rogers,354,9.536723163841808,1.7542372881355932,4.30225988700565,0.4350282485875706,0.884180790960452,1.5254237288135593,8.59322033898305,3.65819209039548,2.4745762711864407,0.807909604519774,1.847457627118644,1.4124293785310735,0,1,0,9.406101694915254,0.506943443371294,20.847457627118647,
2570,Kendrick,Perkins,437,6.475972540045767,1.022883295194508,6.070938215102975,1.4553775743707094,0.3020594965675057,1.654462242562929,4.615560640732266,2.601830663615561,0.0251716247139588,0.0,2.1052631578947367,1.2723112128146452,0,0,1,5.54187643020595,0.5842761582294161,20.837528604119,
1725,Rasho,Nesterovic,724,6.959944751381215,1.0248618784530388,5.187845303867404,1.1726519337016574,0.4267955801104972,0.9323204419889504,6.458563535911602,3.2610497237569063,0.0151933701657458,0.0013812154696132,0.744475138121547,0.43646408839779,0,0,1,6.786132596685083,0.5128064219361876,20.812154696132595,
891,Charles,Oakley,182,5.741758241758242,2.3076923076923075,6.571428571428571,0.3571428571428571,0.7582417582417582,1.362637362637363,6.093406593406593,2.340659340659341,0.3021978021978022,0.0659340659340659,1.2087912087912087,0.9945054945054944,0,1,0,6.625274725274725,0.4333222756676066,20.79670329670329,
2048,Jamaal,Magloire,628,7.705414012738854,0.6003184713375797,6.740445859872612,0.9410828025477708,0.3439490445859872,1.5461783439490446,5.743630573248407,2.7579617834394905,0.0111464968152866,0.0,3.393312101910828,2.1894904458598727,0,0,1,7.236687898089172,0.5323854034643009,20.764331210191088,
201627,Anthony,Morrow,134,11.75373134328358,1.373134328358209,3.417910447761194,0.208955223880597,0.753731343283582,1.0149253731343284,9.23134328358209,4.358208955223881,3.664179104477612,1.6865671641791045,1.537313432835821,1.3507462686567164,1,0,0,9.90776119402985,0.593157783736555,20.761194029850746,
2050,Morris,Peterson,706,10.794617563739378,1.5424929178470257,3.5127478753541075,0.1926345609065155,0.9036827195467422,1.0141643059490084,9.293201133144477,3.886685552407932,3.8243626062322944,1.4277620396600563,2.0623229461756374,1.593484419263456,1,0,0,10.200623229461756,0.5291155903377565,20.73441926345609,
201601,Luc,Mbah a Moute,155,6.754838709677419,1.0838709677419356,5.72258064516129,0.5419354838709678,0.9483870967741936,1.096774193548387,5.548387096774194,2.606451612903226,0.1354838709677419,0.0387096774193548,2.096774193548387,1.5032258064516129,0,1,0,6.4709677419354845,0.5219341974077766,20.73225806451613,
243,Aaron,McKie,371,8.237196765498652,3.115902964959569,3.547169811320755,0.1913746630727762,1.1725067385444743,1.479784366576819,7.056603773584905,3.1913746630727764,1.7412398921832883,0.6361185983827493,1.5606469002695418,1.2183288409703503,1,0,0,7.743288409703504,0.5318926746404155,20.7277628032345,
353,Darrell,Armstrong,565,8.469026548672566,3.784070796460177,2.792920353982301,0.1256637168141593,1.2920353982300885,1.647787610619469,7.256637168141593,2.9061946902654867,3.369911504424779,1.1132743362831858,1.7929203539823009,1.5433628318584072,1,0,0,8.045522123893805,0.5263192629550434,20.709734513274334,
699,Brent,Barry,597,8.807370184254607,3.2629815745393635,3.040201005025126,0.2462311557788944,1.0050251256281406,1.2981574539363483,6.291457286432161,2.976549413735343,3.639865996649916,1.5242881072026802,1.6063651591289785,1.3299832495812396,1,0,0,6.998257956448912,0.6292544686880679,20.670854271356784,
101127,Jarrett,Jack,404,10.621287128712872,4.207920792079208,2.722772277227723,0.0866336633663366,0.8316831683168316,2.014851485148515,8.111386138613861,3.6757425742574257,2.143564356435644,0.7623762376237624,2.948019801980198,2.507425742574257,1,0,0,9.408514851485148,0.564450781891272,20.66089108910891,
2747,JR,Smith,422,12.606635071090048,1.9644549763033172,2.5781990521327014,0.1658767772511848,0.9004739336492891,1.537914691943128,10.462085308056873,4.469194312796208,5.007109004739337,1.841232227488152,2.462085308056872,1.8270142180094784,1,0,0,11.545402843601895,0.5459590818035531,20.61018957345972,
200768,Kyle,Lowry,237,8.654008438818565,3.831223628691983,3.0253164556962027,0.2067510548523206,0.9915611814345991,1.5696202531645569,6.447257383966245,2.7130801687763717,1.6118143459915613,0.4261603375527426,3.637130801687764,2.80168776371308,1,0,0,8.047594936708862,0.5376766914139507,20.59282700421941,
201166,Aaron,Brooks,212,13.028301886792454,3.580188679245283,2.018867924528302,0.1273584905660377,0.6037735849056604,1.891509433962264,11.028301886792454,4.6415094339622645,4.443396226415095,1.6886792452830188,2.44811320754717,2.056603773584906,1,0,0,12.105471698113208,0.5381162424601381,20.568396226415096,
296,Rick,Fox,278,8.258992805755396,3.223021582733813,4.097122302158273,0.2446043165467626,0.8453237410071942,1.5719424460431657,7.402877697841727,3.1546762589928057,3.053956834532374,1.089928057553957,1.1007194244604317,0.8597122302158273,0,1,0,7.887194244604316,0.5235697606538238,20.455035971223023,foxri01
201584,Courtney,Lee,148,10.344594594594597,1.4324324324324325,2.9054054054054053,0.2297297297297297,1.141891891891892,0.9797297297297296,8.885135135135135,3.925675675675676,2.891891891891892,1.0675675675675675,1.6689189189189189,1.4256756756756757,1,0,0,9.61945945945946,0.5376910541694763,20.37837837837838,
2250,Bobby,Simmons,422,9.727488151658768,1.6492890995260665,4.113744075829384,0.1895734597156398,0.9028436018957346,1.2132701421800949,8.191943127962086,3.606635071090048,2.113744075829384,0.8483412322274881,2.0213270142180093,1.6658767772511849,0,1,0,9.08132701421801,0.5355763610554443,20.31516587677725,
201147,Corey,Brewer,176,9.193181818181818,1.8693181818181817,3.522727272727273,0.3238636363636363,1.181818181818182,1.5113636363636365,8.664772727272727,3.5681818181818183,1.619318181818182,0.5340909090909091,2.1875,1.5227272727272727,1,1,0,9.627272727272729,0.4774551463644948,20.28125,
754,Jim,Jackson,358,9.902234636871508,2.416201117318436,4.491620111731844,0.1731843575418994,0.723463687150838,1.7905027932960893,9.145251396648044,3.793296089385475,2.810055865921788,1.111731843575419,1.421787709497207,1.2039106145251397,1,1,0,9.770837988826814,0.5067239190842663,20.269553072625698,
762,Shawn,Bradley,353,5.005665722379604,0.4164305949008499,4.657223796033994,1.6968838526912182,0.5297450424929179,0.6458923512747875,3.84985835694051,1.9008498583569404,0.0254957507082152,0.0028328611898017,1.498583569405099,1.2011331444759208,0,0,1,4.509235127478753,0.5550459868321859,20.23087818696884,
1500,Ron,Mercer,243,11.62551440329218,1.9876543209876545,2.703703703703704,0.2510288065843621,0.7777777777777778,1.279835390946502,11.814814814814817,4.979423868312757,0.551440329218107,0.1522633744855967,1.872427983539095,1.51440329218107,1,1,0,12.638683127572016,0.4599179473821307,20.21810699588477,mercero01
201971,DeJuan,Blair,82,7.780487804878049,0.7926829268292683,6.414634146341464,0.4756097560975609,0.6097560975609756,1.3658536585365857,6.036585365853658,3.3536585365853657,0.024390243902439,0.0,1.9634146341463412,1.0731707317073171,0,1,1,6.900487804878049,0.5637636080870918,20.20121951219512,
976,Jeff,McInnis,502,10.00199203187251,4.649402390438247,2.133466135458167,0.0537848605577689,0.6673306772908366,1.4322709163346614,9.386454183266933,4.055776892430279,1.6872509960159363,0.5517928286852589,1.6752988047808766,1.3386454183266931,1,0,0,10.12358565737052,0.4939945376266223,20.19621513944223,
1509,Kelvin,Cato,357,5.490196078431373,0.4929971988795518,5.834733893557423,1.1512605042016806,0.5798319327731093,0.8571428571428571,4.078431372549019,2.103641456582633,0.0140056022408963,0.0,1.9803921568627447,1.2829131652661063,0,0,1,4.949803921568627,0.5545872286483917,20.191876750700278,
2038,Joel,Przybilla,512,4.2421875,0.455078125,6.564453125,1.56640625,0.287109375,1.013671875,2.984375,1.65625,0.005859375,0.0,1.666015625,0.9296875,0,0,1,3.717421875,0.5705819305214047,20.158203125,
201956,Omri,Casspi,77,10.285714285714286,1.2337662337662338,4.532467532467533,0.2207792207792207,0.7012987012987013,1.2727272727272727,8.727272727272727,3.896103896103896,2.636363636363636,0.974025974025974,2.25974025974026,1.5194805194805194,0,1,0,9.72155844155844,0.529015710163514,20.07792207792208,
2566,Travis,Outlaw,388,9.801546391752575,0.8891752577319587,3.497422680412371,0.7628865979381443,0.6365979381443299,0.963917525773196,8.505154639175258,3.747422680412371,1.3969072164948453,0.5077319587628866,2.4329896907216493,1.7989690721649485,0,1,0,9.575670103092785,0.5117942810387149,20.051546391752574,
1902,Jeff,Foster,677,5.158050221565731,0.9571639586410636,7.125553914327917,0.4062038404726735,0.6942392909896603,0.8537666174298375,4.066469719350074,2.023633677991137,0.0723781388478582,0.0088626292466765,1.791728212703102,1.10192023633678,0,1,1,4.854830132939439,0.5312287021711616,19.976366322008865,
45,George,McCloud,144,9.256944444444445,3.3541666666666665,3.298611111111111,0.3194444444444444,0.7708333333333334,1.8125,8.54861111111111,3.1666666666666665,3.1666666666666665,0.9513888888888888,2.388888888888889,1.9722222222222223,0,1,0,9.599722222222224,0.4821464741456639,19.97222222222222,
2422,John,Salmons,590,9.83728813559322,2.4593220338983053,3.071186440677966,0.2644067796610169,0.9152542372881356,1.4559322033898303,7.901694915254238,3.528813559322034,2.030508474576272,0.7440677966101695,2.5271186440677966,2.035593220338983,0,1,0,9.013627118644068,0.5456897654022911,19.93983050847458,
1517,Bobby,Jackson,564,10.340425531914894,2.2854609929078014,3.1152482269503547,0.0833333333333333,0.9078014184397164,1.2358156028368794,9.070921985815604,3.8368794326241136,3.1790780141843973,1.1436170212765957,1.9219858156028369,1.5230496453900708,1,0,0,9.916595744680851,0.5213697219361483,19.93439716312057,
201935,James,Harden,76,9.907894736842104,1.8026315789473684,3.210526315789474,0.2631578947368421,1.0526315789473684,1.394736842105263,7.605263157894737,3.0657894736842106,3.263157894736842,1.2236842105263157,3.1578947368421053,2.5526315789473686,1,0,0,8.994736842105263,0.5507606787595084,19.90131578947368,
2060,Marko,Jaric,446,7.159192825112108,3.587443946188341,2.690582959641256,0.2869955156950672,1.3071748878923768,1.5874439461883407,6.598654708520179,2.6681614349775784,1.883408071748879,0.647982062780269,1.609865470852018,1.1748878923766817,1,0,0,7.306995515695067,0.4898862199747156,19.778026905829595,
393,Rod,Strickland,254,7.960629921259843,4.9763779527559056,2.5551181102362204,0.1377952755905512,0.8622047244094488,1.7440944881889764,7.153543307086614,3.059055118110236,0.3622047244094488,0.0944881889763779,2.3188976377952755,1.748031496062992,1,0,0,8.173858267716534,0.4869566892725031,19.76968503937008,
2229,Mike,James,527,10.485768500948767,3.586337760910816,2.3434535104364325,0.0626185958254269,0.8083491461100569,1.5578747628083491,9.087286527514232,3.819734345351044,3.172675521821632,1.1992409867172675,2.0512333965844403,1.6470588235294117,1,0,0,9.989829222011386,0.5248222100656456,19.748576850094874,
2768,Chris,Duhon,446,7.737668161434978,5.130044843049327,2.5605381165919283,0.0538116591928251,0.8968609865470852,1.6659192825112108,6.692825112107624,2.62780269058296,3.42152466367713,1.2399103139013452,1.5582959641255605,1.242152466367713,1,0,0,7.37847533632287,0.5243405858757749,19.74439461883408,
101128,Francisco,Garcia,314,9.070063694267516,1.605095541401274,2.9872611464968157,0.7197452229299363,0.8662420382165605,1.2929936305732483,7.318471337579618,3.242038216560509,2.7229299363057327,1.0063694267515924,1.9681528662420384,1.5796178343949046,1,1,0,8.184458598726115,0.5541028514506288,19.716560509554142,
389,Toni,Kukoc,378,8.634920634920634,3.007936507936508,3.502645502645503,0.2857142857142857,0.8148148148148148,1.5502645502645502,7.203703703703703,3.0873015873015874,2.703703703703704,0.9365079365079364,2.177248677248677,1.5238095238095235,0,1,0,8.161693121693121,0.5289907685924696,19.702380952380956,
63,Michael,Smith,79,3.810126582278481,1.2784810126582278,7.113924050632911,0.4683544303797468,0.7215189873417721,0.7848101265822784,2.759493670886076,1.3417721518987342,0.0126582278481012,0.0,1.9493670886075949,1.1265822784810129,0,1,0,3.6172151898734177,0.5266657334826428,19.588607594936708,
2733,Shaun,Livingston,193,7.243523316062176,4.393782383419689,2.911917098445596,0.4404145077720207,0.8341968911917098,1.8704663212435235,6.601036269430052,3.010362694300518,0.1658031088082901,0.0310880829015544,1.6062176165803108,1.1917098445595855,1,0,0,7.307772020725389,0.4956040839478162,19.55958549222798,
101112,Channing,Frye,359,8.866295264623956,0.8746518105849582,4.707520891364903,0.5738161559888579,0.49025069637883,0.9860724233983288,7.665738161559888,3.4930362116991645,1.286908077994429,0.5348189415041783,1.6796657381615598,1.3454038997214484,0,1,1,8.404791086350974,0.5274548274627816,19.52367688022284,
201586,Serge,Ibaka,73,6.315068493150685,0.136986301369863,5.438356164383562,1.3287671232876712,0.3424657534246575,0.9315068493150684,5.068493150684931,2.7534246575342465,0.0273972602739726,0.0136986301369863,1.2602739726027397,0.7945205479452054,0,1,0,5.623013698630137,0.5615377119469889,19.5,
960,Tony,Delk,325,10.16,1.8553846153846156,2.8861538461538463,0.1476923076923077,0.8830769230769231,0.9815384615384616,9.252307692307692,3.7815384615384615,3.08,1.0861538461538462,1.926153846153846,1.5107692307692309,1,0,0,10.099815384615384,0.5029794908665505,19.43230769230769,
349,Mark,Jackson,289,6.235294117647059,6.089965397923876,2.9757785467128026,0.0415224913494809,0.7716262975778547,1.833910034602076,5.688581314878893,2.370242214532872,1.8615916955017304,0.6332179930795848,1.1176470588235294,0.8615916955017301,1,0,0,6.180346020761246,0.5044453900073903,19.41868512110727,jacksma01
452,Vin,Baker,270,9.496296296296295,1.0037037037037038,4.87037037037037,0.662962962962963,0.4333333333333333,1.662962962962963,8.022222222222222,3.662962962962963,0.1185185185185185,0.0111111111111111,3.1333333333333333,2.1592592592592594,0,1,0,9.40088888888889,0.5050743822491175,19.366666666666667,bakervi01
1737,Nazr,Mohammed,640,7.34375,0.4453125,5.734375,0.7234375,0.521875,1.128125,6.0703125,2.9953125,0.00625,0.0,2.0921875,1.353125,0,0,1,6.990875,0.525238257013607,19.33828125,
101142,Ronny,Turiaf,292,5.551369863013699,1.5582191780821917,3.9486301369863015,1.4315068493150684,0.3595890410958904,0.8527397260273972,4.133561643835616,2.1267123287671232,0.0205479452054794,0.0,1.88013698630137,1.297945205479452,0,0,1,4.960821917808219,0.5595211796542774,19.27054794520548,
2209,Vladimir,Radmanovic,588,8.935374149659864,1.4574829931972788,4.085034013605442,0.3401360544217687,0.7891156462585034,1.2551020408163265,7.857142857142857,3.273809523809524,3.795918367346939,1.4387755102040816,1.260204081632653,0.9489795918367347,0,1,0,8.411632653061224,0.5311319762881013,19.25595238095238,
2248,Earl,Watson,674,7.408011869436201,4.685459940652819,2.344213649851632,0.1899109792284866,1.0578635014836797,1.870919881305638,6.7373887240356085,2.807121661721068,2.013353115727003,0.6661721068249258,1.596439169139466,1.1275964391691395,1,0,0,7.439821958456974,0.4978621740413684,19.201780415430264,
2404,Chris,Wilcox,480,8.989583333333334,0.7875,5.214583333333334,0.4,0.5208333333333334,1.2458333333333331,6.879166666666666,3.625,0.0333333333333333,0.0,2.6791666666666667,1.7395833333333333,0,1,1,8.058,0.557804873004054,19.184375,
201228,C.J.,Watson,171,8.847953216374268,2.461988304093567,2.2923976608187133,0.0701754385964912,1.2514619883040936,1.046783625730994,6.953216374269005,3.192982456140351,1.7017543859649122,0.5964912280701754,2.2690058479532165,1.865497076023392,1,0,0,7.951578947368421,0.5563645456417498,19.17251461988304,
101150,Lou,Williams,303,10.45874587458746,2.9141914191419143,2.0033003300330035,0.1419141914191419,0.900990099009901,1.4521452145214522,8.349834983498349,3.5874587458745872,2.0594059405940595,0.6633663366336634,3.3366336633663365,2.6204620462046204,1,0,0,9.817953795379536,0.5326336878622043,19.1023102310231,
2470,Smush,Parker,271,9.11070110701107,2.918819188191882,2.4317343173431736,0.1623616236162361,1.239852398523985,1.830258302583026,7.85239852398524,3.3505535055350557,3.088560885608856,1.066420664206642,1.896678966789668,1.3431734317343174,1,0,0,8.686937269372693,0.5243908655316547,19.084870848708487,
201946,Tyler,Hansbrough,29,8.482758620689655,0.9655172413793104,4.758620689655173,0.2758620689655172,0.5862068965517241,0.7241379310344828,7.758620689655173,2.793103448275862,0.1379310344827586,0.0,3.896551724137931,2.896551724137931,0,1,0,9.473103448275864,0.4477285963890506,19.068965517241377,
1952,Raja,Bell,595,10.487394957983192,1.7680672268907562,2.9277310924369746,0.1915966386554622,0.6974789915966386,1.0252100840336134,8.921008403361345,3.880672268907563,3.4907563025210084,1.4352941176470588,1.6369747899159663,1.2907563025210085,1,0,0,9.64127731092437,0.543879955931778,19.03697478991597,
2036,Chris,Mihm,436,7.481651376146789,0.5114678899082569,5.279816513761468,1.018348623853211,0.2935779816513761,1.2270642201834865,6.263761467889908,2.873853211009174,0.0298165137614678,0.0068807339449541,2.451834862385321,1.7270642201834865,0,0,1,7.3425688073394495,0.5094709748356948,18.96215596330275,
201944,Terrence,Williams,78,8.41025641025641,2.858974358974359,4.461538461538462,0.1282051282051282,0.5512820512820513,1.5897435897435896,8.346153846153847,3.3461538461538463,1.2820512820512822,0.3974358974358974,1.8461538461538465,1.3205128205128205,1,1,0,9.15846153846154,0.4591522481661907,18.92948717948718,
2605,Marquis,Daniels,398,9.052763819095478,1.984924623115578,3.07286432160804,0.2412060301507537,1.0,1.3391959798994977,8.055276381909549,3.7035175879396975,0.8417085427135679,0.1984924623115578,2.0050251256281406,1.4472361809045229,0,1,0,8.937487437185931,0.5064490374235336,18.925879396984925,
201575,Brandon,Rush,157,8.815286624203821,1.1337579617834397,3.6878980891719744,0.6496815286624203,0.5987261146496815,1.070063694267516,8.13375796178344,3.4394904458598727,3.254777070063694,1.286624203821656,0.9872611464968152,0.6496815286624203,1,1,0,8.568152866242038,0.5144216473386857,18.90127388535032,
1502,Adonal,Foyle,555,4.099099099099099,0.4864864864864865,4.789189189189189,1.7333333333333334,0.3783783783783784,0.8018018018018018,3.774774774774775,1.809009009009009,0.0018018018018018,0.0,0.9081081081081082,0.4810810810810811,0,0,1,4.174342342342342,0.4909874134567241,18.855855855855857,
101141,Ersan,Ilyasova,145,8.565517241379311,0.9172413793103448,4.86896551724138,0.2758620689655172,0.5448275862068965,0.8413793103448276,7.531034482758621,3.1862068965517243,2.682758620689655,0.9310344827586208,1.703448275862069,1.2620689655172417,0,1,0,8.280551724137931,0.5172069160808875,18.8448275862069,
72,Kenny,Anderson,257,7.058365758754864,3.747081712062257,2.5252918287937742,0.0856031128404669,1.1750972762645917,1.3424124513618676,6.933852140077821,2.9610894941634243,0.3501945525291828,0.1089494163424124,1.3424124513618676,1.027237354085603,1,0,0,7.524513618677043,0.4690247181714758,18.82490272373541,anderke01
2594,Kyle,Korver,511,9.974559686888457,1.598825831702544,3.0528375733855184,0.309197651663405,0.7142857142857143,1.1135029354207435,8.037181996086106,3.461839530332681,4.2720156555773,1.7534246575342465,1.4755381604696671,1.2974559686888454,1,1,0,8.68641878669276,0.5741468338004307,18.81898238747554,
1548,Mark,Blount,604,8.18046357615894,0.8493377483443708,4.607615894039735,0.8410596026490066,0.5413907284768212,1.544701986754967,6.6407284768211925,3.3443708609271523,0.1705298013245033,0.0612582781456953,1.978476821192053,1.4304635761589404,0,1,1,7.511258278145696,0.5445468171398342,18.806291390728475,
441,Lamond,Murray,299,9.826086956521738,1.234113712374582,3.668896321070234,0.334448160535117,0.725752508361204,1.3244147157190636,8.752508361204013,3.682274247491639,2.160535117056856,0.8561872909698997,2.096989966555184,1.605351170568562,0,1,0,9.675183946488294,0.5077984569010813,18.77257525083612,
201950,Jrue,Holiday,73,8.04109589041096,3.835616438356164,2.616438356164384,0.2465753424657534,1.082191780821918,2.136986301369863,7.123287671232877,3.150684931506849,2.1780821917808217,0.8493150684931506,1.178082191780822,0.8904109589041096,1,0,0,7.6416438356164385,0.5261365266026101,18.760273972602743,
1499,Tony,Battie,574,6.132404181184669,0.554006968641115,5.331010452961673,0.8397212543554007,0.4895470383275261,0.8327526132404182,5.179442508710801,2.576655052264808,0.078397212543554,0.0104529616724738,1.3989547038327526,0.9686411149825784,0,0,1,5.794982578397213,0.5291132542870198,18.611498257839724,
201164,Rudy,Fernandez,140,9.414285714285716,2.0428571428571427,2.65,0.1642857142857142,0.9357142857142856,1.1285714285714286,7.521428571428571,3.057142857142857,4.742857142857143,1.8357142857142856,1.7214285714285715,1.4642857142857142,1,0,0,8.278857142857143,0.5685739922694644,18.59642857142857,
445,Wesley,Person,287,9.822299651567944,1.5818815331010454,2.843205574912892,0.2787456445993031,0.6411149825783972,0.7839721254355401,8.282229965156795,3.8397212543554007,3.010452961672474,1.2996515679442509,1.0557491289198606,0.8432055749128919,1,1,0,8.746759581881534,0.5614822014723222,18.571428571428573,
109,Robert,Horry,572,5.284965034965035,1.708041958041958,4.211538461538462,0.7412587412587412,0.7884615384615384,0.8916083916083916,4.722027972027972,1.8391608391608392,2.001748251748252,0.6888111888111889,1.277972027972028,0.9178321678321678,0,1,1,5.284335664335664,0.5000595505915358,18.5,horryro01
2033,Marcus,Fizer,289,9.626297577854672,1.217993079584775,4.6366782006920415,0.2802768166089965,0.4636678200692041,1.480968858131488,8.77508650519031,3.816608996539793,0.3806228373702422,0.0726643598615917,2.7785467128027683,1.9204152249134947,0,1,0,9.997647058823528,0.481428156105935,18.42214532871972,
2198,Kwame,Brown,509,6.705304518664047,0.9783889980353636,5.406679764243615,0.6424361493123772,0.5579567779960707,1.335952848722986,5.178781925343811,2.5265225933202355,0.0176817288801571,0.0019646365422396,2.880157170923379,1.650294695481336,0,0,1,6.446051080550098,0.5201094774827494,18.412573673870337,
201580,JaVale,McGee,131,6.679389312977099,0.2824427480916031,4.099236641221374,1.3435114503816794,0.3740458015267175,0.8549618320610687,5.290076335877862,2.648854961832061,0.0076335877862595,0.0,2.122137404580153,1.381679389312977,0,1,1,6.22381679389313,0.5365991267232497,18.41221374045801,
2440,Matt,Barnes,440,7.377272727272727,1.759090909090909,4.420454545454546,0.3386363636363636,0.7022727272727273,1.2522727272727272,6.204545454545454,2.756818181818182,2.4295454545454547,0.8,1.4772727272727273,1.0636363636363635,0,1,0,6.854545454545455,0.5381299734748011,18.30568181818182,
731,Greg,Ostertag,428,4.224299065420561,0.8060747663551402,5.142523364485982,1.5023364485981308,0.2336448598130841,0.9042056074766356,3.3948598130841123,1.647196261682243,0.0116822429906542,0.0023364485981308,1.7710280373831775,0.927570093457944,0,0,1,4.174112149532711,0.506011687526588,18.28271028037383,
101124,Hakim,Warrick,382,10.102094240837696,0.7225130890052356,4.293193717277487,0.3560209424083769,0.4319371727748691,1.256544502617801,7.424083769633508,3.683246073298429,0.225130890052356,0.0497382198952879,3.693717277486911,2.6858638743455496,0,1,0,9.049319371727748,0.5581687321368649,18.26439790575916,
166,Ron,Harper,47,6.531914893617022,2.404255319148936,3.5319148936170213,0.5319148936170213,0.8297872340425532,1.319148936170213,5.76595744680851,2.702127659574468,1.5319148936170213,0.4042553191489361,1.0212765957446808,0.723404255319149,1,0,0,6.21531914893617,0.525468985348487,18.244680851063837,harpero01
111,LaPhonso,Ellis,203,7.477832512315271,0.8078817733990148,4.620689655172414,0.6206896551724138,0.5517241379310345,1.0443349753694582,6.679802955665025,2.8916256157635467,1.2463054187192115,0.354679802955665,1.793103448275862,1.3399014778325122,0,1,0,7.468768472906403,0.5006067961165048,18.221674876847292,ellisla01
201588,George,Hill,153,9.163398692810455,2.366013071895425,2.372549019607843,0.3071895424836601,0.7450980392156863,1.1437908496732023,7.254901960784314,3.287581699346405,1.7058823529411764,0.6470588235294118,2.503267973856209,1.9411764705882355,1,0,0,8.356339869281046,0.5482902105559553,18.192810457516337,
1751,Jahidi,White,233,5.725321888412017,0.2017167381974249,5.716738197424893,1.1201716738197425,0.3648068669527897,1.2317596566523603,4.124463519313305,2.107296137339056,0.0042918454935622,0.0,2.8025751072961373,1.5107296137339057,0,1,1,5.357596566523605,0.5343181235580621,18.079399141630898,
2084,Chris,Porter,50,8.8,1.22,3.78,0.12,0.9,1.18,8.9,3.46,0.1,0.0,2.82,1.88,0,1,0,10.1408,0.4338908172925213,18.020000000000003,
1728,Roshown,McLeod,34,9.911764705882351,1.7058823529411764,3.5294117647058822,0.2352941176470588,0.6764705882352942,1.7058823529411764,9.764705882352942,4.264705882352941,0.6470588235294118,0.0588235294117647,1.5,1.3235294117647058,0,1,0,10.424705882352942,0.4753978106308543,18.000000000000004,
2585,Zaza,Pachulia,498,7.176706827309237,0.8875502008032129,5.305220883534137,0.3835341365461847,0.6566265060240963,1.3333333333333333,5.291164658634538,2.433734939759036,0.0281124497991967,0.0,3.1686746987951806,2.3092369477911645,0,0,1,6.685381526104417,0.536746242475941,17.959839357429722,
383,Kendall,Gill,248,8.036290322580646,1.8508064516129032,3.185483870967742,0.2016129032258064,1.0,1.221774193548387,8.266129032258064,3.2338709677419355,0.6612903225806451,0.1653225806451612,1.8911290322580645,1.403225806451613,1,0,0,9.098225806451612,0.4416405183569998,17.953629032258064,
696,Travis,Best,359,7.763231197771588,3.64066852367688,1.935933147632312,0.1058495821727019,0.947075208913649,1.2033426183844012,7.0,2.9526462395543174,1.0306406685236769,0.3426183844011142,1.7632311977715878,1.5153203342618384,1,0,0,7.775821727019498,0.4991904052272597,17.93314763231198,
1504,Danny,Fortson,254,7.2047244094488185,0.6456692913385826,7.043307086614173,0.1456692913385826,0.3425196850393701,1.3937007874015748,5.007874015748032,2.3188976377952755,0.0236220472440944,0.0039370078740157,3.1377952755905514,2.562992125984252,0,1,1,6.388503937007874,0.5638819730322676,17.903543307086615,
1908,Jumaine,Jones,437,7.478260869565218,0.9221967963386728,4.459954233409611,0.3180778032036613,0.6887871853546911,0.8558352402745996,6.851258581235698,2.9107551487414187,2.7780320366132725,0.9679633867276888,0.9725400457665904,0.6887871853546911,0,1,0,7.279176201372998,0.5136749449858535,17.867276887871856,
423,Chris,Gatling,128,9.2734375,0.671875,4.6640625,0.296875,0.5390625,1.3828125,8.015625,3.59375,0.78125,0.2265625,2.6953125,1.859375,0,1,0,9.2015625,0.5039055866870437,17.85546875,
1928,Todd,MacCulloch,165,7.036363636363636,0.6545454545454545,4.496969696969697,0.8484848484848485,0.303030303030303,0.7757575757575758,5.375757575757576,2.896969696969697,0.0,0.0,1.8727272727272728,1.2424242424242424,0,0,1,6.199757575757576,0.5674708688511769,17.81818181818182,
2294,Charlie,Bell,350,9.062857142857142,2.4114285714285715,2.271428571428572,0.0857142857142857,0.8485714285714285,1.0171428571428571,8.137142857142857,3.3714285714285714,3.4057142857142857,1.2342857142857142,1.4085714285714286,1.0857142857142856,1,0,0,8.756914285714286,0.5174686451848661,17.79,
1838,Tyrone,Nesby,131,7.290076335877862,1.2748091603053435,3.7480916030534353,0.3206106870229007,0.8549618320610687,0.8702290076335878,7.259541984732825,2.839694656488549,1.732824427480916,0.4732824427480916,1.5190839694656488,1.1374045801526718,1,1,0,7.92793893129771,0.4597712216915729,17.78625954198473,
722,Corliss,Williamson,483,10.538302277432711,0.9254658385093169,3.730848861283644,0.2650103519668737,0.5113871635610766,1.4472049689440991,8.345755693581781,4.070393374741201,0.0496894409937888,0.010351966873706,3.17184265010352,2.3871635610766044,0,1,0,9.74136645962733,0.5409047242554856,17.73395445134576,
448,Bo,Outlaw,438,4.34703196347032,1.3630136986301369,4.404109589041096,0.91324200913242,0.7557077625570776,0.9794520547945206,3.2031963470319638,1.7968036529680365,0.0228310502283105,0.0045662100456621,1.365296803652968,0.7488584474885844,0,1,0,3.803926940639269,0.5713874150721437,17.714611872146115,
369,Charlie,Ward,273,6.336996336996337,3.809523809523809,2.3626373626373627,0.1684981684981685,1.0805860805860803,1.4505494505494505,5.703296703296704,2.26007326007326,3.161172161172161,1.175824175824176,0.8095238095238095,0.6410256410256411,1,0,0,6.05948717948718,0.5228987329528968,17.69047619047619,
1088,Chucky,Atkins,613,9.920065252854812,3.409461663947798,1.7292006525285482,0.0538336052202283,0.6737357259380098,1.429037520391517,8.615008156606851,3.531810766721044,3.9184339314845023,1.4306688417618272,1.8352365415986949,1.4257748776508972,1,0,0,9.422512234910275,0.5264023545706371,17.68026101141925,
2428,Vincent,Yarbrough,59,6.88135593220339,2.2033898305084745,2.7457627118644066,0.559322033898305,0.9661016949152542,1.3728813559322033,7.254237288135593,2.847457627118644,1.3220338983050848,0.3559322033898305,1.0508474576271187,0.8305084745762712,0,1,0,7.716610169491526,0.4458794587945879,17.661016949152547,
2545,Darko,Milicic,361,5.739612188365651,0.7867036011080333,4.191135734072022,1.2409972299168974,0.3961218836565097,1.07202216066482,5.238227146814404,2.398891966759003,0.0166204986149584,0.0,1.6066481994459834,0.9418282548476454,0,0,1,5.945152354570637,0.4827136333985649,17.610803324099724,
248,George,Lynch,330,5.333333333333333,1.5212121212121212,4.893939393939394,0.2818181818181818,0.8636363636363636,0.9787878787878788,5.263636363636364,2.1545454545454548,0.9636363636363636,0.296969696969697,1.087878787878788,0.7272727272727273,0,1,0,5.74230303030303,0.4643897496517077,17.58030303030303,
2554,Mickael,Pietrus,431,8.88631090487239,0.877030162412993,3.3155452436194897,0.4477958236658932,0.7146171693735499,1.1322505800464038,7.164733178654292,3.1183294663573085,3.3132250580046403,1.190255220417633,2.1972157772621808,1.4593967517401392,0,1,0,8.131508120649652,0.5464122259378887,17.56032482598608,
2436,Flip,Murray,485,9.931958762886598,2.2597938144329897,2.0721649484536084,0.2061855670103092,0.8329896907216495,1.5298969072164947,8.985567010309278,3.7237113402061857,2.222680412371134,0.6762886597938145,2.4948453608247423,1.8082474226804124,1,0,0,10.083298969072166,0.4924955013904792,17.52680412371134,
1901,Dion,Glover,262,8.435114503816793,1.633587786259542,3.2748091603053435,0.232824427480916,0.8320610687022901,1.3053435114503815,7.824427480916031,3.232824427480916,1.6106870229007633,0.5190839694656488,1.9083969465648856,1.450381679389313,1,1,0,8.664122137404581,0.4867841409691629,17.446564885496187,
201578,Marreese,Speights,141,8.085106382978724,0.4680851063829787,3.8652482269503543,0.6382978723404256,0.3971631205673759,0.6879432624113475,6.709219858156028,3.2907801418439715,0.0921985815602836,0.0141843971631205,1.9645390070921984,1.4893617021276595,0,1,1,7.573617021276595,0.5337678390830431,17.351063829787236,
2581,Steve,Blake,499,7.531062124248497,4.274549098196393,2.120240480961924,0.0681362725450901,0.7114228456913828,1.4589178356713426,6.775551102204409,2.781563126252505,3.220440881763527,1.2645290581162325,0.9018036072144288,0.7034068136272545,1,0,0,7.1723446893787575,0.5250069851913942,17.32364729458918,
2757,Beno,Udrih,419,8.928400954653938,3.24582338902148,2.083532219570406,0.107398568019093,0.7350835322195705,1.4988066825775657,7.663484486873508,3.505966587112172,1.8520286396181385,0.6634844868735084,1.5202863961813842,1.2529832935560858,1,0,0,8.332410501193317,0.5357633876400633,17.294749403341285,
2041,Etan,Thomas,395,5.845569620253165,0.3721518987341772,4.820253164556962,1.070886075949367,0.3215189873417721,0.9620253164556962,4.336708860759494,2.2278481012658227,0.0,0.0,2.316455696202532,1.389873417721519,0,0,1,5.355949367088607,0.5457080733598034,17.27974683544304,
1508,Maurice,Taylor,354,9.15536723163842,1.1355932203389831,4.27683615819209,0.4011299435028249,0.4096045197740113,1.6271186440677967,8.361581920903955,3.901129943502825,0.0508474576271186,0.0084745762711864,1.9011299435028248,1.344632768361582,0,1,1,9.198079096045198,0.4976782182474847,17.262711864406782,
200783,Craig,Smith,308,8.655844155844155,0.8831168831168831,4.347402597402597,0.2564935064935065,0.4902597402597403,1.155844155844156,6.175324675324675,3.435064935064935,0.0681818181818181,0.0032467532467532,2.7337662337662336,1.7824675324675323,0,1,0,7.378181818181818,0.5865838203196507,17.176948051948056,
43,Chris,Whitney,207,8.66183574879227,3.483091787439613,1.642512077294686,0.0628019323671497,0.782608695652174,1.2801932367149758,7.338164251207729,2.8840579710144927,3.632850241545894,1.3623188405797102,1.748792270531401,1.5314009661835748,1,0,0,8.107632850241545,0.5341778487499107,17.171497584541065,
1863,Earl,Boykins,539,9.538033395176251,3.437847866419295,1.424860853432282,0.0556586270871985,0.6178107606679035,1.2244897959183674,8.15769944341373,3.3803339517625237,1.8293135435992576,0.6382189239332097,2.430426716141002,2.1391465677179964,1,0,0,9.22708719851577,0.5168496400852536,17.07699443413729,
1498,Antonio,Daniels,675,7.997037037037037,3.4296296296296296,1.9614814814814812,0.0948148148148148,0.6281481481481481,0.9792592592592592,5.9688888888888885,2.6577777777777776,1.5066666666666666,0.4755555555555555,2.7185185185185183,2.205925925925926,1,0,0,7.165037037037036,0.5580597138367381,17.017037037037042,
2748,Dorell,Wright,209,6.37799043062201,1.2392344497607657,3.7320574162679434,0.5741626794258373,0.6267942583732058,0.8133971291866029,5.502392344497608,2.535885167464115,1.014354066985646,0.3492822966507177,1.186602870813397,0.9569377990430622,1,1,0,6.024497607655502,0.5293379503145054,17.01196172248804,
179,Bryant,Stith,128,7.53125,1.640625,2.8828125,0.15625,0.953125,0.9375,6.2421875,2.4609375,2.421875,0.8984375,2.0234375,1.7109375,1,0,0,7.1325,0.5279530318962495,16.87890625,
251,Sean,Elliott,52,7.865384615384615,1.5576923076923077,3.269230769230769,0.4807692307692308,0.4423076923076923,0.9807692307692308,6.519230769230769,2.826923076923077,2.480769230769231,1.0576923076923077,1.6153846153846154,1.1538461538461535,0,1,0,7.23,0.5439408447707202,16.836538461538463,elliose01
2446,Rasual,Butler,555,8.864864864864865,0.9153153153153152,2.6972972972972973,0.6018018018018018,0.4036036036036036,0.7603603603603604,8.26126126126126,3.3423423423423424,3.533333333333333,1.2828828828828829,1.1891891891891893,0.8972972972972973,0,1,0,8.784504504504504,0.5045739836731346,16.784684684684684,
200757,Thabo,Sefolosha,286,5.587412587412588,1.555944055944056,3.618881118881119,0.4615384615384615,0.93006993006993,1.073426573426573,5.1573426573426575,2.2202797202797204,1.2167832167832169,0.3811188811188811,1.0874125874125875,0.7657342657342657,1,1,0,5.635804195804196,0.4957067699027198,16.76923076923077,
202083,Wesley,Matthews,82,9.378048780487806,1.5121951219512195,2.3292682926829267,0.1829268292682926,0.7804878048780488,1.1341463414634143,6.890243902439025,3.3292682926829267,2.0121951219512195,0.7682926829268293,2.3536585365853657,1.951219512195122,1,0,0,7.925853658536585,0.591611275233875,16.72560975609756,
2407,Jared,Jeffries,510,5.323529411764706,1.415686274509804,4.382352941176471,0.5392156862745098,0.7235294117647059,1.1901960784313723,4.792156862745098,2.074509803921569,0.5196078431372549,0.1333333333333333,1.7882352941176471,1.0411764705882354,0,1,0,5.578980392156863,0.4771059438789855,16.691176470588236,
324,Anthony,Peeler,354,7.745762711864407,2.231638418079096,2.42090395480226,0.1525423728813559,0.8418079096045198,1.03954802259887,7.127118644067797,2.994350282485876,2.7033898305084745,1.1045197740112995,0.7740112994350282,0.652542372881356,1,0,0,7.467683615819209,0.518618832180847,16.6228813559322,
200767,Josh,Boone,252,5.317460317460317,0.496031746031746,4.992063492063492,0.7063492063492064,0.3928571428571428,0.6706349206349206,4.134920634920635,2.25,0.0,0.0,1.8373015873015872,0.8174603174603174,0,1,1,4.943333333333333,0.5378415695340847,16.605158730158728,
201587,Nicolas,Batum,116,6.905172413793103,1.0172413793103448,3.112068965517241,0.5603448275862069,0.6379310344827587,0.6637931034482759,5.422413793103448,2.586206896551724,2.586206896551724,1.0,0.8879310344827587,0.7327586206896551,1,1,0,5.813103448275863,0.5939316644916359,16.56465517241379,
101236,Chuck,Hayes,348,3.655172413793104,0.956896551724138,5.293103448275862,0.3936781609195402,0.8275862068965517,0.6810344827586207,3.1695402298850577,1.6293103448275863,0.0229885057471264,0.0,0.6982758620689655,0.396551724137931,0,1,1,3.4767816091954025,0.5256545887331394,16.55316091954023,
2742,Sebastian,Telfair,388,7.943298969072165,3.896907216494845,1.6469072164948453,0.1262886597938144,0.7731958762886598,1.6623711340206186,7.564432989690721,2.951030927835052,1.907216494845361,0.5902061855670103,1.855670103092784,1.4510309278350515,1,0,0,8.380927835051546,0.4738913832339013,16.53221649484536,
101129,Luther,Head,311,8.495176848874598,2.1768488745980705,2.524115755627009,0.1093247588424437,0.7845659163987139,1.302250803858521,7.273311897106109,3.077170418006431,3.530546623794212,1.369774919614148,1.257234726688103,0.9710610932475884,1,0,0,7.826495176848875,0.5427191007543015,16.517684887459808,
201951,Ty,Lawson,65,8.338461538461539,3.123076923076923,1.907692307692308,0.0307692307692307,0.7384615384615385,1.2615384615384615,6.0,3.0923076923076924,1.2769230769230768,0.5230769230769231,2.1538461538461537,1.6307692307692307,1,0,0,6.947692307692307,0.6000885739592561,16.43846153846154,
458,Howard,Eisley,373,7.056300268096515,3.836461126005362,1.8337801608579087,0.1072386058981233,0.8203753351206434,1.4316353887399464,6.533512064343164,2.53887399463807,2.6058981233243967,0.9222520107238604,1.2761394101876675,1.0563002680965148,1,0,0,7.095013404825737,0.4972718066534665,16.408847184986595,
779,Glen,Rice,175,9.674285714285714,1.1942857142857144,3.137142857142857,0.12,0.4685714285714286,1.0742857142857145,8.297142857142857,3.5085714285714285,3.182857142857143,1.177142857142857,1.782857142857143,1.48,1,1,0,9.0816,0.5326311285613611,16.377142857142857,ricegl01
2501,Reggie,Evans,540,4.25925925925926,0.5685185185185185,6.718518518518518,0.1518518518518518,0.6888888888888889,1.1111111111111112,3.066666666666667,1.4388888888888889,0.0148148148148148,0.0018518518518518,2.6444444444444444,1.3796296296296295,0,1,1,4.230222222222222,0.5034320935770821,16.330555555555556,
1477,Bruce,Bowen,711,6.587904360056259,1.330520393811533,2.962025316455696,0.3966244725738396,0.8171589310829818,0.790436005625879,5.873417721518988,2.4261603375527425,2.727144866385373,1.0745428973277074,1.158931082981716,0.6610407876230661,0,1,0,6.383347398030942,0.5160227032362688,16.30098452883263,
2553,Jarvis,Hayes,427,8.320843091334895,1.0749414519906324,3.114754098360656,0.1311475409836065,0.7306791569086651,0.8758782201405152,7.875878220140515,3.271662763466042,2.578454332552693,0.918032786885246,1.0772833723653397,0.8594847775175644,0,1,0,8.349882903981264,0.4982610646771751,16.30093676814988,
2568,Carlos,Delfino,336,7.005952380952381,1.5386904761904765,3.5297619047619047,0.181547619047619,0.7083333333333334,0.9345238095238096,6.199404761904762,2.4970238095238093,2.7142857142857144,0.9791666666666666,1.4017857142857142,1.0327380952380951,1,1,0,6.816190476190476,0.513919938521727,16.29910714285714,
201978,Chase,Budinger,74,8.878378378378379,1.1891891891891893,2.972972972972973,0.1486486486486486,0.4594594594594595,0.6486486486486487,7.635135135135135,3.364864864864865,3.364864864864865,1.2432432432432432,1.1756756756756757,0.9054054054054054,0,1,0,8.152432432432432,0.5445232727754941,16.256756756756754,
2410,Fred,Jones,425,7.543529411764706,2.3294117647058825,2.254117647058824,0.2705882352941176,0.788235294117647,1.2023529411764706,6.237647058823529,2.5647058823529414,2.303529411764706,0.8141176470588235,1.9788235294117649,1.6,1,0,0,7.108329411764705,0.5306119746842147,16.249411764705883,
2429,Dan,Gadzuric,482,4.869294605809128,0.3775933609958506,4.535269709543568,0.8672199170124482,0.4730290456431535,0.6784232365145229,4.0850622406639,2.064315352697096,0.0145228215767634,0.0,1.4688796680497926,0.7406639004149378,0,0,1,4.731369294605809,0.5145756231035027,16.24273858921162,
1542,Predrag,Drobnjak,277,7.895306859205776,0.8122743682310469,3.512635379061372,0.4223826714801444,0.4765342960288808,0.8736462093862816,7.671480144404332,3.259927797833935,0.7003610108303249,0.2382671480144404,1.4223826714801444,1.1371841155234657,0,0,1,8.297328519855595,0.47577403017804,16.231046931407942,
935,Bryon,Russell,356,6.966292134831461,1.4382022471910112,3.235955056179775,0.1938202247191011,0.8595505617977528,0.9831460674157304,5.859550561797753,2.3342696629213484,2.407303370786517,0.8904494382022472,1.7865168539325842,1.4073033707865168,1,1,0,6.64561797752809,0.5241267372265241,16.224719101123593,
461,Popeye,Jones,152,5.059210526315789,1.0921052631578947,5.644736842105263,0.1842105263157894,0.4868421052631579,0.8157894736842105,4.769736842105263,2.013157894736842,0.1118421052631579,0.0328947368421052,1.2894736842105263,1.0,0,1,0,5.337105263157895,0.4739657807800404,16.217105263157894,
431,Shawn,Kemp,222,6.45045045045045,0.7747747747747747,4.495495495495495,0.4009009009009009,0.6936936936936937,1.2702702702702702,5.968468468468468,2.4954954954954958,0.072072072072072,0.018018018018018,1.8783783783783785,1.4414414414414414,0,1,0,6.794954954954955,0.4746499787865931,16.19369369369369,
101198,Will,Bynum,132,8.272727272727273,3.477272727272727,1.7348484848484849,0.0681818181818181,0.7272727272727273,1.5454545454545454,7.03030303030303,3.136363636363636,0.6287878787878788,0.1287878787878787,2.371212121212121,1.871212121212121,1,0,0,8.073636363636364,0.5123296926021844,16.181818181818183,
1853,Anthony,Carter,466,5.049356223175966,4.036480686695279,2.186695278969957,0.2145922746781116,1.0128755364806867,1.5643776824034334,5.094420600858369,2.075107296137339,0.8218884120171673,0.2060085836909871,1.0064377682403434,0.6931330472103004,1,0,0,5.53725321888412,0.4559441318265669,16.16523605150215,
1607,Troy,Hudson,413,9.469733656174334,3.414043583535109,1.6271186440677967,0.0677966101694915,0.5230024213075061,1.62227602905569,8.646489104116222,3.49636803874092,2.63680387409201,0.9128329297820824,1.8135593220338984,1.5641646489104115,1,0,0,9.444455205811138,0.5013382693767049,16.150121065375302,
677,Eric,Williams,412,7.364077669902913,1.444174757281553,3.2402912621359223,0.1334951456310679,0.837378640776699,1.0631067961165048,5.966019417475728,2.3810679611650487,1.3883495145631068,0.4441747572815534,2.9466019417475726,2.157766990291262,1,1,0,7.26252427184466,0.50699160472702,16.14805825242718,
1531,Marc,Jackson,387,8.366925064599483,0.8036175710594315,4.276485788113695,0.2635658914728682,0.3798449612403101,1.20671834625323,6.925064599483204,3.085271317829457,0.0801033591731266,0.0180878552971576,2.6770025839793283,2.1782945736434107,0,1,0,8.102945736434108,0.5162890963824684,16.14728682170543,
955,Samaki,Walker,247,4.890688259109312,0.6761133603238867,4.959514170040486,0.8218623481781376,0.2834008097165992,0.8178137651821862,4.137651821862348,1.9109311740890689,0.0242914979757085,0.0040485829959514,1.631578947368421,1.0647773279352226,0,1,0,4.855546558704453,0.5036187172731215,16.129554655870443,
446,Lucious,Harris,366,8.043715846994536,1.6120218579234973,2.699453551912568,0.1038251366120218,0.6775956284153005,0.7595628415300546,7.224043715846994,3.051912568306011,1.5081967213114753,0.5355191256830601,1.7295081967213115,1.4043715846994536,1,0,0,7.985027322404371,0.5036749106935111,16.11748633879781,
101131,Jason,Maxiell,327,6.146788990825688,0.3853211009174312,4.195718654434251,0.7951070336391437,0.3547400611620795,0.7584097859327217,4.574923547400612,2.4159021406727827,0.0091743119266055,0.0,2.330275229357798,1.3149847094801224,0,1,0,5.600244648318043,0.5487964702284741,16.10091743119266,
201162,Jared,Dudley,223,6.582959641255606,1.1300448430493273,3.4618834080717487,0.1524663677130044,0.8654708520179372,0.7219730941704036,5.035874439461884,2.349775784753364,1.6905829596412556,0.7085201793721974,1.6188340807174888,1.1748878923766817,0,1,0,5.748161434977579,0.5726143668476564,16.09865470852018,
101161,Amir,Johnson,217,4.682027649769585,0.4746543778801843,4.161290322580645,1.0276497695852536,0.4285714285714285,0.6820276497695853,3.248847926267281,1.944700460829493,0.0460829493087557,0.0092165898617511,1.1843317972350231,0.783410138248848,0,1,1,3.769953917050692,0.620966164678271,16.096774193548388,
2863,Damien,Wilkins,383,7.336814621409921,1.5953002610966058,2.741514360313316,0.2323759791122715,0.8772845953002611,1.0939947780678851,6.454308093994778,2.718015665796345,1.370757180156658,0.4569190600522193,1.7885117493472584,1.443864229765013,1,1,0,7.241253263707572,0.5065983990769453,16.092689295039165,
201583,Ryan,Anderson,128,7.609375,0.6953125,4.0078125,0.265625,0.5390625,0.9296875,6.2109375,2.5703125,3.125,1.1484375,1.546875,1.3203125,0,1,0,6.8915625,0.5520790822110371,16.0234375,
1730,Brian,Skinner,549,4.75591985428051,0.5027322404371585,4.712204007285974,0.8652094717668488,0.4171220400728597,0.843351548269581,4.030965391621129,1.9908925318761383,0.0109289617486338,0.0036429872495446,1.384335154826958,0.7704918032786885,0,1,1,4.640072859744991,0.512483316322525,16.020947176684878,
1513,Scot,Pollard,379,4.324538258575198,0.4327176781002638,4.725593667546174,0.6992084432717678,0.6015831134564644,0.6253298153034301,3.4934036939313984,1.691292875989446,0.0052770448548812,0.0,1.3430079155672825,0.941952506596306,0,1,1,4.084327176781002,0.529406444610972,16.014511873350923,
101119,Rashad,McCants,249,9.95582329317269,1.329317269076305,2.032128514056225,0.2449799196787148,0.7349397590361446,1.4538152610441768,8.610441767068274,3.706827309236948,3.184738955823293,1.1726907630522088,1.847389558232932,1.3694779116465865,1,0,0,9.423293172690764,0.5282560518240709,16.01004016064257,
1425,Aaron,Williams,470,5.997872340425532,0.7978723404255319,4.129787234042553,0.7425531914893617,0.4042553191489361,0.9851063829787234,4.717021276595744,2.2872340425531914,0.0191489361702127,0.002127659574468,1.9063829787234043,1.421276595744681,0,1,1,5.5558297872340425,0.5397818660866103,16.0063829787234,
201589,Darrell,Arthur,108,5.231481481481482,0.5370370370370371,4.222222222222222,0.6111111111111112,0.6111111111111112,0.6388888888888888,5.388888888888889,2.351851851851852,0.0277777777777777,0.0,0.8333333333333334,0.5277777777777778,0,1,0,5.755555555555556,0.4544723294723294,15.98148148148148,
1005,Walt,Williams,186,7.591397849462366,1.2096774193548387,3.3010752688172045,0.3440860215053763,0.4838709677419355,0.8655913978494624,6.720430107526882,2.6989247311827955,3.236559139784946,1.2903225806451613,1.2204301075268815,0.9032258064516128,1,1,0,7.25741935483871,0.5230094526920912,15.938172043010752,
2754,Tony,Allen,334,7.254491017964072,1.31437125748503,2.6137724550898205,0.3502994011976048,1.0508982035928145,1.410179640718563,5.526946107784431,2.6377245508982035,0.5598802395209581,0.1646706586826347,2.4820359281437128,1.81437125748503,1,1,0,6.619041916167665,0.5480015922126328,15.931137724550895,
468,Jon,Barry,370,6.762162162162162,2.5675675675675675,2.218918918918919,0.1567567567567567,0.8513513513513513,1.045945945945946,5.221621621621622,2.310810810810811,2.537837837837838,1.0486486486486486,1.2432432432432432,1.0918918918918918,1,0,0,5.768648648648648,0.5861131934032984,15.882432432432427,
990,Malik,Rose,582,6.709621993127148,0.9570446735395188,4.4673539518900345,0.3350515463917525,0.6237113402061856,1.407216494845361,5.59106529209622,2.410652920962199,0.120274914089347,0.0206185567010309,2.448453608247423,1.8676975945017185,0,1,0,6.668384879725085,0.5030919866013914,15.866838487972505,
1731,Tyronn,Lue,528,8.6875,3.191287878787879,1.7518939393939394,0.0189393939393939,0.5265151515151515,1.2102272727272727,7.452651515151516,3.253787878787879,2.179924242424242,0.8503787878787878,1.5890151515151516,1.3295454545454546,1,0,0,8.151818181818182,0.5328565852570536,15.863636363636362,
697,Fred,Hoiberg,369,5.761517615176151,1.7967479674796747,2.986449864498645,0.1273712737127371,0.8536585365853658,0.5284552845528455,4.276422764227642,1.9078590785907856,1.8401084010840107,0.7533875338753387,1.3956639566395663,1.1924119241192412,1,0,0,4.890514905149051,0.5890502050315859,15.80352303523035,
101110,Martell,Webster,301,8.455149501661129,0.7906976744186046,3.1029900332225915,0.335548172757475,0.4750830564784053,0.8704318936877077,7.096345514950166,2.8903654485049834,3.59468438538206,1.3388704318936877,1.7408637873754154,1.3355481727574752,1,1,0,7.862325581395349,0.537700290717328,15.797342192691032,
120,Steven,Smith,323,9.374613003095975,1.736842105263158,2.195046439628483,0.1888544891640866,0.4922600619195046,1.105263157894737,7.123839009287925,3.1021671826625385,2.492260061919505,0.978328173374613,2.486068111455108,2.191950464396285,1,1,0,8.217708978328172,0.5703909099128968,15.78637770897833,
201962,Toney,Douglas,56,8.589285714285714,2.0,1.9285714285714288,0.0535714285714285,0.75,0.9821428571428572,6.982142857142857,3.196428571428572,3.125,1.2142857142857142,1.2142857142857142,0.9821428571428572,1,0,0,7.5164285714285715,0.5713674807564382,15.732142857142856,
101132,Linas,Kleiza,289,8.650519031141869,0.7577854671280276,3.602076124567474,0.2041522491349481,0.3910034602076124,0.9204152249134948,6.747404844290657,3.0311418685121105,2.692041522491349,0.9204152249134948,2.1833910034602075,1.6678200692041525,0,1,0,7.7080968858131484,0.5611319602808353,15.73010380622837,
201148,Brandan,Wright,75,6.32,0.4,3.4,0.7866666666666666,0.3733333333333333,0.48,4.773333333333333,2.56,0.0533333333333333,0.0,1.6666666666666667,1.2,0,1,1,5.506666666666667,0.5738498789346247,15.7,
178,Olden,Polynice,83,5.168674698795181,0.3855421686746988,4.578313253012048,0.927710843373494,0.3373493975903614,0.9879518072289156,5.0,2.4819277108433737,0.0120481927710843,0.0,0.7831325301204819,0.2048192771084337,0,1,1,5.344578313253012,0.4835437330928764,15.698795180722891,polynol01
201599,DeAndre,Jordan,118,4.779661016949152,0.2711864406779661,4.983050847457627,1.0254237288135593,0.2203389830508474,0.9830508474576272,3.26271186440678,2.0084745762711864,0.0169491525423728,0.0,2.0084745762711864,0.7627118644067796,0,0,1,4.146440677966102,0.5763570961412687,15.677966101694915,
339,Tom,Gugliotta,230,5.113043478260869,1.2782608695652171,4.147826086956521,0.3695652173913043,0.7478260869565218,1.0391304347826087,5.465217391304348,2.1956521739130435,0.2260869565217391,0.0652173913043478,0.8434782608695652,0.6565217391304348,0,1,0,5.836347826086957,0.438034506391728,15.643478260869564,guglito01
1921,Gordan,Giricek,384,9.557291666666666,1.5208333333333333,2.450520833333333,0.1223958333333333,0.578125,1.3463541666666667,8.3984375,3.7083333333333335,2.046875,0.7526041666666666,1.6875,1.3880208333333333,1,0,0,9.1409375,0.5227741501715041,15.623697916666664,
2584,Willie,Green,420,9.414285714285716,1.7404761904761905,1.9214285714285717,0.1452380952380952,0.611904761904762,1.1714285714285717,9.00952380952381,3.8,1.9452380952380952,0.6166666666666667,1.5928571428571427,1.1976190476190476,1,0,0,9.710380952380952,0.4847536754970135,15.592857142857143,
2443,Darius,Songaila,485,7.008247422680412,1.2103092783505154,3.461855670103093,0.2185567010309278,0.668041237113402,0.9938144329896909,5.956701030927835,2.97319587628866,0.0391752577319587,0.0061855670103092,1.2474226804123711,1.0556701030927835,0,1,0,6.505567010309279,0.5386346348884381,15.575257731958764,
201942,DeMar,DeRozan,77,8.597402597402597,0.6883116883116883,2.896103896103896,0.2337662337662337,0.5584415584415584,0.8051948051948052,6.64935064935065,3.311688311688312,0.2077922077922078,0.0519480519480519,2.51948051948052,1.922077922077922,1,1,0,7.757922077922078,0.5541047274675237,15.532467532467532,
101118,Sean,May,119,6.899159663865547,0.9663865546218487,4.042016806722689,0.3949579831932773,0.4453781512605042,1.1260504201680672,5.949579831932773,2.722689075630252,0.1092436974789916,0.0252100840336134,1.915966386554622,1.4285714285714286,0,1,1,6.792605042016807,0.5078434283452098,15.521008403361346,
201571,D.J.,Augustin,152,8.93421052631579,2.914473684210526,1.513157894736842,0.0460526315789473,0.5723684210526315,1.269736842105263,6.947368421052632,2.861842105263158,2.789473684210526,1.1710526315789471,2.3947368421052637,2.039473684210526,1,0,0,8.001052631578947,0.5583146954348113,15.509868421052632,
1944,Eddie,Robinson,210,6.985714285714286,1.0476190476190477,2.761904761904762,0.3142857142857143,0.8,0.8380952380952381,6.166666666666667,3.0476190476190474,0.1333333333333333,0.0380952380952381,1.1523809523809525,0.8523809523809524,0,1,0,6.673714285714286,0.5233752889802209,15.48095238095238,
2059,Eduardo,Najera,564,5.1861702127659575,0.8173758865248227,3.923758865248227,0.3918439716312056,0.7375886524822695,0.6773049645390071,4.200354609929078,2.0460992907801416,0.5159574468085106,0.1613475177304964,1.3847517730496457,0.9326241134751772,0,1,0,4.809645390070922,0.5391426801934647,15.460992907801415,
2588,Matt,Bonner,421,6.881235154394299,0.7315914489311164,3.598574821852732,0.3040380047505938,0.4655581947743468,0.503562945368171,5.617577197149644,2.648456057007126,2.5296912114014254,1.0237529691211402,0.7125890736342043,0.5605700712589073,0,1,1,5.931116389548694,0.580096115338406,15.447743467933494,
21,Greg,Anthony,118,6.423728813559322,3.0847457627118646,1.6355932203389831,0.0677966101694915,0.9915254237288136,1.1610169491525424,6.169491525423729,2.3728813559322037,2.7288135593220337,0.9576271186440678,1.0847457627118644,0.7203389830508474,1,0,0,6.64677966101695,0.483221134230926,15.419491525423725,
345,Terry,Porter,151,6.437086092715232,3.019867549668874,2.4172185430463577,0.1788079470198675,0.6423841059602649,1.2516556291390728,5.033112582781457,2.205298013245033,2.298013245033113,0.9668874172185432,1.3178807947019868,1.0596026490066226,1,0,0,5.612980132450331,0.5734107319835764,15.374172185430467,portete01
1904,Devean,George,575,5.88,0.9234782608695652,3.3043478260869565,0.3930434782608695,0.7408695652173913,0.7408695652173913,5.591304347826087,2.194782608695652,2.085217391304348,0.7147826086956521,1.0695652173913044,0.7756521739130435,0,1,0,6.061913043478261,0.4849954096855635,15.275652173913045,
182,Billy,Owens,45,4.4,1.2222222222222223,4.555555555555555,0.2666666666666666,0.7111111111111111,0.8666666666666667,5.111111111111111,1.9555555555555555,0.4444444444444444,0.0666666666666666,0.8888888888888888,0.4222222222222222,1,1,0,5.502222222222222,0.3998384491114702,15.244444444444447,
2586,Keith,Bogans,501,7.093812375249501,1.3632734530938124,3.063872255489022,0.1097804391217564,0.718562874251497,0.9580838323353292,6.269461077844311,2.4730538922155687,3.0339321357285427,1.065868263473054,1.500998003992016,1.081836327345309,1,1,0,6.929900199600798,0.5118264456144798,15.131736526946106,
2052,DeShawn,Stevenson,634,8.06782334384858,1.8690851735015768,2.369085173501577,0.1876971608832807,0.5583596214511041,1.1482649842271293,7.490536277602524,3.0962145110410093,1.5993690851735016,0.5347003154574133,1.914826498422713,1.3406940063091484,1,1,0,8.333059936908517,0.484085282293173,15.112776025236592,
1544,Chris,Crawford,115,8.382608695652173,0.7652173913043478,2.756521739130435,0.3826086956521739,0.5391304347826087,1.1217391304347826,6.947826086956522,3.1478260869565218,1.208695652173913,0.4434782608695652,1.9565217391304348,1.6434782608695653,0,1,0,7.808695652173913,0.5367483296213807,15.108695652173914,
1714,Robert,Traylor,344,4.851744186046512,0.7383720930232558,3.904069767441861,0.688953488372093,0.6133720930232558,0.9622093023255814,4.218023255813954,1.962209302325581,0.0552325581395348,0.0116279069767441,1.5784883720930232,0.9156976744186046,0,1,1,4.912558139534884,0.4938103578867638,15.100290697674415,
1924,Lee,Nailon,303,8.653465346534654,0.9834983498349836,3.0858085808580857,0.1716171617161716,0.4389438943894389,1.056105610561056,7.808580858085809,3.6996699669967,0.0297029702970297,0.0033003300330033,1.5907590759075907,1.2508250825082508,0,1,0,8.508514851485149,0.5085179668590579,15.087458745874589,
168,Chris,Mills,102,7.549019607843137,1.0980392156862746,3.264705882352941,0.2058823529411764,0.4607843137254901,0.8431372549019608,7.098039215686274,2.823529411764706,1.7352941176470589,0.6078431372549019,1.5784313725490196,1.2941176470588236,0,1,0,7.792549019607843,0.4843742136782246,15.073529411764705,
916,Corie,Blount,252,3.837301587301587,0.8253968253968254,4.9523809523809526,0.3611111111111111,0.6865079365079365,0.8373015873015873,3.6984126984126986,1.6865079365079363,0.0476190476190476,0.0079365079365079,0.753968253968254,0.4563492063492063,0,1,1,4.03015873015873,0.4760732571878692,15.019841269841269,
2056,Primoz,Brezec,331,7.401812688821752,0.540785498489426,4.006042296072508,0.404833836858006,0.2084592145015106,0.8277945619335347,6.141993957703927,3.054380664652568,0.0181268882175226,0.0030211480362537,1.8398791540785495,1.2900302114803626,0,0,1,6.951540785498489,0.5323864821639663,15.01963746223565,
2064,Khalid,El-Amin,50,6.28,2.9,1.62,0.04,0.96,1.08,6.22,2.3,1.68,0.56,1.44,1.12,1,0,0,6.8536,0.4581533792459437,14.9,
2042,Courtney,Alexander,185,9.135135135135137,1.227027027027027,2.210810810810811,0.0972972972972973,0.6,1.0972972972972972,8.389189189189189,3.5405405405405403,0.654054054054054,0.2216216216216216,2.254054054054054,1.8324324324324324,1,0,0,9.380972972972971,0.4868969967962753,14.886486486486486,
2552,Michael,Sweetney,233,6.506437768240343,0.6223175965665236,4.484978540772532,0.4592274678111588,0.3133047210300429,1.1888412017167382,4.9957081545064375,2.4206008583690988,0.0085836909871244,0.0,2.4163090128755367,1.6652360515021458,0,1,0,6.058884120171673,0.5369336695662029,14.879828326180258,
2575,Luke,Walton,424,5.497641509433962,2.4858490566037736,3.1297169811320757,0.1981132075471698,0.6061320754716981,1.1297169811320755,4.919811320754717,2.162735849056604,1.028301886792453,0.3466981132075472,1.1391509433962264,0.8254716981132075,0,1,0,5.4210377358490565,0.5070654160068218,14.878537735849058,
1520,Charles,Smith,80,6.575,1.125,1.8625,0.625,0.725,0.8,6.2875,2.6625,2.1125,0.625,0.9625,0.625,1,0,0,6.710999999999999,0.4898673819102966,14.85625,
2402,Dajuan,Wagner,103,9.359223300970871,1.8932038834951457,1.3786407766990292,0.1359223300970873,0.6699029126213593,1.3203883495145632,9.388349514563108,3.436893203883495,2.786407766990292,0.8932038834951457,2.067961165048544,1.5922330097087378,1,0,0,10.298252427184464,0.4544083264197903,14.849514563106796,
2413,Juan,Dixon,435,8.455172413793104,1.7793103448275862,1.8758620689655168,0.0781609195402298,0.7839080459770115,1.2689655172413794,7.8,3.218390804597701,2.2344827586206897,0.7609195402298851,1.5103448275862068,1.257471264367816,1,0,0,8.46455172413793,0.4994459653239474,14.848275862068968,
788,Kevin,Willis,279,5.724014336917563,0.3906810035842294,4.440860215053763,0.4014336917562724,0.4767025089605735,0.8494623655913979,5.318996415770609,2.3727598566308243,0.043010752688172,0.003584229390681,1.3655913978494625,0.974910394265233,0,1,1,5.9198566308243725,0.483458865127994,14.78494623655914,willike02
2454,Junior,Harrington,139,5.273381294964029,3.079136690647482,2.741007194244604,0.1798561151079136,0.9064748201438848,1.7985611510791366,5.618705035971223,2.0863309352517985,0.5179856115107914,0.1438848920863309,1.3884892086330936,0.9568345323741008,1,0,0,6.229640287769784,0.4232492609016999,14.75179856115108,
200764,Renaldo,Balkman,196,4.26530612244898,0.6377551020408163,3.755102040816327,0.5,0.7959183673469388,0.6479591836734694,3.4489795918367347,1.7653061224489797,0.2704081632653061,0.0408163265306122,1.3061224489795915,0.6938775510204082,0,1,0,4.023673469387755,0.5300263745181578,14.742346938775508,
201157,Sean,Williams,125,4.328,0.336,3.576,1.232,0.344,0.88,3.408,1.72,0.008,0.0,1.472,0.888,0,1,1,4.05568,0.533572668455105,14.74,
105,Dan,Majerle,118,4.805084745762712,1.5084745762711864,2.8983050847457625,0.2542372881355932,0.8559322033898306,0.5932203389830508,4.6440677966101696,1.576271186440678,3.5254237288135597,1.152542372881356,0.7033898305084746,0.5,1,1,0,4.9535593220338985,0.4850133442824882,14.669491525423728,
2051,Donnell,Harvey,199,5.778894472361809,0.8090452261306532,4.1457286432160805,0.4020100502512563,0.4824120603015075,1.0452261306532664,4.949748743718593,2.2763819095477387,0.050251256281407,0.0050251256281407,1.8542713567839195,1.221105527638191,0,1,0,5.765628140703518,0.501150467159392,14.658291457286431,
1506,Austin,Croshere,522,6.651340996168583,0.9961685823754788,3.913793103448276,0.2739463601532567,0.3544061302681992,0.9559386973180076,5.450191570881226,2.181992337164751,2.003831417624521,0.6781609195402298,1.8544061302681996,1.6091954022988506,0,1,0,6.266130268199234,0.5307375295024029,14.617816091954024,
164,Chris,Childs,157,4.2165605095541405,4.598726114649682,2.299363057324841,0.1337579617834395,0.7834394904458599,1.8152866242038217,4.146496815286624,1.515923566878981,1.4777070063694266,0.4203821656050955,0.9235668789808916,0.7643312101910829,1,0,0,4.552866242038216,0.4630665920537214,14.60191082802548,
201604,Chris,Douglas-Roberts,108,8.083333333333334,1.3425925925925926,2.287037037037037,0.2407407407407407,0.6203703703703703,1.1851851851851851,6.925925925925926,3.111111111111111,0.6111111111111112,0.1574074074074074,2.0277777777777777,1.7037037037037035,1,0,0,7.818148148148148,0.5169595906959118,14.601851851851851,
101138,Brandon,Bass,257,6.770428015564202,0.490272373540856,3.704280155642024,0.5447470817120622,0.2568093385214007,0.8560311284046692,5.245136186770428,2.568093385214008,0.0428015564202334,0.0,1.9649805447470816,1.6342412451361867,0,1,0,6.109727626459144,0.554069545280856,14.556420233463037,
1000,Shandon,Anderson,439,6.432801822323462,1.3075170842824602,3.0296127562642368,0.255125284738041,0.7471526195899773,1.216400911161731,5.482915717539863,2.3917995444191344,1.428246013667426,0.4168564920273349,1.6628701594533029,1.2323462414578588,1,1,0,6.214578587699316,0.5175573638296312,14.514806378132118,
782,Mitch,Richmond,101,8.495049504950495,1.6633663366336633,2.00990099009901,0.1287128712871287,0.6039603960396039,1.2277227722772277,7.435643564356436,3.01980198019802,1.9306930693069304,0.6237623762376238,2.01980198019802,1.831683168316832,1,0,0,8.324356435643566,0.5102526285741471,14.48019801980198,
201581,JJ,Hickson,142,6.563380281690141,0.3450704225352112,3.97887323943662,0.4859154929577465,0.352112676056338,0.9647887323943662,5.035211267605634,2.732394366197183,0.0070422535211267,0.0,1.619718309859155,1.0985915492957747,0,1,1,5.747887323943663,0.5709384954667973,14.471830985915492,
2215,Jason,Collins,595,4.067226890756302,0.9781512605042016,4.163025210084034,0.5647058823529412,0.5630252100840336,0.9142857142857144,3.4789915966386555,1.4252100840336135,0.0504201680672268,0.0100840336134453,1.865546218487395,1.2067226890756302,0,0,1,4.29983193277311,0.4729518449030643,14.461344537815126,
2239,Trenton,Hassell,640,5.8453125,1.76875,2.853125,0.425,0.440625,0.93125,5.4375,2.4203125,0.4671875,0.1484375,1.11875,0.85625,1,1,0,5.92975,0.4928801804460559,14.378124999999995,
384,Calbert,Cheaney,333,6.486486486486487,1.5045045045045045,2.96996996996997,0.1951951951951951,0.5795795795795796,0.960960960960961,6.3003003003003,2.978978978978979,0.1501501501501501,0.03003003003003,0.7807807807807807,0.4984984984984985,1,1,0,6.643843843843844,0.4881576568432472,14.375375375375375,
200796,Leon,Powe,202,6.564356435643564,0.3514851485148514,4.198019801980198,0.3861386138613861,0.292079207920792,0.8762376237623762,4.123762376237623,2.133663366336634,0.0148514851485148,0.0,3.301980198019802,2.297029702970297,0,1,0,5.576633663366336,0.5885590512037497,14.349009900990096,
1735,Vladimir,Stepania,217,4.221198156682028,0.3640552995391705,4.875576036866359,0.5069124423963134,0.4147465437788018,0.7327188940092166,3.995391705069125,1.71889400921659,0.0276497695852534,0.0092165898617511,1.4193548387096775,0.7741935483870968,0,0,1,4.619907834101383,0.4568487411722459,14.301843317972349,
201161,Daequan,Cook,178,8.01685393258427,1.0617977528089888,2.5168539325842696,0.1629213483146067,0.4269662921348314,0.7247191011235955,7.932584269662922,2.915730337078652,4.264044943820225,1.5280898876404494,0.7752808988764045,0.6573033707865169,1,0,0,8.27370786516854,0.48447770112445,14.294943820224722,
2484,Devin,Brown,460,7.28695652173913,1.4760869565217392,2.7978260869565217,0.1260869565217391,0.5717391304347826,1.0978260869565215,6.360869565217391,2.5521739130434784,1.930434782608696,0.6521739130434783,1.9717391304347829,1.5304347826086957,1,0,0,7.228434782608695,0.5040480229047121,14.293478260869566,
2306,Carlos,Arroyo,500,6.916,3.27,1.724,0.05,0.538,1.24,5.99,2.62,0.672,0.212,1.818,1.464,1,0,0,6.78992,0.5092843509201875,14.279,
101130,Johan,Petro,305,5.150819672131147,0.4,4.222950819672131,0.5508196721311476,0.419672131147541,0.8721311475409836,4.767213114754099,2.262295081967213,0.0131147540983606,0.0,0.9475409836065574,0.6262295081967213,0,0,1,5.184131147540984,0.4967871689139619,14.222950819672132,
1630,Mikki,Moore,522,5.74904214559387,0.7432950191570882,3.946360153256705,0.5210727969348659,0.3199233716475095,0.971264367816092,4.105363984674329,2.2452107279693485,0.0249042145593869,0.003831417624521,1.7011494252873562,1.2547892720306513,0,1,1,4.853869731800766,0.5922122412894874,14.204980842911876,
3,Grant,Long,173,5.115606936416185,1.4104046242774566,3.398843930635838,0.1618497109826589,0.8323699421965318,1.0635838150289016,4.473988439306359,1.9132947976878611,0.2023121387283237,0.0404624277456647,1.7514450867052025,1.2485549132947975,0,1,0,5.244624277456648,0.4877000396772913,14.179190751445086,longgr01
679,Jason,Caffey,144,6.208333333333333,0.7152777777777778,4.020833333333333,0.3125,0.4236111111111111,1.0555555555555556,4.770833333333333,2.2777777777777777,0.0069444444444444,0.0,2.5,1.6527777777777777,0,1,0,5.870833333333334,0.5287437899219304,14.145833333333332,
911,Ervin,Johnson,358,2.3379888268156424,0.3435754189944134,4.863128491620111,0.8379888268156425,0.4189944134078212,0.5195530726256983,1.946927374301676,0.9664804469273744,0.0083798882681564,0.0027932960893854,0.7206703910614525,0.4022346368715084,0,0,1,2.264022346368715,0.5163351922222771,14.136871508379889,johnser02
200770,Jordan,Farmar,300,6.92,2.1466666666666665,1.8333333333333333,0.11,0.7666666666666667,1.1333333333333333,6.173333333333333,2.6666666666666665,2.73,0.98,0.9266666666666666,0.6066666666666667,1,0,0,6.581066666666667,0.5257506381944163,14.130000000000004,
271,Johnny,Newman,127,8.606299212598426,1.015748031496063,1.7716535433070866,0.1102362204724409,0.7244094488188977,1.0,6.637795275590551,2.8188976377952755,1.8346456692913389,0.6377952755905512,2.795275590551181,2.3307086614173227,0,1,0,7.867716535433071,0.5469375500400321,14.125984251968504,
1074,Matt,Maloney,67,5.865671641791045,2.537313432835821,1.8507462686567164,0.0746268656716417,0.8955223880597015,1.1194029850746268,5.552238805970149,2.298507462686567,2.343283582089552,0.835820895522388,0.582089552238806,0.4328358208955223,1,0,0,5.808358208955224,0.5049337033610855,14.089552238805968,
2067,Eddie,House,652,7.656441717791411,1.6104294478527608,1.7346625766871169,0.0843558282208589,0.6702453987730062,0.8282208588957055,7.291411042944786,2.989263803680981,2.9447852760736195,1.1487730061349692,0.6288343558282209,0.5291411042944786,1,0,0,7.568098159509203,0.5058365758754864,14.036042944785276,
2221,Raul,Lopez,113,6.486725663716814,3.787610619469026,1.7168141592920354,0.0442477876106194,0.7433628318584071,1.9557522123893805,5.769911504424779,2.47787610619469,1.1504424778761062,0.3982300884955752,1.327433628318584,1.1327433628318584,1,0,0,6.353982300884956,0.5104456824512534,13.982300884955754,
2137,Ime,Udoka,286,5.65034965034965,1.0314685314685317,3.164335664335664,0.1853146853146853,0.6993006993006993,0.7552447552447552,5.062937062937063,2.1223776223776225,2.1083916083916083,0.7587412587412588,0.9090909090909092,0.6468531468531469,1,1,0,5.462937062937064,0.517153097798259,13.972027972027972,
1533,Anthony,Johnson,600,5.763333333333334,2.9433333333333334,1.768333333333333,0.125,0.6983333333333334,1.0816666666666668,5.22,2.215,1.2916666666666667,0.4716666666666667,1.1383333333333334,0.8616666666666667,1,0,0,5.720866666666667,0.503711558854719,13.960833333333332,
1727,Pat,Garrity,427,7.313817330210773,0.8594847775175644,2.7447306791569086,0.1920374707259953,0.4824355971896955,0.7306791569086651,6.526932084309133,2.65807962529274,3.2131147540983607,1.2763466042154568,0.8524590163934426,0.7213114754098361,0,1,0,6.902014051522248,0.5298321095563187,13.956674473067917,
201934,Hasheem,Thabeet,66,3.1515151515151514,0.1666666666666666,3.6818181818181817,1.3484848484848484,0.2272727272727272,0.6363636363636364,1.9848484848484849,1.1666666666666667,0.0,0.0,1.4090909090909092,0.8181818181818182,0,0,1,2.604848484848485,0.6049325267566309,13.954545454545451,
2128,David,Vanterpool,22,5.545454545454546,3.0,1.681818181818182,0.1363636363636363,1.0454545454545454,1.681818181818182,5.0,2.090909090909091,0.2727272727272727,0.0,2.272727272727273,1.3636363636363635,1,0,0,6.0,0.4621212121212121,13.931818181818183,
281,Scott,Williams,236,4.6991525423728815,0.4025423728813559,3.9322033898305087,0.4576271186440678,0.4915254237288136,0.5466101694915254,4.648305084745763,2.0296610169491527,0.0508474576271186,0.0127118644067796,0.809322033898305,0.6271186440677966,0,1,1,5.004406779661017,0.4695014563435616,13.904661016949154,
200789,Daniel,Gibson,247,7.376518218623482,1.6842105263157894,1.8380566801619436,0.1821862348178137,0.562753036437247,0.8785425101214575,6.036437246963563,2.5506072874493926,3.336032388663968,1.4129554655870444,1.1295546558704452,0.8623481781376519,1,0,0,6.533441295546559,0.5645201269085862,13.882591093117409,
1023,Emanual,Davis,114,5.56140350877193,2.1140350877192984,2.3771929824561404,0.1666666666666666,0.9035087719298246,1.350877192982456,5.298245614035087,2.06140350877193,2.1140350877192984,0.7543859649122807,0.8333333333333334,0.6842105263157895,1,0,0,5.6649122807017545,0.4908640445958501,13.877192982456142,
2741,Robert,Swift,95,4.378947368421053,0.2105263157894736,3.947368421052632,0.9052631578947368,0.2736842105263158,0.7368421052631579,3.5789473684210527,1.8105263157894735,0.0,0.0,1.2421052631578948,0.7578947368421053,0,0,1,4.125473684210526,0.5307205552153501,13.857894736842107,
201603,Sonny,Weems,80,6.7125,1.3,2.45,0.3125,0.5,0.8875,6.0375,3.05,0.225,0.025,0.9,0.5875,1,1,0,6.4335,0.52168337607834,13.812500000000002,
2452,J.R.,Bremer,96,6.729166666666667,2.239583333333333,1.8854166666666667,0.0729166666666666,0.5833333333333334,0.8645833333333334,6.479166666666667,2.2291666666666665,3.75,1.25,1.3645833333333333,1.0208333333333333,1,0,0,7.079583333333334,0.4752516037902419,13.812500000000002,
2411,Bostjan,Nachbar,307,7.335504885993485,0.9185667752442996,2.7166123778501627,0.2703583061889251,0.4397394136807817,0.9087947882736156,5.973941368078176,2.423452768729642,2.824104234527687,1.0586319218241045,1.8241042345276872,1.4299674267100977,0,1,0,6.776547231270358,0.5412420688329167,13.811074918566776,
101162,Marcin,Gortat,149,3.6912751677852342,0.2214765100671141,4.308724832214765,0.8322147651006712,0.2416107382550335,0.4899328859060403,2.8926174496644297,1.577181208053691,0.0268456375838926,0.0067114093959731,0.825503355704698,0.5302013422818792,0,0,1,3.255838926174497,0.5668700527704484,13.802013422818792,
673,Alan,Henderson,354,5.22316384180791,0.4096045197740113,4.27683615819209,0.3926553672316384,0.403954802259887,0.8305084745762712,4.2740112994350286,2.0508474576271185,0.0169491525423728,0.0028248587570621,1.7853107344632768,1.11864406779661,0,1,1,5.059548022598871,0.5161690153426982,13.778248587570625,
2230,Maurice,Evans,460,6.880434782608695,0.7956521739130434,2.617391304347826,0.1608695652173913,0.5347826086956522,0.5108695652173914,5.852173913043479,2.619565217391304,2.0869565217391304,0.7695652173913043,1.1282608695652174,0.8717391304347826,1,1,0,6.348608695652175,0.5418852470243394,13.76086956521739,
1800,Damon,Jones,576,6.888888888888889,2.8975694444444446,1.6927083333333333,0.0329861111111111,0.3923611111111111,0.8576388888888888,5.907986111111111,2.420138888888889,3.8854166666666665,1.5190972222222223,0.7256944444444444,0.5295138888888888,1,0,0,6.227291666666666,0.5531207832903996,13.760416666666668,
201577,Robin,Lopez,110,5.627272727272727,0.1363636363636363,3.327272727272727,0.8545454545454545,0.1909090909090909,0.6272727272727273,3.890909090909091,2.2,0.009090909090909,0.0,1.7545454545454546,1.2272727272727273,0,0,1,4.662909090909091,0.6034079388598611,13.75,
201175,Glen,Davis,198,5.974747474747475,0.6666666666666666,3.606060606060606,0.2676767676767677,0.5303030303030303,0.9545454545454546,4.797979797979798,2.1616161616161618,0.0454545454545454,0.0101010101010101,2.3535353535353534,1.6414141414141414,0,1,1,5.833535353535353,0.5121034769358638,13.666666666666668,
1934,Rodney,Buford,193,6.865284974093265,0.8134715025906736,2.849740932642487,0.1191709844559585,0.5440414507772021,0.6787564766839378,7.139896373056994,2.94300518134715,1.1295336787564767,0.3471502590673575,0.8290155440414507,0.6321243523316062,1,1,0,7.504663212435233,0.4574012703673019,13.655440414507773,
201602,Kyle,Weaver,67,5.0,1.671641791044776,2.194029850746269,0.4626865671641791,0.7910447761194029,1.0895522388059702,4.164179104477612,1.8656716417910448,1.671641791044776,0.582089552238806,0.9552238805970148,0.6865671641791045,1,0,0,4.584477611940299,0.5453184008334417,13.634328358208954,
970,Othella,Harrington,471,6.607218683651805,0.613588110403397,4.067940552016985,0.3269639065817409,0.256900212314225,1.2016985138004246,5.089171974522293,2.5562632696390657,0.0106157112526539,0.0,2.038216560509554,1.494692144373673,0,1,1,5.985987261146497,0.5518904731503157,13.561571125265392,
904,Chris,Mullin,20,5.75,0.95,2.05,0.5,0.8,0.95,5.3,1.8,2.6,0.95,1.4,1.2,0,1,0,5.916,0.4859702501690331,13.55,
1761,Greg,Buckner,520,5.005769230769231,1.2769230769230768,2.728846153846154,0.175,0.8,0.6884615384615385,4.342307692307692,1.9403846153846156,1.3269230769230769,0.4403846153846154,0.8923076923076924,0.6846153846153846,1,0,0,4.734923076923077,0.5286009032719239,13.5375,
2412,Jiri,Welsch,242,6.276859504132231,1.5495867768595042,2.487603305785124,0.0619834710743801,0.7727272727272727,1.0826446280991735,5.289256198347108,2.1322314049586777,1.421487603305785,0.4876033057851239,2.0289256198347108,1.524793388429752,0,1,0,6.18198347107438,0.5076735916151974,13.506198347107436,
1442,Zeljko,Rebraca,215,5.934883720930233,0.4093023255813953,3.2,0.7441860465116279,0.2651162790697674,0.944186046511628,4.306976744186047,2.269767441860465,0.0,0.0,1.7627906976744183,1.3953488372093024,0,0,1,5.082604651162791,0.583842746806252,13.497674418604651,
2751,Viktor,Khryapa,137,4.693430656934306,1.0291970802919708,3.583941605839416,0.3503649635036496,0.6277372262773723,1.0145985401459854,4.138686131386861,1.832116788321168,0.3503649635036496,0.1021897810218978,1.4087591240875912,0.927007299270073,0,1,0,4.7585401459854015,0.4931586697754325,13.496350364963504,
718,Gary,Trent,244,6.008196721311475,0.8032786885245902,3.5614754098360657,0.3073770491803279,0.319672131147541,0.7909836065573771,5.032786885245901,2.512295081967213,0.0450819672131147,0.0,1.524590163934426,0.9836065573770492,0,1,0,5.703606557377048,0.5267015405840424,13.48155737704918,
958,Vitaly,Potapenko,319,5.448275862068965,0.5297805642633229,4.275862068965517,0.2570532915360501,0.4043887147335423,0.9373040752351096,4.658307210031348,2.219435736677116,0.0031347962382445,0.0,1.401253918495298,1.0094043887147337,0,1,1,5.274858934169279,0.5164380630898329,13.427899686520377,
2592,James,Jones,363,6.446280991735537,0.6336088154269972,2.4049586776859506,0.418732782369146,0.3994490358126721,0.4325068870523416,5.349862258953168,2.1322314049586777,2.9834710743801653,1.1790633608815426,1.165289256198347,1.002754820936639,1,1,0,5.862589531680441,0.5497810273856737,13.411845730027546,
101139,CJ,Miles,248,7.076612903225806,1.2338709677419355,1.9596774193548387,0.1854838709677419,0.6209677419354839,0.842741935483871,6.258064516129032,2.7419354838709675,2.1169354838709675,0.7217741935483871,1.1330645161290325,0.8709677419354839,1,0,0,6.756612903225806,0.5236805041655725,13.40725806451613,
201958,Rodrigue,Beaubois,51,7.784313725490196,1.4509803921568627,1.5294117647058822,0.2352941176470588,0.5686274509803921,1.03921568627451,5.8431372549019605,3.0392156862745097,2.1372549019607843,0.8823529411764706,1.0196078431372548,0.8235294117647058,1,0,0,6.291764705882352,0.6186113188730991,13.392156862745097,
2039,Keyon,Dooling,594,7.21043771043771,2.186868686868687,1.3569023569023568,0.1161616161616161,0.664983164983165,1.132996632996633,6.14983164983165,2.572390572390572,1.5993265993265993,0.5606060606060606,1.887205387205387,1.505050505050505,1,0,0,6.98020202020202,0.5164920506290036,13.384680134680137,
2212,Steven,Hunter,390,4.653846153846154,0.2025641025641025,3.2384615384615385,1.082051282051282,0.1256410256410256,0.6384615384615384,3.3666666666666667,1.8846153846153848,0.0025641025641025,0.0,1.828205128205128,0.8846153846153846,0,0,1,4.171076923076923,0.5578710534080851,13.369230769230768,
317,John,Starks,140,7.064285714285714,1.7714285714285714,1.5857142857142856,0.0714285714285714,0.7571428571428571,1.0357142857142858,7.114285714285714,2.7642857142857142,1.9785714285714289,0.6642857142857143,1.0857142857142856,0.8714285714285714,1,0,0,7.592,0.4652453710672888,13.342857142857143,
201202,Joel,Anthony,168,2.6607142857142856,0.25,3.208333333333333,1.386904761904762,0.2916666666666667,0.6130952380952381,2.005952380952381,0.9583333333333334,0.0,0.0,1.113095238095238,0.7440476190476191,0,0,1,2.4957142857142856,0.5330566685746995,13.336309523809524,
2427,Roger,Mason Jr.,334,7.440119760479042,1.5479041916167664,1.889221556886228,0.1676646706586826,0.4131736526946107,0.8143712574850299,6.658682634730539,2.7245508982035926,3.4221556886227544,1.3053892215568863,0.7874251497005988,0.6856287425149701,1,0,0,7.005149700598802,0.5310464500025643,13.290419161676644,
2205,DeSagana,Diop,533,2.097560975609756,0.425891181988743,3.831144465290807,1.099437148217636,0.3977485928705441,0.5947467166979362,2.0337711069418387,0.8855534709193246,0.0093808630393996,0.0018761726078799,0.6810506566604128,0.324577861163227,0,0,1,2.3334333958724205,0.4494580773807609,13.282363977485929,
1922,Francisco,Elson,403,3.942928039702233,0.5607940446650124,3.774193548387097,0.5955334987593052,0.511166253101737,0.7990074441687345,3.476426799007444,1.662531017369727,0.0397022332506203,0.0074441687344913,0.8858560794044665,0.6104218362282878,0,1,1,3.8662034739454096,0.5099224686794003,13.274193548387098,
2054,Jake,Tsakalidis,314,4.767515923566879,0.321656050955414,3.9426751592356686,0.7101910828025477,0.232484076433121,0.8503184713375797,3.770700636942675,1.8471337579617837,0.0031847133757961,0.0,1.6337579617834397,1.0732484076433122,0,0,1,4.489554140127389,0.5309565020003972,13.23407643312102,
1065,Erick,Strickland,302,6.145695364238411,2.2913907284768213,2.185430463576159,0.043046357615894,0.6423841059602649,1.185430463576159,5.413907284768212,2.076158940397351,2.155629139072848,0.7847682119205298,1.4437086092715232,1.2086092715231789,1,0,0,6.049139072847682,0.5079809945041712,13.2317880794702,
344,Dana,Barros,90,7.522222222222222,2.077777777777778,1.6777777777777778,0.0444444444444444,0.4888888888888889,1.0333333333333334,6.7444444444444445,2.8777777777777778,1.9555555555555555,0.7555555555555555,1.211111111111111,1.011111111111111,1,0,0,7.277333333333333,0.5168254549896177,13.22222222222222,barroda01
330,Danny,Manning,134,5.985074626865671,0.9626865671641792,2.537313432835821,0.3955223880597014,0.5746268656716418,0.9552238805970148,5.082089552238806,2.470149253731343,0.3208955223880597,0.0820895522388059,1.335820895522388,0.9626865671641792,0,1,1,5.669850746268656,0.5277982520796042,13.205223880597014,
101189,James,Singleton,210,4.076190476190476,0.4476190476190476,3.947619047619048,0.5190476190476191,0.419047619047619,0.6095238095238096,3.3666666666666667,1.5285714285714285,0.5285714285714286,0.1571428571428571,1.042857142857143,0.861904761904762,0,1,0,3.8255238095238098,0.5327623979286994,13.202380952380947,
283,Lindsey,Hunter,446,5.531390134529148,1.952914798206278,1.4910313901345291,0.147982062780269,0.8901345291479821,0.8363228699551569,5.695067264573991,2.091928251121076,2.477578475336323,0.8408071748878924,0.6771300448430493,0.5067264573991032,1,0,0,5.993004484304933,0.4614872347430486,13.17713004484305,
2073,Brian,Cardinal,353,5.439093484419264,1.158640226628895,2.7082152974504248,0.1699716713881019,0.7450424929178471,0.8640226628895185,4.169971671388102,1.7195467422096318,1.461756373937677,0.5410764872521246,1.69971671388102,1.4589235127478757,0,1,0,4.917847025495751,0.5529953917050692,13.171388101983002,
201590,Donte,Greene,131,6.534351145038168,0.7709923664122137,2.442748091603053,0.5114503816793893,0.4351145038167939,0.9923664122137404,6.022900763358779,2.450381679389313,2.1603053435114505,0.7251908396946565,1.3282442748091603,0.9083969465648856,0,1,0,6.607328244274809,0.4944775636582097,13.156488549618322,
200811,Lou,Amundson,181,4.011049723756906,0.3314917127071823,3.6243093922651934,0.8121546961325967,0.3204419889502762,0.6629834254143646,3.0773480662983426,1.6574585635359116,0.011049723756906,0.0,1.4364640883977902,0.6961325966850829,0,1,0,3.70939226519337,0.5406613047363718,13.149171270718233,
201609,Goran,Dragic,135,6.525925925925926,2.607407407407408,2.0296296296296297,0.0814814814814814,0.5703703703703704,1.474074074074074,5.296296296296297,2.2962962962962963,1.7925925925925923,0.6962962962962963,1.6592592592592592,1.237037037037037,1,0,0,6.026370370370371,0.5414474654604454,13.14074074074074,
1741,Jelani,McCoy,175,4.674285714285714,0.6114285714285714,3.7885714285714287,0.7257142857142858,0.28,1.0857142857142856,3.9657142857142857,2.011428571428572,0.0,0.0,1.3371428571428572,0.6514285714285715,0,1,1,4.554057142857143,0.5132001606103191,13.125714285714288,
201985,AJ,Price,56,7.321428571428571,1.8928571428571428,1.5714285714285714,0.0535714285714285,0.625,1.0535714285714286,6.321428571428571,2.5892857142857144,3.107142857142857,1.0714285714285714,1.3392857142857142,1.0714285714285714,1,0,0,6.910714285714286,0.5297157622739018,13.124999999999998,
2679,Matt,Carroll,348,7.574712643678161,0.7212643678160919,2.117816091954023,0.1350574712643678,0.5459770114942529,0.7183908045977011,6.149425287356322,2.5545977011494254,2.3189655172413794,0.9166666666666666,1.8218390804597704,1.5488505747126438,1,0,0,6.951034482758621,0.5448622548533254,13.120689655172416,
2035,DerMarr,Johnson,337,6.293768545994065,0.8991097922848664,2.27893175074184,0.4421364985163205,0.5875370919881305,1.029673590504451,5.548961424332345,2.28486646884273,2.4154302670623147,0.8130563798219584,1.1543026706231454,0.9109792284866468,1,1,0,6.056854599406528,0.5195575065159027,13.120178041543028,
201941,Jordan,Hill,47,5.191489361702128,0.425531914893617,3.723404255319149,0.4468085106382978,0.2978723404255319,0.6382978723404256,4.276595744680851,2.106382978723404,0.0425531914893617,0.0,1.446808510638298,0.9787234042553192,0,1,1,4.913191489361702,0.5283214966222068,13.117021276595745,
201156,Nick,Young,230,9.095652173913043,0.8956521739130435,1.5956521739130434,0.1521739130434782,0.4434782608695652,1.0521739130434782,7.78695652173913,3.38695652173913,1.882608695652174,0.717391304347826,1.943478260869565,1.6043478260869566,1,1,0,8.642086956521739,0.5262416485550994,13.110869565217394,
1956,Ira,Newble,365,5.287671232876712,0.936986301369863,3.052054794520548,0.2876712328767123,0.5561643835616439,0.7917808219178082,4.802739726027397,2.1424657534246574,0.6821917808219178,0.2328767123287671,0.989041095890411,0.7698630136986301,1,1,0,5.237917808219178,0.5047493514101599,13.063013698630137,
53,Mario,Elie,68,4.397058823529412,1.9264705882352944,2.2794117647058822,0.1764705882352941,0.8529411764705882,0.8823529411764706,3.6176470588235294,1.5294117647058822,1.4705882352941178,0.5294117647058824,1.0147058823529411,0.8088235294117647,1,1,0,4.064117647058824,0.5409610652771747,13.058823529411764,
101180,Sarunas,Jasikevicius,133,7.015037593984962,3.0,1.669172932330827,0.037593984962406,0.4962406015037593,1.5488721804511278,5.646616541353383,2.2406015037593985,2.7518796992481205,0.9774436090225564,1.7142857142857142,1.556390977443609,1,0,0,6.400902255639098,0.5479725602593619,13.056390977443607,
1742,Shammond,Williams,275,6.050909090909091,2.4945454545454546,1.6945454545454546,0.0509090909090909,0.6472727272727272,1.058181818181818,5.301818181818182,2.152727272727273,2.250909090909091,0.8436363636363636,1.0945454545454545,0.901818181818182,1,0,0,5.783418181818182,0.5231256759135836,13.010909090909092,
375,Isaiah,Rider,77,7.792207792207792,1.5974025974025974,2.4545454545454546,0.1168831168831168,0.3896103896103896,1.4545454545454546,7.181818181818182,3.090909090909091,1.3896103896103895,0.5194805194805194,1.2987012987012987,1.0909090909090908,1,0,0,7.753246753246753,0.5025125628140704,12.987012987012983,rideris01
1134,Ike,Austin,73,4.136986301369863,0.9726027397260274,4.013698630136986,0.3835616438356164,0.3972602739726027,0.8904109589041096,4.958904109589041,1.808219178082192,0.3698630136986301,0.0821917808219178,0.6027397260273972,0.4383561643835616,0,0,1,5.224109589041096,0.39595133207468,12.95890410958904,
2206,Rodney,White,215,7.162790697674419,1.1023255813953488,2.255813953488372,0.3023255813953488,0.5488372093023256,1.3255813953488371,6.767441860465116,2.869767441860465,1.3488372093023255,0.4232558139534884,1.3348837209302329,1.0,0,1,0,7.354790697674418,0.4869472832135991,12.953488372093023,
200749,Shelden,Williams,238,4.563025210084033,0.4033613445378151,3.936974789915966,0.4159663865546218,0.4579831932773109,0.8151260504201681,3.5840336134453783,1.6428571428571428,0.0378151260504201,0.0084033613445378,1.7226890756302522,1.26890756302521,0,1,1,4.34201680672269,0.5254499709696148,12.9390756302521,
1744,Jerome,James,340,4.458823529411765,0.3441176470588235,3.1823529411764704,1.111764705882353,0.2647058823529412,1.1588235294117648,3.8676470588235294,1.8852941176470588,0.0058823529411764,0.0,1.1088235294117648,0.6882352941176471,0,0,1,4.355529411764706,0.5118578142725947,12.936764705882352,
2745,Kirk,Snyder,204,6.529411764705882,1.181372549019608,2.4019607843137254,0.3382352941176471,0.4215686274509804,1.0098039215686274,5.465686274509804,2.397058823529412,1.3774509803921569,0.4509803921568627,1.8333333333333333,1.2843137254901962,1,1,0,6.272352941176471,0.5204914189252555,12.924019607843135,
983,Moochie,Norris,393,5.127226463104326,2.778625954198473,1.954198473282443,0.0458015267175572,0.7302798982188295,1.2035623409669212,4.610687022900764,1.8575063613231555,0.8956743002544529,0.2442748091603053,1.5623409669211197,1.16793893129771,1,0,0,5.2981170483460565,0.4838725170015752,12.923664122137405,
2408,Melvin,Ely,342,5.605263157894737,0.7222222222222222,3.333333333333333,0.5760233918128655,0.2777777777777778,1.105263157894737,4.807017543859649,2.198830409356725,0.0087719298245614,0.0,1.932748538011696,1.2076023391812865,0,1,1,5.657426900584795,0.495389799673358,12.893274853801168,
42,Monty,Williams,171,5.766081871345029,1.1754385964912282,3.0584795321637426,0.2222222222222222,0.52046783625731,1.0994152046783623,4.713450292397661,2.304093567251462,0.1111111111111111,0.0058479532163742,1.7485380116959064,1.152046783625731,0,1,0,5.482807017543859,0.525833013353812,12.88888888888889,
1960,Milt,Palacio,410,5.2073170731707314,2.795121951219512,1.902439024390244,0.1414634146341463,0.6853658536585366,1.3463414634146342,4.785365853658536,2.0,0.4097560975609756,0.0975609756097561,1.526829268292683,1.1097560975609757,1,0,0,5.457170731707317,0.4771077660183067,12.86829268292683,
2758,David,Harrison,188,5.047872340425532,0.25,2.9202127659574466,0.9787234042553192,0.3404255319148936,1.1436170212765957,3.75531914893617,1.9893617021276595,0.0,0.0,2.0372340425531914,1.069148936170213,0,0,1,4.651702127659575,0.5425833600146366,12.79255319148936,
2078,Jason,Hart,331,4.903323262839879,2.338368580060423,1.7129909365558913,0.1027190332326284,0.7643504531722054,0.8308157099697885,4.447129909365559,1.8549848942598188,0.6132930513595166,0.1933534743202417,1.2688821752265862,1.0,1,0,0,5.005438066465257,0.489799613713182,12.787009063444108,
1683,Larry,Robinson,36,5.611111111111111,1.0,2.4722222222222223,0.0555555555555555,0.7777777777777778,0.6944444444444444,5.222222222222222,1.8888888888888888,3.2777777777777777,1.25,0.6666666666666666,0.5833333333333334,1,0,0,5.515555555555555,0.508662369057212,12.763888888888888,
1915,Evan,Eschmeyer,121,2.727272727272727,0.4545454545454545,4.074380165289257,0.6115702479338843,0.5041322314049587,0.6198347107438017,2.2231404958677685,0.9917355371900828,0.0,0.0,1.1487603305785123,0.743801652892562,0,0,1,2.728595041322314,0.4997576932396413,12.743801652892564,
2743,Kris,Humphries,346,4.884393063583815,0.4624277456647399,3.601156069364162,0.3959537572254335,0.3786127167630058,0.6820809248554913,4.3468208092485545,1.9046242774566475,0.0375722543352601,0.0057803468208092,1.7485549132947975,1.069364161849711,0,1,0,5.116184971098265,0.4773471924076375,12.71387283236994,
2556,Marcus,Banks,342,6.008771929824562,2.1198830409356724,1.5116959064327486,0.1666666666666666,0.7748538011695907,1.2660818713450293,5.005847953216374,2.1666666666666665,1.1140350877192982,0.3654970760233918,1.7046783625730997,1.3099415204678362,1,0,0,5.755906432748538,0.5219657407595555,12.690058479532166,
422,Avery,Johnson,212,5.721698113207547,3.292452830188679,1.028301886792453,0.080188679245283,0.5377358490566038,1.018867924528302,5.09433962264151,2.2830188679245285,0.0754716981132075,0.0047169811320754,1.6037735849056605,1.150943396226415,1,0,0,5.800000000000001,0.4932498373454781,12.636792452830187,
2055,Mamadou,N'diaye,68,3.852941176470588,0.1176470588235294,3.3088235294117645,0.9411764705882352,0.25,0.5882352941176471,2.926470588235294,1.25,0.0147058823529411,0.0,1.838235294117647,1.3529411764705883,0,0,1,3.735294117647059,0.515748031496063,12.580882352941178,
2693,Keith,McLeod,199,5.552763819095477,2.693467336683417,1.3467336683417086,0.135678391959799,0.7286432160804021,1.256281407035176,5.115577889447236,1.8241206030150756,1.050251256281407,0.2964824120603015,2.010050251256281,1.6080402010050252,1,0,0,6.0,0.4627303182579564,12.557788944723615,
201970,Sam,Young,80,7.4375,0.65,2.5125,0.25,0.425,1.175,6.2125,2.8,0.7,0.1375,2.1875,1.7,1,1,0,7.175000000000001,0.5182926829268292,12.53125,
761,Matt,Geiger,39,5.538461538461538,0.358974358974359,3.717948717948718,0.2564102564102564,0.3076923076923077,0.6923076923076923,5.948717948717949,2.282051282051282,0.0512820512820512,0.0,1.435897435897436,0.9743589743589745,0,0,1,6.580512820512821,0.4208229426433915,12.525641025641024,
200826,J.J.,Barea,230,6.443478260869565,2.643478260869565,1.7173913043478262,0.0565217391304347,0.3782608695652174,1.1130434782608696,5.78695652173913,2.508695652173913,1.673913043478261,0.6,1.0521739130434782,0.8260869565217391,1,0,0,6.24991304347826,0.5154854328408047,12.49782608695652,
123,Robert,Pack,144,5.104166666666667,3.125,1.5902777777777777,0.0138888888888888,0.7986111111111112,1.4652777777777777,4.6875,1.9444444444444444,0.2777777777777778,0.0902777777777777,1.4791666666666667,1.125,1,0,0,5.338333333333333,0.4780674367780206,12.49652777777778,packro01
15,Eric,Piatkowski,384,7.127604166666667,0.9947916666666666,2.0234375,0.1276041666666666,0.4453125,0.7395833333333334,5.6171875,2.4375,2.7838541666666665,1.140625,1.2994791666666667,1.1119791666666667,1,1,0,6.188958333333334,0.5758322954185882,12.467447916666668,
1559,Adrian,Griffin,388,3.690721649484536,1.2242268041237114,2.927835051546392,0.1134020618556701,0.8247422680412371,0.6108247422680413,3.551546391752577,1.5721649484536082,0.3092783505154639,0.0876288659793814,0.5979381443298969,0.4587628865979381,1,1,0,3.814639175257732,0.4837576347224475,12.449742268041238,
2567,Brian,Cook,347,5.8645533141210375,0.654178674351585,2.755043227665706,0.3400576368876081,0.3371757925072046,0.622478386167147,5.22478386167147,2.3371757925072045,1.602305475504323,0.6253602305475504,0.7118155619596542,0.5648414985590778,0,1,1,5.5379827089337175,0.5294846176262438,12.44236311239193,
101123,Gerald,Green,173,7.872832369942197,0.838150289017341,2.115606936416185,0.2138728323699422,0.4104046242774566,1.1965317919075145,6.976878612716763,2.930635838150289,2.098265895953757,0.7514450867052023,1.5549132947976878,1.260115606936416,1,1,0,7.661040462427746,0.5138226595038329,12.407514450867051,
201953,Eric,Maynor,81,4.716049382716049,3.2839506172839505,1.5925925925925926,0.1234567901234567,0.4938271604938271,1.0493827160493827,4.54320987654321,1.9012345679012344,0.8765432098765432,0.2716049382716049,0.8888888888888888,0.6419753086419753,1,0,0,4.934320987654321,0.4778823058446757,12.401234567901234,
2424,Dan,Dickau,284,6.112676056338028,2.647887323943662,1.4225352112676055,0.0387323943661971,0.573943661971831,1.1408450704225352,5.330985915492958,2.1338028169014085,1.8450704225352117,0.6302816901408451,1.4612676056338028,1.2147887323943662,1,0,0,5.973943661971831,0.5116114582105387,12.38732394366197,
692,Andrew,DeClercq,283,3.628975265017668,0.5300353356890459,3.763250883392226,0.4381625441696113,0.5371024734982333,0.7915194346289752,2.9151943462897525,1.4840989399293287,0.0,0.0,1.0353356890459364,0.6607773851590106,0,0,1,3.3707420494699645,0.5383050989600805,12.386925795053005,
2853,Earl,Barron,86,5.627906976744186,0.4883720930232558,3.779069767441861,0.1860465116279069,0.3372093023255814,0.872093023255814,5.732558139534884,2.2093023255813957,0.1627906976744186,0.0116279069767441,1.6046511627906976,1.197674418604651,0,1,1,6.438604651162791,0.4370439933540417,12.377906976744187,
200760,Rodney,Carney,269,6.137546468401487,0.449814126394052,2.007434944237918,0.3531598513011152,0.5464684014869888,0.5241635687732342,5.5315985130111525,2.3382899628252787,2.0520446096654275,0.6802973977695167,1.104089219330855,0.7806691449814126,0,1,0,6.017397769516728,0.5099834432994786,12.37360594795539,
201167,Arron,Afflalo,228,5.978070175438597,1.0263157894736843,2.293859649122807,0.2236842105263158,0.4605263157894737,0.6622807017543859,4.93859649122807,2.201754385964912,1.7719298245614037,0.706140350877193,1.1228070175438596,0.868421052631579,1,0,0,5.432631578947368,0.5502002195956857,12.37061403508772,
2431,David,Andersen,63,5.825396825396825,0.6984126984126984,3.3015873015873014,0.1904761904761904,0.238095238095238,0.5873015873015873,5.396825396825397,2.333333333333333,1.238095238095238,0.4285714285714285,1.0634920634920637,0.7301587301587301,0,0,1,5.864761904761905,0.4966439320125581,12.365079365079367,
2774,Bernard,Robinson,123,4.682926829268292,1.024390243902439,2.5528455284552845,0.1300813008130081,0.8861788617886179,0.8943089430894309,4.130081300813008,1.7235772357723578,0.2520325203252032,0.040650406504065,1.5203252032520325,1.195121951219512,1,1,0,4.799024390243902,0.4879040455377109,12.32520325203252,
201174,Nick,Fazekas,25,4.28,0.44,3.56,0.44,0.32,0.52,3.24,1.84,0.08,0.0,0.88,0.6,0,1,0,3.6272,0.5899867666519629,12.28,
76,Cedric,Ceballos,39,6.6923076923076925,0.5128205128205128,2.717948717948718,0.1794871794871795,0.4102564102564102,0.8205128205128205,5.871794871794871,2.58974358974359,1.871794871794872,0.5641025641025641,1.1025641025641026,0.9487179487179488,0,1,0,6.356923076923077,0.5263794772507261,12.256410256410255,cebalce01
216,Brian,Shaw,208,4.038461538461538,2.1634615384615383,2.5721153846153846,0.2067307692307692,0.5096153846153846,0.8798076923076923,4.0625,1.5673076923076923,1.5961538461538465,0.5240384615384616,0.4951923076923077,0.3798076923076923,1,0,0,4.280384615384615,0.4717404977985444,12.247596153846152,
1732,Felipe,Lopez,132,5.446969696969697,1.106060606060606,2.378787878787879,0.2348484848484848,0.6060606060606061,0.9015151515151516,4.795454545454546,2.0454545454545454,0.6363636363636364,0.25,1.5984848484848484,1.106060606060606,1,1,0,5.498787878787879,0.4952882177890444,12.234848484848484,
101160,Lawrence,Roberts,82,4.073170731707317,0.4268292682926829,3.7560975609756095,0.1829268292682926,0.5365853658536586,0.5,3.0609756097560976,1.3902439024390243,0.048780487804878,0.0,1.8780487804878048,1.2926829268292683,0,1,0,3.887317073170732,0.5239051323880035,12.225609756097562,
2669,Linton,Johnson,148,3.932432432432433,0.4391891891891892,3.331081081081081,0.4256756756756756,0.5675675675675675,0.6756756756756757,3.8783783783783785,1.614864864864865,0.7094594594594594,0.2162162162162162,0.6959459459459459,0.4864864864864865,0,1,0,4.184594594594595,0.4698701801976361,12.20945945945946,
2457,Jannero,Pargo,370,6.781081081081081,2.062162162162162,1.5405405405405406,0.0594594594594594,0.5351351351351351,1.191891891891892,6.816216216216216,2.643243243243244,2.1297297297297297,0.7432432432432432,0.8729729729729729,0.7513513513513513,1,0,0,7.200324324324324,0.4708871972733961,12.17972972972973,
1916,Calvin,Booth,349,3.2893982808022924,0.4126074498567335,2.799426934097421,0.98567335243553,0.2808022922636103,0.498567335243553,2.8681948424068766,1.3065902578796562,0.0257879656160458,0.0057306590257879,0.8939828080229226,0.670487106017192,0,0,1,3.2615472779369625,0.5042695997469867,12.176217765042978,
1886,Jonathan,Bender,231,6.012987012987013,0.7229437229437229,2.4285714285714284,0.70995670995671,0.1818181818181818,1.0865800865800863,4.982683982683983,2.103896103896104,1.2337662337662338,0.4285714285714285,1.792207792207792,1.3766233766233766,0,1,0,5.771255411255411,0.520942722553932,12.134199134199132,
101120,Antoine,Wright,285,5.656140350877193,1.0350877192982455,2.375438596491228,0.2526315789473684,0.4842105263157895,0.7929824561403509,5.228070175438597,2.16140350877193,1.7719298245614037,0.543859649122807,1.1719298245614036,0.7894736842105263,1,1,0,5.7437192982456144,0.4923761118170266,12.133333333333333,
201187,Dominic,McGuire,189,2.566137566137566,1.3174603174603174,3.412698412698413,0.5502645502645502,0.4603174603174603,0.7883597883597884,2.5291005291005293,1.0423280423280423,0.0529100529100529,0.0158730158730158,0.746031746031746,0.4656084656084656,0,1,0,2.857354497354497,0.449040811791719,12.126984126984128,
962,Walter,McCarty,369,4.861788617886178,1.002710027100271,2.5528455284552845,0.2276422764227642,0.5826558265582655,0.6910569105691057,4.284552845528455,1.7046070460704608,2.6260162601626016,0.951219512195122,0.7506775067750677,0.5013550135501355,0,1,0,4.614850948509485,0.5267546744339002,12.054200542005418,
1505,Tariq,Abdul-Wahad,67,4.522388059701493,1.0,2.7313432835820897,0.3880597014925373,0.5970149253731343,1.0149253731343284,4.7164179104477615,1.8656716417910448,0.1940298507462686,0.0746268656716417,1.1194029850746268,0.7164179104477612,1,1,0,5.208955223880597,0.4340974212034384,12.029850746268655,
201611,Henry,Walker,60,6.95,0.8833333333333333,1.95,0.0833333333333333,0.4833333333333333,0.7666666666666667,4.833333333333333,2.6,1.95,0.8333333333333334,1.2,0.9166666666666666,0,1,0,5.361333333333333,0.6481596617756777,11.933333333333334,
2624,Quinton,Ross,414,4.36231884057971,1.0169082125603863,2.214975845410628,0.2971014492753623,0.6280193236714976,0.5072463768115942,4.263285024154589,1.7826086956521738,0.3647342995169082,0.1183574879227053,0.9371980676328504,0.678743961352657,1,1,0,4.675652173913043,0.4664930878432831,11.896135265700485,
200747,Adam,Morrison,161,7.453416149068323,1.3788819875776397,2.124223602484472,0.0745341614906832,0.2484472049689441,1.0683229813664596,7.77639751552795,2.900621118012422,2.329192546583851,0.7701863354037267,1.2422360248447204,0.8819875776397516,0,1,0,8.322981366459627,0.4477611940298507,11.86335403726708,
2124,Malik,Allen,455,5.079120879120879,0.4923076923076923,2.903296703296703,0.4747252747252747,0.2835164835164835,0.6967032967032967,5.12967032967033,2.2593406593406598,0.0351648351648351,0.0065934065934065,0.7098901098901099,0.5538461538461539,0,1,0,5.4420219780219785,0.4666575125599728,11.812087912087913,
200818,Justin,Williams,42,3.9047619047619047,0.0476190476190476,3.857142857142857,0.5,0.238095238095238,0.4523809523809524,2.7857142857142856,1.5952380952380951,0.0238095238095238,0.0,2.071428571428572,0.7142857142857143,0,1,1,3.697142857142857,0.5280783101494075,11.809523809523808,
200769,Shannon,Brown,169,6.248520710059172,1.0236686390532543,1.5857988165680474,0.2603550295857988,0.5739644970414202,0.8461538461538461,5.65680473372781,2.3846153846153846,1.6627218934911243,0.5443786982248521,1.2011834319526626,0.9349112426035504,1,0,0,6.185325443786982,0.5051084835265756,11.807692307692308,
201805,Chris,Hunter,60,4.5,0.6166666666666667,2.783333333333333,0.5833333333333334,0.2166666666666666,0.5,3.6166666666666663,1.8166666666666669,0.0666666666666666,0.0,1.15,0.8666666666666667,0,1,1,4.1226666666666665,0.5457632600258733,11.800000000000002,
201446,Mike,Taylor,49,5.8979591836734695,2.163265306122449,1.7755102040816326,0.0,0.7346938775510204,1.489795918367347,5.448979591836735,2.2448979591836733,0.8163265306122449,0.2653061224489796,1.653061224489796,1.1428571428571428,1,0,0,6.176326530612245,0.4774649748876552,11.76530612244898,
1909,Scott,Padgett,377,4.647214854111406,0.7957559681697612,3.0053050397877983,0.2068965517241379,0.4456233421750663,0.6074270557029178,4.013262599469496,1.6816976127320955,1.5862068965517242,0.6021220159151194,0.9177718832891246,0.6816976127320955,0,1,0,4.417082228116711,0.5260502990559919,11.744031830238724,
2563,Dahntay,Jones,394,6.1395939086294415,0.964467005076142,1.982233502538071,0.299492385786802,0.4873096446700508,0.9898477157360406,5.020304568527918,2.261421319796954,0.383248730964467,0.1218274111675127,2.032994923857868,1.4949238578680204,1,1,0,5.914822335025381,0.5190007037297678,11.727157360406093,
101136,Salim,Stoudamire,151,8.324503311258278,1.086092715231788,1.4172185430463575,0.0662251655629139,0.3642384105960264,1.0463576158940395,7.251655629139073,2.947019867549669,3.006622516556291,1.099337748344371,1.509933774834437,1.3311258278145697,1,0,0,7.916026490066225,0.5258006224274671,11.708609271523176,
200809,Chris,Quinn,182,5.5,2.21978021978022,1.3076923076923077,0.0384615384615384,0.510989010989011,0.6483516483516484,4.648351648351649,1.89010989010989,2.098901098901099,0.8241758241758241,1.0934065934065933,0.8956043956043956,1,0,0,5.129450549450549,0.5361197994772698,11.692307692307692,
2574,Jason,Kapono,455,7.314285714285714,0.8835164835164835,1.8,0.0527472527472527,0.3846153846153846,0.701098901098901,6.468131868131868,2.8747252747252747,2.23956043956044,0.9846153846153848,0.6945054945054945,0.5802197802197803,0,1,0,6.773714285714286,0.539902142736629,11.686813186813186,
101121,Joey,Graham,332,6.135542168674699,0.5692771084337349,2.933734939759036,0.108433734939759,0.3855421686746988,0.8463855421686747,4.8102409638554215,2.3343373493975905,0.4518072289156626,0.1355421686746988,1.6325301204819278,1.3313253012048192,0,1,0,5.5285542168674695,0.5548957220999412,11.673192771084336,
920,A.C.,Green,82,4.475609756097561,0.4756097560975609,3.817073170731707,0.0975609756097561,0.3658536585365853,0.5487804878048781,3.951219512195122,1.7560975609756098,0.073170731707317,0.0,1.353658536585366,0.9634146341463414,0,1,0,4.546829268292683,0.4921682222937453,11.670731707317072,
201159,Javaris,Crittenton,112,5.3125,1.7946428571428572,2.4642857142857144,0.0714285714285714,0.5267857142857143,1.2232142857142858,4.625,2.044642857142857,0.4642857142857143,0.1071428571428571,1.75,1.1160714285714286,1,0,0,5.395,0.492354031510658,11.64732142857143,
1720,Michael,Doleac,455,4.424175824175824,0.5714285714285714,3.2373626373626374,0.3472527472527472,0.334065934065934,0.6263736263736264,4.474725274725275,1.931868131868132,0.0131868131868131,0.0,0.6967032967032967,0.5604395604395604,0,0,1,4.781274725274725,0.4626565171824149,11.609890109890111,
201158,Marco,Belinelli,137,6.832116788321168,1.4014598540145986,1.313868613138686,0.0437956204379562,0.6058394160583942,0.9562043795620438,5.759124087591241,2.408759124087591,2.408759124087591,0.9343065693430656,1.3284671532846717,1.0802919708029195,1,0,0,6.343649635036496,0.5385004832696645,11.591240875912412,
685,Cherokee,Parks,141,3.98581560283688,0.5531914893617021,3.0354609929078014,0.475177304964539,0.3404255319148936,0.5319148936170213,3.7588652482269502,1.7730496453900708,0.0567375886524822,0.0070921985815602,0.6808510638297872,0.4326241134751773,0,1,1,4.058439716312057,0.4910527051586747,11.567375886524822,
200766,Marcus,Williams,201,5.597014925373134,2.855721393034826,1.7960199004975124,0.0348258706467661,0.4328358208955223,1.4676616915422886,5.502487562189055,2.1194029850746268,1.945273631840796,0.6218905472636815,0.9601990049751244,0.736318407960199,1,0,0,5.9249751243781095,0.4723239176435025,11.50995024875622,
2098,Slava,Medvedenko,253,5.474308300395257,0.5375494071146245,2.940711462450593,0.1660079051383399,0.3478260869565217,0.6284584980237155,5.173913043478261,2.324110671936759,0.0474308300395256,0.0039525691699604,1.1027667984189724,0.8221343873517787,0,1,0,5.659130434782608,0.4836704475610437,11.490118577075096,
101113,Ike,Diogu,185,6.1567567567567565,0.3621621621621622,3.097297297297297,0.3351351351351351,0.1783783783783784,0.9567567567567568,4.367567567567567,2.189189189189189,0.0108108108108108,0.0054054054054054,2.205405405405405,1.772972972972973,0,1,0,5.337945945945946,0.576697180816591,11.486486486486488,
440,Zan,Tabak,55,3.9272727272727272,0.6,3.872727272727273,0.5454545454545454,0.1818181818181818,1.0363636363636364,3.381818181818182,1.7818181818181815,0.0,0.0,0.8545454545454545,0.3636363636363636,0,0,1,3.7578181818181817,0.5225469324559706,11.472727272727273,
399,Sean,Rooks,266,4.011278195488722,0.7481203007518797,2.781954887218045,0.5225563909774437,0.3533834586466165,0.6804511278195489,3.898496240601504,1.612781954887218,0.0150375939849624,0.0037593984962406,1.0037593984962403,0.7819548872180451,0,0,1,4.340150375939849,0.4621128126948929,11.449248120300751,
1913,Michael,Ruffin,338,1.6479289940828403,0.6094674556213018,4.082840236686391,0.4940828402366864,0.5118343195266272,0.6331360946745562,1.4615384615384617,0.591715976331361,0.0088757396449704,0.0,1.029585798816568,0.4644970414201183,0,1,1,1.9145562130177516,0.430368401532946,11.443786982248522,
1521,Jacque,Vaughn,621,4.816425120772947,2.740740740740741,1.4702093397745573,0.0225442834138486,0.573268921095008,1.037037037037037,4.209339774557166,1.8293075684380031,0.3542673107890499,0.1223832528180354,1.317230273752013,1.035426731078905,1,0,0,4.788921095008051,0.5028716307096358,11.442028985507248,
2063,Jake,Voskuhl,443,4.094808126410835,0.5349887133182845,3.469525959367946,0.3747178329571106,0.3340857787810384,0.7674943566591422,3.1173814898419865,1.5191873589164786,0.0067720090293453,0.0022573363431151,1.4762979683972912,1.054176072234763,0,0,1,3.766952595936795,0.5435173422181739,11.40180586907449,
200761,Shawne,Williams,121,5.446280991735537,0.6859504132231405,2.512396694214876,0.3553719008264462,0.2809917355371901,0.71900826446281,4.859504132231405,2.066115702479338,1.7024793388429753,0.5206611570247934,1.1322314049586777,0.7933884297520661,0,1,0,5.357685950413223,0.5082680323317086,11.351239669421489,
101143,Travis,Diener,177,4.807909604519774,2.440677966101695,1.3728813559322033,0.0508474576271186,0.4293785310734463,0.5536723163841808,4.333333333333333,1.6779661016949152,2.621468926553672,0.9209039548022598,0.6271186440677966,0.5310734463276836,1,0,0,4.609265536723163,0.5215483428123162,11.34180790960452,
201948,Austin,Daye,68,5.132352941176471,0.5,2.5588235294117645,0.3823529411764705,0.3676470588235294,0.7058823529411765,4.338235294117647,2.014705882352941,1.3970588235294117,0.4264705882352941,0.8235294117647058,0.6764705882352942,0,1,0,4.700588235294117,0.5459266675009387,11.308823529411764,
428,Sherman,Douglas,59,5.728813559322034,2.440677966101695,1.2542372881355932,0.0677966101694915,0.6101694915254238,1.3389830508474576,5.135593220338983,2.067796610169492,0.6779661016949152,0.135593220338983,1.9491525423728813,1.4576271186440677,1,0,0,5.9932203389830505,0.4779411764705882,11.305084745762713,
64,Sam,Perkins,64,3.78125,0.640625,2.625,0.28125,0.515625,0.296875,3.53125,1.34375,1.71875,0.59375,0.59375,0.5,0,1,1,3.7925,0.4985168094924193,11.2734375,perkisa01
2416,Kareem,Rush,346,6.395953757225434,1.0202312138728324,1.653179190751445,0.2138728323699422,0.4335260115606936,0.861271676300578,6.326589595375722,2.531791907514451,2.3265895953757227,0.8323699421965318,0.7109826589595376,0.5,1,0,0,6.639421965317919,0.4816649544670997,11.27312138728324,
760,Jerome,Kersey,21,3.333333333333333,0.7142857142857143,2.142857142857143,0.3809523809523809,0.6666666666666666,0.2857142857142857,3.2857142857142856,1.5238095238095235,0.0476190476190476,0.0,0.6666666666666666,0.2857142857142857,0,1,0,3.579047619047619,0.4656732304417243,11.238095238095235,kerseje01
690,Don,Reid,133,3.2706766917293235,0.3609022556390977,3.142857142857143,0.7368421052631579,0.3233082706766917,0.7669172932330827,2.5413533834586466,1.2932330827067668,0.0,0.0,1.0902255639097744,0.6842105263157895,0,1,0,3.0210526315789474,0.5413140866102539,11.233082706766918,
2866,Jackie,Butler,67,5.08955223880597,0.4477611940298507,3.0597014925373136,0.4626865671641791,0.2985074626865671,1.0895522388059702,3.776119402985074,2.029850746268657,0.0,0.0,1.328358208955224,1.0298507462686568,0,0,1,4.360597014925373,0.5835843373493975,11.21641791044776,
763,Tony,Massenburg,302,4.490066225165563,0.314569536423841,3.447019867549669,0.3841059602649007,0.2947019867549669,0.8178807947019867,3.910596026490066,1.7649006622516556,0.0066225165562913,0.0033112582781456,1.314569536423841,0.956953642384106,0,1,1,4.489006622516556,0.5001180219520831,11.211920529801327,
200755,JJ,Redick,221,7.067873303167421,1.2805429864253393,1.5339366515837105,0.0226244343891402,0.2941176470588235,0.6923076923076923,5.226244343891403,2.20814479638009,2.6877828054298645,1.054298642533937,1.8506787330316743,1.5972850678733033,1,0,0,6.04054298642534,0.585036255767963,11.171945701357464,
201160,Jason,Smith,132,4.007575757575758,0.4015151515151515,2.765151515151515,0.5909090909090909,0.3257575757575757,0.6287878787878788,3.6666666666666665,1.6363636363636365,0.3257575757575757,0.106060606060606,0.9393939393939394,0.6287878787878788,0,1,1,4.08,0.4911244800950683,11.166666666666666,
365,Derrick,McKey,106,2.490566037735849,1.1226415094339623,2.858490566037736,0.160377358490566,0.839622641509434,0.6509433962264151,2.4339622641509435,1.0566037735849056,0.3018867924528302,0.0849056603773584,0.3867924528301887,0.2924528301886792,0,1,0,2.6041509433962267,0.4781915664396464,11.160377358490567,mckeyde01
1594,Rick,Brunson,234,3.576923076923077,3.0213675213675213,1.517094017094017,0.0726495726495726,0.6752136752136753,1.1153846153846154,3.4914529914529915,1.3376068376068375,0.8418803418803419,0.3247863247863248,0.7649572649572649,0.5769230769230769,1,0,0,3.828034188034188,0.4672010359917835,11.145299145299145,
201573,Jerryd,Bayless,126,6.809523809523809,1.984126984126984,1.4047619047619049,0.0555555555555555,0.3333333333333333,1.1904761904761905,5.333333333333333,2.134920634920635,0.9444444444444444,0.2857142857142857,2.738095238095238,2.253968253968254,1,0,0,6.538095238095238,0.5207574654042243,11.067460317460316,
278,Stacey,Augmon,367,4.204359673024523,1.128065395095368,2.261580381471389,0.1934604904632152,0.6021798365122616,0.7084468664850136,3.743869209809264,1.5885558583106267,0.0572207084468664,0.0027247956403269,1.3787465940054495,1.0245231607629428,1,1,0,4.350517711171662,0.4832022246718108,11.05449591280654,
753,Randy,Brown,87,3.034482758620689,2.1954022988505746,1.4367816091954022,0.1494252873563218,0.9080459770114944,0.8390804597701149,3.2298850574712645,1.3333333333333333,0.0344827586206896,0.0,0.5977011494252874,0.367816091954023,1,0,0,3.492873563218391,0.4343819928919309,11.03448275862069,
201189,Aaron,Gray,144,3.9027777777777777,0.7569444444444444,3.430555555555556,0.3055555555555556,0.3055555555555556,0.7986111111111112,3.138888888888889,1.5694444444444444,0.0138888888888888,0.0,1.2916666666666667,0.7638888888888888,0,0,1,3.707222222222222,0.5263749438033868,11.03125,
201177,Josh,McRoberts,78,3.448717948717949,0.7948717948717948,2.6923076923076925,0.4102564102564102,0.3846153846153846,0.4230769230769231,3.0384615384615383,1.4871794871794872,0.4230769230769231,0.1025641025641025,0.6538461538461539,0.3717948717948718,0,1,1,3.3261538461538462,0.5184242984890534,11.012820512820513,
1110,Mark,Strickland,104,4.461538461538462,0.4230769230769231,2.875,0.3653846153846153,0.3365384615384615,0.6057692307692307,4.307692307692308,1.8846153846153848,0.0576923076923076,0.0192307692307692,1.0961538461538465,0.6730769230769231,0,1,0,4.79,0.4657138268829291,11.004807692307692,
2756,Sasha,Vujacic,401,5.019950124688279,1.1970074812967582,1.7356608478802993,0.054862842892768,0.5835411471321695,0.4962593516209476,4.349127182044888,1.7107231920199502,2.418952618453865,0.8977556109725686,0.7980049875311721,0.7007481296758105,1,0,0,4.700249376558603,0.5340089134125636,10.98004987531172,
721,Tyus,Edney,22,4.818181818181818,2.4545454545454546,1.0909090909090908,0.0,0.7727272727272727,1.1363636363636365,4.136363636363637,1.5909090909090908,0.2727272727272727,0.0454545454545454,1.7727272727272727,1.5909090909090908,1,0,0,4.916363636363637,0.4900147928994082,10.954545454545451,
400,Derek,Strong,28,4.214285714285714,0.25,3.857142857142857,0.0357142857142857,0.5,0.7857142857142857,4.178571428571429,1.6071428571428572,0.0357142857142857,0.0,1.3214285714285714,1.0,0,1,0,4.76,0.4426770708283313,10.946428571428571,
101177,Fabricio,Oberto,319,3.366771159874608,0.9404388714733544,3.655172413793104,0.2351097178683385,0.2789968652037617,0.6927899686520376,2.595611285266458,1.4984326018808778,0.0094043887147335,0.0,0.5987460815047022,0.3699059561128526,0,0,1,2.859059561128527,0.5887899653523968,10.931034482758625,
2044,Jason,Collier,148,5.6824324324324325,0.3445945945945945,2.9864864864864864,0.2162162162162162,0.2432432432432432,0.8108108108108109,5.013513513513513,2.283783783783784,0.1351351351351351,0.0472972972972973,1.445945945945946,1.0675675675675675,0,0,1,5.64972972972973,0.5028941829314963,10.89527027027027,
1601,Rusty,LaRue,36,5.388888888888889,2.0277777777777777,1.4444444444444444,0.1944444444444444,0.5277777777777778,1.3055555555555556,5.194444444444445,2.0277777777777777,1.3888888888888888,0.4722222222222222,1.0277777777777777,0.8611111111111112,1,0,0,5.6466666666666665,0.4771743408107045,10.875,
1563,Kevin,Ollie,574,3.986062717770035,2.416376306620209,1.6393728222996515,0.0418118466898954,0.5383275261324042,0.7578397212543554,3.308362369337979,1.362369337979094,0.048780487804878,0.0156794425087108,1.5540069686411149,1.245644599303136,1,0,0,3.9921254355400695,0.4992406654214744,10.874564459930314,
201972,Jon,Brockman,49,3.0,0.4489795918367347,4.326530612244898,0.1020408163265306,0.3061224489795918,0.4693877551020408,2.1020408163265305,1.1224489795918366,0.0,0.0,1.2653061224489797,0.7551020408163265,0,1,0,2.658775510204081,0.5641694811175929,10.857142857142858,
200810,Allan,Ray,43,6.744186046511628,1.0,1.5813953488372092,0.0697674418604651,0.4651162790697674,0.9767441860465116,6.0,2.3255813953488373,2.697674418604651,1.1162790697674418,1.2790697674418603,0.9767441860465116,1,0,0,6.562790697674418,0.5138199858256556,10.80232558139535,
200776,Mardy,Collins,172,4.313953488372093,1.8895348837209305,1.947674418604651,0.127906976744186,0.6395348837209303,1.1744186046511629,4.511627906976744,1.7209302325581397,0.7267441860465116,0.2209302325581395,1.087209302325581,0.6511627906976745,1,0,0,4.99,0.4322598685743579,10.790697674418604,
201967,Dante,Cunningham,61,3.9836065573770494,0.2295081967213114,2.622950819672131,0.360655737704918,0.3934426229508196,0.2459016393442623,3.5081967213114758,1.7377049180327868,0.0327868852459016,0.0,0.7868852459016393,0.5081967213114754,0,1,0,3.854426229508197,0.5167574004763525,10.78688524590164,
2208,Kedrick,Brown,141,3.6099290780141846,0.7304964539007093,2.4609929078014185,0.1985815602836879,0.6028368794326241,0.4539007092198581,3.5531914893617023,1.4397163120567376,1.1914893617021276,0.3262411347517731,0.6312056737588653,0.4042553191489361,1,1,0,3.830921985815603,0.4711566943127962,10.695035460992909,
1985,Zendon,Hamilton,129,4.51937984496124,0.2558139534883721,3.5968992248062017,0.2170542635658914,0.2945736434108527,0.8372093023255814,3.0930232558139537,1.3565891472868217,0.0,0.0,2.736434108527132,1.806201550387597,0,1,1,4.297054263565892,0.5258695338432674,10.670542635658917,
200792,Alexander,Johnson,98,4.459183673469388,0.3061224489795918,2.7857142857142856,0.4591836734693877,0.3877551020408163,0.9081632653061223,2.979591836734694,1.5408163265306123,0.0,0.0,2.0408163265306123,1.3775510204081634,0,1,0,3.877551020408164,0.575,10.668367346938776,
200771,Sergio,Rodriguez,281,4.330960854092527,2.98576512455516,1.3060498220640568,0.0320284697508896,0.5800711743772242,1.291814946619217,3.9537366548042714,1.6583629893238434,1.2313167259786475,0.3914590747330961,0.8327402135231317,0.6227758007117438,1,0,0,4.320142348754448,0.5012521005634453,10.633451957295373,
2562,Sasha,Pavlovic,447,5.565995525727069,1.0089485458612977,1.8791946308724832,0.1588366890380313,0.4876957494407158,0.9261744966442952,5.212527964205816,2.123042505592841,1.657718120805369,0.5838926174496645,1.0738255033557047,0.7360178970917226,1,1,0,5.685011185682327,0.4895325043286636,10.631991051454138,
201961,Wayne,Ellington,76,6.644736842105263,0.9736842105263158,2.0921052631578947,0.0657894736842105,0.2631578947368421,0.9736842105263158,5.894736842105263,2.5,2.131578947368421,0.8421052631578947,0.9210526315789472,0.8026315789473685,1,0,0,6.3,0.527360066833751,10.611842105263158,
209,Dell,Curry,126,6.261904761904762,1.0793650793650793,1.3174603174603174,0.1111111111111111,0.3888888888888889,0.6349206349206349,5.785714285714286,2.4047619047619047,2.1904761904761907,0.8492063492063492,0.6984126984126984,0.6031746031746031,1,1,0,6.093015873015873,0.513859219507112,10.587301587301583,
1052,Ben,Handlogten,37,4.405405405405405,0.5135135135135135,3.2432432432432434,0.2432432432432432,0.2702702702702703,0.7567567567567568,3.5135135135135136,1.837837837837838,0.027027027027027,0.0,1.1891891891891893,0.7297297297297297,0,0,1,4.036756756756757,0.5456614890198178,10.58108108108108,
435,Carlos,Rogers,60,3.966666666666667,0.2,2.95,0.4,0.25,0.3666666666666666,2.533333333333333,1.65,0.1,0.0166666666666666,1.1833333333333331,0.65,0,1,1,3.054,0.649421523684785,10.558333333333335,
101144,Von,Wafer,103,6.563106796116505,0.7961165048543689,1.3592233009708738,0.1067961165048543,0.4368932038834951,0.7087378640776699,5.912621359223301,2.4466019417475726,1.9902912621359223,0.6796116504854369,1.3300970873786409,0.9902912621359224,1,0,0,6.497864077669902,0.5050203203442506,10.553398058252426,
2226,Will,Solomon,112,5.214285714285714,2.008928571428572,1.1785714285714286,0.0982142857142857,0.5535714285714286,1.0357142857142858,5.142857142857143,1.9464285714285716,2.2142857142857144,0.6607142857142857,0.9553571428571428,0.6607142857142857,1,0,0,5.563214285714286,0.4686396610387108,10.531250000000002,
201153,Julian,Wright,175,4.097142857142857,0.7085714285714285,2.354285714285714,0.2742857142857143,0.5257142857142857,0.6914285714285714,3.622857142857143,1.7942857142857145,0.2914285714285714,0.08,0.7028571428571428,0.4285714285714285,0,1,0,3.9321142857142855,0.5209847119688427,10.508571428571427,
2414,Curtis,Borchardt,83,3.108433734939759,0.7710843373493976,3.3493975903614457,0.5542168674698795,0.1686746987951807,0.8433734939759037,2.746987951807229,1.1566265060240963,0.0120481927710843,0.0,1.072289156626506,0.7951807228915663,0,0,1,3.2187951807228914,0.4828567150771073,10.49397590361446,
2260,Jarron,Collins,505,4.106930693069307,0.8257425742574257,3.0772277227722773,0.1900990099009901,0.2653465346534653,0.6475247524752475,2.9247524752475247,1.3386138613861387,0.0099009900990099,0.0,2.0455445544554456,1.4297029702970296,0,0,1,3.8247920792079206,0.5368828694499669,10.48811881188119,
1444,Lawrence,Funderburke,144,4.409722222222222,0.3958333333333333,3.138888888888889,0.2916666666666667,0.1458333333333333,0.4930555555555556,3.923611111111111,1.875,0.0208333333333333,0.0,1.0763888888888888,0.6597222222222222,0,1,0,4.397222222222222,0.5014213518635502,10.475694444444445,
932,Oliver,Miller,46,2.608695652173913,0.782608695652174,2.8043478260869565,0.5652173913043478,0.4130434782608695,0.717391304347826,2.1739130434782608,1.1521739130434785,0.0217391304347826,0.0,0.4565217391304347,0.3043478260869565,0,0,1,2.374782608695652,0.549249359209081,10.467391304347824,milleol01
919,Loy,Vaught,50,3.36,0.46,3.46,0.14,0.42,0.52,3.38,1.6,0.0,0.0,0.2,0.16,0,1,1,3.468,0.4844290657439446,10.439999999999998,
1609,Art,Long,96,3.59375,0.5,3.3229166666666665,0.4375,0.28125,0.8854166666666666,3.3541666666666665,1.5416666666666667,0.03125,0.0208333333333333,1.0104166666666667,0.4895833333333333,0,1,0,3.79875,0.473017439947351,10.432291666666666,
96,Detlef,Schrempf,26,4.0,1.6923076923076923,3.0,0.1153846153846153,0.2692307692307692,1.0769230769230769,3.6538461538461537,1.5,0.3076923076923077,0.1153846153846153,1.0384615384615383,0.8846153846153846,0,1,0,4.110769230769231,0.4865269461077844,10.423076923076923,schrede01
2261,Kenny,Satterfield,72,4.458333333333333,2.430555555555556,1.3194444444444444,0.0416666666666666,0.7083333333333334,1.3333333333333333,5.305555555555555,1.7777777777777777,0.7638888888888888,0.1666666666666666,0.9861111111111112,0.7361111111111112,1,0,0,5.739444444444445,0.3883941535185364,10.416666666666666,
2254,Loren,Woods,206,2.684466019417476,0.3592233009708738,3.300970873786408,0.6213592233009708,0.2669902912621359,0.6699029126213593,2.402912621359224,1.0048543689320388,0.0339805825242718,0.0048543689320388,1.0436893203883495,0.6699029126213593,0,0,1,2.862135922330097,0.4689620081411126,10.388349514563105,
93,Hubert,Davis,169,5.7514792899408285,1.4792899408284024,1.5384615384615383,0.0236686390532544,0.4142011834319526,0.8224852071005917,5.023668639053255,2.21301775147929,1.9763313609467457,0.8698224852071006,0.5384615384615384,0.4556213017751479,1,0,0,5.260591715976331,0.5466570682983892,10.384615384615389,
2062,A.J.,Guyton,76,5.815789473684211,1.9342105263157892,1.0526315789473684,0.1578947368421052,0.2631578947368421,0.8157894736842105,5.7631578947368425,2.1842105263157894,2.526315789473684,0.9605263157894736,0.5921052631578947,0.4868421052631579,1,0,0,6.023684210526316,0.4827435561380516,10.348684210526317,
1892,Trajan,Langdon,107,5.5607476635514015,1.3177570093457944,1.3457943925233644,0.1308411214953271,0.4766355140186916,0.8504672897196262,4.5607476635514015,1.9065420560747663,1.841121495327103,0.719626168224299,1.1401869158878504,1.02803738317757,1,0,0,5.062429906542056,0.5492172500369222,10.28504672897196,
1562,Gerard,King,45,4.8,0.6888888888888889,2.8666666666666667,0.2444444444444444,0.3111111111111111,1.0444444444444445,3.911111111111111,2.0,0.0,0.0,1.0,0.8,0,1,0,4.351111111111111,0.5515832482124617,10.266666666666666,
101153,Mickael,Gelabale,105,4.6571428571428575,0.8476190476190476,2.2,0.2952380952380952,0.3238095238095238,0.7238095238095238,4.0,1.819047619047619,0.7904761904761904,0.2571428571428571,0.9523809523809524,0.7619047619047619,0,1,0,4.419047619047619,0.5269396551724138,10.257142857142856,
201633,Rob,Kurz,40,3.925,0.5,2.025,0.475,0.35,0.4,3.275,1.275,0.95,0.375,1.25,1.0,0,1,0,3.825,0.5130718954248366,10.2125,
1919,Laron,Profit,100,3.92,1.41,1.83,0.21,0.63,0.97,3.53,1.52,0.72,0.18,0.94,0.7,1,1,0,3.9436,0.4970078101227305,10.2,
1736,Corey,Benjamin,70,4.957142857142857,1.1285714285714286,1.8714285714285717,0.2571428571428571,0.4142857142857143,0.9857142857142858,4.928571428571429,1.8285714285714283,1.3428571428571427,0.3285714285714285,1.4142857142857144,0.9714285714285714,1,0,0,5.550857142857144,0.4465204858966439,10.17142857142857,
180,John,Crotty,82,4.7560975609756095,2.4878048780487805,1.4390243902439024,0.0121951219512195,0.3414634146341463,0.975609756097561,3.817073170731707,1.6341463414634143,1.0853658536585369,0.4756097560975609,1.2195121951219512,1.0121951219512195,1,0,0,4.353658536585366,0.5462184873949579,10.109756097560972,
2776,Pape,Sow,70,3.128571428571429,0.1714285714285714,3.0285714285714285,0.3428571428571428,0.4857142857142857,0.5714285714285714,2.7,1.1285714285714286,0.0,0.0,1.2857142857142858,0.8714285714285714,0,1,0,3.265714285714286,0.4790026246719159,10.1,
2418,Casey,Jacobsen,285,5.221052631578948,1.0666666666666669,1.8105263157894735,0.0842105263157894,0.4245614035087719,0.7368421052631579,4.245614035087719,1.670175438596491,2.0842105263157893,0.7333333333333333,1.4912280701754386,1.1473684210526316,1,0,0,4.901754385964912,0.5325697924123122,10.098245614035088,
1763,Ryan,Bowen,425,2.795294117647059,0.5388235294117647,2.2188235294117646,0.2941176470588235,0.6729411764705883,0.3623529411764706,2.527058823529412,1.171764705882353,0.1364705882352941,0.0305882352941176,0.611764705882353,0.4211764705882353,0,1,0,2.796235294117647,0.4998317064961293,10.075294117647058,
201949,James,Johnson,65,3.9384615384615382,0.7384615384615385,1.9692307692307691,0.6615384615384615,0.3230769230769231,0.953846153846154,3.230769230769231,1.4615384615384617,0.7076923076923077,0.2307692307692307,1.0769230769230769,0.7846153846153846,0,1,0,3.704615384615384,0.53156146179402,10.03076923076923,
1724,Bryce,Drew,132,4.113636363636363,2.3484848484848486,1.2121212121212122,0.0378787878787878,0.5303030303030303,0.8484848484848485,4.1893939393939394,1.621212121212121,1.4545454545454546,0.5681818181818182,0.3863636363636363,0.303030303030303,1,0,0,4.359393939393939,0.4718128736271375,10.030303030303031,
236,Kevin,Edwards,43,3.72093023255814,1.2093023255813953,1.9069767441860463,0.1627906976744186,0.6744186046511628,0.8604651162790697,3.953488372093023,1.302325581395349,0.4418604651162791,0.1162790697674418,1.2325581395348837,1.0,1,0,0,4.495813953488372,0.4138216428719222,10.023255813953488,
2761,Jackson,Vroman,85,3.3529411764705883,0.6,3.070588235294118,0.3529411764705882,0.4352941176470588,1.0,3.117647058823529,1.2705882352941176,0.0352941176470588,0.0,1.4,0.8117647058823529,0,1,1,3.7336470588235295,0.4490168893370305,10.011764705882356,
2437,Lonny,Baxter,159,3.993710691823899,0.2515723270440251,3.0,0.3710691823899371,0.2327044025157232,0.6792452830188679,3.3270440251572326,1.5471698113207548,0.0314465408805031,0.0062893081761006,1.3584905660377358,0.8930817610062893,0,1,0,3.924779874213837,0.5087814883661304,9.927672955974844,
2351,Oscar,Torres,76,5.815789473684211,0.5657894736842105,1.763157894736842,0.1447368421052631,0.3815789473684211,0.75,4.9605263157894735,1.986842105263158,1.8289473684210529,0.5789473684210527,1.644736842105263,1.263157894736842,1,1,0,5.684210526315789,0.5115740740740741,9.914473684210526,
200835,Walter,Herrmann,146,5.609589041095891,0.4520547945205479,2.184931506849315,0.0821917808219178,0.2123287671232876,0.4178082191780822,4.664383561643835,2.136986301369863,2.047945205479452,0.7808219178082192,0.7054794520547946,0.5547945205479452,0,1,0,4.974794520547945,0.5638010794140325,9.907534246575343,
51,Mahmoud,Abdul-Rauf,41,6.487804878048781,1.853658536585366,0.6097560975609756,0.024390243902439,0.2195121951219512,0.6341463414634146,6.0,2.926829268292683,0.3414634146341463,0.0975609756097561,0.7073170731707317,0.5365853658536586,1,0,0,6.311219512195122,0.513989797495749,9.890243902439028,
2242,Terence,Morris,137,3.4452554744525545,0.6788321167883211,2.7518248175182483,0.3576642335766423,0.2554744525547445,0.583941605839416,3.751824817518248,1.5255474452554745,0.8175182481751825,0.1605839416058394,0.3284671532846715,0.2335766423357664,0,1,0,3.896350364963504,0.4421131509928812,9.875912408759122,
1918,Obinna,Ekezie,94,4.095744680851064,0.2446808510638297,3.095744680851064,0.2340425531914893,0.3085106382978723,0.7340425531914894,3.202127659574468,1.319148936170213,0.0106382978723404,0.0,1.9787234042553192,1.4574468085106382,0,0,1,4.0727659574468085,0.5028210218367987,9.808510638297872,
2238,Antonis,Fotsis,26,4.153846153846154,0.3846153846153846,2.3846153846153846,0.4230769230769231,0.3461538461538461,0.8076923076923077,4.0,1.6153846153846154,0.8846153846153846,0.2692307692307692,0.7692307692307693,0.6538461538461539,0,1,0,4.338461538461538,0.4787234042553192,9.76923076923077,
101187,Alan,Anderson,53,5.754716981132075,1.0,1.9245283018867925,0.0754716981132075,0.3396226415094339,1.018867924528302,4.943396226415095,2.1132075471698117,1.471698113207547,0.5471698113207547,1.2075471698113207,0.981132075471698,1,1,0,5.474716981132076,0.5255720981527433,9.764150943396226,
2417,Qyntel,Woods,159,4.345911949685535,0.6540880503144654,2.4213836477987423,0.1761006289308176,0.4465408805031446,0.8679245283018868,3.89937106918239,1.7672955974842768,0.6163522012578616,0.220125786163522,0.981132075471698,0.5911949685534591,1,1,0,4.331069182389937,0.5017135223048327,9.713836477987424,
228,Adam,Keefe,67,2.5074626865671643,0.5373134328358209,3.1194029850746268,0.2985074626865671,0.417910447761194,0.5970149253731343,2.373134328358209,0.9552238805970148,0.044776119402985,0.0149253731343283,0.9402985074626866,0.582089552238806,0,1,0,2.786865671641791,0.4498714652956298,9.664179104477611,
201858,Cartier,Martin,48,4.729166666666667,0.6041666666666666,2.1041666666666665,0.1041666666666666,0.3958333333333333,0.5833333333333334,4.4375,1.625,1.7083333333333333,0.5625,1.1458333333333333,0.9166666666666666,0,1,0,4.941666666666666,0.4784991568296796,9.625000000000002,
201570,Joe,Alexander,63,4.476190476190476,0.6984126984126984,1.9047619047619049,0.4761904761904761,0.238095238095238,0.8253968253968254,3.984126984126984,1.6349206349206349,0.746031746031746,0.2539682539682539,1.3650793650793651,0.9523809523809524,0,1,0,4.584761904761905,0.488159534690486,9.587301587301589,
2441,Jamal,Sampson,66,2.1515151515151514,0.3787878787878788,3.621212121212121,0.4848484848484848,0.1212121212121212,0.5,1.6363636363636365,0.803030303030303,0.0151515151515151,0.0,1.0151515151515151,0.5454545454545454,0,1,1,2.083030303030303,0.5164387547279604,9.575757575757574,
2648,Ronald,Dupree,143,3.867132867132867,0.6923076923076923,2.3426573426573425,0.2027972027972027,0.3986013986013986,0.6293706293706294,3.5384615384615383,1.5174825174825175,0.0839160839160839,0.0349650349650349,1.426573426573427,0.7972027972027972,0,1,0,4.166153846153846,0.4641130656640257,9.566433566433568,
200756,Hilton,Armstrong,221,3.443438914027149,0.3755656108597285,2.656108597285068,0.5294117647058824,0.3076923076923077,0.8868778280542986,2.6923076923076925,1.3574660633484164,0.0135746606334841,0.0,1.2081447963800904,0.7285067873303167,0,1,1,3.223891402714933,0.5340500785986975,9.565610859728505,
2694,Josh,Powell,254,3.9291338582677167,0.547244094488189,3.118110236220472,0.2440944881889764,0.1732283464566929,0.7834645669291339,3.62992125984252,1.5826771653543308,0.0748031496062992,0.0275590551181102,1.0039370078740155,0.7362204724409449,0,1,0,4.071653543307087,0.4824985496035583,9.52952755905512,
219,Vinny,Del Negro,65,3.9384615384615382,1.9692307692307691,1.2615384615384615,0.0461538461538461,0.4,0.5230769230769231,3.661538461538461,1.646153846153846,0.2,0.0153846153846153,0.676923076923077,0.6307692307692307,1,0,0,3.9593846153846153,0.497357786757849,9.523076923076925,
672,Matt,Bullard,90,5.1,0.6444444444444445,1.9666666666666663,0.1222222222222222,0.1333333333333333,0.2666666666666666,4.655555555555556,1.8666666666666667,2.988888888888889,1.1333333333333333,0.2888888888888888,0.2333333333333333,0,1,0,4.782666666666667,0.533175355450237,9.505555555555556,
765,Hersey,Hawkins,57,3.210526315789474,1.263157894736842,1.4035087719298245,0.1578947368421052,0.5789473684210527,0.3333333333333333,2.4035087719298245,0.9824561403508772,0.8070175438596491,0.2982456140350877,1.105263157894737,0.9473684210526316,1,0,0,2.8898245614035085,0.5554881010199126,9.49122807017544,
2219,Jeryl,Sasser,79,2.5822784810126582,0.8481012658227848,2.4177215189873418,0.1518987341772152,0.6075949367088608,0.5189873417721519,2.79746835443038,0.8481012658227848,0.5569620253164557,0.1645569620253164,1.0506329113924051,0.7215189873417721,1,0,0,3.2597468354430377,0.3960857409133271,9.481012658227847,
200814,Tarence,Kinsey,99,5.141414141414141,0.5252525252525253,1.4646464646464648,0.0101010101010101,0.6868686868686869,0.7171717171717171,4.151515151515151,1.878787878787879,0.7171717171717171,0.2323232323232323,1.414141414141414,1.1515151515151516,1,0,0,4.773737373737374,0.5385103681760474,9.47979797979798,
201975,Jodie,Meeks,56,5.017857142857143,0.6964285714285714,1.7678571428571428,0.0892857142857142,0.3214285714285714,0.4464285714285714,4.767857142857143,1.8571428571428568,2.357142857142857,0.75,0.6964285714285714,0.5535714285714286,1,0,0,5.074285714285715,0.4944397522522522,9.464285714285715,
1538,Cedric,Henderson,67,4.044776119402985,1.2388059701492538,1.388059701492537,0.373134328358209,0.5223880597014925,1.0597014925373134,4.373134328358209,1.7462686567164178,0.1791044776119403,0.044776119402985,0.7910447761194029,0.5074626865671642,0,1,0,4.721194029850746,0.4283636823469903,9.447761194029852,
201585,Kosta,Koufos,74,3.743243243243243,0.3513513513513513,2.45945945945946,0.4729729729729729,0.1756756756756756,0.5540540540540541,3.108108108108108,1.5675675675675675,0.0,0.0,0.8918918918918919,0.6081081081081081,0,0,1,3.5005405405405403,0.5346664607782582,9.445945945945946,
961,John,Wallace,120,5.216666666666667,0.5333333333333333,1.8916666666666664,0.275,0.2416666666666666,0.7416666666666667,4.958333333333333,2.1166666666666667,0.3416666666666667,0.1,1.0916666666666666,0.8833333333333333,0,1,0,5.438666666666666,0.4795905859279235,9.4375,
680,John,Amaechi,185,4.994594594594594,0.6702702702702703,2.454054054054054,0.2486486486486486,0.2648648648648649,1.1513513513513514,4.72972972972973,1.772972972972973,0.0378378378378378,0.0,2.3567567567567567,1.4486486486486487,0,1,1,5.766702702702703,0.4330546286228487,9.432432432432432,
200822,Pops,Mensah-Bonsu,51,3.5098039215686274,0.1764705882352941,3.294117647058824,0.2745098039215686,0.2745098039215686,0.7450980392156863,3.0,1.2352941176470589,0.0392156862745098,0.0,1.7647058823529411,1.03921568627451,0,1,0,3.776470588235294,0.4646936656282451,9.42156862745098,
1051,Dean,Garrett,103,2.067961165048544,0.2815533980582524,2.6601941747572817,0.5728155339805825,0.3203883495145631,0.3398058252427184,2.0485436893203883,0.9029126213592232,0.0,0.0,0.4077669902912621,0.2621359223300971,0,0,1,2.227961165048544,0.4640927313927139,9.37378640776699,
2069,Hanno,Mottola,155,4.612903225806452,0.4838709677419355,2.8516129032258064,0.1806451612903225,0.2,0.8838709677419355,4.264516129032258,1.8838709677419356,0.1032258064516129,0.0064516129032258,1.070967741935484,0.8387096774193549,0,1,1,4.735741935483871,0.4870306795270013,9.370967741935486,
101152,Bracey,Wright,25,5.16,0.8,1.56,0.04,0.4,0.56,4.44,1.8,1.48,0.48,1.36,1.08,1,0,0,5.0384,0.5120673229596697,9.34,
198,Danny,Ferry,188,4.23404255319149,0.7393617021276596,2.0638297872340425,0.2074468085106383,0.2712765957446808,0.526595744680851,3.5904255319148937,1.5851063829787233,1.6702127659574468,0.7127659574468085,0.4202127659574468,0.351063829787234,0,1,0,3.77531914893617,0.5607529305680794,9.30053191489362,
200797,Ryan,Hollins,198,4.045454545454546,0.3686868686868687,2.2323232323232323,0.5404040404040404,0.202020202020202,0.8080808080808081,2.6616161616161618,1.4393939393939394,0.005050505050505,0.0,1.7777777777777777,1.1666666666666667,0,0,1,3.443838383838384,0.5873467472282514,9.300505050505052,
200780,Solomon,Jones,194,3.1752577319587627,0.2989690721649484,2.391752577319588,0.6082474226804123,0.1752577319587628,0.5257731958762887,2.288659793814433,1.1391752577319587,0.0360824742268041,0.0,1.2371134020618555,0.8969072164948454,0,1,0,2.832989690721649,0.5604075691411936,9.29381443298969,
137,Vernon,Maxwell,43,4.674418604651163,1.1395348837209305,1.5348837209302326,0.0697674418604651,0.4883720930232558,0.813953488372093,5.186046511627907,1.697674418604651,2.581395348837209,0.7906976744186046,0.7441860465116279,0.4883720930232558,1,0,0,5.513488372093024,0.4239075417580563,9.290697674418606,
2040,Jerome,Moiso,137,2.788321167883212,0.2773722627737226,2.8686131386861318,0.4963503649635036,0.3284671532846715,0.7591240875912408,2.3503649635036497,1.145985401459854,0.0218978102189781,0.0,0.8321167883211679,0.4963503649635036,0,1,0,2.7164963503649635,0.5132201203783319,9.288321167883211,
2214,Michael,Bradley,170,2.8411764705882354,0.5470588235294118,3.476470588235294,0.2764705882352941,0.1470588235294117,0.6647058823529411,2.6882352941176477,1.2823529411764707,0.0823529411764705,0.0117647058823529,0.5176470588235295,0.2647058823529412,0,1,0,2.9160000000000004,0.4871701767126603,9.241176470588234,
1073,Reggie,Slater,84,4.190476190476191,0.3571428571428571,2.6785714285714284,0.1309523809523809,0.2976190476190476,0.6309523809523809,2.833333333333333,1.4523809523809523,0.0,0.0,1.9642857142857144,1.2857142857142858,0,1,0,3.697619047619048,0.5666452028332261,9.19642857142857,
2782,Matt,Freije,37,3.5945945945945947,0.7297297297297297,2.2972972972972974,0.081081081081081,0.4324324324324324,0.5405405405405406,4.891891891891892,1.4324324324324325,2.054054054054054,0.4594594594594595,0.3783783783783784,0.2702702702702703,0,1,0,5.058378378378379,0.3553109638811711,9.108108108108109,
202066,Garrett,Temple,26,5.230769230769231,0.8076923076923077,1.1923076923076923,0.2307692307692307,0.5,1.0384615384615383,3.8846153846153846,1.6923076923076923,1.4230769230769231,0.5,1.9230769230769231,1.3461538461538465,1,1,0,4.730769230769231,0.5528455284552846,9.076923076923077,
1035,Shawnelle,Scott,44,2.840909090909091,0.2727272727272727,3.4545454545454546,0.2727272727272727,0.1818181818181818,0.5909090909090909,2.636363636363636,1.2272727272727273,0.0,0.0,0.9545454545454546,0.3863636363636363,0,0,1,3.056363636363636,0.4647531231409875,9.068181818181818,
902,Bimbo,Coles,150,3.753333333333333,2.2133333333333334,1.14,0.0933333333333333,0.4,0.8466666666666667,3.9133333333333336,1.4333333333333331,0.4533333333333333,0.0866666666666666,0.94,0.8,1,0,0,4.326933333333334,0.43371749044743,9.063333333333333,
688,Michael,Curry,315,3.6666666666666665,1.3682539682539685,1.6825396825396826,0.0825396825396825,0.4634920634920635,0.6888888888888889,3.3301587301587303,1.4317460317460318,0.3301587301587301,0.0952380952380952,0.873015873015873,0.707936507936508,1,1,0,3.7142857142857135,0.4935897435897435,9.049206349206347,
376,Eric,Montross,101,2.3267326732673266,0.3465346534653465,3.099009900990099,0.4851485148514851,0.2277227722772277,0.6534653465346535,2.6732673267326734,1.0792079207920793,0.0099009900990099,0.0,0.5742574257425742,0.1683168316831683,0,0,1,2.925940594059406,0.3976042230644288,9.03960396039604,
201960,DeMarre,Carroll,65,3.2153846153846155,0.5076923076923077,2.3076923076923075,0.1384615384615384,0.4307692307692308,0.3692307692307692,3.4153846153846152,1.353846153846154,0.0923076923076923,0.0,0.8153846153846154,0.5076923076923077,0,1,0,3.774153846153846,0.4259742377303114,8.976923076923075,
2696,Lynn,Greer,36,4.638888888888889,1.4722222222222223,0.75,0.0277777777777777,0.4722222222222222,0.5,3.9166666666666665,1.6944444444444444,1.4444444444444444,0.5,0.8888888888888888,0.75,1,0,0,4.307777777777778,0.5384317771472789,8.972222222222223,
2243,Brian,Scalabrine,451,3.4079822616407984,0.9201773835920176,2.223946784922395,0.2461197339246119,0.328159645232816,0.7250554323725056,3.235033259423503,1.2505543237250554,1.130820399113082,0.3946784922394678,0.6496674057649667,0.5121951219512195,0,1,0,3.5208869179600883,0.4839664466723765,8.971175166297119,
101179,Ronnie,Price,246,3.829268292682927,1.491869918699187,1.1097560975609757,0.1016260162601626,0.5853658536585366,0.7723577235772358,3.5609756097560976,1.4268292682926829,1.1788617886178865,0.3658536585365853,0.8495934959349594,0.6097560975609756,1,0,0,3.93479674796748,0.4865903549733459,8.934959349593496,
2101,Paul,McPherson,51,5.098039215686274,0.7450980392156863,1.5490196078431373,0.0784313725490196,0.4705882352941176,0.9019607843137256,4.215686274509804,2.117647058823529,0.2352941176470588,0.0392156862745098,1.0980392156862746,0.8235294117647058,1,0,0,4.698823529411765,0.5424803872475379,8.931372549019608,
2253,Sean,Lampley,43,4.72093023255814,0.7674418604651163,2.186046511627907,0.0930232558139534,0.1627906976744186,0.6511627906976745,3.4651162790697674,1.6046511627906976,0.0930232558139534,0.0,2.186046511627907,1.5116279069767442,0,1,0,4.426976744186046,0.533200252153814,8.872093023255813,
2357,Tierre,Brown,131,4.022900763358779,2.030534351145038,1.267175572519084,0.0305343511450381,0.4885496183206106,1.0916030534351144,4.015267175572519,1.5419847328244274,0.648854961832061,0.2290076335877862,0.9236641221374046,0.7099236641221374,1,0,0,4.421679389312977,0.4549064291140115,8.86259541984733,
77,Doug,Overton,100,3.88,2.23,1.37,0.03,0.37,1.01,4.28,1.65,0.86,0.21,0.54,0.37,1,0,0,4.5176,0.4294315565787143,8.860000000000001,
1898,Cal,Bowdler,92,3.260869565217391,0.1630434782608695,2.0217391304347827,0.391304347826087,0.3043478260869565,0.2391304347826087,3.119565217391304,1.2282608695652173,0.108695652173913,0.0217391304347826,0.9456521739130436,0.782608695652174,0,1,0,3.5356521739130438,0.4611411706837186,8.842391304347826,
101133,Ian,Mahinmi,27,4.444444444444445,0.1111111111111111,2.111111111111111,0.4444444444444444,0.1111111111111111,0.6296296296296297,2.4814814814814814,1.5185185185185186,0.0,0.0,2.0,1.4074074074074074,0,0,1,3.3614814814814813,0.6610841780520054,8.74074074074074,
201628,Bobby,Brown,110,5.236363636363636,1.8636363636363635,0.8181818181818182,0.0363636363636363,0.3272727272727272,0.990909090909091,5.427272727272728,2.081818181818182,2.0727272727272728,0.6454545454545455,0.5272727272727272,0.4272727272727272,1,0,0,5.659272727272728,0.4626357386108076,8.73181818181818,
1762,Tremaine,Fowlkes,96,3.1354166666666665,0.5625,2.375,0.0625,0.4895833333333333,0.5104166666666666,2.677083333333333,1.09375,0.2083333333333333,0.0416666666666666,1.1458333333333333,0.90625,0,1,0,3.1812500000000004,0.4927963326784544,8.729166666666666,
2091,Daniel,Santiago,119,3.504201680672269,0.3193277310924369,2.184873949579832,0.3949579831932773,0.3277310924369748,0.7142857142857143,2.739495798319328,1.2857142857142858,0.0,0.0,1.3529411764705883,0.9327731092436976,0,0,1,3.3347899159663865,0.5254006652555187,8.722689075630251,
924,Anthony,Goldwire,77,3.8701298701298703,1.675324675324675,1.103896103896104,0.0,0.4155844155844156,0.5064935064935064,3.493506493506493,1.3506493506493509,1.7142857142857142,0.5974025974025974,0.7272727272727273,0.5714285714285714,1,0,0,3.813506493506493,0.5074240566680289,8.688311688311689,
101137,Daniel,Ewing,119,3.6218487394957983,1.4621848739495795,1.3277310924369747,0.0756302521008403,0.5798319327731093,0.8991596638655462,3.495798319327731,1.361344537815126,1.0252100840336134,0.3025210084033613,0.7647058823529411,0.5966386554621849,1,0,0,3.832268907563025,0.4725462678712394,8.630252100840336,
2767,Royal,Ivey,367,3.697547683923706,1.231607629427793,1.2506811989100817,0.0926430517711171,0.5068119891008175,0.6021798365122616,3.4713896457765667,1.4114441416893733,0.7929155313351499,0.2724795640326976,0.8310626702997275,0.6021798365122616,1,0,0,3.837057220708447,0.4818207640960091,8.614441416893733,
101183,Shavlik,Randolph,87,2.632183908045977,0.3103448275862069,2.6091954022988504,0.3103448275862069,0.3218390804597701,0.4712643678160919,2.183908045977012,0.9770114942528736,0.0114942528735632,0.0114942528735632,1.137931034482759,0.6666666666666666,0,1,0,2.6845977011494258,0.4902380544613803,8.597701149425287,
190,Duane,Causwell,31,2.4516129032258065,0.1612903225806451,2.677419354838709,0.5806451612903226,0.2580645161290322,0.7419354838709677,2.7419354838709675,1.032258064516129,0.0,0.0,0.8064516129032258,0.3870967741935484,0,0,1,3.096774193548387,0.3958333333333333,8.580645161290322,
1914,Chris,Herren,25,3.32,2.24,0.84,0.0,0.56,0.8,3.84,1.16,2.2,0.64,0.48,0.36,1,0,0,4.0512,0.4097551342812006,8.58,
200762,Oleksiy,Pecherov,107,4.093457943925234,0.1869158878504672,2.467289719626168,0.205607476635514,0.1962616822429906,0.5514018691588785,3.841121495327103,1.4953271028037385,1.439252336448598,0.4205607476635514,0.8598130841121495,0.6822429906542056,0,1,1,4.219439252336448,0.4850713209887482,8.57943925233645,
202178,Sundiata,Gaines,26,3.8846153846153846,1.5,1.1153846153846154,0.0,0.4615384615384615,0.5384615384615384,3.0,1.3846153846153846,0.9615384615384616,0.2692307692307692,1.6923076923076923,0.8461538461538461,1,0,0,3.744615384615385,0.5186935086277732,8.576923076923077,
200839,Mike,Harris,28,3.25,0.2142857142857142,2.75,0.1428571428571428,0.3928571428571428,0.6428571428571429,3.0,1.3571428571428572,0.1071428571428571,0.0,0.8571428571428571,0.5357142857142857,0,1,0,3.377142857142857,0.4811759729272419,8.553571428571427,
103,Todd,Day,29,4.551724137931035,0.9655172413793104,1.2413793103448276,0.2413793103448276,0.3448275862068966,0.8275862068965517,4.068965517241379,1.5172413793103448,2.3793103448275863,0.896551724137931,0.7931034482758621,0.6206896551724138,1,1,0,4.417931034482758,0.5151420543240712,8.551724137931034,
1434,Dragan,Tarlac,42,2.4285714285714284,0.7380952380952381,2.880952380952381,0.4523809523809524,0.1666666666666666,0.9047619047619048,2.357142857142857,0.9285714285714286,0.0,0.0,0.7380952380952381,0.5714285714285714,0,1,1,2.681904761904762,0.4527698863636363,8.523809523809524,
2599,Brandon,Hunter,64,3.4375,0.34375,2.921875,0.125,0.265625,0.6875,2.953125,1.40625,0.046875,0.0,1.28125,0.625,0,1,0,3.516875,0.4887151235116403,8.5234375,
2857,Andre,Barrett,65,3.3692307692307693,2.076923076923077,1.0923076923076922,0.0153846153846153,0.4461538461538462,0.7230769230769231,3.707692307692308,1.3692307692307693,1.0615384615384615,0.2615384615384615,0.5076923076923077,0.3692307692307692,1,0,0,3.9310769230769234,0.4285378835316217,8.523076923076923,
2053,Dalibor,Bagaric,95,2.642105263157895,0.3894736842105263,2.5052631578947366,0.4526315789473684,0.3052631578947368,0.7578947368421053,2.831578947368421,1.0210526315789474,0.0210526315789473,0.0,1.0736842105263158,0.6,0,0,1,3.304,0.3998343315916911,8.500000000000002,
101158,Orien,Greene,118,2.7203389830508478,1.2966101694915255,1.6440677966101696,0.1271186440677966,0.8220338983050848,1.2203389830508475,2.76271186440678,1.0677966101694916,0.4406779661016949,0.0932203389830508,0.7711864406779662,0.4915254237288136,1,0,0,3.102033898305085,0.438476669216479,8.487288135593221,
1752,Sean,Marks,185,3.1027027027027025,0.2486486486486486,2.475675675675676,0.4378378378378378,0.1513513513513513,0.5297297297297298,2.8054054054054056,1.2594594594594597,0.1189189189189189,0.0162162162162162,0.8594594594594595,0.5675675675675675,0,1,1,3.183567567567568,0.4872996468350991,8.486486486486486,
201965,Jeff,Ayres,38,2.736842105263158,0.0263157894736842,2.5789473684210527,0.4210526315789473,0.1842105263157894,0.3157894736842105,1.7105263157894737,1.131578947368421,0.0,0.0,0.5263157894736842,0.4736842105263157,0,1,1,1.9421052631578948,0.7046070460704607,8.434210526315788,
1738,Ansu,Sesay,116,3.4482758620689653,0.5344827586206896,1.913793103448276,0.25,0.3275862068965517,0.5,3.1982758620689653,1.387931034482759,0.25,0.0689655172413793,0.9224137931034484,0.603448275862069,0,1,0,3.6041379310344825,0.4783773440489858,8.431034482758621,
2560,Zarko,Cabarkapa,146,4.383561643835616,0.5821917808219178,2.136986301369863,0.1712328767123287,0.2260273972602739,0.815068493150685,3.7534246575342474,1.6027397260273972,0.6027397260273972,0.1643835616438356,1.3835616438356164,1.0136986301369864,0,1,1,4.3621917808219175,0.5024494410249969,8.42123287671233,
200786,David,Noel,62,2.967741935483871,1.0483870967741935,1.9838709677419355,0.1451612903225806,0.4032258064516129,0.6451612903225806,2.8548387096774195,1.0483870967741935,0.8548387096774194,0.2741935483870967,0.6935483870967742,0.5967741935483871,1,1,0,3.16,0.4695794201714985,8.419354838709676,
101156,Robert,Whaley,20,2.45,0.85,2.05,0.4,0.35,0.7,2.8,1.15,0.0,0.0,0.3,0.15,0,0,1,2.932,0.4178035470668486,8.4,
101146,Roko,Ukic,84,4.059523809523809,1.9642857142857144,0.9285714285714286,0.0238095238095238,0.369047619047619,0.7857142857142857,4.214285714285714,1.630952380952381,0.8809523809523809,0.1666666666666666,0.8452380952380952,0.6309523809523809,1,0,0,4.586190476190477,0.4425812480531616,8.398809523809524,
201966,Jermaine,Taylor,28,4.571428571428571,0.5714285714285714,1.6428571428571428,0.1071428571428571,0.3571428571428571,0.6785714285714286,4.214285714285714,1.6071428571428572,0.7857142857142857,0.1785714285714285,1.6428571428571428,1.1785714285714286,1,0,0,4.937142857142858,0.4629629629629629,8.392857142857142,
901,Otis,Thorpe,49,2.816326530612245,0.5918367346938775,2.959183673469388,0.1428571428571428,0.2448979591836734,0.6530612244897959,2.673469387755102,1.2040816326530612,0.0,0.0,0.4897959183673469,0.4081632653061224,0,1,1,2.8889795918367347,0.4874258265046623,8.387755102040815,
988,Randy,Livingston,46,2.5869565217391304,1.7826086956521738,1.0869565217391304,0.0869565217391304,0.5217391304347826,0.4782608695652174,2.760869565217391,0.8913043478260869,0.4347826086956521,0.1304347826086956,0.782608695652174,0.6739130434782609,1,0,0,3.105217391304348,0.4165499859983198,8.369565217391303,
1917,Wang,Zhi-zhi,133,4.541353383458647,0.2857142857142857,1.736842105263158,0.2631578947368421,0.18796992481203,0.5112781954887218,3.842105263157895,1.6015037593984962,1.368421052631579,0.5263157894736842,1.105263157894737,0.8120300751879699,0,0,1,4.328421052631579,0.5245969983324069,8.357142857142858,
2109,Eddie,Gill,167,3.395209580838323,1.2994011976047903,1.2335329341317365,0.0838323353293413,0.6227544910179641,0.8323353293413174,2.964071856287425,1.0718562874251496,1.1796407185628743,0.3772455089820359,1.035928143712575,0.874251497005988,1,0,0,3.419880239520958,0.496393052248214,8.356287425149699,
2604,Theron,Smith,52,2.8653846153846154,0.6730769230769231,3.0,0.173076923076923,0.2115384615384615,0.7884615384615384,3.4423076923076925,1.1538461538461535,0.4615384615384615,0.173076923076923,0.4615384615384615,0.3846153846153846,0,1,0,3.645384615384616,0.3930154040936906,8.336538461538462,
201952,Jeff,Teague,71,3.211267605633803,1.7183098591549295,0.943661971830986,0.1549295774647887,0.4788732394366197,0.704225352112676,3.197183098591549,1.267605633802817,0.4507042253521127,0.0985915492957746,0.6901408450704225,0.5774647887323944,1,0,0,3.500845070422536,0.4586417766334084,8.330985915492956,
2752,Sergei,Monia,25,3.08,0.76,2.08,0.2,0.28,0.48,3.48,1.16,1.36,0.36,0.56,0.4,0,1,0,3.7264,0.4132674967797338,8.3,
2057,Erick,Barkley,26,2.9615384615384617,1.5384615384615383,0.8076923076923077,0.0384615384615384,0.7307692307692307,0.6538461538461539,3.4615384615384617,1.2307692307692308,0.5769230769230769,0.1538461538461538,0.3846153846153846,0.3461538461538461,1,0,0,3.630769230769231,0.4078389830508475,8.25,
101211,Stephen,Graham,164,4.658536585365853,0.4695121951219512,1.8353658536585369,0.1097560975609756,0.2621951219512195,0.7134146341463414,3.926829268292683,1.804878048780488,0.9085365853658536,0.2926829268292683,1.0060975609756098,0.7560975609756098,1,1,0,4.369512195121951,0.533072843985487,8.176829268292682,
1760,Derrick,Dial,64,3.328125,0.90625,1.671875,0.15625,0.3125,0.453125,3.59375,1.34375,0.46875,0.078125,0.796875,0.5625,1,0,0,3.944375,0.4218824275075265,8.1640625,
2074,Jabari,Smith,103,3.1941747572815533,0.6407766990291263,1.7281553398058251,0.2524271844660194,0.3592233009708738,0.5242718446601942,2.9223300970873787,1.2135922330097086,0.0679611650485436,0.0097087378640776,1.0970873786407769,0.7572815533980582,0,0,1,3.4050485436893205,0.4690351277372262,8.145631067961164,
2370,Mengke,Bateer,43,3.581395348837209,0.627906976744186,2.6511627906976742,0.1162790697674418,0.2558139534883721,0.9302325581395348,3.604651162790698,1.3953488372093024,0.3488372093023256,0.1162790697674418,0.9069767441860463,0.6744186046511628,0,0,1,4.003720930232558,0.4472583643122677,8.127906976744187,
1032,Darvin,Ham,260,2.8230769230769237,0.6038461538461538,2.3230769230769237,0.3538461538461538,0.2961538461538461,0.8461538461538461,2.1615384615384614,1.0923076923076922,0.0576923076923076,0.0153846153846153,1.2192307692307691,0.6230769230769231,1,1,0,2.698,0.5231795632092149,8.121153846153847,
2469,Pat,Burke,127,3.68503937007874,0.3464566929133858,2.094488188976378,0.3149606299212598,0.2204724409448819,0.6850393700787402,3.84251968503937,1.5669291338582678,0.2834645669291338,0.0708661417322834,0.7244094488188977,0.4803149606299212,0,1,1,4.1612598425196845,0.4427792915531335,8.118110236220472,
201176,Jermareo,Davidson,48,3.375,0.2916666666666667,1.9791666666666667,0.375,0.1875,0.4583333333333333,3.3125,1.4166666666666667,0.0,0.0,0.9375,0.5416666666666666,0,1,0,3.725,0.4530201342281879,8.114583333333334,
2764,Donta,Smith,52,3.1153846153846154,0.9230769230769232,1.2307692307692308,0.0961538461538461,0.5961538461538461,0.5384615384615384,2.6346153846153846,1.1153846153846154,0.5,0.1538461538461538,1.1153846153846154,0.7307692307692307,1,0,0,3.125384615384615,0.4984001968988432,8.03846153846154,
998,Mark,Pope,109,2.238532110091743,0.5137614678899083,2.110091743119266,0.3577981651376147,0.2660550458715596,0.3302752293577982,2.2110091743119265,0.926605504587156,0.4495412844036697,0.0825688073394495,0.5229357798165137,0.3027522935779816,0,1,1,2.4411009174311924,0.4585087191822009,8.009174311926605,
98,Nick,Anderson,36,2.7222222222222223,0.75,1.6111111111111112,0.2777777777777778,0.4444444444444444,0.5833333333333334,3.6944444444444446,0.9722222222222222,2.4166666666666665,0.6388888888888888,0.25,0.1388888888888889,1,1,0,3.804444444444445,0.357768691588785,7.986111111111112,
2565,Zoran,Planinic,142,3.943661971830986,1.1619718309859155,1.3943661971830985,0.0492957746478873,0.4084507042253521,0.8380281690140845,3.415492957746479,1.3873239436619718,0.9014084507042254,0.2605633802816901,1.3380281690140845,0.908450704225352,1,1,0,4.004225352112676,0.4924375659514597,7.933098591549297,
2737,Rafael,Araujo,138,2.818840579710145,0.2971014492753623,2.86231884057971,0.1159420289855072,0.3695652173913043,0.8043478260869565,2.789855072463768,1.1304347826086956,0.0289855072463768,0.0072463768115942,0.8115942028985508,0.5507246376811594,0,0,1,3.1469565217391304,0.4478677351017777,7.891304347826085,
200779,Steve,Novak,166,4.728915662650603,0.3433734939759036,1.319277108433735,0.0602409638554216,0.2048192771084337,0.1987951807228915,3.927710843373494,1.7048192771084338,2.789156626506024,1.120481927710843,0.2289156626506024,0.1987951807228915,0,1,0,4.028433734939759,0.5869422179686565,7.885542168674698,
724,Cory,Alexander,39,2.58974358974359,1.871794871794872,1.3846153846153846,0.0256410256410256,0.6410256410256411,1.1282051282051282,2.6923076923076925,0.8717948717948718,0.8974358974358975,0.3076923076923077,0.7692307692307693,0.5384615384615384,1,0,0,3.030769230769231,0.4272419627749577,7.884615384615384,
201151,Acie,Law,133,3.8045112781954886,1.6766917293233083,0.9924812030075189,0.0225563909774436,0.3759398496240601,0.7669172932330827,3.3834586466165413,1.368421052631579,0.5939849624060151,0.1578947368421052,1.150375939849624,0.9097744360902256,1,0,0,3.889624060150376,0.4890589963658857,7.868421052631579,
101214,Jawad,Williams,57,4.140350877192983,0.5964912280701754,1.4912280701754386,0.087719298245614,0.2280701754385964,0.3333333333333333,3.824561403508772,1.5087719298245614,1.736842105263158,0.5614035087719298,0.7894736842105263,0.5614035087719298,0,1,0,4.171929824561404,0.4962153069806561,7.868421052631578,
713,Chris,Carr,30,5.433333333333334,0.3666666666666666,1.4666666666666666,0.1,0.1333333333333333,0.6333333333333333,3.6666666666666665,1.7,1.1666666666666667,0.5,2.0,1.5333333333333334,1,0,0,4.546666666666667,0.5975073313782991,7.85,
2058,Mark,Madsen,439,2.216400911161731,0.4123006833712984,2.630979498861048,0.2323462414578587,0.2642369020501139,0.4669703872437357,1.89749430523918,0.8678815489749431,0.0364464692482915,0.0022779043280182,0.9066059225512528,0.4783599088838269,0,1,0,2.296400911161731,0.4825814387176129,7.833712984054671,
2499,Richie,Frahm,126,3.984126984126984,0.6349206349206349,1.3015873015873016,0.0793650793650793,0.2936507936507936,0.2777777777777778,3.412698412698413,1.4126984126984128,2.1031746031746037,0.753968253968254,0.5,0.4047619047619047,1,0,0,3.6326984126984128,0.5483701826444114,7.825396825396826,
1766,Maceo,Baston,95,2.9894736842105263,0.2736842105263158,1.8210526315789477,0.4526315789473684,0.2526315789473684,0.5684210526315789,1.7894736842105263,1.105263157894737,0.0842105263157894,0.031578947368421,1.0105263157894735,0.7473684210526316,0,1,0,2.2341052631578946,0.6690539012438749,7.815789473684211,
200763,Quincy,Douby,137,4.291970802919708,0.6788321167883211,1.102189781021898,0.1532846715328467,0.364963503649635,0.6277372262773723,4.160583941605839,1.6204379562043796,1.583941605839416,0.4963503649635036,0.6277372262773723,0.5547445255474452,1,0,0,4.436788321167883,0.4836799157673071,7.781021897810221,
2580,Travis,Hansen,39,3.1538461538461537,0.4871794871794871,1.794871794871795,0.2307692307692307,0.2564102564102564,0.3846153846153846,3.3076923076923075,1.1794871794871795,0.7435897435897436,0.2307692307692307,0.6923076923076923,0.5641025641025641,1,1,0,3.612307692307692,0.436541737649063,7.756410256410256,
223,Bill,Curley,20,3.15,0.15,1.85,0.45,0.35,0.8,2.35,1.25,0.1,0.05,0.95,0.6,0,1,0,2.768,0.5690028901734103,7.750000000000002,
359,Chucky,Brown,44,2.7954545454545454,0.3863636363636363,1.9772727272727275,0.25,0.25,0.2954545454545454,2.772727272727273,1.1363636363636365,0.0681818181818181,0.0,0.8181818181818182,0.5227272727272727,0,1,0,3.132727272727273,0.4461694718514219,7.750000000000001,
348,Mitchell,Butler,51,3.196078431372549,0.7254901960784313,1.6470588235294117,0.0980392156862745,0.4313725490196078,0.5686274509803921,2.8823529411764706,1.2549019607843137,0.6470588235294118,0.2352941176470588,0.7058823529411765,0.4509803921568627,1,0,0,3.192941176470588,0.5004912797838369,7.73529411764706,
101261,Andre,Owens,50,3.84,1.1,1.36,0.06,0.36,0.74,3.58,1.34,1.1,0.42,1.04,0.74,1,0,0,4.0376,0.4755300178323756,7.73,
201605,Nathan,Jawai,44,2.863636363636364,0.5454545454545454,2.409090909090909,0.2045454545454545,0.2272727272727272,0.6590909090909091,2.613636363636364,1.1363636363636365,0.0227272727272727,0.0,0.8636363636363636,0.5909090909090909,0,1,0,2.993636363636364,0.478287276040085,7.704545454545455,
201207,Coby,Karl,20,2.9,1.2,1.6,0.15,0.35,0.7,2.9,1.0,1.2,0.3,0.8,0.6,1,0,0,3.252,0.4458794587945879,7.699999999999999,
2241,Omar,Cook,21,1.761904761904762,2.1904761904761907,0.6190476190476191,0.0476190476190476,0.7619047619047619,0.7619047619047619,2.4285714285714284,0.8095238095238095,0.238095238095238,0.0,0.2857142857142857,0.1428571428571428,1,0,0,2.5542857142857143,0.3448918717375093,7.69047619047619,
201178,Kyrylo,Fesenko,74,2.581081081081081,0.2837837837837837,2.054054054054054,0.5,0.1756756756756756,0.5540540540540541,1.9864864864864864,1.0675675675675675,0.0135135135135135,0.0,1.0810810810810811,0.4459459459459459,0,0,1,2.462162162162162,0.5241492864983535,7.682432432432432,
145,Tracy,Murray,121,4.570247933884297,0.4462809917355372,1.3305785123966942,0.1487603305785124,0.2396694214876033,0.5537190082644629,4.421487603305785,1.6942148760330578,2.049586776859504,0.7107438016528925,0.6033057851239669,0.4710743801652892,0,1,0,4.68694214876033,0.4875511355621385,7.681818181818182,
2043,Mateen,Cleaves,159,3.8176100628930816,1.949685534591195,1.10062893081761,0.0314465408805031,0.4213836477987421,1.2641509433962264,3.742138364779874,1.4591194968553458,0.270440251572327,0.0754716981132075,1.1320754716981132,0.8238993710691824,1,0,0,4.240251572327044,0.4501631563334322,7.676100628930819,
1900,Quincy,Lewis,83,3.421686746987952,0.6746987951807228,1.1686746987951808,0.253012048192771,0.4216867469879518,0.6144578313253012,3.4457831325301207,1.4578313253012047,0.5783132530120482,0.1686746987951807,0.4939759036144578,0.3373493975903614,1,1,0,3.663132530120482,0.4670438100249967,7.656626506024096,
2409,Marcus,Haislip,85,3.6588235294117646,0.188235294117647,1.5411764705882354,0.4,0.1764705882352941,0.4588235294117647,3.364705882352941,1.4705882352941178,0.2352941176470588,0.0823529411764705,0.9647058823529412,0.6352941176470588,0,1,0,3.7891764705882354,0.482799304520616,7.641176470588235,
200781,Paul,Davis,77,2.792207792207792,0.4155844155844156,2.051948051948052,0.1948051948051948,0.2857142857142857,0.3896103896103896,2.831168831168831,1.12987012987013,0.0129870129870129,0.0,0.7272727272727273,0.5324675324675324,0,0,1,3.151168831168831,0.443043191559512,7.636363636363637,
386,Elliot,Perry,49,3.183673469387755,1.7551020408163265,1.020408163265306,0.0204081632653061,0.5102040816326531,0.9183673469387756,3.061224489795918,1.4285714285714286,0.1020408163265306,0.0204081632653061,0.4489795918367347,0.3061224489795918,1,0,0,3.2587755102040816,0.4884769539078156,7.63265306122449,
101194,Anthony,Roberson,58,4.568965517241379,0.603448275862069,0.8448275862068966,0.0172413793103448,0.396551724137931,0.396551724137931,4.362068965517241,1.7586206896551724,2.4827586206896552,0.896551724137931,0.1724137931034483,0.1551724137931034,1,0,0,4.437931034482759,0.5147630147630147,7.603448275862068,
201181,Chris,Richard,69,1.9565217391304348,0.3623188405797101,2.8115942028985508,0.2318840579710145,0.2608695652173913,0.5507246376811594,1.681159420289855,0.8115942028985508,0.0,0.0,0.5507246376811594,0.3333333333333333,0,1,0,1.923478260869565,0.5085895117540687,7.586956521739131,
2244,Jeff,Trepagnier,30,2.933333333333333,0.7333333333333333,1.4333333333333331,0.1333333333333333,0.6333333333333333,0.8333333333333334,3.3666666666666667,1.1333333333333333,0.4333333333333333,0.2,0.6666666666666666,0.4666666666666667,1,0,0,3.66,0.4007285974499089,7.583333333333331,
201,Chris,Dudley,95,1.2421052631578948,0.3263157894736842,2.789473684210526,0.4526315789473684,0.1684210526315789,0.4210526315789473,1.305263157894737,0.5157894736842106,0.0210526315789473,0.0,0.5157894736842106,0.2105263157894736,0,0,1,1.5322105263157897,0.4053311349271778,7.557894736842106,
2770,Justin,Reed,119,3.966386554621849,0.5714285714285714,1.5630252100840336,0.1596638655462184,0.2605042016806723,0.6638655462184874,3.613445378151261,1.4621848739495795,0.0252100840336134,0.0,1.3865546218487397,1.0420168067226891,0,1,0,4.223529411764706,0.469558296856347,7.521008403361345,
200821,Yakhouba,Diawara,180,3.638888888888889,0.6777777777777778,1.4333333333333331,0.0888888888888888,0.2888888888888888,0.4,3.6222222222222222,1.2944444444444445,2.2444444444444445,0.6777777777777778,0.5722222222222222,0.3722222222222222,1,1,0,3.874,0.4696552515344461,7.516666666666667,
146,Jud,Buechler,118,2.559322033898305,0.6016949152542372,1.7796610169491525,0.1525423728813559,0.3559322033898305,0.3389830508474576,2.3813559322033897,1.0084745762711864,1.1610169491525424,0.4491525423728814,0.135593220338983,0.0932203389830508,1,1,0,2.441016949152542,0.5242327454520206,7.48728813559322,
2873,Billy,Thomas,44,3.227272727272727,0.5909090909090909,1.181818181818182,0.0454545454545454,0.5681818181818182,0.4318181818181818,3.409090909090909,1.1590909090909092,2.2954545454545454,0.7045454545454546,0.25,0.2045454545454545,1,0,0,3.519090909090909,0.458537845517954,7.477272727272728,
2401,Nikoloz,Tskitishvili,170,2.9823529411764707,0.6705882352941176,1.8058823529411765,0.2941176470588235,0.2705882352941176,0.7411764705882353,3.676470588235294,1.1176470588235294,1.076470588235294,0.2529411764705882,0.6764705882352942,0.4941176470588235,0,1,0,3.974117647058824,0.3752220248667851,7.473529411764705,
201974,Derrick,Brown,56,3.321428571428572,0.3392857142857143,1.3928571428571428,0.1785714285714285,0.375,0.3392857142857143,2.625,1.2142857142857142,0.125,0.0357142857142857,1.2857142857142858,0.8571428571428571,0,1,0,3.190714285714286,0.5204835460040296,7.455357142857142,
200784,Bobby,Jones,81,3.5308641975308643,0.5432098765432098,1.8271604938271604,0.0493827160493827,0.3209876543209876,0.5679012345679012,2.851851851851852,1.2592592592592593,0.7654320987654321,0.2345679012345679,1.1358024691358024,0.7777777777777778,0,1,0,3.351604938271605,0.5267423014586711,7.4320987654321,
2421,Frank,Williams,85,2.976470588235294,1.952941176470588,0.9058823529411764,0.1294117647058823,0.4,0.976470588235294,3.0588235294117645,1.0823529411764703,0.9294117647058824,0.2823529411764706,0.6352941176470588,0.5294117647058824,1,0,0,3.3383529411764705,0.4457992669861855,7.429411764705883,
2435,Mario,Kasun,70,2.8285714285714287,0.1571428571428571,2.685714285714285,0.2285714285714285,0.1428571428571428,0.5857142857142857,2.3857142857142857,1.1142857142857143,0.0142857142857142,0.0,0.9428571428571428,0.6,0,0,1,2.8005714285714287,0.5049989798000408,7.4071428571428575,
1038,Juaquin,Hawkins,55,2.4363636363636365,0.8545454545454545,1.4181818181818182,0.109090909090909,0.5272727272727272,0.5272727272727272,2.690909090909091,1.0363636363636364,0.4363636363636363,0.1818181818181818,0.3636363636363636,0.1818181818181818,0,1,0,2.850909090909091,0.4272959183673469,7.336363636363636,
200793,Dee,Brown,66,2.121212121212121,1.803030303030303,1.0454545454545454,0.0909090909090909,0.4848484848484848,0.7272727272727273,2.227272727272727,0.7575757575757576,0.7878787878787878,0.1969696969696969,0.6363636363636364,0.4090909090909091,1,0,0,2.507272727272727,0.4230118443316413,7.242424242424242,
2573,Maciej,Lampe,64,3.359375,0.34375,2.21875,0.15625,0.125,0.546875,3.609375,1.46875,0.125,0.03125,0.578125,0.390625,0,1,0,3.86375,0.4347298608864445,7.234375,
2423,Chris,Jefferies,71,3.95774647887324,0.4084507042253521,1.2394366197183098,0.323943661971831,0.323943661971831,0.9014084507042254,3.746478873239437,1.4366197183098592,1.352112676056338,0.4929577464788732,0.8873239436619719,0.5915492957746479,0,1,0,4.136901408450704,0.4783467247718916,7.218309859154929,
2763,Lionel,Chalmers,33,3.363636363636364,1.5454545454545454,0.9393939393939394,0.0,0.3939393939393939,0.7272727272727273,3.757575757575758,1.2727272727272727,1.4545454545454546,0.3636363636363636,0.7272727272727273,0.4545454545454545,1,0,0,4.077575757575758,0.4124554102259214,7.212121212121213,
70,Steve,Kerr,187,4.005347593582887,1.0106951871657754,0.8235294117647058,0.0267379679144385,0.2994652406417112,0.427807486631016,3.374331550802139,1.4919786096256684,1.4224598930481285,0.5775401069518716,0.4759358288770053,0.4438502673796791,1,0,0,3.5837433155080216,0.5588217739047391,7.205882352941176,
201612,Malik,Hairston,51,2.92156862745098,0.5686274509803921,1.5098039215686274,0.3137254901960784,0.196078431372549,0.4509803921568627,2.450980392156863,1.2549019607843137,0.2352941176470588,0.0392156862745098,0.7254901960784313,0.3725490196078431,1,0,0,2.770196078431373,0.5273216308040769,7.1764705882352935,
2668,Josh,Davis,41,3.024390243902439,0.3170731707317073,2.1219512195121952,0.0975609756097561,0.2439024390243902,0.4390243902439024,2.951219512195122,1.0975609756097562,1.3414634146341464,0.4390243902439024,0.4634146341463415,0.3902439024390244,0,1,0,3.1551219512195123,0.4792826221397649,7.170731707317073,
128,David,Benoit,45,3.911111111111111,0.4888888888888889,1.8,0.1333333333333333,0.1333333333333333,0.6222222222222222,3.2222222222222223,1.5555555555555556,0.2888888888888888,0.1111111111111111,0.8666666666666667,0.6888888888888889,0,1,0,3.603555555555556,0.5426739023186975,7.166666666666667,
417,Sam,Mitchell,149,3.5503355704697985,0.6845637583892618,1.3758389261744963,0.087248322147651,0.2483221476510067,0.4161073825503356,3.4563758389261743,1.4496644295302012,0.5234899328859061,0.1275167785234899,0.697986577181208,0.5234899328859061,0,1,0,3.7634899328859057,0.4716812896782937,7.151006711409395,
101204,Dwayne,Jones,72,1.4583333333333333,0.1666666666666666,2.611111111111111,0.4027777777777778,0.1527777777777778,0.3611111111111111,0.875,0.4444444444444444,0.0138888888888888,0.0,1.125,0.5694444444444444,0,1,1,1.37,0.5322384428223843,7.124999999999999,
2366,Mike,Wilks,206,2.849514563106796,1.3106796116504855,1.0970873786407769,0.0485436893203883,0.3980582524271844,0.5679611650485437,2.5970873786407767,1.0436893203883495,0.5097087378640777,0.1650485436893204,0.8058252427184466,0.5970873786407767,1,0,0,2.951650485436893,0.4826985066771923,7.1116504854368925,
1519,John,Thomas,58,2.1724137931034484,0.3275862068965517,2.0172413793103448,0.2586206896551724,0.3103448275862069,0.4482758620689655,1.7413793103448276,0.8275862068965517,0.0,0.0,0.8620689655172413,0.5172413793103449,0,0,1,2.1206896551724137,0.5121951219512195,7.068965517241379,
323,Greg,Foster,95,2.663157894736842,0.4842105263157895,2.336842105263158,0.2210526315789473,0.1052631578947368,0.5789473684210527,2.778947368421053,1.105263157894737,0.1789473684210526,0.0421052631578947,0.5263157894736842,0.4105263157894737,0,0,1,3.0105263157894737,0.4423076923076923,7.042105263157894,
200754,Mouhamed,Sene,41,2.5121951219512195,0.024390243902439,1.7804878048780488,0.5365853658536586,0.0975609756097561,0.3658536585365853,1.975609756097561,0.8536585365853658,0.0,0.0,1.3658536585365857,0.8048780487804879,0,0,1,2.5765853658536586,0.4875047330556607,7.02439024390244,
1043,Amal,McCaskill,90,1.9555555555555555,0.3222222222222222,2.111111111111111,0.3444444444444444,0.2333333333333333,0.4555555555555555,2.022222222222222,0.7888888888888889,0.0111111111111111,0.0,0.6333333333333333,0.3777777777777777,0,0,1,2.3008888888888888,0.4249565385358316,7.005555555555556,
2739,Luke,Jackson,69,3.652173913043478,0.8405797101449275,1.289855072463768,0.0434782608695652,0.3478260869565217,0.7101449275362319,3.4057971014492754,1.2173913043478262,1.289855072463768,0.463768115942029,1.0289855072463767,0.7536231884057971,1,1,0,3.858550724637681,0.4732572115384615,6.992753623188407,
201632,Hamed,Haddadi,54,2.037037037037037,0.3333333333333333,2.259259259259259,0.4814814814814814,0.037037037037037,0.5370370370370371,1.7222222222222223,0.7222222222222222,0.0555555555555555,0.0,0.9074074074074074,0.5925925925925926,0,0,1,2.121481481481481,0.4800977653631285,6.925925925925925,
200759,Cedric,Simmons,73,2.2054794520547945,0.1917808219178082,1.904109589041096,0.4383561643835616,0.1506849315068493,0.410958904109589,2.315068493150685,0.9452054794520548,0.0,0.0,0.7808219178082192,0.3150684931506849,0,1,0,2.658630136986301,0.4147774113767518,6.883561643835616,
200801,Hassan,Adams,54,3.425925925925926,0.2592592592592592,1.537037037037037,0.0925925925925925,0.3333333333333333,0.4814814814814814,2.740740740740741,1.462962962962963,0.0185185185185185,0.0,0.7407407407407407,0.5,0,1,0,3.066666666666667,0.5585748792270531,6.861111111111111,
2788,DJ,Mbenga,182,1.93956043956044,0.1923076923076923,1.4505494505494505,0.6208791208791209,0.1648351648351648,0.3626373626373626,1.824175824175824,0.8571428571428571,0.0109890109890109,0.0,0.3901098901098901,0.2252747252747252,0,0,1,1.995824175824176,0.4859046360532981,6.821428571428571,
239,Darrick,Martin,130,3.253846153846154,1.4384615384615385,0.5615384615384615,0.0076923076923076,0.3230769230769231,0.3923076923076923,3.330769230769231,1.0923076923076922,1.2538461538461538,0.4307692307692308,0.7769230769230769,0.6384615384615384,1,0,0,3.672615384615385,0.442987600536193,6.792307692307691,
2415,Ryan,Humphrey,83,2.3734939759036147,0.216867469879518,2.265060240963856,0.216867469879518,0.2409638554216867,0.5783132530120482,2.7349397590361444,0.9397590361445785,0.036144578313253,0.0,0.9156626506024096,0.4939759036144578,0,1,0,3.1378313253012045,0.3782061127322992,6.771084337349398,
26,Luc,Longley,24,2.0416666666666665,0.2916666666666667,2.75,0.375,0.125,0.9166666666666666,2.25,0.75,0.0,0.0,0.7083333333333334,0.5416666666666666,0,0,1,2.5616666666666665,0.3985035783994795,6.770833333333333,
101182,Donell,Taylor,97,2.7216494845360826,0.9278350515463918,1.092783505154639,0.0721649484536082,0.4845360824742268,0.6082474226804123,2.8350515463917527,1.11340206185567,0.3505154639175257,0.0721649484536082,0.6597938144329897,0.422680412371134,1,0,0,3.125360824742268,0.4354136429608128,6.762886597938145,
2061,Dan,Langhi,125,3.128,0.312,1.584,0.096,0.24,0.28,3.504,1.376,0.304,0.088,0.48,0.288,0,1,0,3.7152,0.4209732988802757,6.756,
1114,Jaren,Jackson,24,3.25,0.625,1.2083333333333333,0.0,0.4166666666666667,0.4583333333333333,3.208333333333333,1.2916666666666667,1.5833333333333333,0.5833333333333334,0.25,0.0833333333333333,1,0,0,3.3183333333333334,0.4897036664992466,6.75,
101134,Wayne,Simien,51,3.313725490196078,0.2156862745098039,1.9411764705882355,0.0196078431372549,0.2941176470588235,0.5294117647058824,2.803921568627451,1.3137254901960784,0.0,0.0,0.803921568627451,0.6862745098039216,0,1,0,3.157647058823529,0.5247143566815698,6.745098039215686,
2343,Joe,Crispin,20,3.95,1.3,0.55,0.0,0.25,0.5,3.4,1.3,1.95,0.75,0.65,0.6,1,0,0,3.686,0.5358111774281064,6.7250000000000005,
1983,Jermaine,Jackson,115,2.217391304347826,1.5478260869565217,1.1652173913043478,0.0695652173913043,0.3391304347826087,0.6173913043478261,1.834782608695652,0.7652173913043478,0.1565217391304348,0.0260869565217391,0.9217391304347826,0.6608695652173913,1,0,0,2.2403478260869565,0.4948765719608756,6.6869565217391305,
201969,DaJuan,Summers,38,3.526315789473684,0.4210526315789473,1.1842105263157894,0.1842105263157894,0.2105263157894736,0.4210526315789473,3.421052631578948,1.2105263157894737,1.105263157894737,0.3947368421052631,1.0,0.7105263157894737,0,1,0,3.8610526315789473,0.4566521264994547,6.671052631578947,
201592,J.R.,Giddens,27,2.703703703703704,0.4814814814814814,1.962962962962963,0.074074074074074,0.3333333333333333,0.6666666666666666,2.2962962962962963,1.1111111111111112,0.3703703703703703,0.0,0.8518518518518519,0.4814814814814814,1,0,0,2.671111111111111,0.5061009428729895,6.666666666666667,
2876,Jared,Reiner,42,1.2857142857142858,0.3333333333333333,2.595238095238096,0.3095238095238095,0.1904761904761904,0.5238095238095238,1.7142857142857142,0.5952380952380952,0.0,0.0,0.3333333333333333,0.0952380952380952,0,0,1,1.860952380952381,0.3454452405322415,6.630952380952381,
101249,John,Lucas III,54,3.4074074074074074,0.8333333333333334,0.7592592592592593,0.0,0.4074074074074074,0.4074074074074074,3.555555555555556,1.4074074074074074,1.2592592592592593,0.3148148148148148,0.3518518518518518,0.2777777777777778,1,0,0,3.71037037037037,0.4591734877221002,6.611111111111111,
2453,Predrag,Savovic,26,3.1923076923076925,0.8461538461538461,0.9615384615384616,0.0384615384615384,0.5384615384615384,0.8076923076923077,3.576923076923077,1.1153846153846154,1.0,0.1538461538461538,1.1153846153846154,0.8076923076923077,1,0,0,4.067692307692308,0.3923978819969743,6.596153846153847,
200753,Patrick,O'Bryant,85,2.176470588235294,0.2941176470588235,1.4823529411764709,0.4705882352941176,0.2117647058823529,0.4941176470588235,1.8823529411764703,0.9294117647058824,0.0352941176470588,0.0,0.5411764705882353,0.3176470588235294,0,0,1,2.120470588235294,0.5132046160674656,6.58235294117647,
101207,Kevin,Burleson,37,1.891891891891892,1.2972972972972974,0.7027027027027027,0.054054054054054,0.7027027027027027,0.6756756756756757,2.3783783783783785,0.5945945945945946,1.4594594594594594,0.2702702702702703,0.4594594594594595,0.4324324324324324,1,0,0,2.580540540540541,0.3665689149560117,6.567567567567568,
101212,Esteban,Batista,66,1.8333333333333333,0.1666666666666666,2.636363636363636,0.1666666666666666,0.2727272727272727,0.6363636363636364,1.4545454545454546,0.6363636363636364,0.0151515151515151,0.0,0.9090909090909092,0.5606060606060606,0,1,1,1.8545454545454545,0.494281045751634,6.5227272727272725,
201199,DJ,Strawberry,32,2.21875,0.9375,0.875,0.1875,0.375,0.34375,2.84375,0.875,0.78125,0.1875,0.59375,0.28125,1,0,0,3.105,0.3572866344605475,6.5,
101185,Rawle,Marshall,55,3.090909090909091,0.4181818181818181,1.0909090909090908,0.2181818181818181,0.3636363636363636,0.6181818181818182,2.690909090909091,1.018181818181818,0.3818181818181818,0.0909090909090909,1.3454545454545457,0.9636363636363636,1,1,0,3.282909090909091,0.4707576428887904,6.445454545454545,
2839,James,Thomas,30,1.8,0.1666666666666666,2.5,0.2333333333333333,0.1333333333333333,0.4666666666666667,1.3,0.7333333333333333,0.0,0.0,0.6666666666666666,0.3333333333333333,0,1,0,1.5933333333333333,0.5648535564853557,6.333333333333333,
2810,Andre,Brown,75,2.6266666666666665,0.1466666666666666,2.373333333333333,0.1066666666666666,0.1866666666666666,0.64,2.12,1.0933333333333333,0.0133333333333333,0.0,0.88,0.44,0,1,0,2.5072,0.5238247181450755,6.300000000000001,
1600,Kornel,David,26,2.3846153846153846,0.2307692307692307,2.0,0.1538461538461538,0.1923076923076923,0.4230769230769231,1.9615384615384612,0.9615384615384616,0.0,0.0,0.5,0.4615384615384615,0,1,0,2.181538461538461,0.5465444287729196,6.269230769230769,
201945,Gerald,Henderson,42,2.6904761904761907,0.3095238095238095,1.3095238095238095,0.2142857142857142,0.238095238095238,0.3333333333333333,2.4761904761904763,0.8809523809523809,0.4523809523809524,0.0952380952380952,1.119047619047619,0.8333333333333334,1,0,0,2.968571428571429,0.4531600898299647,6.261904761904762,
2639,Britton,Johnsen,26,2.076923076923077,0.6153846153846154,2.1153846153846154,0.0384615384615384,0.3076923076923077,0.6538461538461539,3.1153846153846154,0.8846153846153846,0.6153846153846154,0.0384615384615384,0.6153846153846154,0.2692307692307692,0,1,0,3.3861538461538463,0.3066787823716492,6.250000000000001,
969,Travis,Knight,111,1.6846846846846846,0.2432432432432432,1.972972972972973,0.2702702702702703,0.2162162162162162,0.4234234234234234,2.063063063063063,0.6846846846846847,0.018018018018018,0.0,0.4684684684684684,0.3153153153153153,0,0,1,2.269189189189189,0.3712085119898364,6.108108108108108,
201991,Lester,Hudson,20,2.9,0.65,0.9,0.15,0.4,0.7,2.6,1.05,0.75,0.25,0.65,0.55,1,0,0,2.886,0.5024255024255024,6.024999999999999,
200798,Cheikh,Samb,21,1.0476190476190477,0.0476190476190476,1.4761904761904765,0.5714285714285714,0.1904761904761904,0.1904761904761904,1.7142857142857142,0.4285714285714285,0.1428571428571428,0.0,0.4285714285714285,0.1904761904761904,0,0,1,1.9028571428571428,0.2752752752752753,6.0,
2766,Antonio,Burks,76,2.4473684210526314,1.368421052631579,0.6447368421052632,0.0131578947368421,0.4342105263157895,0.631578947368421,2.671052631578948,1.0394736842105263,0.2105263157894736,0.0526315789473684,0.5526315789473685,0.3157894736842105,1,0,0,2.9142105263157894,0.4199024742640418,5.993421052631579,
201947,Earl,Clark,50,2.8,0.42,1.24,0.26,0.14,0.46,3.02,1.12,0.1,0.04,0.72,0.52,0,1,0,3.3368,0.4195636538000479,5.97,
101165,Alex,Acker,28,2.892857142857143,0.5714285714285714,1.0357142857142858,0.1428571428571428,0.2142857142857142,0.3928571428571428,3.2857142857142856,1.2142857142857142,0.8928571428571429,0.2857142857142857,0.3571428571428571,0.1785714285714285,1,0,0,3.4428571428571426,0.4201244813278008,5.94642857142857,
201172,Gabe,Pruitt,55,2.272727272727273,0.9454545454545454,0.9272727272727272,0.0545454545454545,0.3636363636363636,0.4363636363636363,2.527272727272728,0.8181818181818182,1.0909090909090908,0.3090909090909091,0.4181818181818181,0.3272727272727272,1,0,0,2.7112727272727275,0.4191255364806867,5.881818181818182,
2852,Awvee,Storey,53,2.641509433962264,0.3962264150943396,1.528301886792453,0.0377358490566037,0.1886792452830188,0.2830188679245283,2.60377358490566,1.0754716981132075,0.2641509433962264,0.0566037735849056,0.8490566037735849,0.4339622641509434,1,1,0,2.9773584905660377,0.4435994930291508,5.867924528301887,
2106,Ruben,Wolkowyski,38,2.1052631578947367,0.1052631578947368,1.236842105263158,0.4736842105263157,0.131578947368421,0.3421052631578947,2.1842105263157894,0.7105263157894737,0.0789473684210526,0.0,1.0,0.6842105263157895,0,1,0,2.6242105263157893,0.4011231448054553,5.855263157894736,
201169,Alando,Tucker,51,4.137254901960785,0.3137254901960784,0.9607843137254902,0.0392156862745098,0.0980392156862745,0.3725490196078431,3.5686274509803924,1.5098039215686274,0.6666666666666666,0.196078431372549,1.1764705882352942,0.9215686274509804,0,1,0,4.086274509803922,0.5062380038387716,5.85294117647059,
2245,Damone,Brown,34,3.117647058823529,0.5588235294117647,1.5294117647058822,0.2058823529411764,0.1470588235294117,0.9117647058823528,3.735294117647059,1.2352941176470589,0.4117647058823529,0.1176470588235294,0.7941176470588235,0.5294117647058824,0,1,0,4.084705882352941,0.3816244239631336,5.838235294117647,
2066,Soumaila,Samake,45,1.511111111111111,0.1111111111111111,1.6888888888888889,0.4222222222222222,0.0444444444444444,0.1333333333333333,1.6,0.6222222222222222,0.0,0.0,0.5777777777777777,0.2666666666666666,0,0,1,1.8542222222222224,0.4074784276126558,5.811111111111112,
2447,Tamar,Slay,63,2.746031746031746,0.492063492063492,1.0952380952380951,0.0634920634920634,0.4126984126984127,0.6190476190476191,3.2063492063492065,1.1587301587301588,0.7777777777777778,0.2063492063492063,0.4126984126984127,0.2222222222222222,1,0,0,3.387936507936508,0.4052661169415292,5.793650793650794,
1895,William,Avery,75,3.0,1.4533333333333334,0.6933333333333334,0.0533333333333333,0.2533333333333333,0.84,3.1066666666666665,1.08,1.2533333333333334,0.2933333333333333,0.7066666666666667,0.5466666666666666,1,0,0,3.4176,0.4389044943820225,5.766666666666668,
101195,Luke,Schenscher,30,1.8333333333333333,0.2666666666666666,1.8,0.2333333333333333,0.1,0.3,1.6333333333333333,0.7666666666666667,0.0,0.0,0.6666666666666666,0.3,0,0,1,1.9266666666666667,0.4757785467128027,5.666666666666668,
201165,Morris,Almond,31,3.3870967741935485,0.2903225806451613,1.2258064516129032,0.1290322580645161,0.1612903225806451,0.5806451612903226,3.096774193548387,1.1935483870967742,0.6774193548387096,0.1935483870967742,1.032258064516129,0.8064516129032258,1,0,0,3.550967741935484,0.4769258720930233,5.661290322580647,
1942,Harold,Jamison,24,2.25,0.25,1.625,0.0416666666666666,0.2083333333333333,0.25,1.7916666666666667,0.9166666666666666,0.0,0.0,0.625,0.4166666666666667,0,1,0,2.066666666666667,0.5443548387096774,5.5625,
2228,Alton,Ford,68,2.7205882352941178,0.1617647058823529,1.8088235294117647,0.1176470588235294,0.088235294117647,0.5294117647058824,2.0294117647058822,1.0294117647058822,0.0,0.0,0.9411764705882352,0.6617647058823529,0,1,0,2.4435294117647057,0.5566923447279731,5.441176470588235,
280,Felton,Spencer,44,1.5454545454545454,0.1136363636363636,1.9090909090909087,0.2272727272727272,0.2045454545454545,0.5,1.0227272727272727,0.4090909090909091,0.0,0.0,1.318181818181818,0.7272727272727273,0,0,1,1.6027272727272726,0.4821327283040272,5.306818181818183,
201606,Sean,Singletary,35,2.571428571428572,0.8285714285714286,1.0,0.0,0.3142857142857143,0.6571428571428571,2.4,0.8857142857142857,0.6857142857142857,0.2857142857142857,0.6,0.5142857142857142,1,0,0,2.664,0.4826254826254827,5.257142857142857,
2249,Jamison,Brewer,51,1.7450980392156863,1.0980392156862746,0.9803921568627452,0.0392156862745098,0.3725490196078431,0.6274509803921569,1.843137254901961,0.6862745098039216,0.6274509803921569,0.1568627450980392,0.5490196078431373,0.2156862745098039,1,0,0,2.084705882352941,0.4185477802859293,5.254901960784315,
2425,Robert,Archibald,43,1.186046511627907,0.3720930232558139,1.6046511627906976,0.1395348837209302,0.3255813953488372,0.3953488372093023,1.2325581395348837,0.3488372093023256,0.0,0.0,1.1395348837209305,0.4883720930232558,0,1,0,1.733953488372093,0.3420064377682403,5.22093023255814,
201043,Randolph,Morris,63,2.2222222222222223,0.1111111111111111,1.6349206349206349,0.1111111111111111,0.2063492063492063,0.4603174603174603,1.9206349206349207,0.8253968253968254,0.0,0.0,1.0476190476190477,0.5714285714285714,0,0,1,2.381587301587301,0.4665422553985604,5.190476190476191,
201629,Othello,Hunter,21,1.4761904761904765,0.0476190476190476,1.7142857142857142,0.2857142857142857,0.0952380952380952,0.238095238095238,1.4761904761904765,0.6666666666666666,0.0,0.0,0.4285714285714285,0.1428571428571428,0,1,0,1.6647619047619049,0.4433638443935926,5.166666666666666,
1565,Michael,Stewart,116,1.112068965517241,0.1379310344827586,1.5344827586206895,0.3103448275862069,0.1551724137931034,0.2413793103448276,1.0862068965517242,0.4224137931034483,0.0,0.0,0.4482758620689655,0.2672413793103448,0,0,1,1.283448275862069,0.433234819989253,5.0,
201582,Alexis,Ajinca,34,2.3529411764705883,0.088235294117647,0.9705882352941176,0.2058823529411764,0.2352941176470588,0.3823529411764705,2.264705882352941,0.8823529411764706,0.0588235294117647,0.0,0.8529411764705882,0.5882352941176471,0,0,1,2.64,0.445632798573975,4.941176470588235,
2352,Dean,Oliver,33,1.9393939393939397,1.3333333333333333,0.696969696969697,0.0,0.303030303030303,0.6363636363636364,2.212121212121212,0.7272727272727273,0.5151515151515151,0.0909090909090909,0.5151515151515151,0.3939393939393939,1,0,0,2.4387878787878785,0.3976143141153082,4.924242424242424,
2257,Ruben,Boumtje-Boumtje,39,1.1025641025641026,0.1538461538461538,1.435897435897436,0.4358974358974359,0.1025641025641025,0.358974358974359,0.9743589743589745,0.358974358974359,0.0,0.0,0.6923076923076923,0.3846153846153846,0,0,1,1.278974358974359,0.4310344827586207,4.9230769230769225,
2143,Pepe,Sanchez,36,0.5555555555555556,1.3611111111111112,0.5833333333333334,0.0277777777777777,0.4444444444444444,0.2222222222222222,0.9166666666666666,0.25,0.0277777777777777,0.0,0.0555555555555555,0.0555555555555555,1,0,0,0.9411111111111112,0.2951593860684769,4.916666666666666,
1743,Bruno,Sundov,72,1.9861111111111112,0.2083333333333333,1.2777777777777777,0.1666666666666666,0.1805555555555555,0.3472222222222222,2.486111111111111,0.9027777777777778,0.3333333333333333,0.0694444444444444,0.2361111111111111,0.1111111111111111,0,0,1,2.59,0.3834191334191335,4.909722222222222,
201238,Mario,West,99,1.2424242424242424,0.3939393939393939,1.2828282828282829,0.0808080808080808,0.3535353535353535,0.2929292929292929,0.98989898989899,0.4343434343434343,0.0505050505050505,0.0,0.6666666666666666,0.3737373737373737,1,0,0,1.2832323232323233,0.4840994962216624,4.90909090909091,
2823,John,Edwards,56,1.75,0.1428571428571428,1.1785714285714286,0.3392857142857143,0.0892857142857142,0.3571428571428571,1.6785714285714286,0.75,0.0,0.0,0.4107142857142857,0.25,0,0,1,1.8592857142857144,0.4706108336534767,4.732142857142857,
2558,Reece,Gaines,65,1.892307692307692,0.7692307692307693,0.8153846153846154,0.0461538461538461,0.2615384615384615,0.4,2.246153846153846,0.7384615384615385,0.3846153846153846,0.1076923076923077,0.5076923076923077,0.3076923076923077,1,0,0,2.4695384615384617,0.3831298280588088,4.7,
695,Eldridge,Recasner,49,2.204081632653061,0.8979591836734694,1.020408163265306,0.0204081632653061,0.1428571428571428,0.5714285714285714,2.4489795918367347,0.8163265306122449,0.8163265306122449,0.2653061224489796,0.3877551020408163,0.3061224489795918,1,0,0,2.6195918367346938,0.4206918043004051,4.591836734693878,
201616,Darnell,Jackson,70,1.6857142857142855,0.1571428571428571,1.5571428571428572,0.1,0.1714285714285714,0.3857142857142857,1.6142857142857143,0.6428571428571429,0.0571428571428571,0.0,0.5857142857142857,0.4,0,1,0,1.872,0.4502442002442002,4.571428571428572,
2068,Lavor,Postell,59,3.288135593220339,0.2203389830508474,0.7627118644067796,0.0338983050847457,0.2033898305084746,0.5932203389830508,2.983050847457627,1.0,0.7457627118644068,0.1864406779661017,1.3728813559322033,1.1016949152542372,1,1,0,3.5871186440677967,0.4583254583254583,4.525423728813559,
2779,Vassilis,Spanoulis,30,2.833333333333333,0.9333333333333332,0.7333333333333333,0.0333333333333333,0.2333333333333333,0.9666666666666668,2.4,0.7666666666666667,0.9666666666666668,0.1666666666666666,1.4,1.1333333333333333,1,0,0,3.016,0.4697170645446508,4.466666666666668,
2775,Seung-Jin,Ha,43,1.5813953488372092,0.0697674418604651,1.558139534883721,0.3023255813953488,0.0930232558139534,0.6046511627906976,1.2093023255813953,0.627906976744186,0.0,0.0,0.6511627906976745,0.3255813953488372,0,0,1,1.495813953488372,0.5286069651741293,4.395348837209301,
95,Mark,Bryant,61,1.4426229508196722,0.2786885245901639,1.3934426229508197,0.081967213114754,0.1475409836065573,0.2950819672131147,1.540983606557377,0.6229508196721312,0.0,0.0,0.2786885245901639,0.1967213114754098,0,1,0,1.663606557377049,0.43358297201419,4.278688524590164,
200788,James,Augustine,27,1.5555555555555556,0.1481481481481481,1.2222222222222223,0.074074074074074,0.1851851851851851,0.2222222222222222,1.3703703703703705,0.7037037037037037,0.0,0.0,0.2962962962962963,0.1481481481481481,0,1,0,1.5007407407407407,0.5182625863770978,4.203703703703704,
1864,Steve,Goodrich,20,1.2,0.55,1.3,0.15,0.15,0.55,1.4,0.45,0.15,0.05,0.45,0.25,0,0,1,1.598,0.3754693366708386,4.074999999999999,
981,Efthimios,Rentzias,31,1.5483870967741935,0.2258064516129032,0.8387096774193549,0.064516129032258,0.1935483870967742,0.1290322580645161,1.870967741935484,0.6129032258064516,0.2580645161290322,0.1290322580645161,0.2258064516129032,0.1935483870967742,0,0,1,1.9703225806451607,0.3929273084479371,3.919354838709678,
2220,Brandon,Armstrong,100,2.32,0.24,0.62,0.04,0.22,0.37,2.82,0.98,0.73,0.24,0.2,0.12,1,0,0,2.908,0.3988995873452544,3.91,
2080,Igor,Rakocevic,31,2.3870967741935485,1.032258064516129,0.5483870967741935,0.0,0.1290322580645161,0.7096774193548387,1.7741935483870968,0.6451612903225806,0.3548387096774194,0.1612903225806451,1.1612903225806452,0.935483870967742,1,0,0,2.2851612903225806,0.5223037831733485,3.8548387096774186,
1906,Tim,James,38,1.5,0.2368421052631578,1.105263157894737,0.1578947368421052,0.0526315789473684,0.2894736842105263,1.7105263157894737,0.5526315789473685,0.0789473684210526,0.0263157894736842,0.5263157894736842,0.3684210526315789,0,1,0,1.9421052631578948,0.3861788617886179,3.776315789473685,
2218,Joseph,Forte,22,1.3636363636363635,0.7727272727272727,0.7727272727272727,0.0,0.2727272727272727,0.5454545454545454,2.136363636363636,0.5,0.2727272727272727,0.0,0.4545454545454545,0.3636363636363636,1,0,0,2.3363636363636364,0.291828793774319,3.6818181818181817,
200790,Marcus,Vinicius,25,2.0,0.28,0.76,0.08,0.12,0.36,1.4,0.64,0.76,0.32,0.72,0.4,0,1,0,1.7168,0.5824790307548928,3.640000000000001,
200841,Cedric,Bozeman,22,1.181818181818182,0.4090909090909091,1.0454545454545454,0.0454545454545454,0.2272727272727272,0.4090909090909091,1.7727272727272727,0.5,0.5909090909090909,0.0909090909090909,0.2727272727272727,0.0909090909090909,1,0,0,1.8927272727272728,0.3121998078770413,3.636363636363636,
681,Donny,Marshall,21,1.4285714285714286,0.1904761904761904,1.0476190476190477,0.0,0.1428571428571428,0.1428571428571428,1.4761904761904765,0.3809523809523809,0.1904761904761904,0.0952380952380952,0.8571428571428571,0.5714285714285714,0,1,0,1.8533333333333333,0.3854059609455292,3.571428571428571,
200806,Damir,Markota,27,1.8888888888888888,0.2222222222222222,1.148148148148148,0.037037037037037,0.1111111111111111,0.5555555555555556,1.851851851851852,0.7037037037037037,0.5555555555555556,0.2222222222222222,0.4074074074074074,0.2592592592592592,0,1,0,2.031111111111111,0.4649890590809628,3.425925925925926,
101117,Yaroslav,Korolev,27,1.4444444444444444,0.4814814814814814,0.5925925925925926,0.0,0.2222222222222222,0.2592592592592592,1.5925925925925926,0.4814814814814814,0.4074074074074074,0.1111111111111111,0.5925925925925926,0.3703703703703703,0,1,0,1.8533333333333333,0.3896882494004796,3.4259259259259256,
200772,Maurice,Ager,71,2.140845070422535,0.2535211267605634,0.6056338028169014,0.0845070422535211,0.0704225352112676,0.352112676056338,2.4788732394366195,0.8028169014084507,0.5633802816901409,0.1126760563380281,0.7464788732394366,0.4225352112676056,1,1,0,2.8073239436619715,0.381296407786474,3.345070422535211,
2213,Kirk,Haston,27,1.1851851851851851,0.2962962962962963,1.0,0.2222222222222222,0.0,0.3703703703703703,2.074074074074074,0.4814814814814814,0.2222222222222222,0.0,0.4444444444444444,0.2222222222222222,0,1,0,2.269629629629629,0.2610966057441253,3.2777777777777786,
200978,Jeremy,Richardson,39,2.2051282051282053,0.1282051282051282,0.6153846153846154,0.0,0.1025641025641025,0.2564102564102564,2.5384615384615383,0.8461538461538461,1.0,0.3846153846153846,0.2051282051282051,0.1282051282051282,1,1,0,2.6287179487179486,0.4194303550526727,3.2179487179487185,
85,Brent,Price,25,1.76,0.56,0.48,0.04,0.2,0.56,1.52,0.48,0.76,0.2,0.8,0.6,1,0,0,1.872,0.4700854700854701,3.16,
101209,Devin,Green,25,1.0,0.28,0.96,0.0,0.12,0.2,1.12,0.24,0.08,0.0,0.84,0.52,1,1,0,1.4896,0.3356605800214822,2.94,
