personId,season,firstName,lastName,guard,forward,center,gamesPlayed,points,assists,blocks,steals,reboundsTotal,turnovers,fieldGoalsAttempted,fieldGoalsMade,threePointersAttempted,threePointersMade,freeThrowsAttempted,freeThrowsMade,trueShootingAttempts,ts,fantasyPoints
165,1993,Hakeem,Olajuwon,0,0,1,82,26.097560975609756,3.548780487804878,4.170731707317073,1.829268292682927,13.024390243902438,3.1951219512195124,19.548780487804876,10.341463414634147,0.0975609756097561,0.0,6.951219512195122,5.414634146341464,22.60731707317073,0.577192793181573,68.5670731707317
764,1992,David,Robinson,0,0,1,68,23.205882352941178,2.661764705882353,4.485294117647059,2.323529411764706,12.191176470588236,2.676470588235294,15.794117647058824,8.705882352941176,0.11764705882352941,0.014705882352941176,8.25,5.779411764705882,19.424117647058825,0.5973471427273553,67.36764705882354
406,2000,Shaquille,O'Neal,0,0,1,79,29.670886075949365,3.7848101265822787,3.0253164556962027,0.45569620253164556,13.645569620253164,2.8227848101265822,21.075949367088608,12.10126582278481,0.012658227848101266,0.0,10.430379746835444,5.468354430379747,25.665316455696203,0.5780346820809248,64.09493670886076
893,1993,Michael,Jordan,1,0,0,78,32.57692307692308,5.487179487179487,0.782051282051282,2.8333333333333335,6.6923076923076925,2.6538461538461537,25.67948717948718,12.717948717948717,2.948717948717949,1.0384615384615385,7.294871794871795,6.102564102564102,28.889230769230767,0.5638246884652254,60.000000000000014
121,1991,Patrick,Ewing,0,0,1,81,26.59259259259259,3.0123456790123457,3.185185185185185,0.9876543209876543,11.17283950617284,3.5925925925925926,20.308641975308642,10.432098765432098,0.07407407407407407,0.0,7.691358024691358,5.728395061728395,23.69283950617284,0.5611947142440284,57.37654320987654
787,1993,Charles,Barkley,0,1,0,76,25.57894736842105,5.065789473684211,0.9736842105263158,1.5657894736842106,12.210526315789474,3.0657894736842106,18.105263157894736,9.421052631578947,2.8947368421052633,0.881578947368421,7.657894736842105,5.855263157894737,21.474736842105262,0.5955590412234695,55.51973684210526
252,1994,Karl,Malone,0,1,0,82,25.158536585365855,4.0,1.5365853658536586,1.524390243902439,11.463414634146341,2.8536585365853657,18.926829268292682,9.414634146341463,0.3902439024390244,0.0975609756097561,8.975609756097562,6.2317073170731705,22.87609756097561,0.5498869839645173,54.890243902439025
185,2000,Chris,Webber,0,1,1,75,24.453333333333333,4.6,1.7066666666666668,1.6,10.493333333333334,2.9066666666666667,20.64,9.973333333333333,1.2666666666666666,0.36,5.52,4.1466666666666665,23.0688,0.530008785314653,54.50666666666667
708,2000,Kevin,Garnett,0,1,0,81,22.925925925925927,4.950617283950617,1.5555555555555556,1.4814814814814814,11.802469135802468,3.308641975308642,18.839506172839506,9.37037037037037,1.0,0.37037037037037035,4.987654320987654,3.814814814814815,21.034074074074073,0.5449711226933371,53.58641975308642
1495,2000,Tim,Duncan,0,1,1,74,23.18918918918919,3.1621621621621623,2.22972972972973,0.8918918918918919,12.405405405405405,3.27027027027027,17.31081081081081,8.486486486486486,0.14864864864864866,0.013513513513513514,8.14864864864865,6.202702702702703,20.896216216216217,0.5548657457706038,52.486486486486484
937,1994,Scottie,Pippen,1,1,0,72,22.041666666666668,5.597222222222222,0.8055555555555556,2.9305555555555554,8.73611111111111,3.2222222222222223,17.75,8.708333333333334,2.736111111111111,0.875,5.680555555555555,3.75,20.249444444444443,0.5442536146396335,52.04166666666667
297,1999,Alonzo,Mourning,0,0,1,46,20.08695652173913,1.608695652173913,3.9130434782608696,0.7391304347826086,11.021739130434783,3.0217391304347827,13.76086956521739,7.043478260869565,0.043478260869565216,0.0,9.195652173913043,6.0,17.80695652173913,0.5640199238206856,51.59782608695652
56,2000,Gary,Payton,1,0,0,82,24.170731707317074,8.926829268292684,0.21951219512195122,1.8658536585365855,6.451219512195122,2.731707317073171,20.317073170731707,9.109756097560975,6.341463414634147,2.158536585365854,5.158536585365853,3.792682926829268,22.586829268292682,0.5350625229466773,50.11585365853658
149,1991,Michael,Adams,1,0,0,66,26.545454545454547,10.5,0.09090909090909091,2.227272727272727,3.878787878787879,3.6363636363636362,21.53030303030303,8.484848484848484,8.545454545454545,2.5303030303030303,8.015151515151516,7.045454545454546,25.0569696969697,0.5297020123839009,50.11363636363637
442,1992,Pervis,Ellison,0,0,1,66,20.03030303030303,2.878787878787879,2.6818181818181817,0.9393939393939394,11.212121212121213,2.9696969696969697,15.363636363636363,8.287878787878787,0.045454545454545456,0.015151515151515152,4.7272727272727275,3.4393939393939394,17.443636363636365,0.57414356194844,49.71212121212122
17,1992,Clyde,Drexler,1,0,0,76,25.039473684210527,6.7368421052631575,0.9210526315789473,1.8157894736842106,6.578947368421052,3.1578947368421053,19.42105263157895,9.131578947368421,4.447368421052632,1.5,6.644736842105263,5.276315789473684,22.344736842105263,0.5602991402661642,49.64473684210527
686,1999,Antonio,McDyess,0,1,1,50,21.22,1.64,2.3,1.46,10.74,2.76,17.64,8.3,0.18,0.02,6.76,4.6,20.6144,0.5146887612542689,49.31
255,1997,Grant,Hill,0,1,0,80,21.375,7.2875,0.6,1.8125,9.0125,3.2375,15.7375,7.8125,0.4125,0.125,7.9125,5.625,19.219,0.5560903272802955,48.99999999999999
1122,1991,Dominique,Wilkins,0,1,0,81,25.938271604938272,3.271604938271605,0.8024691358024691,1.5185185185185186,9.037037037037036,2.4814814814814814,20.246913580246915,9.506172839506172,3.074074074074074,1.0493827160493827,7.08641975308642,5.8765432098765435,23.364938271604938,0.5550682673204549,48.722222222222214
934,1993,Derrick,Coleman,0,1,0,76,20.68421052631579,3.6315789473684212,1.6578947368421053,1.2105263157894737,11.210526315789474,3.1973684210526314,16.13157894736842,7.421052631578948,1.3026315789473684,0.3026315789473684,6.855263157894737,5.5394736842105265,19.147894736842105,0.5401170940875732,48.026315789473685
896,1991,Tim,Hardaway,1,0,0,82,22.9390243902439,9.670731707317072,0.14634146341463414,2.6097560975609757,4.048780487804878,3.292682926829268,18.914634146341463,9.012195121951219,3.073170731707317,1.1829268292682926,4.646341463414634,3.731707317073171,20.9590243902439,0.5472350230414746,47.95731707317073
467,1999,Jason,Kidd,1,0,0,50,16.92,10.78,0.38,2.28,6.78,3.0,13.96,6.2,2.46,0.9,4.78,3.62,16.063200000000002,0.52666965486329,47.900000000000006
304,1991,John,Stockton,1,0,0,82,17.23170731707317,14.195121951219512,0.1951219512195122,2.8536585365853657,2.8902439024390243,3.6341463414634148,11.926829268292684,6.048780487804878,2.048780487804878,0.7073170731707317,5.2926829268292686,4.426829268292683,14.255609756097563,0.6043833835203941,47.78658536585366
1449,1991,Larry,Bird,0,1,0,60,19.4,7.183333333333334,0.9666666666666667,1.8,8.483333333333333,3.1166666666666667,16.95,7.7,3.3,1.2833333333333334,3.05,2.716666666666667,18.291999999999998,0.5302864640279904,47.733333333333334
77685,1992,Larry,Nance,0,1,0,81,16.97530864197531,2.8641975308641974,3.0,0.9876543209876543,8.271604938271604,1.0740740740740742,12.74074074074074,6.864197530864198,0.07407407407407407,0.0,3.950617283950617,3.246913580246914,14.479012345679012,0.5862039563437927,47.48148148148149
431,1994,Shawn,Kemp,0,1,0,79,18.11392405063291,2.6202531645569622,2.1012658227848102,1.7974683544303798,10.772151898734178,3.278481012658228,12.531645569620252,6.746835443037975,0.05063291139240506,0.012658227848101266,6.215189873417722,4.6075949367088604,15.26632911392405,0.5932639050114424,47.24050632911393
87,1993,Dikembe,Mutombo,0,0,1,82,13.792682926829269,1.7926829268292683,3.5,0.524390243902439,13.048780487804878,2.6341463414634148,9.524390243902438,4.853658536585366,0.0,0.0,6.0,4.085365853658536,12.164390243902439,0.5669286602237639,46.88414634146342
124,1995,Vlade,Divac,0,0,1,80,15.9625,4.1125,2.175,1.3625,10.3625,2.5625,11.9625,6.0625,0.6625,0.125,4.775,3.7125,14.063500000000001,0.5675151989191879,46.7
77142,1991,Magic,Johnson,1,1,0,79,19.379746835443036,12.518987341772151,0.21518987341772153,1.2911392405063291,6.974683544303797,3.9746835443037973,12.354430379746836,5.89873417721519,3.1645569620253164,1.0126582278481013,7.253164556962025,6.569620253164557,15.545822784810127,0.6233104256913005,46.69620253164556
788,1992,Kevin,Willis,0,1,1,81,18.271604938271604,2.1358024691358026,0.6666666666666666,0.8888888888888888,15.530864197530864,2.432098765432099,15.11111111111111,7.296296296296297,0.4567901234567901,0.07407407407407407,4.481481481481482,3.6049382716049383,17.082962962962963,0.5347902754892608,46.129629629629626
904,1992,Chris,Mullin,0,1,0,81,25.604938271604937,3.5308641975308643,0.7654320987654321,2.1358024691358026,5.555555555555555,2.493827160493827,19.555555555555557,10.246913580246913,2.1604938271604937,0.7901234567901234,5.185185185185185,4.320987654320987,21.83703703703704,0.5862731795567615,45.85185185185185
1713,2000,Vince,Carter,1,1,0,82,25.695121951219512,3.926829268292683,1.1219512195121952,1.3414634146341464,5.804878048780488,2.1707317073170733,20.682926829268293,9.609756097560975,2.8780487804878048,1.1585365853658536,6.719512195121951,5.317073170731708,23.639512195121952,0.5434782608695652,45.804878048780495
952,1998,Antoine,Walker,0,1,0,82,22.4390243902439,3.3292682926829267,0.7317073170731707,1.7317073170731707,10.195121951219512,3.5609756097560976,20.79268292682927,8.804878048780488,3.5609756097560976,1.1097560975609757,5.7682926829268295,3.7195121951219514,23.330731707317074,0.48088985531487827,45.457317073170735
921,1992,Brad,Daugherty,0,0,1,73,21.45205479452055,3.589041095890411,1.0684931506849316,0.8904109589041096,10.41095890410959,2.5342465753424657,13.835616438356164,7.890410958904109,0.0273972602739726,0.0,7.301369863013699,5.671232876712328,17.048219178082192,0.6291582296789123,45.21917808219178
134,1991,Kevin,Johnson,1,0,0,77,22.207792207792206,10.142857142857142,0.14285714285714285,2.116883116883117,3.5194805194805197,3.4935064935064934,14.87012987012987,7.675324675324675,0.5714285714285714,0.11688311688311688,8.0,6.740259740259741,18.390129870129872,0.6037965029236461,44.75324675324674
23,1992,Dennis,Rodman,0,1,0,82,9.75609756097561,2.3292682926829267,0.8536585365853658,0.8292682926829268,18.658536585365855,1.7073170731707317,7.7439024390243905,4.170731707317073,1.2317073170731707,0.3902439024390244,1.7073170731707317,1.024390243902439,8.495121951219513,0.5742176284811943,44.554878048780495
452,1997,Vin,Baker,0,1,0,78,20.987179487179485,2.7051282051282053,1.435897435897436,1.0512820512820513,10.307692307692308,3.141025641025641,16.03846153846154,8.102564102564102,0.6923076923076923,0.19230769230769232,6.67948717948718,4.589743589743589,18.9774358974359,0.5529508728314326,44.17307692307692
302,1994,Mookie,Blaylock,1,0,0,81,13.802469135802468,9.74074074074074,0.5432098765432098,2.617283950617284,5.234567901234568,2.419753086419753,13.320987654320987,5.481481481481482,4.209876543209877,1.4074074074074074,1.962962962962963,1.4320987654320987,14.184691358024692,0.4865269461077844,44.067901234567906
977,2000,Kobe,Bryant,1,1,0,66,22.5,4.893939393939394,0.9393939393939394,1.606060606060606,6.303030303030303,2.757575757575758,17.924242424242426,8.393939393939394,2.1818181818181817,0.696969696969697,6.106060606060606,5.015151515151516,20.610909090909093,0.5458274523641495,43.96212121212121
1489,1992,Lionel,Simmons,0,1,0,78,17.128205128205128,4.32051282051282,1.6923076923076923,1.7307692307692308,8.128205128205128,2.7948717948717947,14.897435897435898,6.756410256410256,0.0641025641025641,0.01282051282051282,4.67948717948718,3.6025641025641026,16.95641025641026,0.5050657795251776,43.90384615384614
947,1999,Allen,Iverson,1,0,0,48,26.75,4.645833333333333,0.14583333333333334,2.2916666666666665,4.916666666666667,3.4791666666666665,22.0,9.0625,4.145833333333333,1.2083333333333333,9.875,7.416666666666667,26.345,0.5076864680204972,43.885416666666664
913,1992,Larry,Johnson,0,1,0,82,19.21951219512195,3.5609756097560976,0.6219512195121951,0.9878048780487805,10.963414634146341,1.951219512195122,15.341463414634147,7.512195121951219,0.2682926829268293,0.06097560975609756,4.987804878048781,4.134146341463414,17.53609756097561,0.5479985535063562,43.54268292682927
339,1997,Tom,Gugliotta,0,1,0,81,20.641975308641975,4.135802469135802,1.0987654320987654,1.6049382716049383,8.666666666666666,3.617283950617284,16.530864197530864,7.308641975308642,1.1481481481481481,0.2962962962962963,6.987654320987654,5.728395061728395,19.605432098765434,0.526435102390368,43.425925925925924
358,1996,Anfernee,Hardaway,0,1,0,82,21.70731707317073,7.097560975609756,0.5,2.024390243902439,4.317073170731708,2.792682926829268,14.817073170731707,7.597560975609756,3.451219512195122,1.0853658536585367,7.073170731707317,5.426829268292683,17.929268292682927,0.6053598149911577,43.34146341463414
193,1997,Anthony,Mason,0,1,0,73,16.246575342465754,5.671232876712328,0.4520547945205479,1.0410958904109588,11.356164383561644,2.26027397260274,11.301369863013699,5.931506849315069,0.0410958904109589,0.0136986301369863,5.863013698630137,4.36986301369863,13.88109589041096,0.5852050684877432,43.23972602739726
221,1994,Clar.,Weatherspoon,0,1,0,82,18.365853658536587,2.341463414634146,1.4146341463414633,1.2195121951219512,10.146341463414634,2.3780487804878048,15.195121951219512,7.341463414634147,0.2073170731707317,0.04878048780487805,5.2439024390243905,3.6341463414634148,17.502439024390245,0.5246655518394648,42.878048780487795
949,2000,Shareef,Abdur-Rahim,0,1,0,82,20.28048780487805,3.3048780487804876,1.0609756097560976,1.0853658536585367,10.060975609756097,3.0365853658536586,15.573170731707316,7.2439024390243905,1.170731707317073,0.35365853658536583,6.719512195121951,5.439024390243903,18.529756097560973,0.5472410888221977,42.84146341463415
293,1991,Charles,Smith,0,1,0,74,20.0,1.8108108108108107,1.9594594594594594,1.0945945945945945,8.216216216216216,2.22972972972973,15.783783783783784,7.405405405405405,0.0945945945945946,0.0,6.54054054054054,5.1891891891891895,18.66162162162162,0.5358591125014484,42.7972972972973
270,1994,Horace,Grant,0,0,1,70,15.1,3.3714285714285714,1.2,1.0571428571428572,10.985714285714286,1.5571428571428572,12.542857142857143,6.571428571428571,0.08571428571428572,0.0,3.2857142857142856,1.957142857142857,13.98857142857143,0.5397263071895424,42.55
224,2000,Eddie,Jones,1,1,0,72,20.083333333333332,4.236111111111111,0.6805555555555556,2.6666666666666665,4.763888888888889,2.2222222222222223,15.541666666666666,6.638888888888889,4.736111111111111,1.7777777777777777,5.819444444444445,5.027777777777778,18.10222222222222,0.5547201080284803,42.52777777777777
393,1998,Rod,Strickland,1,0,0,76,17.75,10.539473684210526,0.32894736842105265,1.6578947368421053,5.328947368421052,3.5,14.868421052631579,6.447368421052632,0.631578947368421,0.15789473684210525,6.473684210526316,4.697368421052632,17.716842105263158,0.5009357732755035,42.50000000000001
84,1994,Latrell,Sprewell,1,0,0,82,20.975609756097562,4.695121951219512,0.926829268292683,2.1951219512195124,4.890243902439025,2.7560975609756095,17.28048780487805,7.475609756097561,4.7682926829268295,1.7195121951219512,5.560975609756097,4.304878048780488,19.72731707317073,0.5316386835142554,42.32926829268294
714,2000,Michael,Finley,1,1,0,82,22.621951219512194,5.341463414634147,0.3902439024390244,1.329268292682927,6.317073170731708,2.3902439024390243,19.951219512195124,9.121951219512194,3.0121951219512195,1.2073170731707317,3.8658536585365852,3.1707317073170733,21.65219512195122,0.5223939441728433,42.207317073170735
330,1992,Danny,Manning,0,1,1,82,19.25609756097561,3.475609756097561,1.4878048780487805,1.646341463414634,6.878048780487805,2.5609756097560976,14.621951219512194,7.926829268292683,0.06097560975609756,0.0,4.695121951219512,3.402439024390244,16.68780487804878,0.5769511838643672,42.201219512195124
129,1996,Dino,Radja,0,0,1,53,19.67924528301887,1.5660377358490567,1.528301886792453,0.9056603773584906,9.849056603773585,2.207547169811321,16.07547169811321,8.037735849056604,0.0,0.0,5.188679245283019,3.6037735849056602,18.358490566037737,0.5359712230215827,42.12264150943396
1882,2000,Elton,Brand,0,1,0,81,20.08641975308642,1.9135802469135803,1.6296296296296295,0.8148148148148148,10.0,2.814814814814815,16.123456790123456,7.777777777777778,0.024691358024691357,0.0,6.617283950617284,4.530864197530864,19.03506172839506,0.5276163544855498,42.10493827160494
96,1993,Detlef,Schrempf,0,1,0,82,19.109756097560975,6.012195121951219,0.32926829268292684,0.9634146341463414,9.512195121951219,2.9634146341463414,13.231707317073171,6.304878048780488,0.6341463414634146,0.0975609756097561,7.963414634146342,6.402439024390244,16.73560975609756,0.5709309781975049,41.64024390243902
383,1997,Kendall,Gill,1,0,0,82,21.817073170731707,3.975609756097561,0.5609756097560976,1.8780487804878048,6.085365853658536,2.658536585365854,17.71951219512195,7.853658536585366,2.682926829268293,0.9024390243902439,6.536585365853658,5.2073170731707314,20.59560975609756,0.5296534899694465,41.34756097560975
72,1994,Kenny,Anderson,1,0,0,82,18.75609756097561,9.560975609756097,0.18292682926829268,1.9268292682926829,3.926829268292683,3.2439024390243905,16.841463414634145,7.024390243902439,1.6097560975609757,0.4878048780487805,5.158536585365853,4.219512195121951,19.11121951219512,0.4907090714176324,40.9390243902439
361,1993,Clifford,Robinson,0,1,1,82,19.146341463414632,2.2195121951219514,1.9634146341463414,1.1951219512195121,6.609756097560975,2.1097560975609757,16.29268292682927,7.7073170731707314,0.9390243902439024,0.23170731707317074,5.073170731707317,3.5,18.524878048780486,0.5167737518432695,40.80487804878049
948,1998,Marcus,Camby,0,1,1,63,12.142857142857142,1.7619047619047619,3.6507936507936507,1.0793650793650793,7.396825396825397,2.126984126984127,11.857142857142858,4.888888888888889,0.031746031746031744,0.0,3.873015873015873,2.365079365079365,13.561269841269842,0.4477035441734163,40.547619047619044
895,1991,Tyrone,Corbin,0,1,0,82,17.951219512195124,4.2317073170731705,0.6463414634146342,1.975609756097561,7.182926829268292,2.548780487804878,15.987804878048781,7.158536585365853,0.12195121951219512,0.024390243902439025,4.524390243902439,3.6097560975609757,17.978536585365855,0.4992402865205123,40.463414634146346
204,1992,Jeff,Hornacek,1,0,0,81,20.14814814814815,5.074074074074074,0.38271604938271603,1.9506172839506173,5.0246913580246915,2.0987654320987654,15.308641975308642,7.839506172839506,2.3333333333333335,1.0246913580246915,3.888888888888889,3.4444444444444446,17.019753086419755,0.5919048309879588,40.4320987654321
166,1994,Ron,Harper,1,0,0,75,20.106666666666666,4.586666666666667,0.72,1.92,6.133333333333334,3.2266666666666666,17.8,7.586666666666667,3.1466666666666665,0.9466666666666667,5.573333333333333,3.986666666666667,20.252266666666667,0.49640534063676817,40.29333333333334
922,1996,Elden,Campbell,0,1,1,82,13.939024390243903,2.207317073170732,2.5853658536585367,1.0731707317073171,7.597560975609756,1.670731707317073,10.829268292682928,5.451219512195122,0.06097560975609756,0.0,4.2560975609756095,3.0365853658536586,12.701951219512196,0.5486961864894965,39.9390243902439
78615,1991,Orlando,Woolridge,0,1,0,53,25.09433962264151,2.2452830188679247,0.4339622641509434,1.3018867924528301,6.811320754716981,2.8679245283018866,18.547169811320753,9.245283018867925,0.07547169811320754,0.0,8.283018867924529,6.60377358490566,22.191698113207547,0.5653992654060672,39.886792452830186
1496,1999,Keith,Van Horn,0,1,0,42,21.80952380952381,1.5476190476190477,1.2619047619047619,1.0238095238095237,8.523809523809524,3.1666666666666665,17.904761904761905,7.666666666666667,1.2619047619047619,0.38095238095238093,7.095238095238095,6.095238095238095,21.026666666666667,0.5186158166500588,39.726190476190474
782,1991,Mitch,Richmond,1,0,0,77,23.896103896103895,3.090909090909091,0.44155844155844154,1.6363636363636365,5.87012987012987,2.987012987012987,18.493506493506494,9.12987012987013,1.4935064935064934,0.5194805194805194,6.038961038961039,5.116883116883117,21.150649350649353,0.5649023701338572,39.675324675324674
52,1992,Micheal,Williams,1,0,0,79,15.037974683544304,8.189873417721518,0.27848101265822783,2.949367088607595,3.569620253164557,3.037974683544304,10.430379746835444,5.113924050632911,0.4177215189873418,0.10126582278481013,5.405063291139241,4.708860759493671,12.80860759493671,0.5870261295805826,39.51265822784809
210,2000,Terrell,Brandon,1,0,0,71,17.070422535211268,8.859154929577464,0.4225352112676056,1.8873239436619718,3.352112676056338,2.591549295774648,14.67605633802817,6.845070422535211,1.8591549295774648,0.7464788732394366,2.9295774647887325,2.6338028169014085,15.965070422535213,0.5346178276519161,39.443661971830984
77384,1993,Reggie,Lewis,1,0,0,80,20.825,3.725,0.9625,1.475,4.3375,1.6625,17.625,8.2875,0.75,0.175,4.7,4.075,19.693,0.5287411770679936,39.34375
77264,1991,Bernard,King,0,1,0,64,28.390625,4.5625,0.25,0.875,4.984375,3.984375,23.609375,11.140625,0.578125,0.125,7.578125,5.984375,26.94375,0.5268499188123404,39.2421875
950,2000,Stephon,Marbury,1,0,0,74,22.16216216216216,8.405405405405405,0.20270270270270271,1.5135135135135136,3.2432432432432434,3.6486486486486487,17.7972972972973,7.6891891891891895,3.1486486486486487,0.8918918918918919,7.243243243243243,5.891891891891892,20.984324324324326,0.5280647072460781,39.2027027027027
98,1993,Nick,Anderson,1,1,0,79,19.924050632911392,3.3544303797468356,0.7088607594936709,1.620253164556962,6.037974683544304,2.0759493670886076,16.759493670886076,7.518987341772152,3.151898734177215,1.1139240506329113,5.0886075949367084,3.7721518987341773,18.998481012658228,0.5243590426949523,39.177215189873415
1718,2000,Paul,Pierce,0,1,0,73,19.54794520547945,3.0273972602739727,0.8493150684931506,2.0821917808219177,5.424657534246576,2.4383561643835616,15.054794520547945,6.657534246575342,3.835616438356164,1.3150684931506849,6.164383561643835,4.917808219178082,17.767123287671232,0.5501156515034695,39.07534246575342
765,1991,Hersey,Hawkins,1,0,0,80,22.0875,3.7375,0.4875,2.225,3.875,2.6625,15.6375,7.375,3.375,1.35,6.875,5.9875,18.662499999999998,0.5917615539182853,39.03124999999999
757,1997,Damon,Stoudamire,1,0,0,81,20.17283950617284,8.753086419753087,0.16049382716049382,1.5185185185185186,4.074074074074074,3.5555555555555554,17.37037037037037,6.962962962962963,6.1234567901234565,2.1728395061728394,4.950617283950617,4.074074074074074,19.54864197530864,0.5159652402364472,39.01851851851852
762,1997,Shawn,Bradley,0,0,1,73,13.164383561643836,0.7123287671232876,3.3972602739726026,0.547945205479452,8.36986301369863,1.8356164383561644,12.397260273972602,5.561643835616438,0.1095890410958904,0.0,3.1232876712328768,2.041095890410959,13.771506849315069,0.4779572673377631,38.8972602739726
938,1992,Rony,Seikaly,0,0,1,79,16.40506329113924,1.379746835443038,1.5316455696202531,0.5063291139240507,11.822784810126583,2.7341772151898733,11.987341772151899,5.860759493670886,0.0379746835443038,0.0,6.3924050632911396,4.6835443037974684,14.8,0.5542251111871365,38.892405063291136
436,1996,Juwan,Howard,0,1,0,81,22.08641975308642,4.444444444444445,0.48148148148148145,0.8271604938271605,8.148148148148149,3.740740740740741,18.51851851851852,9.049382716049383,0.16049382716049382,0.04938271604938271,5.2592592592592595,3.9382716049382718,20.832592592592594,0.5300929218224055,38.72839506172839
363,1994,Christian,Laettner,0,1,1,70,16.757142857142856,4.385714285714286,1.2285714285714286,1.2428571428571429,8.6,3.7,12.614285714285714,5.6571428571428575,0.35714285714285715,0.08571428571428572,6.8428571428571425,5.357142857142857,15.625142857142857,0.5362236688121709,38.72142857142857
157,1991,Derek,Harper,1,0,0,77,19.727272727272727,7.116883116883117,0.18181818181818182,1.9090909090909092,3.0259740259740258,2.2987012987012987,15.922077922077921,7.428571428571429,3.1948051948051948,1.155844155844156,5.077922077922078,3.7142857142857144,18.156363636363636,0.543260564790707,38.70779220779221
71,1991,Pooh,Richardson,1,0,0,82,17.085365853658537,8.951219512195122,0.15853658536585366,1.5975609756097562,3.4878048780487805,2.1219512195121952,16.463414634146343,7.7439024390243905,1.5609756097560976,0.5121951219512195,2.0121951219512195,1.0853658536585367,17.34878048780488,0.4924082665541965,38.52439024390244
64,1992,Sam,Perkins,0,1,1,63,16.523809523809526,2.238095238095238,0.9841269841269841,1.0158730158730158,8.825396825396826,1.3174603174603174,12.746031746031745,5.73015873015873,1.0952380952380953,0.23809523809523808,5.904761904761905,4.825396825396825,15.344126984126984,0.5384408490917367,38.48412698412699
344,1995,Dana,Barros,1,0,0,82,20.5609756097561,7.548780487804878,0.04878048780487805,1.8170731707317074,3.341463414634146,2.951219512195122,14.207317073170731,6.963414634146342,5.182926829268292,2.402439024390244,4.7073170731707314,4.2317073170731705,16.278536585365853,0.6315363639087832,38.45731707317073
1503,2000,Tracy,McGrady,1,1,0,78,15.525641025641026,3.371794871794872,1.9230769230769231,1.1538461538461537,6.410256410256411,2.051282051282051,13.025641025641026,5.871794871794871,0.8333333333333334,0.23076923076923078,5.0256410256410255,3.551282051282051,15.236923076923077,0.5094742864835756,38.40384615384615
717,1998,Arvydas,Sabonis,0,0,1,73,15.986301369863014,2.9863013698630136,1.095890410958904,0.8904109589041096,9.986301369863014,2.6027397260273974,11.315068493150685,5.575342465753424,1.5753424657534247,0.410958904109589,5.5479452054794525,4.424657534246576,13.756164383561643,0.5810595498904602,38.18493150684932
49,1996,Gheorghe,Muresan,0,0,1,76,14.526315789473685,0.7368421052631579,2.263157894736842,0.6842105263157895,9.578947368421053,1.881578947368421,10.5,6.131578947368421,0.013157894736842105,0.0,3.6578947368421053,2.263157894736842,12.109473684210526,0.5997913769123784,38.026315789473685
345,1991,Terry,Porter,1,0,0,81,17.049382716049383,8.012345679012345,0.14814814814814814,1.9506172839506173,3.4814814814814814,2.3333333333333335,11.654320987654321,6.0,3.8641975308641974,1.6049382716049383,4.185185185185185,3.4444444444444446,13.495802469135803,0.6316550184785392,38.01851851851852
1460,1992,James,Worthy,0,1,0,54,19.90740740740741,4.666666666666667,0.42592592592592593,1.4074074074074074,5.648148148148148,2.3518518518518516,18.64814814814815,8.333333333333334,0.7962962962962963,0.16666666666666666,3.7777777777777777,3.074074074074074,20.31037037037037,0.49007987162186806,38.00925925925927
926,1991,Alvin,Robertson,1,0,0,81,13.555555555555555,5.481481481481482,0.19753086419753085,3.037037037037037,5.666666666666667,2.617283950617284,11.160493827160494,5.407407407407407,0.7777777777777778,0.2839506172839506,3.246913580246914,2.45679012345679,12.589135802469135,0.5383830855528969,37.98148148148148
111,1997,LaPhonso,Ellis,0,1,0,55,21.87272727272727,2.381818181818182,0.7454545454545455,0.8,7.0181818181818185,2.1272727272727274,18.436363636363637,8.090909090909092,4.709090909090909,1.7272727272727273,5.127272727272727,3.963636363636364,20.692363636363638,0.5285217207929143,37.9
265,1991,Harvey,Grant,0,1,0,77,18.246753246753247,2.6493506493506493,0.7922077922077922,1.1818181818181819,7.233766233766234,1.6233766233766234,15.896103896103897,7.909090909090909,0.19480519480519481,0.025974025974025976,3.2337662337662336,2.4025974025974026,17.31896103896104,0.5267854464740994,37.72077922077922
923,2000,Donyell,Marshall,0,1,0,64,14.21875,2.609375,1.0625,1.0625,9.953125,1.921875,13.125,5.171875,2.15625,0.765625,3.984375,3.109375,14.878125,0.4778407897500525,37.71875
1450,1991,Kevin,McHale,0,1,0,68,18.397058823529413,1.8529411764705883,2.1470588235294117,0.36764705882352944,7.0588235294117645,2.0588235294117645,13.411764705882353,7.411764705882353,0.5441176470588235,0.22058823529411764,4.044117647058823,3.3529411764705883,15.191176470588236,0.6055179090029041,37.705882352941174
420,1998,Jayson,Williams,0,1,0,65,12.876923076923077,1.0307692307692307,0.7538461538461538,0.6923076923076923,13.584615384615384,1.4615384615384615,9.923076923076923,4.938461538461539,0.06153846153846154,0.0,4.507692307692308,3.0,11.906461538461539,0.5407535662600785,37.661538461538456
1885,2000,Lamar,Odom,0,1,0,76,16.56578947368421,4.171052631578948,1.25,1.1973684210526316,7.828947368421052,3.3947368421052633,13.473684210526315,5.907894736842105,2.1578947368421053,0.7763157894736842,5.526315789473684,3.973684210526316,15.905263157894737,0.5207643944407676,37.565789473684205
389,1999,Toni,Kukoc,0,1,0,44,18.818181818181817,5.340909090909091,0.25,1.1136363636363635,7.045454545454546,2.75,17.022727272727273,7.159090909090909,3.090909090909091,0.8863636363636364,4.886363636363637,3.6136363636363638,19.172727272727272,0.4907539118065434,37.35227272727272
105,1992,Dan,Majerle,1,1,0,82,17.29268292682927,3.341463414634146,0.524390243902439,1.5975609756097562,5.890243902439025,1.2439024390243902,14.060975609756097,6.719512195121951,2.7804878048780486,1.0609756097560976,3.6951219512195124,2.792682926829268,15.686829268292684,0.5511847751725854,37.140243902439025
693,1996,Joe,Smith,0,1,1,82,15.25609756097561,0.9634146341463414,1.6341463414634145,1.0365853658536586,8.74390243902439,1.6829268292682926,12.487804878048781,5.719512195121951,0.34146341463414637,0.12195121951219512,4.780487804878049,3.6951219512195124,14.591219512195122,0.5227834982615672,37.13414634146342
299,1997,Glenn,Robinson,0,1,0,80,21.1125,3.1,0.85,1.2875,6.275,3.3625,17.975,8.3625,2.25,0.7875,4.55,3.6,19.977,0.5284201832106923,37.0
73,1992,Hot Rod,Williams,0,0,1,80,11.9,2.45,2.275,0.75,7.5875,1.0375,8.475,4.2625,0.05,0.0,4.4875,3.375,10.4495,0.5694052347002249,36.981249999999996
76,1995,Cedric,Ceballos,0,1,0,58,21.74137931034483,1.8103448275862069,0.3275862068965517,1.0344827586206897,8.0,2.4655172413793105,16.844827586206897,8.568965517241379,2.5172413793103448,1.0,5.0344827586206895,3.603448275862069,19.06,0.5703404855809242,36.974137931034484
123,1996,Robert,Pack,1,0,0,31,18.06451612903226,7.806451612903226,0.03225806451612903,2.0,4.258064516129032,3.6774193548387095,14.32258064516129,6.129032258064516,3.161290322580645,0.8387096774193549,5.870967741935484,4.967741935483871,16.905806451612904,0.5342695771637919,36.93548387096775
133,1997,David,Wesley,1,0,0,74,16.756756756756758,7.256756756756757,0.17567567567567569,2.2027027027027026,3.5675675675675675,2.8513513513513513,13.162162162162161,6.162162162162162,3.864864864864865,1.3918918918918919,3.891891891891892,3.0405405405405403,14.874594594594594,0.5632676793371612,36.80405405405405
104,1991,Benoit,Benjamin,0,0,1,70,14.028571428571428,1.7,2.0714285714285716,0.7714285714285715,10.32857142857143,3.357142857142857,11.114285714285714,5.514285714285714,0.0,0.0,4.214285714285714,3.0,12.968571428571428,0.540868032606301,36.72857142857143
78656,1991,Blair,Rasmussen,0,1,0,70,12.5,1.0,1.8857142857142857,0.7428571428571429,9.685714285714285,1.1571428571428573,12.642857142857142,5.785714285714286,0.07142857142857142,0.02857142857142857,1.3285714285714285,0.9,13.227428571428572,0.47250302401935373,36.72857142857143
288,1996,Armen,Gilliam,0,1,0,78,18.32051282051282,1.794871794871795,0.6794871794871795,0.9358974358974359,9.14102564102564,2.269230769230769,15.58974358974359,7.384615384615385,0.01282051282051282,0.0,4.487179487179487,3.551282051282051,17.564102564102562,0.5215328467153285,36.6474358974359
349,1993,Mark,Jackson,1,0,0,82,14.402439024390244,8.829268292682928,0.14634146341463414,1.6585365853658536,4.7317073170731705,2.682926829268293,11.524390243902438,5.597560975609756,1.0,0.2682926829268293,3.658536585365854,2.9390243902439024,13.134146341463413,0.5482822655524606,36.59756097560976
208,1998,Sam,Cassell,1,0,0,75,19.613333333333333,8.04,0.26666666666666666,1.6133333333333333,3.04,3.5866666666666664,15.413333333333334,6.8,1.0666666666666667,0.2,6.76,5.8133333333333335,18.387733333333333,0.5333265655364446,36.580000000000005
76338,1991,Tony,Campbell,0,1,0,77,21.792207792207794,2.779220779220779,0.6233766233766234,1.5714285714285714,4.4935064935064934,2.4675324675324677,19.506493506493506,8.467532467532468,0.7922077922077922,0.2077922077922078,5.792207792207792,4.64935064935065,22.055064935064934,0.49404088939137,36.54545454545455
305,1991,Robert,Parish,0,0,1,81,14.901234567901234,0.8148148148148148,1.271604938271605,0.8148148148148148,10.567901234567902,1.8888888888888888,10.012345679012345,5.987654320987654,0.012345679012345678,0.0,3.814814814814815,2.925925925925926,11.690864197530864,0.637302525977866,36.54320987654321
905,1994,Dale,Davis,0,1,1,66,11.681818181818182,1.5151515151515151,1.606060606060606,0.7272727272727273,10.878787878787879,1.5454545454545454,8.818181818181818,4.666666666666667,0.015151515151515152,0.0,4.454545454545454,2.3484848484848486,10.778181818181817,0.5419197031039137,36.51515151515151
57,1998,Doug,Christie,1,1,0,78,16.5,3.6153846153846154,0.7307692307692307,2.4358974358974357,5.17948717948718,2.923076923076923,13.73076923076923,5.871794871794871,3.9358974358974357,1.2820512820512822,4.1923076923076925,3.4743589743589745,15.575384615384614,0.5296819438956935,36.51282051282051
911,1997,Ervin,Johnson,0,0,1,82,7.097560975609756,0.8658536585365854,2.768292682926829,0.7926829268292683,11.134146341463415,1.4390243902439024,5.695121951219512,2.9634146341463414,0.024390243902439025,0.0,1.9024390243902438,1.170731707317073,6.5321951219512195,0.5432753341796729,36.463414634146346
199,1992,Reggie,Williams,1,1,0,81,18.19753086419753,2.9012345679012346,0.8395061728395061,1.8271604938271604,5.0,2.1358024691358026,15.765432098765432,7.419753086419753,1.9259259259259258,0.691358024691358,3.3209876543209877,2.6666666666666665,17.226666666666667,0.5281791079004702,36.44444444444444
779,1994,Glen,Rice,1,1,0,81,21.08641975308642,2.271604938271605,0.3950617283950617,1.3580246913580247,5.3580246913580245,1.6049382716049383,17.54320987654321,8.185185185185185,4.271604938271605,1.6296296296296295,3.506172839506173,3.0864197530864197,19.085925925925924,0.5524075655256282,36.33333333333333
932,1996,Oliver,Miller,0,0,1,76,12.921052631578947,2.8815789473684212,1.881578947368421,1.4210526315789473,7.394736842105263,2.6578947368421053,10.460526315789474,5.5,0.14473684210526316,0.0,2.9078947368421053,1.9210526315789473,11.74,0.5503003676140948,36.23026315789473
901,1992,Otis,Thorpe,0,1,1,82,17.317073170731707,3.048780487804878,0.45121951219512196,0.6341463414634146,10.512195121951219,2.8902439024390243,11.5,6.804878048780488,0.08536585365853659,0.0,5.646341463414634,3.707317073170732,13.984390243902439,0.6191572485000697,36.21951219512195
689,1999,Theo,Ratliff,0,0,1,50,11.2,0.6,2.98,0.9,8.14,1.84,8.38,3.94,0.0,0.0,4.58,3.32,10.3952,0.5387101739264275,36.15
951,2000,Ray,Allen,1,0,0,82,22.0609756097561,3.7560975609756095,0.23170731707317074,1.3414634146341464,4.378048780487805,2.231707317073171,17.20731707317073,7.829268292682927,4.963414634146342,2.097560975609756,4.853658536585366,4.304878048780488,19.342926829268293,0.570259501172673,36.091463414634156
76217,1992,Sam,Bowie,0,0,1,71,14.95774647887324,2.619718309859155,1.6901408450704225,0.5774647887323944,8.140845070422536,2.112676056338028,13.338028169014084,5.929577464788732,0.352112676056338,0.11267605633802817,3.943661971830986,2.9859154929577465,15.073239436619717,0.49616894038497483,35.943661971830984
754,1995,Jim,Jackson,1,1,0,51,25.666666666666668,3.7450980392156863,0.23529411764705882,0.5490196078431373,5.098039215686274,3.1372549019607843,20.11764705882353,9.490196078431373,2.156862745098039,0.6862745098039216,7.450980392156863,6.0,23.396078431372548,0.548524974857526,35.79411764705882
397,1991,Reggie,Miller,1,0,0,82,22.621951219512194,4.036585365853658,0.15853658536585366,1.329268292682927,3.426829268292683,1.9878048780487805,14.195121951219512,7.2682926829268295,3.926829268292683,1.3658536585365855,7.317073170731708,6.719512195121951,17.414634146341463,0.6495098039215687,35.792682926829265
3,1992,Grant,Long,0,1,0,82,14.78048780487805,2.7439024390243905,0.4878048780487805,1.6951219512195121,8.426829268292684,2.2560975609756095,10.853658536585366,5.365853658536586,0.2682926829268293,0.07317073170731707,4.926829268292683,3.975609756097561,13.021463414634146,0.5675432681501461,35.75609756097562
47,1991,Wayman,Tisdale,0,1,0,33,20.0,2.0,0.8484848484848485,0.696969696969697,7.666666666666667,2.484848484848485,16.424242424242426,7.9393939393939394,0.030303030303030304,0.0,5.151515151515151,4.121212121212121,18.69090909090909,0.5350194552529183,35.71212121212121
371,1994,Terry,Mills,0,1,0,80,17.2625,2.2125,0.775,0.8,8.4,1.9125,14.3875,7.35,0.9125,0.3,2.8375,2.2625,15.636,0.5520113839856741,35.65625
1883,2000,Steve,Francis,1,0,0,77,18.025974025974026,6.584415584415584,0.37662337662337664,1.5324675324675325,5.311688311688312,3.9740259740259742,14.506493506493506,6.454545454545454,4.025974025974026,1.3896103896103895,4.740259740259741,3.727272727272727,16.59220779220779,0.5432060112711334,35.55844155844156
760,1992,Jerome,Kersey,0,1,0,77,12.61038961038961,3.155844155844156,0.922077922077922,1.4805194805194806,8.220779220779221,1.948051948051948,11.064935064935066,5.1688311688311686,0.1038961038961039,0.012987012987012988,3.4025974025974026,2.25974025974026,12.562077922077922,0.501922917872798,35.38961038961039
244,1994,Dee,Brown,1,0,0,77,15.480519480519481,4.5064935064935066,0.6103896103896104,2.0259740259740258,3.896103896103896,1.6363636363636365,13.25974025974026,6.363636363636363,1.2467532467532467,0.38961038961038963,2.844155844155844,2.3636363636363638,14.511168831168831,0.5334001575141405,35.35714285714286
711,2000,Jerry,Stackhouse,0,1,0,82,23.646341463414632,4.451219512195122,0.43902439024390244,1.2560975609756098,3.841463414634146,3.792682926829268,17.646341463414632,7.548780487804878,3.5121951219512195,1.0121951219512195,9.24390243902439,7.536585365853658,21.713658536585363,0.5445038528070452,35.28048780487805
785,1994,Eric,Murdock,1,0,0,82,15.329268292682928,6.658536585365853,0.14634146341463414,2.402439024390244,3.182926829268293,2.5121951219512195,12.426829268292684,5.817073170731708,2.048780487804878,0.8414634146341463,3.5121951219512195,2.8536585365853657,13.97219512195122,0.5485633488112279,35.26219512195122
156,1991,Antoine,Carr,0,1,0,77,20.142857142857142,2.4805194805194803,1.3116883116883118,0.5844155844155844,5.454545454545454,2.220779220779221,15.948051948051948,8.155844155844155,0.03896103896103896,0.0,5.0519480519480515,3.831168831168831,18.170909090909092,0.5542611281054346,35.188311688311686
182,1994,Billy,Owens,1,1,0,79,15.012658227848101,4.1265822784810124,0.759493670886076,1.0506329113924051,8.10126582278481,2.7088607594936707,12.291139240506329,6.227848101265823,0.189873417721519,0.0379746835443038,4.1265822784810124,2.518987341772152,14.106835443037975,0.5321058109902731,35.177215189873415
739,2000,Rasheed,Wallace,0,1,1,81,16.358024691358025,1.7530864197530864,1.3209876543209877,1.0740740740740742,6.987654320987654,1.9382716049382716,12.901234567901234,6.691358024691358,0.6172839506172839,0.09876543209876543,4.08641975308642,2.876543209876543,14.699259259259259,0.5564234361351879,35.172839506172835
428,1991,Sherman,Douglas,1,0,0,73,18.52054794520548,8.547945205479452,0.0684931506849315,1.6575342465753424,2.863013698630137,3.6986301369863015,14.452054794520548,7.287671232876712,0.4246575342465753,0.0547945205479452,5.671232876712328,3.8904109589041096,16.947397260273974,0.5464127517863493,35.143835616438345
9,1992,Sedale,Threatt,1,0,0,82,15.121951219512194,7.2317073170731705,0.1951219512195122,2.048780487804878,3.0853658536585367,2.2195121951219514,12.695121951219512,6.2073170731707314,0.7560975609756098,0.24390243902439024,2.9634146341463414,2.4634146341463414,13.999024390243903,0.5401073245522335,35.13414634146342
296,1997,Rick,Fox,0,1,0,76,15.447368421052632,3.763157894736842,0.5263157894736842,2.1973684210526314,5.184210526315789,2.3421052631578947,12.5,5.697368421052632,3.6578947368421053,1.3289473684210527,3.460526315789474,2.723684210526316,14.022631578947369,0.5508013361858649,35.078947368421055
891,1994,Charles,Oakley,0,1,0,82,11.817073170731707,2.658536585365854,0.21951219512195122,1.3414634146341464,11.768292682926829,2.3536585365853657,9.268292682926829,4.426829268292683,0.036585365853658534,0.0,3.817073170731707,2.9634146341463414,10.94780487804878,0.5397005747894666,34.99390243902438
187,1992,Terry,Cummings,0,1,0,70,17.285714285714285,1.457142857142857,0.4857142857142857,0.8285714285714286,9.014285714285714,1.6428571428571428,15.042857142857143,7.3428571428571425,0.18571428571428572,0.07142857142857142,3.557142857142857,2.5285714285714285,16.608,0.5204032480044041,34.964285714285715
448,1998,Bo,Outlaw,0,1,0,82,9.524390243902438,2.6341463414634148,2.207317073170732,1.3048780487804879,7.7682926829268295,2.1341463414634148,6.609756097560975,3.658536585365854,0.04878048780487805,0.012195121951219513,3.817073170731707,2.1951219512195124,8.289268292682927,0.5745012652268581,34.90853658536585
1472,1991,Tom,Chambers,0,1,0,76,19.88157894736842,2.5526315789473686,0.6842105263157895,0.8552631578947368,6.447368421052632,2.3289473684210527,16.723684210526315,7.315789473684211,0.9605263157894737,0.2631578947368421,6.0394736842105265,4.9868421052631575,19.381052631578946,0.512912774277645,34.881578947368425
356,1991,Chris,Morris,0,1,0,79,13.189873417721518,2.7848101265822787,1.2151898734177216,1.7468354430379747,6.594936708860759,2.1139240506329116,12.177215189873417,5.177215189873418,2.2658227848101267,0.569620253164557,3.088607594936709,2.2658227848101267,13.536202531645568,0.4872073015635521,34.879746835443036
109,1996,Robert,Horry,0,1,1,71,12.014084507042254,3.9577464788732395,1.5352112676056338,1.6338028169014085,5.802816901408451,2.2535211267605635,10.309859154929578,4.225352112676056,5.464788732394366,2.0,2.0140845070422535,1.5633802816901408,11.19605633802817,0.5365319780606853,34.82394366197183
177,1994,Muggsy,Bogues,1,0,0,77,10.844155844155845,10.12987012987013,0.025974025974025976,1.7272727272727273,4.064935064935065,2.220779220779221,9.753246753246753,4.597402597402597,0.15584415584415584,0.025974025974025976,2.012987012987013,1.6233766233766234,10.638961038961039,0.5096435546875,34.70779220779221
78318,1993,Isiah,Thomas,1,0,0,79,17.60759493670886,8.49367088607595,0.22784810126582278,1.5569620253164558,2.9367088607594938,3.5949367088607596,15.924050632911392,6.658227848101266,2.5063291139240507,0.7721518987341772,4.772151898734177,3.518987341772152,18.02379746835443,0.4884540832092592,34.702531645569614
80,1991,Ken,Norman,0,1,0,70,17.414285714285715,2.2714285714285714,0.9,0.9,7.1,1.9857142857142858,14.814285714285715,7.428571428571429,0.45714285714285713,0.08571428571428572,3.9285714285714284,2.4714285714285715,16.542857142857144,0.5263385146804835,34.7
1711,2000,Raef,LaFrentz,0,1,1,81,12.419753086419753,1.1975308641975309,2.2222222222222223,0.5185185185185185,7.91358024691358,1.1851851851851851,10.851851851851851,4.839506172839506,2.259259259259259,0.7407407407407407,2.9135802469135803,2.0,12.133827160493826,0.5117821822473648,34.67901234567901
469,1995,Jamal,Mashburn,0,1,0,80,24.075,3.725,0.1,1.025,4.1375,2.9375,19.575,8.5375,4.3,1.4125,7.5625,5.5875,22.9025,0.5255976421788014,34.49375
178,1994,Olden,Polynice,0,1,1,68,11.602941176470589,0.6029411764705882,0.9852941176470589,0.6176470588235294,11.897058823529411,1.1470588235294117,9.735294117647058,5.088235294117647,0.029411764705882353,0.0,2.8088235294117645,1.4264705882352942,10.971176470588235,0.5287920218755027,34.470588235294116
899,1994,Mark,Price,1,0,0,76,17.31578947368421,7.75,0.14473684210526316,1.355263157894737,3.0,2.486842105263158,13.223684210526315,6.315789473684211,3.9078947368421053,1.5526315789473684,3.526315789473684,3.1315789473684212,14.775263157894736,0.5859722865386671,34.46710526315789
1712,2000,Antawn,Jamison,0,1,0,43,19.558139534883722,2.0930232558139537,0.3488372093023256,0.6976744186046512,8.348837209302326,2.627906976744186,17.58139534883721,8.279069767441861,0.16279069767441862,0.046511627906976744,4.837209302325581,2.953488372093023,19.709767441860464,0.4961534831036436,34.15116279069768
89,2000,Nick,Van Exel,1,0,0,79,16.139240506329113,9.037974683544304,0.13924050632911392,0.8607594936708861,3.9367088607594938,2.7974683544303796,15.354430379746836,5.987341772151899,5.075949367088608,1.6835443037974684,3.037974683544304,2.481012658227848,16.69113924050633,0.4834673138176853,34.00632911392405
77449,1992,Moses,Malone,0,0,1,82,15.597560975609756,1.1341463414634145,0.7804878048780488,0.9024390243902439,9.073170731707316,1.829268292682927,11.329268292682928,5.365853658536586,0.0975609756097561,0.036585365853658534,6.146341463414634,4.829268292682927,14.033658536585367,0.5557196982863498,33.98170731707317
980,1998,Zydrunas,Ilgauskas,0,0,1,82,13.890243902439025,0.8658536585365854,1.646341463414634,0.6341463414634146,8.817073170731707,1.7926829268292683,10.682926829268293,5.536585365853658,0.04878048780487805,0.012195121951219513,3.682926829268293,2.8048780487804876,12.303414634146343,0.5644873523114741,33.95121951219512
1717,2000,Dirk,Nowitzki,0,1,0,82,17.5,2.475609756097561,0.8292682926829268,0.7682926829268293,6.487804878048781,1.7195121951219512,13.634146341463415,6.280487804878049,3.731707317073171,1.4146341463414633,4.2439024390243905,3.524390243902439,15.501463414634147,0.5644628359242243,33.89634146341464
919,1997,Loy,Vaught,0,1,1,82,14.878048780487806,1.3414634146341464,0.3048780487804878,1.0365853658536586,9.963414634146341,1.670731707317073,13.21951219512195,6.609756097560975,0.14634146341463414,0.024390243902439025,2.3048780487804876,1.6341463414634145,14.233658536585365,0.5226361424312006,33.859756097560975
920,1994,A.C.,Green,0,1,0,82,14.682926829268293,1.670731707317073,0.4634146341463415,0.8536585365853658,9.182926829268293,1.2195121951219512,11.292682926829269,5.670731707317073,0.4268292682926829,0.0975609756097561,4.414634146341464,3.2439024390243905,13.235121951219513,0.5546955624355004,33.79268292682927
954,1998,Kerry,Kittles,1,0,0,77,17.246753246753247,2.2857142857142856,0.4805194805194805,1.7142857142857142,4.701298701298701,1.3766233766233766,14.987012987012987,6.597402597402597,3.4155844155844157,1.4285714285714286,3.2467532467532467,2.6233766233766236,16.415584415584416,0.5253164556962026,33.75324675324675
51,1996,Mahmoud,Abdul-Rauf,1,0,0,57,19.210526315789473,6.824561403508772,0.05263157894736842,1.1228070175438596,2.4210526315789473,2.017543859649123,16.75438596491228,7.2631578947368425,5.421052631578948,2.1228070175438596,2.754385964912281,2.56140350877193,17.966315789473683,0.5346262010780408,33.74561403508772
216,1991,Brian,Shaw,1,0,0,79,13.810126582278482,7.620253164556962,0.43037974683544306,1.3291139240506329,4.6835443037974684,2.8227848101265822,11.924050632911392,5.594936708860759,0.34177215189873417,0.0379746835443038,3.151898734177215,2.5822784810126582,13.310886075949366,0.518753090646278,33.65822784810127
45,1996,George,McCloud,0,1,0,79,18.949367088607595,2.6835443037974684,0.4810126582278481,1.4303797468354431,4.7974683544303796,2.1012658227848102,16.21518987341772,6.708860759493671,8.582278481012658,3.2531645569620253,2.8354430379746836,2.278481012658228,17.462784810126582,0.5425642958624489,33.61392405063291
735,1998,Bryant,Reeves,0,0,1,74,16.31081081081081,2.0945945945945947,1.0810810810810811,0.527027027027027,7.905405405405405,2.108108108108108,12.702702702702704,6.648648648648648,0.05405405405405406,0.0,4.27027027027027,3.0135135135135136,14.581621621621622,0.5592934460260972,33.527027027027025
1710,2000,Mike,Bibby,1,0,0,82,14.512195121951219,8.109756097560975,0.18292682926829268,1.6097560975609757,3.731707317073171,3.0121951219512195,12.573170731707316,5.597560975609756,2.5853658536585367,0.9390243902439024,3.048780487804878,2.3780487804878048,13.914634146341463,0.5214723926380368,33.420731707317074
147,2000,Jalen,Rose,1,1,0,80,18.2125,4.0,0.6125,1.05,4.8375,2.35,14.95,7.0375,2.45,0.9625,3.8375,3.175,16.6385,0.5472999368933497,33.41875
422,1996,Avery,Johnson,1,0,0,82,13.060975609756097,9.621951219512194,0.25609756097560976,1.451219512195122,2.5121951219512195,2.3780487804878048,10.817073170731707,5.341463414634147,0.3780487804878049,0.07317073170731707,3.1951219512195124,2.3048780487804876,12.222926829268292,0.5342818374107036,33.33536585365853
120,1998,Steven,Smith,1,1,0,73,20.054794520547944,4.0,0.3972602739726027,1.0136986301369864,4.232876712328767,2.410958904109589,15.082191780821917,6.698630136986301,3.780821917808219,1.3287671232876712,6.232876712328767,5.328767123287672,17.824657534246576,0.562557639102367,33.22602739726027
247,1993,Joe,Dumars,1,0,0,77,23.493506493506494,4.0,0.09090909090909091,1.0129870129870129,1.922077922077922,1.7922077922077921,18.883116883116884,8.792207792207792,3.883116883116883,1.4545454545454546,5.1558441558441555,4.454545454545454,21.15168831168831,0.5553577129945724,33.20779220779221
101,1991,Scott,Skiles,1,0,0,79,17.17721518987342,8.354430379746836,0.05063291139240506,1.1265822784810127,3.4177215189873418,3.189873417721519,13.151898734177216,5.848101265822785,2.8860759493670884,1.1772151898734178,4.772151898734177,4.30379746835443,15.251645569620255,0.5631266184184317,33.16455696202532
317,1994,John,Starks,1,0,0,59,18.983050847457626,5.898305084745763,0.1016949152542373,1.6101694915254237,3.135593220338983,3.1186440677966103,16.559322033898304,6.9491525423728815,5.711864406779661,1.9152542372881356,4.203389830508475,3.169491525423729,18.408813559322034,0.5155968032998195,33.14406779661017
470,1991,Doc,Rivers,1,0,0,79,15.151898734177216,4.30379746835443,0.5949367088607594,1.8734177215189873,3.2025316455696204,1.5822784810126582,12.91139240506329,5.620253164556962,3.3164556962025316,1.1139240506329113,3.3164556962025316,2.7974683544303796,14.370632911392404,0.5271827214431682,33.120253164556964
353,2000,Darrell,Armstrong,1,0,0,82,16.21951219512195,6.109756097560975,0.10975609756097561,2.0609756097560976,3.292682926829268,3.024390243902439,13.646341463414634,5.902439024390244,4.914634146341464,1.670731707317073,3.0121951219512195,2.7439024390243905,14.971707317073172,0.541672096963378,32.95731707317073
183,1998,Bison,Dele,0,1,1,78,16.166666666666668,1.205128205128205,0.7051282051282052,0.8589743589743589,8.91025641025641,2.3205128205128207,13.333333333333334,6.8076923076923075,0.038461538461538464,0.01282051282051282,3.58974358974359,2.5384615384615383,14.912820512820513,0.5420392022008254,32.955128205128204
22,1995,Rik,Smits,0,0,1,78,17.94871794871795,1.4230769230769231,1.0128205128205128,0.5128205128205128,7.705128205128205,2.423076923076923,13.58974358974359,7.153846153846154,0.02564102564102564,0.0,4.833333333333333,3.641025641025641,15.716410256410256,0.5710183704767188,32.8974358974359
892,1992,Spud,Webb,1,0,0,77,15.987012987012987,7.103896103896104,0.3116883116883117,1.6233766233766234,2.896103896103896,2.9740259740259742,13.064935064935066,5.818181818181818,2.5844155844155843,0.948051948051948,3.961038961038961,3.4025974025974026,14.807792207792208,0.5398175758638836,32.77922077922078
246,1992,Greg,Anderson,0,1,1,82,11.524390243902438,0.9512195121951219,0.7926829268292683,1.0731707317073171,11.475609756097562,2.451219512195122,10.414634146341463,4.7439024390243905,0.04878048780487805,0.0,3.268292682926829,2.0365853658536586,11.852682926829267,0.4861511235492633,32.725609756097555
1005,1995,Walt,Williams,1,1,0,77,16.350649350649352,4.103896103896104,0.8181818181818182,1.5974025974025974,4.48051948051948,3.155844155844156,12.96103896103896,5.779220779220779,3.844155844155844,1.3376623376623376,4.7272727272727275,3.4545454545454546,15.04103896103896,0.5435345720798509,32.577922077922075
423,1997,Chris,Gatling,0,1,0,47,18.95744680851064,0.5957446808510638,0.6595744680851063,0.8297872340425532,7.872340425531915,2.5531914893617023,13.25531914893617,6.957446808510638,0.1276595744680851,0.02127659574468085,7.0,5.0212765957446805,16.335319148936172,0.5802594560800249,32.51063829787234
238,1995,Tyrone,Hill,0,1,0,70,13.757142857142858,0.7857142857142857,0.5857142857142857,0.7857142857142857,10.928571428571429,2.157142857142857,9.914285714285715,5.0,0.014285714285714285,0.0,5.671428571428572,3.757142857142857,12.409714285714287,0.5542892664732698,32.49999999999999
77081,1991,Jay,Humphries,1,0,0,80,15.1875,6.725,0.0875,1.6125,2.75,1.8875,12.0,6.025,2.0125,0.75,2.9875,2.3875,13.3145,0.5703368508017574,32.425000000000004
456,1992,Chuck,Person,0,1,0,81,18.48148148148148,4.716049382716049,0.2222222222222222,0.8395061728395061,5.2592592592592595,2.6666666666666665,15.851851851851851,7.604938271604938,4.37037037037037,1.6296296296296295,2.432098765432099,1.6419753086419753,16.921975308641976,0.5460793182945691,32.35802469135802
1365,1991,Xavier,McDaniel,0,1,0,81,16.950617283950617,2.308641975308642,0.5679012345679012,0.9382716049382716,6.8765432098765435,2.271604938271605,14.641975308641975,7.283950617283951,0.09876543209876543,0.0,3.2962962962962963,2.382716049382716,16.092345679012347,0.526667075827784,32.20987654320988
461,1996,Popeye,Jones,0,1,0,68,11.323529411764707,1.9411764705882353,0.39705882352941174,0.7941176470588235,10.838235294117647,1.6029411764705883,10.779411764705882,4.8088235294117645,0.5735294117647058,0.20588235294117646,1.9558823529411764,1.5,11.64,0.48640590256721244,32.0514705882353
77845,1993,Drazen,Petrovic,1,0,0,70,22.34285714285714,3.5285714285714285,0.18571428571428572,1.3428571428571427,2.7142857142857144,2.9,16.2,8.385714285714286,2.3857142857142857,1.0714285714285714,5.171428571428572,4.5,18.47542857142857,0.6046641098602005,32.02142857142857
898,1993,Blue,Edwards,0,1,0,82,16.853658536585368,2.6097560975609757,0.5487804878048781,1.5731707317073171,4.658536585365853,2.1341463414634148,13.207317073170731,6.7560975609756095,1.2926829268292683,0.45121951219512196,3.658536585365854,2.8902439024390243,14.817073170731707,0.568724279835391,31.97560975609756
783,1993,Frank,Brickowski,0,1,0,66,16.893939393939394,2.9696969696969697,0.6666666666666666,1.2121212121212122,6.136363636363637,3.0606060606060606,12.666666666666666,6.909090909090909,0.3939393939393939,0.12121212121212122,4.0606060606060606,2.9545454545454546,14.453333333333333,0.5844305602146931,31.9469696969697
251,1996,Sean,Elliott,0,1,0,77,19.961038961038962,2.74025974025974,0.42857142857142855,0.8961038961038961,5.142857142857143,2.5714285714285716,14.636363636363637,6.818181818181818,5.090909090909091,2.090909090909091,5.4935064935064934,4.233766233766234,17.053506493506493,0.5852473498233216,31.941558441558445
718,1999,Gary,Trent,0,1,0,45,15.977777777777778,1.711111111111111,0.5111111111111111,0.6444444444444445,7.8,1.4666666666666666,13.377777777777778,6.377777777777778,0.1111111111111111,0.0,5.222222222222222,3.2222222222222223,15.675555555555556,0.5096399206124185,31.933333333333334
1510,1998,Brevin,Knight,1,0,0,80,9.0375,8.2,0.225,2.45,3.1625,2.425,7.4,3.2625,0.0875,0.0,3.1375,2.5125,8.7805,0.5146347018962474,31.93124999999999
722,1998,Corliss,Williamson,0,1,0,79,17.734177215189874,2.911392405063291,0.6075949367088608,0.9620253164556962,5.6455696202531644,2.518987341772152,14.354430379746836,7.10126582278481,0.11392405063291139,0.0,5.6075949367088604,3.5316455696202533,16.821772151898735,0.527119766426873,31.81012658227848
441,1998,Lamond,Murray,0,1,0,79,15.443037974683545,1.7974683544303798,0.6835443037974683,1.4936708860759493,6.1265822784810124,2.1645569620253164,12.455696202531646,5.987341772151899,1.9367088607594938,0.6835443037974683,3.721518987341772,2.7848101265822787,14.093164556962027,0.5478910684774018,31.708860759493675
181,1991,Kenny,Smith,1,0,0,78,17.692307692307693,7.102564102564102,0.14102564102564102,1.358974358974359,2.08974358974359,3.0384615384615383,12.85897435897436,6.6923076923076925,1.7307692307692308,0.6282051282051282,4.358974358974359,3.6794871794871793,14.776923076923078,0.5986465382613222,31.403846153846157
894,1992,Ricky,Pierce,1,0,0,78,21.666666666666668,3.08974358974359,0.2564102564102564,1.1025641025641026,2.9871794871794872,2.423076923076923,16.743589743589745,7.948717948717949,1.5769230769230769,0.4230769230769231,5.833333333333333,5.346153846153846,19.31025641025641,0.5610144735094941,31.37179487179487
335,1992,Willie,Anderson,1,1,0,57,13.052631578947368,5.298245614035087,0.8947368421052632,0.9473684210526315,5.2631578947368425,2.456140350877193,12.017543859649123,5.473684210526316,0.9824561403508771,0.22807017543859648,2.4210526315789473,1.8771929824561404,13.08280701754386,0.4988467521321675,31.350877192982455
278,1994,Stacey,Augmon,1,1,0,82,14.78048780487805,2.2804878048780486,0.5487804878048781,1.8170731707317074,4.804878048780488,1.7926829268292683,10.5,5.353658536585366,0.08536585365853659,0.012195121951219513,5.317073170731708,4.060975609756097,12.839512195121952,0.5755860339652749,31.28658536585366
365,1991,Derrick,McKey,0,1,0,73,15.273972602739725,2.315068493150685,0.7671232876712328,1.2465753424657535,5.794520547945205,2.164383561643836,11.602739726027398,6.0,0.2602739726027397,0.0547945205479452,3.808219178082192,3.219178082191781,13.278356164383563,0.5751454627986629,31.164383561643834
30,1993,Richard,Dumas,0,1,0,48,15.770833333333334,1.25,0.8125,1.7708333333333333,4.645833333333333,1.9166666666666667,12.0,6.291666666666667,0.0625,0.020833333333333332,4.479166666666667,3.1666666666666665,13.970833333333333,0.5644199224575007,31.11458333333334
1622,1991,Rodney,McCray,0,1,0,74,11.405405405405405,3.5,0.6891891891891891,0.9459459459459459,7.5675675675675675,1.7432432432432432,9.175675675675675,4.54054054054054,0.527027027027027,0.17567567567567569,2.675675675675676,2.1486486486486487,10.352972972972973,0.5508275465984441,31.06081081081081
956,1998,Erick,Dampier,0,0,1,82,11.841463414634147,1.146341463414634,1.6951219512195121,0.47560975609756095,8.71951219512195,2.1341463414634148,9.646341463414634,4.2926829268292686,0.024390243902439025,0.0,4.865853658536586,3.2560975609756095,11.787317073170732,0.5022968051647079,31.054878048780484
1722,2000,Michael,Dickerson,1,0,0,82,18.24390243902439,2.5365853658536586,0.5487804878048781,1.4146341463414633,3.402439024390244,2.0121951219512195,15.487804878048781,6.7560975609756095,3.548780487804878,1.451219512195122,3.951219512195122,3.2804878048780486,17.226341463414634,0.529535028600555,30.981707317073166
21,1996,Greg,Anthony,1,0,0,69,14.014492753623188,6.898550724637682,0.15942028985507245,1.681159420289855,2.5217391304347827,2.318840579710145,11.318840579710145,4.695652173913044,3.927536231884058,1.3043478260869565,4.304347826086956,3.318840579710145,13.212753623188405,0.5303395928395929,30.869565217391305
445,1998,Wesley,Person,1,1,0,82,14.682926829268293,2.292682926829268,0.5975609756097561,1.5731707317073171,4.426829268292683,1.3414634146341464,11.670731707317072,5.365853658536586,5.451219512195122,2.341463414634146,2.073170731707317,1.6097560975609757,12.582926829268292,0.5834464043419267,30.76219512195122
136,1998,P.J.,Brown,0,1,1,74,9.554054054054054,1.3918918918918919,1.3243243243243243,0.8918918918918919,8.58108108108108,1.3108108108108107,7.972972972972973,3.7567567567567566,0.0,0.0,2.6621621621621623,2.0405405405405403,9.144324324324325,0.5224034994384347,30.756756756756758
168,2000,Chris,Mills,0,1,0,20,16.1,2.35,0.2,0.9,6.15,1.25,14.6,6.15,1.5,0.4,4.2,3.4,16.448,0.48942120622568097,30.75
76176,1991,Rolando,Blackman,1,0,0,80,19.875,3.7625,0.2375,0.8625,3.2,1.9875,16.45,7.925,1.425,0.5,4.075,3.525,18.243,0.544729485282026,30.743750000000006
213,2000,Antonio,Davis,0,1,1,79,11.518987341772151,1.3291139240506329,1.2658227848101267,0.4810126582278481,8.810126582278482,1.5316455696202531,9.012658227848101,3.962025316455696,0.0,0.0,4.69620253164557,3.5949367088607596,11.078987341772152,0.5198574105388236,30.651898734177216
201,1991,Chris,Dudley,0,0,1,61,7.114754098360656,0.6065573770491803,2.5081967213114753,0.639344262295082,8.37704918032787,1.3114754098360655,6.836065573770492,2.7868852459016393,0.0,0.0,2.8852459016393444,1.540983606557377,8.105573770491803,0.4388803494862875,30.557377049180328
1504,1999,Danny,Fortson,0,1,1,50,11.0,0.64,0.44,0.62,11.62,1.54,7.72,3.82,0.06,0.0,4.62,3.36,9.7528,0.5639406119268312,30.550000000000004
258,1995,Brian,Grant,0,1,1,80,13.225,1.2375,1.45,0.6125,7.475,2.0375,10.1125,5.1625,0.05,0.0125,4.5375,2.8875,12.109,0.5460814270377405,30.468749999999996
192,1996,Dennis,Scott,0,1,0,82,17.451219512195124,2.9634146341463414,0.35365853658536583,1.0975609756097562,3.768292682926829,1.4878048780487805,13.621951219512194,5.987804878048781,7.658536585365853,3.2560975609756095,2.707317073170732,2.2195121951219514,14.813170731707316,0.5890440280567723,30.37804878048781
931,1994,Don,MacLean,0,1,0,75,18.2,2.1333333333333333,0.29333333333333333,0.6266666666666667,6.226666666666667,2.026666666666667,13.733333333333333,6.8933333333333335,0.28,0.04,5.306666666666667,4.373333333333333,16.068266666666666,0.5663336431226765,30.36666666666666
375,1998,Isaiah,Rider,1,0,0,74,19.7027027027027,3.1216216216216215,0.25675675675675674,0.7432432432432432,4.675675675675675,2.527027027027027,17.594594594594593,7.445945945945946,5.675675675675675,1.8243243243243243,3.608108108108108,2.9864864864864864,19.18216216216216,0.5135683489728633,30.34459459459459
1508,2000,Maurice,Taylor,0,1,1,62,17.096774193548388,1.6290322580645162,0.7741935483870968,0.8225806451612904,6.451612903225806,2.725806451612903,15.935483870967742,7.387096774193548,0.12903225806451613,0.016129032258064516,3.2419354838709675,2.306451612903226,17.36193548387097,0.49236371743896545,30.15322580645161
417,1991,Sam,Mitchell,0,1,0,82,14.597560975609756,1.6219512195121952,0.6951219512195121,0.8048780487804879,6.341463414634147,1.2682926829268293,12.317073170731707,5.426829268292683,0.10975609756097561,0.0,4.829268292682927,3.7439024390243905,14.441951219512195,0.5053874214686213,30.006097560975608
137,1992,Vernon,Maxwell,1,0,0,80,17.15,4.075,0.35,1.3,3.0375,2.225,15.2,6.275,5.9125,2.025,3.3375,2.575,16.668499999999998,0.5144434112247653,29.968749999999996
36,1992,Sarunas,Marciulionis,1,0,0,72,18.90277777777778,3.375,0.1388888888888889,1.6111111111111112,2.888888888888889,2.6805555555555554,12.666666666666666,6.819444444444445,0.1388888888888889,0.041666666666666664,6.625,5.222222222222222,15.581666666666667,0.6065711127749849,29.937500000000004
190,1992,Duane,Causwell,0,0,1,80,7.95,0.7375,2.6875,0.5875,7.25,1.55,5.6875,3.125,0.0125,0.0,2.775,1.7,6.9085,0.5753781573424043,29.93125
78437,1991,Darrell,Walker,1,0,0,71,7.788732394366197,6.464788732394366,0.4647887323943662,1.0985915492957747,7.014084507042254,2.1690140845070425,7.535211267605634,3.23943661971831,0.1267605633802817,0.0,2.1690140845070425,1.3098591549295775,8.489577464788733,0.45872320658305127,29.922535211267604
1500,1999,Ron,Mercer,1,1,0,41,17.024390243902438,2.5365853658536586,0.2926829268292683,1.6341463414634145,3.7804878048780486,2.1707317073170733,17.24390243902439,7.439024390243903,0.7317073170731707,0.12195121951219512,2.5609756097560976,2.024390243902439,18.37073170731707,0.46335634625597455,29.865853658536587
781,1997,Will,Perdue,0,0,1,65,8.692307692307692,0.5846153846153846,1.5692307692307692,0.49230769230769234,9.815384615384616,1.3384615384615384,6.3076923076923075,3.5846153846153848,0.0,0.0,2.6307692307692307,1.523076923076923,7.465230769230769,0.5821861346962328,29.861538461538462
935,2000,Bryon,Russell,1,1,0,82,14.121951219512194,1.9268292682926829,0.2804878048780488,1.5609756097560976,5.2073170731707314,1.2317073170731707,11.146341463414634,4.975609756097561,3.268292682926829,1.2926829268292683,3.841463414634146,2.8780487804878048,12.836585365853658,0.5500665019950598,29.72560975609756
78293,1995,Roy,Tarpley,0,1,0,55,12.563636363636364,1.0545454545454545,1.0,0.8181818181818182,8.163636363636364,1.981818181818182,11.090909090909092,5.3090909090909095,0.32727272727272727,0.09090909090909091,2.2181818181818183,1.8545454545454545,12.066909090909093,0.5205822082931533,29.700000000000006
1112,1999,Ben,Wallace,0,1,1,46,5.978260869565218,0.391304347826087,1.9565217391304348,1.0869565217391304,8.326086956521738,0.782608695652174,4.304347826086956,2.4782608695652173,0.0,0.0,2.869565217391304,1.0217391304347827,5.5669565217391295,0.5369415807560138,29.663043478260867
897,1992,Tim,Perry,0,1,0,80,12.275,1.675,1.45,0.55,6.8875,1.7625,9.8625,5.1625,0.1,0.0375,2.6875,1.9125,11.045000000000002,0.5556813037573562,29.59375
78310,1991,Reggie,Theus,1,0,0,81,18.641975308641975,4.666666666666667,0.43209876543209874,1.0493827160493827,2.8271604938271606,3.111111111111111,15.395061728395062,7.197530864197531,1.7777777777777777,0.6419753086419753,4.234567901234568,3.6049382716049383,17.258271604938273,0.5400881309373926,29.586419753086417
100263,1991,Bill,Laimbeer,0,0,1,82,11.024390243902438,1.9146341463414633,0.6829268292682927,0.4634146341463415,8.987804878048781,1.1951219512195121,9.487804878048781,4.536585365853658,1.524390243902439,0.45121951219512196,1.7926829268292683,1.5,10.27658536585366,0.5363839179759813,29.573170731707318
28,1993,Doug,West,1,0,0,80,19.2875,2.9375,0.2625,1.0625,3.0875,2.0625,15.6125,8.075,0.2875,0.025,3.7,3.1125,17.2405,0.5593660276674111,29.5
262,1992,Michael,Cage,0,0,1,82,8.78048780487805,1.1219512195121952,0.6707317073170732,1.2073170731707317,8.878048780487806,0.9512195121951219,6.609756097560975,3.7439024390243905,0.06097560975609756,0.0,2.0853658536585367,1.2926829268292683,7.527317073170732,0.5832415267967079,29.39024390243903
194,1992,Anthony,Bowie,1,0,0,52,14.576923076923077,3.1346153846153846,0.7307692307692307,1.0576923076923077,4.711538461538462,2.0576923076923075,12.173076923076923,6.0,0.8461538461538461,0.3269230769230769,2.6153846153846154,2.25,13.323846153846155,0.5470238438889209,29.384615384615387
184,1996,Bobby,Phills,1,0,0,72,14.597222222222221,3.763888888888889,0.375,1.4166666666666667,3.625,1.75,11.472222222222221,5.361111111111111,2.9305555555555554,1.2916666666666667,3.3333333333333335,2.5833333333333335,12.938888888888888,0.5640832975525977,29.34722222222222
203,1994,Nate,McMillan,1,1,0,73,5.986301369863014,5.301369863013699,0.3013698630136986,2.958904109589041,3.8767123287671232,1.726027397260274,5.424657534246576,2.4246575342465753,1.821917808219178,0.7123287671232876,0.7534246575342466,0.4246575342465753,5.756164383561644,0.5199904807234651,29.342465753424655
77376,1992,Lafayette,Lever,1,0,0,31,11.193548387096774,3.4516129032258065,0.3870967741935484,1.4838709677419355,5.193548387096774,1.1612903225806452,11.258064516129032,4.354838709677419,1.6774193548387097,0.5483870967741935,2.5806451612903225,1.935483870967742,12.393548387096773,0.4515877147319105,29.322580645161292
915,1998,Rodney,Rogers,0,1,0,76,15.118421052631579,2.6578947368421053,0.5,1.2236842105263157,5.578947368421052,2.539473684210526,12.302631578947368,5.605263157894737,2.789473684210526,0.9473684210526315,4.315789473684211,2.960526315789474,14.201578947368422,0.532279583441426,29.289473684210524
953,1998,Lorenzen,Wright,0,1,1,69,9.028985507246377,0.7971014492753623,1.2608695652173914,0.7971014492753623,8.782608695652174,1.173913043478261,7.855072463768116,3.4927536231884058,0.028985507246376812,0.0,3.101449275362319,2.0434782608695654,9.219710144927536,0.4896566901408451,29.282608695652176
433,1994,Buck,Williams,0,1,0,81,9.666666666666666,0.9876543209876543,0.5802469135802469,0.7160493827160493,10.407407407407407,1.3703703703703705,6.469135802469136,3.5925925925925926,0.012345679012345678,0.0,3.654320987654321,2.4814814814814814,8.077037037037037,0.5984042553191489,29.203703703703702
1507,2000,Derek,Anderson,1,0,0,64,16.875,3.4375,0.171875,1.40625,4.03125,2.609375,13.4375,5.890625,2.78125,0.859375,4.828125,4.234375,15.561875,0.5421904494156392,29.171875
248,2000,George,Lynch,0,1,0,75,9.626666666666667,1.8133333333333332,0.5066666666666667,1.5866666666666667,7.76,1.6,8.586666666666666,3.96,0.48,0.2,2.44,1.5066666666666666,9.660266666666665,0.49826091757301394,29.16
364,1995,Rex,Chapman,1,0,0,45,16.244444444444444,2.8444444444444446,0.3333333333333333,1.488888888888889,2.511111111111111,1.3777777777777778,14.2,5.644444444444445,6.088888888888889,1.9111111111111112,3.533333333333333,3.0444444444444443,15.754666666666665,0.5155438952832317,28.811111111111106
399,1993,Sean,Rooks,0,0,1,72,13.472222222222221,1.3194444444444444,1.125,0.5277777777777778,7.444444444444445,2.2222222222222223,10.375,5.111111111111111,0.027777777777777776,0.0,5.402777777777778,3.25,12.752222222222223,0.5282303737910603,28.78472222222223
457,1992,Andrew,Lang,0,0,1,81,7.679012345679013,0.5308641975308642,2.4814814814814814,0.5925925925925926,6.7407407407407405,1.0740740740740742,5.864197530864198,3.0617283950617282,0.012345679012345678,0.0,2.0246913580246915,1.5555555555555556,6.755061728395062,0.5683895021565903,28.734567901234566
77387,1991,Todd,Lichti,1,0,0,29,13.96551724137931,2.4827586206896552,0.27586206896551724,1.5862068965517242,3.8620689655172415,1.1379310344827587,13.03448275862069,5.724137931034483,1.6206896551724137,0.4827586206896552,2.3793103448275863,2.0344827586206895,14.081379310344829,0.49588598295621505,28.655172413793103
103,1995,Todd,Day,1,1,0,82,15.975609756097562,1.6341463414634145,0.7682926829268293,1.2682926829268293,3.926829268292683,1.9146341463414633,12.792682926829269,5.426829268292683,5.097560975609756,1.9878048780487805,4.158536585365853,3.1341463414634148,14.622439024390244,0.5462703496130238,28.63414634146342
930,1992,Kenny,Gattison,0,1,0,82,12.707317073170731,1.5975609756097562,0.8414634146341463,0.7195121951219512,7.073170731707317,1.7073170731707317,9.74390243902439,5.158536585365853,0.024390243902439025,0.0,3.475609756097561,2.3902439024390243,11.273170731707317,0.5636088273474686,28.54268292682927
1065,2000,Erick,Strickland,1,0,0,68,12.75,3.1029411764705883,0.19117647058823528,1.5441176470588236,4.75,1.5,10.735294117647058,4.647058823529412,2.735294117647059,1.0735294117647058,2.8676470588235294,2.3823529411764706,11.99705882352941,0.5313802402549644,28.47058823529412
761,1999,Matt,Geiger,0,0,1,50,13.48,1.16,0.8,0.78,7.24,2.02,11.1,5.32,0.1,0.02,3.54,2.82,12.6576,0.5324864113260017,28.36
378,1992,Craig,Ehlo,1,0,0,63,12.317460317460318,3.7777777777777777,0.3492063492063492,1.2380952380952381,4.873015873015873,1.6507936507936507,10.857142857142858,4.920634920634921,2.6507936507936507,1.0952380952380953,1.9523809523809523,1.380952380952381,11.716190476190476,0.5256597843169133,28.34126984126984
1715,1999,Jason,Williams,1,0,0,50,12.82,5.98,0.02,1.9,3.06,2.86,12.34,4.62,6.46,2.0,2.1,1.58,13.264,0.48326296743063935,28.340000000000003
1134,1998,Ike,Austin,0,0,1,78,13.525641025641026,2.2435897435897436,0.717948717948718,0.782051282051282,7.141025641025641,2.641025641025641,11.166666666666666,5.205128205128205,0.10256410256410256,0.0,4.653846153846154,3.1153846153846154,13.214358974358973,0.5117781744799752,28.32051282051282
164,1996,Chris,Childs,1,0,0,78,12.846153846153847,7.0256410256410255,0.10256410256410256,1.4230769230769231,3.141025641025641,2.948717948717949,9.974358974358974,4.153846153846154,3.3205128205128207,1.2179487179487178,3.8974358974358974,3.3205128205128207,11.68923076923077,0.5494867070281653,28.30128205128205
209,1994,Dell,Curry,1,1,0,82,16.28048780487805,2.6951219512195124,0.32926829268292684,1.1951219512195121,3.1951219512195124,1.4634146341463414,14.28048780487805,6.5,4.609756097560975,1.853658536585366,1.6341463414634145,1.4268292682926829,14.999512195121952,0.5427005756284757,28.28658536585366
673,2000,Alan,Henderson,0,1,1,82,13.207317073170731,0.9390243902439024,0.6585365853658537,0.9878048780487805,6.963414634146342,1.6951219512195121,11.341463414634147,5.2317073170731705,0.12195121951219512,0.012195121951219513,4.073170731707317,2.731707317073171,13.133658536585367,0.5028041895706432,28.25609756097561
786,1994,Gerald,Wilkins,1,0,0,82,14.268292682926829,3.1097560975609757,0.4634146341463415,1.2804878048780488,3.6951219512195124,1.5975609756097562,11.890243902439025,5.439024390243903,2.5853658536585367,1.024390243902439,3.048780487804878,2.3658536585365852,13.231707317073171,0.5391705069124424,28.25609756097561
2,1992,Byron,Scott,1,0,0,82,14.853658536585366,2.7560975609756095,0.34146341463414637,1.2804878048780488,3.7804878048780486,1.451219512195122,12.25609756097561,5.609756097560975,1.9146341463414633,0.6585365853658537,3.548780487804878,2.975609756097561,13.817560975609755,0.537492056767634,28.24390243902439
197,1995,Scott,Burrell,1,0,0,65,11.538461538461538,2.476923076923077,0.6153846153846154,1.1538461538461537,5.661538461538462,1.3076923076923077,9.123076923076923,4.2615384615384615,3.6153846153846154,1.476923076923077,2.2153846153846155,1.5384615384615385,10.097846153846154,0.5713328051678956,28.2076923076923
63,1997,Michael,Smith,0,1,0,81,6.567901234567901,2.3580246913580245,0.7407407407407407,1.0123456790123457,9.493827160493828,1.6049382716049383,4.62962962962963,2.493827160493827,0.0,0.0,3.185185185185185,1.5802469135802468,6.0311111111111115,0.5445017604192254,28.14814814814815
333,1991,Kevin,Gamble,0,1,0,82,15.621951219512194,3.1219512195121952,0.4146341463414634,1.2195121951219512,3.2560975609756095,1.8048780487804879,11.378048780487806,6.682926829268292,0.08536585365853659,0.0,2.768292682926829,2.2560975609756095,12.596097560975611,0.6201107582681433,28.115853658536587
275,2000,Allan,Houston,1,0,0,82,19.682926829268293,2.731707317073171,0.17073170731707318,0.7926829268292683,3.3048780487804876,2.268292682926829,15.5,7.487804878048781,2.9634146341463414,1.2926829268292683,4.073170731707317,3.4146341463414633,17.29219512195122,0.5691274789133685,28.05487804878049
145,1996,Tracy,Murray,0,1,0,82,16.158536585365855,1.5975609756097562,0.4878048780487805,1.0609756097560976,4.2926829268292686,1.6097560975609757,13.317073170731707,6.048780487804878,4.365853658536586,1.8414634146341464,2.6707317073170733,2.2195121951219514,14.49219512195122,0.5574909959944798,27.969512195121958
1051,1998,Dean,Garrett,0,0,1,82,7.2926829268292686,1.0975609756097562,1.6219512195121952,0.6951219512195121,7.853658536585366,1.024390243902439,6.890243902439025,2.951219512195122,0.0,0.0,2.1463414634146343,1.3902439024390243,7.834634146341464,0.4654131125085611,27.9390243902439
179,1996,Bryant,Stith,1,0,0,82,13.646341463414634,2.9390243902439024,0.1951219512195122,1.3902439024390243,4.878048780487805,1.9146341463414633,11.109756097560975,4.621951219512195,1.8048780487804879,0.5,4.621951219512195,3.902439024390244,13.14341463414634,0.5191322743467934,27.884146341463413
78554,1991,John,Williams,0,1,0,33,12.454545454545455,4.03030303030303,0.18181818181818182,1.1818181818181819,5.363636363636363,2.0606060606060606,11.909090909090908,4.96969696969697,1.2424242424242424,0.30303030303030304,2.9393939393939394,2.212121212121212,13.202424242424241,0.4716764597869997,27.87878787878788
1006,1991,Herb,Williams,0,0,1,60,12.45,1.5833333333333333,1.4666666666666666,0.5,5.95,1.8833333333333333,10.916666666666666,5.533333333333333,0.06666666666666667,0.0,2.1666666666666665,1.3833333333333333,11.87,0.5244313395113732,27.85
78198,1991,Otis,Smith,0,1,0,75,13.92,2.2533333333333334,0.4666666666666667,1.1333333333333333,5.1866666666666665,1.8666666666666667,12.026666666666667,5.426666666666667,0.6133333333333333,0.12,4.013333333333334,2.9466666666666668,13.792533333333335,0.5046208576621166,27.746666666666663
914,1993,Stanley,Roberts,0,0,1,77,11.2987012987013,0.7662337662337663,1.8311688311688312,0.44155844155844154,6.207792207792208,1.5714285714285714,9.233766233766234,4.87012987012987,0.0,0.0,3.1948051948051948,1.5584415584415585,10.63948051948052,0.5309799326204775,27.70779220779221
767,1992,Terry,Catledge,0,1,0,78,14.794871794871796,1.3974358974358974,0.20512820512820512,0.7435897435897436,7.038461538461538,1.7692307692307692,11.820512820512821,5.858974358974359,0.05128205128205128,0.0,4.435897435897436,3.076923076923077,13.772307692307693,0.5371239201668155,27.705128205128204
994,1999,Jamie,Feick,0,1,0,27,6.555555555555555,0.8888888888888888,0.6666666666666666,0.9259259259259259,10.62962962962963,1.2592592592592593,4.925925925925926,2.4814814814814814,0.0,0.0,2.2222222222222223,1.5925925925925926,5.9037037037037035,0.555207026348808,27.685185185185183
236,1994,Kevin,Edwards,1,0,0,82,13.951219512195122,2.8292682926829267,0.4146341463414634,1.4634146341463414,3.426829268292683,1.646341463414634,12.536585365853659,5.7439024390243905,1.2073170731707317,0.4268292682926829,2.6463414634146343,2.0365853658536586,13.700975609756098,0.5091323388044291,27.554878048780488
682,2000,Bob,Sura,1,0,0,73,13.821917808219178,3.8904109589041096,0.2602739726027397,1.2465753424657535,3.9452054794520546,2.0273972602739727,11.164383561643836,4.876712328767123,4.5479452054794525,1.6712328767123288,3.4383561643835616,2.3972602739726026,12.677260273972603,0.5451460926694329,27.54794520547945
384,1995,Calbert,Cheaney,1,1,0,78,16.576923076923077,2.269230769230769,0.2692307692307692,1.0256410256410255,4.115384615384615,1.935897435897436,14.474358974358974,6.564102564102564,3.628205128205128,1.2307692307692308,2.730769230769231,2.217948717948718,15.675897435897436,0.5287392043967547,27.46153846153846
76631,1991,Mark,Eaton,0,0,1,80,5.1125,0.6375,2.35,0.4875,8.3375,1.2375,3.65,2.1125,0.0,0.0,1.4,0.8875,4.266,0.599214721050164,27.450000000000003
117,1992,Jeff,Malone,1,0,0,81,20.234567901234566,2.2222222222222223,0.06172839506172839,0.691358024691358,2.876543209876543,1.728395061728395,16.703703703703702,8.530864197530864,0.14814814814814814,0.012345679012345678,3.5185185185185186,3.1604938271604937,18.25185185185185,0.5543154761904762,27.43827160493827
727,2000,Eric,Snow,1,0,0,82,7.939024390243903,7.621951219512195,0.0975609756097561,1.7073170731707317,3.182926829268293,1.975609756097561,7.280487804878049,3.1341463414634148,0.5487804878048781,0.13414634146341464,2.158536585365854,1.5365853658536586,8.230243902439025,0.48230796586059743,27.414634146341463
699,2000,Brent,Barry,1,0,0,80,11.8125,3.6375,0.3875,1.2875,4.65,1.775,8.8375,4.0875,4.9875,2.05,1.9625,1.5875,9.701,0.6088289867024018,27.393750000000004
324,1997,Anthony,Peeler,1,0,0,72,14.458333333333334,3.5555555555555554,0.2361111111111111,1.4583333333333333,3.4305555555555554,2.1805555555555554,14.041666666666666,5.583333333333333,4.763888888888889,1.7777777777777777,1.8472222222222223,1.5138888888888888,14.854444444444443,0.48666691599970086,27.354166666666664
731,1999,Greg,Ostertag,0,0,1,48,5.6875,0.4791666666666667,2.7291666666666665,0.25,7.25,0.9375,4.333333333333333,2.0625,0.0,0.0,2.5208333333333335,1.5625,5.4425,0.522508038585209,27.322916666666664
1716,2000,Larry,Hughes,1,0,0,82,14.951219512195122,2.5,0.34146341463414637,1.4024390243902438,4.2560975609756095,2.3780487804878048,13.987804878048781,5.597560975609756,1.524390243902439,0.35365853658536583,4.597560975609756,3.402439024390244,16.010731707317074,0.4669124367802084,27.304878048780488
426,1993,Terry,Davis,0,1,1,75,12.733333333333333,0.9066666666666666,0.37333333333333335,0.48,9.346666666666666,2.12,11.506666666666666,5.24,0.10666666666666667,0.02666666666666667,3.7466666666666666,2.2266666666666666,13.155199999999999,0.4839657828589962,27.28666666666666
219,1996,Vinny,Del Negro,1,0,0,82,14.524390243902438,3.841463414634146,0.07317073170731707,1.0365853658536586,3.317073170731707,1.2195121951219512,11.731707317073171,5.829268292682927,1.829268292682927,0.6951219512195121,2.6097560975609757,2.1707317073170733,12.88,0.5638350249962126,27.26219512195122
76583,1991,James,Donaldson,0,0,1,82,9.987804878048781,0.8414634146341463,1.1341463414634145,0.4146341463414634,8.865853658536585,1.7804878048780488,7.5,3.9878048780487805,0.0,0.0,2.792682926829268,2.0121951219512195,8.728780487804878,0.5721191460824858,27.18292682926829
966,2000,Jerome,Williams,0,1,1,82,8.402439024390244,0.8292682926829268,0.25609756097560976,1.1585365853658536,9.621951219512194,1.2804878048780488,5.560975609756097,3.1341463414634148,0.036585365853658534,0.0,3.4634146341463414,2.1341463414634148,7.084878048780487,0.5929840264389976,27.17682926829268
1890,2000,Shawn,Marion,1,1,0,51,10.196078431372548,1.3529411764705883,1.0392156862745099,0.7450980392156863,6.509803921568627,1.0,9.235294117647058,4.352941176470588,0.43137254901960786,0.0784313725490196,1.6666666666666667,1.411764705882353,9.968627450980392,0.5114083398898505,27.127450980392158
1709,2000,Michael,Olowokandi,0,0,1,80,9.7875,0.475,1.75,0.4375,8.2,2.2125,9.45,4.125,0.0,0.0,2.3625,1.5375,10.4895,0.46653796653796653,27.124999999999996
283,2000,Lindsey,Hunter,1,0,0,82,12.71951219512195,3.9878048780487805,0.2682926829268293,1.5731707317073171,3.048780487804878,1.7682926829268293,10.878048780487806,4.621951219512195,4.7439024390243905,2.048780487804878,1.8780487804878048,1.4268292682926829,11.70439024390244,0.5433650079186463,27.103658536585368
77130,1991,Buck,Johnson,0,1,0,73,13.575342465753424,1.9452054794520548,0.6438356164383562,1.1095890410958904,4.52054794520548,1.6712328767123288,11.95890410958904,5.698630136986301,0.2054794520547945,0.0273972602739726,2.958904109589041,2.1506849315068495,13.260821917808219,0.5118590140903269,26.945205479452056
202,1991,Gary,Grant,1,0,0,68,8.676470588235293,8.632352941176471,0.17647058823529413,1.5147058823529411,3.073529411764706,3.088235294117647,8.632352941176471,3.8970588235294117,0.5735294117647058,0.1323529411764706,1.088235294117647,0.75,9.111176470588235,0.47614436051391307,26.823529411764707
1897,2000,Metta,World Peace,0,1,0,72,12.027777777777779,2.736111111111111,0.5416666666666666,1.6527777777777777,4.277777777777778,2.3055555555555554,10.541666666666666,4.291666666666667,2.6527777777777777,0.8333333333333334,3.875,2.611111111111111,12.246666666666666,0.49106332788967527,26.71527777777778
1008,1992,Johnny,Dawkins,1,0,0,82,12.048780487804878,6.914634146341464,0.06097560975609756,1.0853658536585367,2.768292682926829,2.231707317073171,11.0,4.804878048780488,1.2317073170731707,0.43902439024390244,2.268292682926829,2.0,11.998048780487805,0.5021141649048626,26.695121951219516
1517,1998,Bobby,Jackson,1,0,0,68,11.617647058823529,4.661764705882353,0.16176470588235295,1.5441176470588236,4.4411764705882355,2.7058823529411766,11.632352941176471,4.5588235294117645,1.1911764705882353,0.3088235294117647,2.6911764705882355,2.1911764705882355,12.816470588235294,0.4532311364053607,26.68382352941176
716,1992,Rumeal,Robinson,1,0,0,81,13.024691358024691,5.506172839506172,0.2962962962962963,1.2962962962962963,2.7037037037037037,2.54320987654321,11.45679012345679,5.222222222222222,1.2839506172839505,0.41975308641975306,3.3950617283950617,2.1604938271604937,12.950617283950617,0.5028598665395615,26.623456790123452
961,1998,John,Wallace,0,1,0,82,13.987804878048781,1.3414634146341464,1.2317073170731707,0.7560975609756098,4.548780487804878,2.097560975609756,11.939024390243903,5.7073170731707314,0.024390243902439025,0.012195121951219513,3.573170731707317,2.5609756097560976,13.511219512195122,0.517636652465882,26.579268292682926
313,1991,Vern,Fleming,1,0,0,69,12.710144927536232,5.3478260869565215,0.18840579710144928,1.1014492753623188,3.101449275362319,1.9855072463768115,9.72463768115942,5.159420289855072,0.2608695652173913,0.057971014492753624,3.2028985507246377,2.3333333333333335,11.13391304347826,0.5707851713006352,26.572463768115938
26,1998,Luc,Longley,0,0,1,58,11.431034482758621,2.7758620689655173,1.0689655172413792,0.5862068965517241,5.879310344827586,2.2413793103448274,10.5,4.775862068965517,0.0,0.0,2.5517241379310347,1.8793103448275863,11.622758620689655,0.4917522102889693,26.551724137931036
400,1998,Derek,Strong,0,1,0,58,12.724137931034482,0.8793103448275862,0.41379310344827586,0.5344827586206896,7.362068965517241,1.2758620689655173,10.655172413793103,4.482758620689655,0.06896551724137931,0.0,4.810344827586207,3.7586206896551726,12.771724137931034,0.4981370484367406,26.327586206896548
328,1991,Rick,Mahorn,0,1,0,80,8.8875,1.475,0.7,0.9875,7.7625,1.5875,6.9875,3.2625,0.1125,0.0,3.0,2.3625,8.3075,0.5349082154679506,26.318749999999998
107,1993,Dale,Ellis,1,0,0,82,16.658536585365855,1.3048780487804879,0.21951219512195122,0.9512195121951219,3.8048780487804876,1.353658536585366,13.317073170731707,6.646341463414634,3.6219512195121952,1.451219512195122,2.402439024390244,1.9146341463414633,14.374146341463414,0.5794617707944482,26.29878048780488
1749,2000,Cuttino,Mobley,1,0,0,81,15.765432098765432,2.567901234567901,0.3950617283950617,1.0740740740740742,3.5555555555555554,2.2962962962962963,12.54320987654321,5.395061728395062,3.6049382716049383,1.2839506172839505,4.3580246913580245,3.691358024691358,14.460740740740741,0.5451114981388518,26.23456790123457
271,1991,Johnny,Newman,0,1,0,81,16.925925925925927,2.3209876543209877,0.20987654320987653,1.2345679012345678,3.1358024691358026,2.3333333333333335,12.555555555555555,5.901234567901234,1.037037037037037,0.37037037037037035,5.8765432098765435,4.753086419753086,15.141234567901234,0.5589348031701511,26.222222222222225
31,1995,Lorenzo,Williams,0,1,0,82,4.0,1.5121951219512195,1.8048780487804879,0.6341463414634146,8.414634146341463,1.2804878048780488,3.707317073170732,1.7682926829268293,0.0,0.0,1.2317073170731707,0.4634146341463415,4.2492682926829275,0.47066926874067266,26.085365853658534
1847,1992,Thurl,Bailey,0,1,0,84,11.321428571428571,0.9285714285714286,1.3928571428571428,0.4166666666666667,5.773809523809524,1.2857142857142858,9.952380952380953,4.380952380952381,0.023809523809523808,0.0,3.2142857142857144,2.5595238095238093,11.366666666666667,0.49801005446166735,26.04166666666666
404,1991,Kevin,Duckworth,0,0,1,81,15.82716049382716,1.0987654320987654,0.41975308641975306,0.4074074074074074,6.555555555555555,2.2962962962962963,13.382716049382717,6.432098765432099,0.024691358024691357,0.0,3.8395061728395063,2.962962962962963,15.0720987654321,0.5250483273811474,26.024691358024693
770,1991,Mark,West,0,0,1,82,7.670731707317073,0.45121951219512196,1.9634146341463414,0.3902439024390244,6.878048780487805,1.048780487804878,4.658536585365853,3.0121951219512195,0.0,0.0,2.5121951219512195,1.646341463414634,5.76390243902439,0.6654113067027759,25.98170731707317
369,1998,Charlie,Ward,1,0,0,82,7.829268292682927,5.682926829268292,0.45121951219512196,1.7560975609756098,3.341463414634146,2.1341463414634148,6.2926829268292686,2.8658536585365852,2.6219512195121952,0.9878048780487805,1.3780487804878048,1.1097560975609757,6.899024390243903,0.5674185109241321,25.92682926829268
76826,1991,Mike,Gminski,0,0,1,80,10.55,1.1625,0.7,0.5,7.275,1.0625,10.1,4.4625,0.175,0.025,1.975,1.6,10.969,0.4809007202115052,25.88125
1889,2000,Andre,Miller,1,0,0,82,11.146341463414634,5.804878048780488,0.2073170731707317,1.024390243902439,3.4146341463414633,2.024390243902439,9.207317073170731,4.134146341463414,0.5975609756097561,0.12195121951219512,3.5609756097560976,2.7560975609756095,10.774146341463414,0.517272603794087,25.853658536585364
280,1991,Felton,Spencer,0,0,1,81,7.061728395061729,0.30864197530864196,1.4938271604938271,0.5925925925925926,7.91358024691358,0.9506172839506173,4.703703703703703,2.4074074074074074,0.012345679012345678,0.0,3.111111111111111,2.246913580246914,6.072592592592592,0.5814426282833212,25.839506172839506
1509,2000,Kelvin,Cato,0,0,1,65,8.723076923076922,0.4,1.9076923076923078,0.5076923076923077,5.984615384615385,1.0923076923076922,6.184615384615385,3.3230769230769233,0.06153846153846154,0.0,3.2,2.076923076923077,7.592615384615385,0.5744448046685037,25.77692307692308
907,1997,Malik,Sealy,1,1,0,80,13.4875,2.0625,0.5625,1.55,2.975,1.925,11.775,4.6625,2.775,0.9875,3.625,3.175,13.370000000000001,0.5043941660433807,25.64375
77946,1991,Jerry,Reynolds,1,0,0,80,12.925,2.5375,0.7,1.1875,3.7375,2.15,9.9125,4.3,0.425,0.125,5.2375,4.2,12.216999999999999,0.5289760170254564,25.5875
698,1992,Eddie,Johnson,0,1,0,81,17.11111111111111,1.9876543209876543,0.13580246913580246,0.6790123456790124,3.6049382716049383,1.6049382716049383,14.37037037037037,6.592592592592593,1.3209876543209877,0.3333333333333333,4.172839506172839,3.5925925925925926,16.20641975308642,0.5279115119751356,25.549382716049383
435,1997,Carlos,Rogers,0,1,1,55,10.018181818181818,0.6727272727272727,1.2545454545454546,0.7636363636363637,5.527272727272727,0.9636363636363636,7.345454545454546,3.8545454545454545,1.2,0.45454545454545453,3.090909090909091,1.8545454545454545,8.705454545454545,0.5753968253968254,25.463636363636365
902,1995,Bimbo,Coles,1,0,0,68,9.985294117647058,6.117647058823529,0.19117647058823528,1.4558823529411764,2.8088235294117645,2.2941176470588234,8.926470588235293,3.838235294117647,1.1176470588235294,0.23529411764705882,2.5588235294117645,2.073529411764706,10.05235294117647,0.4966645210369244,25.375
677,1997,Eric,Williams,1,1,0,72,14.972222222222221,1.7916666666666667,0.18055555555555555,1.0,4.555555555555555,1.9305555555555556,11.38888888888889,5.194444444444445,0.1111111111111111,0.027777777777777776,6.055555555555555,4.555555555555555,14.053333333333335,0.5326929158760277,25.354166666666664
7,1991,Dan,Schayes,0,0,1,82,10.609756097560975,1.1951219512195121,0.7439024390243902,0.6707317073170732,6.524390243902439,1.2926829268292683,7.280487804878049,3.6341463414634148,0.06097560975609756,0.0,4.0,3.341463414634146,9.04048780487805,0.5867911293368585,25.262195121951223
77335,1991,Jerome,Lane,0,1,0,62,7.467741935483871,1.9838709677419355,0.22580645161290322,0.8225806451612904,9.32258064516129,1.6935483870967742,7.435483870967742,3.2580645161290325,0.06451612903225806,0.016129032258064516,2.274193548387097,0.9354838709677419,8.436129032258064,0.44260477210156013,25.233870967741936
462,1991,J.R.,Reid,0,1,0,80,11.275,1.1125,0.5875,1.0875,6.275,1.9125,9.6625,4.5,0.025,0.0,3.2375,2.275,11.087,0.5084783981239289,25.23125
1000,2000,Shandon,Anderson,1,1,0,82,12.304878048780488,2.9146341463414633,0.3902439024390244,1.170731707317073,4.682926829268292,2.3658536585365852,9.487804878048781,4.487804878048781,2.7439024390243905,0.9634146341463414,3.0853658536585367,2.3658536585365852,10.845365853658537,0.5672873656276706,25.213414634146343
77496,1991,Travis,Mays,1,0,0,64,14.296875,3.953125,0.171875,1.265625,2.78125,2.484375,11.3125,4.59375,3.078125,1.125,5.171875,3.984375,13.588125,0.5260797571408858,25.1796875
78149,1991,Jack,Sikma,0,0,1,77,10.415584415584416,1.8571428571428572,0.8311688311688312,0.8441558441558441,5.7272727272727275,1.6883116883116882,8.974025974025974,3.831168831168831,1.7532467532467533,0.5974025974025974,2.5584415584415585,2.155844155844156,10.09974025974026,0.5156362514144636,25.116883116883116
1739,2000,Ruben,Patterson,0,1,0,81,11.62962962962963,1.5555555555555556,0.49382716049382713,1.1604938271604939,5.3580246913580245,1.7777777777777777,8.160493827160494,4.37037037037037,0.3333333333333333,0.14814814814814814,3.962962962962963,2.740740740740741,9.904197530864197,0.5871061029118468,25.06172839506172
769,1994,B.J.,Armstrong,1,0,0,82,14.78048780487805,3.9390243902439024,0.10975609756097561,0.975609756097561,2.073170731707317,1.5975609756097562,12.28048780487805,5.841463414634147,1.646341463414634,0.7317073170731707,2.768292682926829,2.3658536585365852,13.498536585365855,0.5474848222029488,24.94512195121951
1497,1999,Chauncey,Billups,1,0,0,45,13.866666666666667,3.8444444444444446,0.3111111111111111,1.288888888888889,2.1333333333333333,2.1777777777777776,11.0,4.2444444444444445,5.222222222222222,1.8888888888888888,3.8222222222222224,3.488888888888889,12.681777777777778,0.5467161982196678,24.877777777777776
76046,1991,Ron,Anderson,0,1,0,82,14.609756097560975,1.4024390243902438,0.15853658536585366,0.7926829268292683,4.475609756097561,1.2195121951219512,12.865853658536585,6.2439024390243905,0.524390243902439,0.10975609756097561,2.4146341463414633,2.0121951219512195,13.928292682926829,0.5244632788148356,24.792682926829265
955,1998,Samaki,Walker,0,1,0,41,8.902439024390244,0.5853658536585366,0.975609756097561,0.7317073170731707,7.365853658536586,1.4878048780487805,7.804878048780488,3.8048780487804876,0.024390243902439025,0.0,2.3658536585365852,1.2926829268292683,8.845853658536585,0.5031984118230948,24.682926829268293
1565,1998,Michael,Stewart,0,0,1,81,4.62962962962963,0.7530864197530864,2.4074074074074074,0.35802469135802467,6.617283950617284,1.0493827160493827,3.9876543209876543,1.9135802469135803,0.0,0.0,1.7530864197530864,0.8024691358024691,4.759012345679013,0.4864065580574867,24.64814814814815
412,1995,Sharone,Wright,0,0,1,79,11.443037974683545,0.6075949367088608,1.3164556962025316,0.46835443037974683,5.974683544303797,1.9113924050632911,9.822784810126583,4.569620253164557,0.10126582278481013,0.0,3.569620253164557,2.3037974683544302,11.393417721518988,0.5021775842147365,24.632911392405067
679,2000,Jason,Caffey,0,1,0,71,12.0,1.676056338028169,0.28169014084507044,0.8732394366197183,6.788732394366197,2.3943661971830985,9.507042253521126,4.549295774647887,0.028169014084507043,0.0,4.859154929577465,2.9014084507042255,11.64507042253521,0.5152394775036284,24.528169014084504
970,2000,Othella,Harrington,0,1,1,82,13.121951219512194,1.1829268292682926,0.7073170731707317,0.43902439024390244,6.865853658536586,2.6463414634146343,10.121951219512194,5.121951219512195,0.024390243902439025,0.0,3.6341463414634148,2.8780487804878048,11.720975609756097,0.5597636091226902,24.48780487804878
1838,2000,Tyrone,Nesby,1,1,0,73,13.32876712328767,1.6575342465753424,0.4246575342465753,1.0273972602739727,3.767123287671233,1.3972602739726028,12.534246575342467,4.986301369863014,3.8493150684931505,1.2876712328767124,2.6164383561643834,2.0684931506849313,13.685479452054796,0.48696748878923757,24.479452054794525
78395,1991,Darnell,Valentine,1,0,0,65,9.36923076923077,5.4,0.18461538461538463,1.5076923076923077,2.646153846153846,1.9384615384615385,7.630769230769231,3.5384615384615383,0.38461538461538464,0.09230769230769231,2.646153846153846,2.2,8.795076923076923,0.5326406381192276,24.33076923076923
76385,1991,Maurice,Cheeks,1,0,0,76,7.7894736842105265,5.723684210526316,0.13157894736842105,1.6842105263157894,2.276315789473684,1.4210526315789473,6.355263157894737,3.1710526315789473,0.2631578947368421,0.06578947368421052,1.6973684210526316,1.381578947368421,7.102105263157895,0.5483918778716467,24.210526315789476
76016,1991,Mark,Aguirre,0,1,0,78,14.153846153846153,1.7820512820512822,0.2564102564102564,0.6025641025641025,4.794871794871795,1.641025641025641,11.653846153846153,5.384615384615385,1.0,0.3076923076923077,4.064102564102564,3.076923076923077,13.442051282051281,0.5264764230123608,24.173076923076923
927,1992,John,Salley,0,1,1,72,9.5,1.6111111111111112,1.5277777777777777,0.6805555555555556,4.111111111111111,1.4166666666666667,6.75,3.4583333333333335,0.041666666666666664,0.0,3.611111111111111,2.5833333333333335,8.338888888888889,0.569620253164557,24.083333333333332
76782,1992,Winston,Garland,1,0,0,78,10.846153846153847,5.269230769230769,0.28205128205128205,1.2564102564102564,2.4358974358974357,2.2435897435897436,9.615384615384615,4.269230769230769,0.358974358974359,0.11538461538461539,2.551282051282051,2.1923076923076925,10.737948717948717,0.505038445006925,24.070512820512818
198,1996,Danny,Ferry,0,1,0,82,13.292682926829269,2.3292682926829267,0.45121951219512196,0.6951219512195121,3.768292682926829,1.4878048780487805,11.207317073170731,5.146341463414634,4.426829268292683,1.7439024390243902,1.6341463414634145,1.2560975609756098,11.926341463414634,0.5572825064419813,24.048780487804876
763,1999,Tony,Massenburg,0,1,1,43,11.186046511627907,0.5348837209302325,0.9069767441860465,0.6046511627906976,5.976744186046512,1.4883720930232558,9.023255813953488,4.395348837209302,0.046511627906976744,0.0,3.604651162790698,2.395348837209302,10.609302325581396,0.527181060938185,24.02325581395349
53,1997,Mario,Elie,1,1,0,78,11.653846153846153,3.9743589743589745,0.15384615384615385,1.1794871794871795,3.0128205128205128,1.7307692307692308,7.5,3.730769230769231,3.6666666666666665,1.5384615384615385,2.9615384615384617,2.6538461538461537,8.803076923076922,0.6619189094722125,24.006410256410263
1721,2000,Keon,Clark,0,1,1,81,8.567901234567902,0.8765432098765432,1.4074074074074074,0.5555555555555556,6.234567901234568,1.5432098765432098,6.518518518518518,3.5308641975308643,0.09876543209876543,0.012345679012345678,2.1728395061728394,1.4938271604938271,7.474567901234567,0.5731368921775899,24.0
958,1999,Vitaly,Potapenko,0,1,1,50,9.98,1.5,0.72,0.7,6.64,2.0,8.24,4.08,0.02,0.0,3.1,1.82,9.604000000000001,0.5195751770095793,23.869999999999997
475,1993,Doug,Smith,0,1,0,61,10.39344262295082,1.7049180327868851,0.8524590163934426,0.7868852459016393,5.377049180327869,1.8852459016393444,10.918032786885245,4.737704918032787,0.06557377049180328,0.0,1.2131147540983607,0.9180327868852459,11.451803278688525,0.4537906550618415,23.803278688524593
138,1993,Anthony,Avent,0,0,1,82,9.829268292682928,1.1097560975609757,0.8902439024390244,0.6951219512195121,6.2439024390243905,1.7073170731707317,9.78048780487805,4.2317073170731705,0.024390243902439025,0.0,2.097560975609756,1.3658536585365855,10.703414634146343,0.45916507155227415,23.78658536585366
1125,1992,Larry,Stewart,0,1,0,76,10.447368421052632,1.5789473684210527,0.5789473684210527,0.6710526315789473,5.907894736842105,1.4736842105263157,7.7631578947368425,3.986842105263158,0.039473684210526314,0.0,3.0657894736842106,2.473684210526316,9.112105263157895,0.5732686420608791,23.73026315789474
1506,2000,Austin,Croshere,0,1,0,81,10.308641975308642,1.0987654320987654,0.7407407407407407,0.5432098765432098,6.37037037037037,1.4938271604938271,8.061728395061728,3.5555555555555554,2.1481481481481484,0.7777777777777778,2.8518518518518516,2.419753086419753,9.316543209876542,0.5532439308809499,23.66049382716049
41,1992,Anthony,Bonner,0,1,0,79,9.367088607594937,1.5822784810126582,0.3291139240506329,1.1898734177215189,6.139240506329114,1.6835443037974684,8.329113924050633,3.721518987341772,0.05063291139240506,0.012658227848101266,3.050632911392405,1.9113924050632911,9.67139240506329,0.48426783938013723,23.658227848101266
291,1992,Ed,Pinckney,0,1,0,81,7.567901234567901,0.7654320987654321,0.691358024691358,0.8641975308641975,6.962962962962963,0.9012345679012346,4.666666666666667,2.506172839506173,0.012345679012345678,0.0,3.1481481481481484,2.5555555555555554,6.051851851851852,0.6252549979600163,23.580246913580247
962,1998,Walter,McCarty,0,1,0,82,9.609756097560975,2.158536585365854,0.5365853658536586,1.3414634146341464,4.439024390243903,1.7195121951219512,8.902439024390244,3.597560975609756,2.1341463414634148,0.6585365853658537,2.3658536585365852,1.7560975609756098,9.943414634146341,0.4832221350078493,23.579268292682933
721,1996,Tyus,Edney,1,0,0,80,10.75,6.1375,0.0375,1.1125,2.5125,2.4,9.25,3.8125,1.8,0.6625,3.15,2.4625,10.636,0.5053591575780368,23.525
386,1995,Elliot,Perry,1,0,0,82,9.695121951219512,4.804878048780488,0.04878048780487805,1.9024390243902438,1.8414634146341464,1.9878048780487805,7.170731707317073,3.731707317073171,0.7317073170731707,0.3048780487804878,2.3780487804878048,1.9268292682926829,8.217073170731707,0.5899376669634907,23.49390243902439
1499,1999,Tony,Battie,0,0,1,50,6.7,1.06,1.42,0.58,6.0,0.9,5.66,2.94,0.06,0.0,1.22,0.82,6.1968,0.540601600826233,23.49
1887,2000,Wally,Szczerbiak,1,1,0,73,11.575342465753424,2.7534246575342465,0.3150684931506849,0.7945205479452054,3.7260273972602738,1.1369863013698631,9.164383561643836,4.684931506849315,1.0684931506849316,0.3835616438356164,2.2054794520547945,1.821917808219178,10.134794520547945,0.5710694204152249,23.45890410958904
2349,1993,Victor,Alexander,0,1,0,72,11.23611111111111,1.2916666666666667,0.7361111111111112,0.4722222222222222,5.833333333333333,1.6666666666666667,9.26388888888889,4.777777777777778,0.3055555555555556,0.1388888888888889,2.25,1.5416666666666667,10.25388888888889,0.547895107547272,23.42361111111111
376,1995,Eric,Montross,0,0,1,78,10.012820512820513,0.46153846153846156,0.782051282051282,0.3717948717948718,7.256410256410256,1.435897435897436,7.371794871794871,3.9358974358974357,0.01282051282051282,0.0,3.371794871794872,2.141025641025641,8.855384615384615,0.5653520963632152,23.333333333333336
753,1999,Randy,Brown,1,0,0,39,8.820512820512821,3.8205128205128207,0.20512820512820512,1.7435897435897436,3.3846153846153846,2.051282051282051,8.179487179487179,3.3846153846153846,0.2564102564102564,0.0,2.6923076923076925,2.051282051282051,9.364102564102563,0.470974808324206,23.32051282051282
77167,1991,Vinnie,Johnson,1,0,0,82,11.682926829268293,3.3048780487804876,0.18292682926829268,0.9146341463414634,3.4146341463414633,1.4390243902439024,11.414634146341463,4.951219512195122,0.4146341463414634,0.13414634146341464,2.548780487804878,1.646341463414634,12.536097560975609,0.4659714385773766,23.274390243902438
1505,2000,Tariq,Abdul-Wahad,1,1,0,61,11.426229508196721,1.6065573770491803,0.45901639344262296,0.9672131147540983,4.770491803278689,1.7377049180327868,10.59016393442623,4.491803278688525,0.3770491803278688,0.04918032786885246,3.1639344262295084,2.3934426229508197,11.982295081967212,0.4767963662233897,23.221311475409834
1559,2000,Adrian,Griffin,1,1,0,71,6.830985915492958,2.492957746478873,0.2112676056338028,1.6338028169014085,5.23943661971831,1.3098591549295775,5.816901408450704,2.464788732394366,0.8028169014084507,0.22535211267605634,2.2253521126760565,1.676056338028169,6.796056338028169,0.5025698416645942,23.190140845070424
1855,1992,Mark,Macon,1,0,0,76,10.592105263157896,2.210526315789474,0.18421052631578946,2.026315789473684,2.8947368421052633,2.039473684210526,11.697368421052632,4.381578947368421,0.39473684210526316,0.05263157894736842,2.4342105263157894,1.7763157894736843,12.76842105263158,0.4147774113767519,23.013157894736842
76726,1991,Sleepy,Floyd,1,0,0,82,12.25609756097561,3.8658536585365852,0.2073170731707317,1.1585365853658536,1.9390243902439024,1.7073170731707317,11.451219512195122,4.7073170731707314,2.1463414634146343,0.5853658536585366,3.0,2.2560975609756095,12.771219512195122,0.47983270310530535,23.012195121951216
1839,1993,Randy,White,0,1,0,64,9.65625,0.765625,0.703125,0.984375,5.78125,1.6875,8.4375,3.671875,0.65625,0.15625,2.875,2.15625,9.7025,0.49761659366142746,22.8515625
78,1991,LaSalle,Thompson,0,0,1,82,7.621951219512195,1.7926829268292683,0.7682926829268293,0.7682926829268293,6.865853658536586,2.048780487804878,6.890243902439025,3.3658536585365852,0.06097560975609756,0.012195121951219513,1.2682926829268293,0.8780487804878049,7.44829268292683,0.5116576069159735,22.658536585365855
906,1994,Haywoode,Workman,1,0,0,65,7.707692307692308,6.2153846153846155,0.06153846153846154,1.3076923076923077,3.1384615384615384,2.3230769230769233,7.076923076923077,3.0,0.8615384615384616,0.27692307692307694,1.7846153846153847,1.4307692307692308,7.862153846153846,0.4901768941765811,22.569230769230767
702,1998,Voshon,Lenard,1,0,0,81,12.592592592592593,2.2222222222222223,0.19753086419753085,0.7160493827160493,3.6049382716049383,1.2222222222222223,10.54320987654321,4.481481481481482,4.666666666666667,1.8888888888888888,2.2098765432098766,1.7407407407407407,11.515555555555556,0.5467644410137656,22.54320987654321
76821,1992,Gerald,Glass,0,1,0,75,11.453333333333333,2.3333333333333335,0.4,0.88,3.466666666666667,1.3733333333333333,11.613333333333333,5.1066666666666665,0.72,0.21333333333333335,1.6666666666666667,1.0266666666666666,12.346666666666668,0.4638228941684665,22.526666666666667
128,1995,David,Benoit,0,1,0,71,10.422535211267606,0.8169014084507042,0.6619718309859155,0.6338028169014085,5.183098591549296,1.056338028169014,8.267605633802816,4.014084507042254,1.619718309859155,0.5352112676056338,2.211267605633803,1.8591549295774648,9.240563380281689,0.5639556151688819,22.492957746478876
281,2000,Scott,Williams,0,1,1,68,7.647058823529412,0.4117647058823529,0.9705882352941176,0.5882352941176471,6.588235294117647,0.9558823529411765,6.264705882352941,3.1323529411764706,0.0,0.0,1.8970588235294117,1.3823529411764706,7.0994117647058825,0.5385698898003148,22.47058823529412
600009,1991,Rory,Sparrow,1,0,0,80,10.3875,4.525,0.2,1.0375,2.325,1.575,9.45,4.6375,0.975,0.3875,1.0375,0.725,9.9065,0.5242769898551456,22.462500000000002
771,1994,Elmore,Spencer,0,0,1,76,8.855263157894736,0.9868421052631579,1.6710526315789473,0.39473684210526316,5.4605263157894735,2.210526315789474,7.105263157894737,3.789473684210526,0.02631578947368421,0.0,2.1315789473684212,1.2763157894736843,8.043157894736842,0.5504842298128517,22.36842105263157
243,1996,Aaron,McKie,1,0,0,81,10.666666666666666,2.5308641975308643,0.25925925925925924,1.1358024691358024,3.753086419753086,1.6666666666666667,8.91358024691358,4.160493827160494,1.4444444444444444,0.4691358024691358,2.45679012345679,1.876543209876543,9.994567901234568,0.5336232027274075,22.33950617283951
279,1991,Charles,Jones,0,1,1,62,2.629032258064516,0.7741935483870968,2.0,0.8225806451612904,5.790322580645161,0.7419354838709677,2.0,1.0806451612903225,0.0,0.0,0.8064516129032258,0.46774193548387094,2.3548387096774195,0.5582191780821917,22.282258064516128
54,1999,Dickey,Simpkins,0,1,0,50,9.08,1.3,0.26,0.72,6.78,1.44,6.48,3.0,0.02,0.0,4.8,3.08,8.592,0.5283985102420856,22.24
85,1996,Brent,Price,1,0,0,81,10.0,5.135802469135802,0.04938271604938271,0.9629629629629629,2.814814814814815,1.8888888888888888,6.592592592592593,3.111111111111111,3.7160493827160495,1.7160493827160495,2.3580246913580245,2.0617283950617282,7.630123456790123,0.655297391754579,22.197530864197528
402,1993,Jon,Koncak,0,0,1,78,3.5256410256410255,1.794871794871795,1.2820512820512822,0.9615384615384616,5.4743589743589745,0.6666666666666666,3.423076923076923,1.5897435897435896,0.10256410256410256,0.038461538461538464,0.6410256410256411,0.3076923076923077,3.705128205128205,0.4757785467128028,22.07051282051282
78404,1991,Kiki,Vandeweghe,0,1,0,75,16.346666666666668,1.4666666666666666,0.13333333333333333,0.56,2.4,1.44,12.36,6.1066666666666665,1.88,0.68,3.84,3.453333333333333,14.0496,0.5817484720798695,22.04
1538,1998,Cedric,Henderson,0,1,0,82,10.146341463414634,2.048780487804878,0.5487804878048781,1.170731707317073,3.9634146341463414,2.0121951219512195,8.841463414634147,4.2439024390243905,0.04878048780487805,0.0,2.317073170731707,1.6585365853658536,9.860975609756098,0.5144694533762058,22.018292682926834
416,1995,Willie,Burton,0,1,0,53,15.320754716981131,1.8113207547169812,0.3584905660377358,0.6037735849056604,3.0943396226415096,2.30188679245283,11.433962264150944,4.584905660377358,5.188679245283019,2.0,5.037735849056604,4.150943396226415,13.65056603773585,0.5611765356333278,21.92452830188679
76017,1993,Danny,Ainge,1,0,0,80,11.8375,3.25,0.1,0.8625,2.675,1.4125,9.125,4.2125,4.65,1.875,1.8125,1.5375,9.9225,0.5964978584026204,21.75
1453,1991,Walter,Davis,1,0,0,71,13.014084507042254,1.7605633802816902,0.04225352112676056,1.1267605633802817,2.5492957746478875,1.2394366197183098,12.140845070422536,5.676056338028169,0.5070422535211268,0.15492957746478872,1.647887323943662,1.5070422535211268,12.865915492957747,0.505758199413233,21.67605633802817
76842,1992,Paul,Graham,1,0,0,78,10.14102564102564,2.2435897435897436,0.2692307692307692,1.2307692307692308,2.9615384615384617,1.1666666666666667,8.743589743589743,3.91025641025641,1.8076923076923077,0.7051282051282052,2.1794871794871793,1.6153846153846154,9.702564102564102,0.5225951374207188,21.615384615384617
694,1996,Sam,Mack,1,0,0,31,10.806451612903226,2.5483870967741935,0.2903225806451613,0.7096774193548387,3.161290322580645,0.9032258064516129,9.258064516129032,3.903225806451613,4.354838709677419,1.7419354838709677,1.4838709677419355,1.2580645161290323,9.910967741935483,0.545176409321703,21.56451612903226
67,1992,Tom,Hammonds,0,1,0,37,11.891891891891891,0.972972972972973,0.35135135135135137,0.5945945945945946,5.0,1.5675675675675675,10.81081081081081,5.27027027027027,0.02702702702702703,0.0,2.2162162162162162,1.3513513513513513,11.785945945945945,0.5044945881489635,21.5
766,1992,David,Wingate,1,1,0,81,7.8765432098765435,3.049382716049383,0.25925925925925924,1.5185185185185186,3.3209876543209877,1.5308641975308641,7.061728395061729,3.2839506172839505,0.2222222222222222,0.012345679012345678,1.8024691358024691,1.2962962962962963,7.854814814814815,0.5013831258644537,21.481481481481488
692,1999,Andrew,DeClercq,0,0,1,47,7.8936170212765955,0.6595744680851063,0.6170212765957447,1.0638297872340425,5.425531914893617,1.148936170212766,5.872340425531915,2.9361702127659575,0.0,0.0,3.0,2.021276595744681,7.192340425531915,0.5487516270263874,21.4468085106383
1501,2000,Tim,Thomas,0,1,0,80,11.8125,1.4125,0.3875,0.7375,4.15,1.6125,9.4125,4.3375,2.275,0.7875,3.0375,2.35,10.748999999999999,0.5494697181133129,21.43125
964,1997,Roy,Rogers,0,1,0,82,6.621951219512195,0.5609756097560976,1.9878048780487805,0.25609756097560976,4.7073170731707314,1.048780487804878,5.890243902439025,2.975609756097561,0.012195121951219513,0.012195121951219513,1.146341463414634,0.6585365853658537,6.394634146341463,0.5177740483637197,21.402439024390244
1502,2000,Adonal,Foyle,0,0,1,76,5.526315789473684,0.5526315789473685,1.7894736842105263,0.34210526315789475,5.578947368421052,0.9342105263157895,5.0,2.539473684210526,0.0,0.0,1.1842105263157894,0.4473684210526316,5.521052631578947,0.5004766444232602,21.381578947368425
1751,2000,Jahidi,White,0,1,1,79,7.2025316455696204,0.189873417721519,1.0506329113924051,0.3924050632911392,7.0,1.1898734177215189,5.69620253164557,2.8860759493670884,0.0,0.0,2.670886075949367,1.4303797468354431,6.8713924050632915,0.5240954977525606,21.379746835443044
289,1992,Ledell,Eackles,1,0,0,65,13.169230769230769,1.9230769230769231,0.1076923076923077,0.7230769230769231,2.7384615384615385,1.1538461538461537,11.676923076923076,5.461538461538462,0.5384615384615384,0.1076923076923077,2.876923076923077,2.1384615384615384,12.94276923076923,0.5087485736021301,21.176923076923075
1903,2000,Kenny,Thomas,0,1,1,71,8.366197183098592,1.591549295774648,0.30985915492957744,0.7605633802816901,6.154929577464789,1.5774647887323943,7.47887323943662,2.9859154929577465,1.7183098591549295,0.4507042253521127,2.943661971830986,1.943661971830986,8.774084507042254,0.47675613201489664,21.112676056338028
234,1995,Khalid,Reeves,1,0,0,67,9.238805970149254,4.298507462686567,0.14925373134328357,1.1492537313432836,2.7761194029850746,1.9701492537313432,6.940298507462686,3.074626865671642,2.5522388059701493,1.0,2.925373134328358,2.08955223880597,8.227462686567165,0.561461432406937,21.1044776119403
685,1998,Cherokee,Parks,0,1,1,78,7.153846153846154,0.6794871794871795,1.1025641025641026,0.44871794871794873,5.602564102564102,0.8461538461538461,5.756410256410256,2.871794871794872,0.01282051282051282,0.0,2.1666666666666665,1.4102564102564104,6.7097435897435895,0.5330938550901865,21.08974358974359
697,2000,Fred,Hoiberg,1,0,0,31,9.0,2.7419354838709675,0.06451612903225806,1.2903225806451613,3.5483870967741935,1.3870967741935485,7.419354838709677,2.870967741935484,3.032258064516129,1.032258064516129,2.4516129032258065,2.225806451612903,8.498064516129032,0.5295323413300942,21.08064516129032
703,2000,Kurt,Thomas,0,1,0,80,8.0125,1.025,0.525,0.6375,6.3125,1.3125,6.6875,3.375,0.0375,0.0125,1.6,1.25,7.3915,0.5420077115605763,21.043750000000003
969,1998,Travis,Knight,0,0,1,74,6.513513513513513,1.4054054054054055,1.1081081081081081,0.7297297297297297,4.9324324324324325,1.1756756756756757,5.918918918918919,2.608108108108108,0.7432432432432432,0.20270270270270271,1.3918918918918919,1.0945945945945945,6.5313513513513515,0.4986344450881403,21.02027027027027
78421,1992,Alexander,Volkov,0,0,1,77,8.597402597402597,3.2467532467532467,0.38961038961038963,0.8571428571428571,3.4415584415584415,1.3246753246753247,7.3896103896103895,3.25974025974026,1.4285714285714286,0.45454545454545453,2.5714285714285716,1.6233766233766234,8.521038961038961,0.5044808876425044,20.967532467532465
78195,1991,Larry,Smith,0,1,0,81,3.308641975308642,1.0864197530864197,0.2716049382716049,1.0246913580246915,8.753086419753087,1.1481481481481481,3.246913580246914,1.5802469135802468,0.0,0.0,0.6172839506172839,0.14814814814814814,3.5185185185185186,0.47017543859649125,20.95679012345679
76874,1991,Rickey,Green,1,0,0,79,10.037974683544304,5.227848101265823,0.0759493670886076,0.7215189873417721,1.7341772151898733,1.3670886075949367,9.139240506329115,4.227848101265823,0.45569620253164556,0.10126582278481013,1.7848101265822784,1.481012658227848,9.924556962025317,0.5057139941839702,20.936708860759495
1899,2000,James,Posey,0,1,0,81,8.17283950617284,1.8024691358024691,0.4074074074074074,1.2098765432098766,3.9135802469135803,1.1728395061728396,6.617283950617284,2.8395061728395063,2.7160493827160495,1.0123456790123457,1.8518518518518519,1.4814814814814814,7.432098765432099,0.5498338870431894,20.87037037037037
696,1997,Travis,Best,1,0,0,76,9.921052631578947,4.184210526315789,0.06578947368421052,1.2894736842105263,2.1842105263157894,2.013157894736842,8.157894736842104,3.6052631578947367,2.039473684210526,0.75,2.5921052631578947,1.9605263157894737,9.298421052631578,0.5334805003679176,20.86842105263158
1425,2000,Aaron,Williams,0,1,1,81,7.604938271604938,0.7160493827160493,1.1358024691358024,0.5061728395061729,5.049382716049383,0.9876543209876543,5.555555555555555,2.9012345679012346,0.037037037037037035,0.0,2.4814814814814814,1.8024691358024691,6.647407407407407,0.5720228809152367,20.845679012345677
77019,1991,Rod,Higgins,0,1,0,82,9.463414634146341,1.3780487804878048,0.45121951219512196,0.6341463414634146,4.317073170731708,0.7926829268292683,6.817073170731708,3.158536585365854,2.682926829268293,0.8902439024390244,2.7560975609756095,2.2560975609756095,8.029756097560975,0.5892716116882328,20.76219512195122
76362,1991,Bill,Cartwright,0,0,1,79,9.620253164556962,1.5949367088607596,0.189873417721519,0.4050632911392405,6.151898734177215,1.4303797468354431,8.215189873417721,4.025316455696203,0.0,0.0,2.2531645569620253,1.5696202531645569,9.206582278481012,0.5224660397074191,20.759493670886076
707,1997,Mark,Davis,1,1,0,75,8.52,1.8,0.41333333333333333,1.1333333333333333,4.306666666666667,1.5733333333333333,7.133333333333334,3.3466666666666667,1.24,0.32,2.24,1.5066666666666666,8.118933333333334,0.5246994679103987,20.72
460,1996,Trevor,Ruffin,1,0,0,61,12.754098360655737,4.409836065573771,0.03278688524590164,0.7049180327868853,2.1639344262295084,2.442622950819672,10.62295081967213,4.311475409836065,4.655737704918033,1.7049180327868851,2.9836065573770494,2.4262295081967213,11.935737704918033,0.534281947038787,20.68032786885246
32,1995,Clifford,Rozier,0,0,1,66,6.787878787878788,0.6818181818181818,0.5909090909090909,0.5303030303030303,7.363636363636363,1.3484848484848484,5.909090909090909,2.8636363636363638,0.10606060606060606,0.030303030303030304,2.303030303030303,1.0303030303030303,6.922424242424243,0.49028191209945715,20.643939393939394
273,1992,Duane,Ferrell,0,1,0,66,12.712121212121213,1.393939393939394,0.25757575757575757,0.7424242424242424,3.1818181818181817,1.5,9.575757575757576,5.015151515151516,0.5,0.16666666666666666,3.303030303030303,2.515151515151515,11.02909090909091,0.576299593361908,20.575757575757574
175,1991,Alton,Lister,0,1,1,77,6.376623376623376,1.2077922077922079,1.1688311688311688,0.2597402597402597,6.2727272727272725,1.3766233766233766,5.103896103896104,2.4415584415584415,0.012987012987012988,0.0,2.6233766233766236,1.4935064935064934,6.258181818181818,0.5094629368307463,20.558441558441555
174,1991,John,Battle,1,0,0,79,13.645569620253164,2.7468354430379747,0.0759493670886076,0.569620253164557,2.0126582278481013,1.4303797468354431,10.91139240506329,5.025316455696203,0.620253164556962,0.17721518987341772,4.0,3.4177215189873418,12.67139240506329,0.5384400223767283,20.506329113924053
78417,1992,Sam,Vincent,1,0,0,39,10.538461538461538,3.7948717948717947,0.10256410256410256,0.8974358974358975,2.58974358974359,1.8461538461538463,8.948717948717949,3.8461538461538463,0.3333333333333333,0.02564102564102564,3.3333333333333335,2.8205128205128207,10.415384615384616,0.5059084194977843,20.42307692307692
978,2000,Peja,Stojakovic,0,1,0,74,11.85135135135135,1.4324324324324325,0.0945945945945946,0.7027027027027027,3.72972972972973,1.1891891891891893,9.675675675675675,4.337837837837838,3.608108108108108,1.3513513513513513,2.0675675675675675,1.8243243243243243,10.585405405405405,0.5597967624980851,20.405405405405403
38,1993,Brad,Lohaus,0,1,1,80,9.05,1.5875,0.925,0.5875,3.45,1.1625,7.675,3.5375,2.875,1.0625,1.2625,0.9125,8.2305,0.5497843387400524,20.331250000000004
143,1996,Terry,Dehere,1,0,0,82,12.390243902439025,4.2682926829268295,0.1951219512195122,0.6585365853658537,1.7439024390243902,2.3292682926829267,8.365853658536585,3.841463414634146,3.8536585365853657,1.6951219512195121,3.9878048780487805,3.0121951219512195,10.120487804878048,0.61213669446185,20.164634146341463
359,1996,Chucky,Brown,0,1,0,82,8.597560975609756,1.0853658536585367,0.4634146341463415,0.573170731707317,5.378048780487805,1.146341463414634,6.7682926829268295,3.658536585365854,0.0975609756097561,0.012195121951219513,1.829268292682927,1.2682926829268293,7.573170731707317,0.5676328502415459,20.146341463414636
77054,1992,Dennis,Hopson,0,1,0,71,10.464788732394366,1.4366197183098592,0.5492957746478874,0.9436619718309859,2.9014084507042255,1.408450704225352,8.352112676056338,3.887323943661972,0.6619718309859155,0.16901408450704225,3.563380281690141,2.5211267605633805,9.92,0.5274591094956838,20.12676056338028
959,1999,Steve,Nash,1,0,0,40,7.875,5.475,0.05,0.925,2.85,2.075,7.85,2.85,3.275,1.225,1.15,0.95,8.356,0.4712182862613691,20.112499999999997
1730,2000,Brian,Skinner,0,1,1,33,5.424242424242424,0.3333333333333333,1.3333333333333333,0.48484848484848486,6.090909090909091,1.121212121212121,4.0606060606060606,2.0606060606060606,0.0,0.0,1.9696969696969697,1.303030303030303,4.927272727272728,0.5504305043050429,20.09090909090909
77372,1991,Jim,Les,1,0,0,55,7.181818181818182,5.4363636363636365,0.07272727272727272,1.0363636363636364,2.018181818181818,1.3636363636363635,4.872727272727273,2.1636363636363636,2.8,1.290909090909091,1.8727272727272728,1.5636363636363637,5.696727272727273,0.6303459721690284,20.07272727272727
76433,1991,Anthony,Cook,0,1,0,58,5.293103448275862,0.4482758620689655,1.2413793103448276,0.603448275862069,5.620689655172414,0.8620689655172413,4.879310344827586,2.0344827586206895,0.05172413793103448,0.0,2.2241379310344827,1.2241379310344827,5.857931034482759,0.4517894984695079,20.051724137931032
239,1998,Darrick,Martin,1,0,0,82,10.25609756097561,4.036585365853658,0.12195121951219512,1.0,2.0,1.8780487804878048,8.902439024390244,3.3536585365853657,3.573170731707317,1.3048780487804879,2.6463414634146343,2.2439024390243905,10.066829268292683,0.5094005911711974,20.042682926829272
78227,1993,Andre,Spencer,0,1,0,20,9.35,1.2,0.5,0.85,4.05,1.3,8.15,3.65,0.1,0.0,2.7,2.05,9.338000000000001,0.5006425358749196,20.024999999999995
76247,1992,Randy,Breuer,0,0,1,67,5.417910447761194,1.328358208955224,1.4776119402985075,0.40298507462686567,4.1940298507462686,0.6119402985074627,5.134328358208955,2.4029850746268657,0.014925373134328358,0.0,1.1492537313432836,0.6119402985074627,5.64,0.4803112099079073,20.0
76195,1991,Manute,Bol,0,0,1,82,1.8902439024390243,0.24390243902439024,3.0121951219512195,0.1951219512195122,4.2682926829268295,0.7682926829268293,2.0,0.7926829268292683,0.17073170731707318,0.012195121951219513,0.5,0.2926829268292683,2.22,0.4257306086574379,19.951219512195124
341,1991,Joe,Wolf,0,1,0,74,7.283783783783784,1.445945945945946,0.4189189189189189,0.8108108108108109,5.405405405405405,1.2837837837837838,7.013513513513513,3.1621621621621623,0.20270270270270271,0.02702702702702703,1.1216216216216217,0.9324324324324325,7.507027027027027,0.4851310483870968,19.912162162162165
15,1998,Eric,Piatkowski,1,1,0,67,11.343283582089553,1.2686567164179106,0.1791044776119403,0.7611940298507462,3.5223880597014925,1.1940298507462686,8.477611940298507,3.8358208955223883,3.8656716417910446,1.5820895522388059,2.537313432835821,2.08955223880597,9.594029850746269,0.5911636589919104,19.902985074626866
95,1999,Mark,Bryant,0,1,0,45,9.044444444444444,1.0666666666666667,0.35555555555555557,0.7555555555555555,5.155555555555556,1.511111111111111,7.733333333333333,3.7333333333333334,0.022222222222222223,0.0,2.4444444444444446,1.5777777777777777,8.80888888888889,0.5133703329969728,19.8
1474,1992,Larry,Krystkowiak,0,1,0,79,9.025316455696203,1.4430379746835442,0.1518987341772152,0.6835443037974683,5.430379746835443,1.4556962025316456,8.354430379746836,3.7088607594936707,0.06329113924050633,0.0,2.1392405063291138,1.6075949367088607,9.295696202531646,0.4854567242224522,19.765822784810126
55,1995,Marty,Conlon,0,0,1,82,9.939024390243903,1.3414634146341464,0.21951219512195122,0.5121951219512195,5.195121951219512,1.5,7.890243902439025,4.195121951219512,0.35365853658536583,0.0975609756097561,2.3658536585365852,1.451219512195122,8.931219512195122,0.5564203397236331,19.670731707317078
228,1998,Adam,Keefe,0,1,0,80,7.75,1.1125,0.3,0.65,5.475,0.8875,5.3,2.8625,0.0,0.0,2.5,2.025,6.4,0.60546875,19.65625
76082,1992,John,Bagley,1,0,0,73,7.178082191780822,6.575342465753424,0.0547945205479452,0.7808219178082192,2.2054794520547945,2.0273972602739727,6.931506849315069,3.0547945205479454,0.5753424657534246,0.136986301369863,1.3013698630136987,0.9315068493150684,7.5041095890410965,0.4782767433369843,19.636986301369866
122,1991,Fred,Roberts,0,1,0,82,10.829268292682928,1.646341463414634,0.35365853658536583,0.7682926829268293,3.426829268292683,1.646341463414634,8.170731707317072,4.353658536585366,0.3048780487804878,0.04878048780487805,2.548780487804878,2.073170731707317,9.292195121951218,0.5827077536878578,19.634146341463417
229,1991,James,Edwards,0,0,1,72,13.63888888888889,0.9027777777777778,0.4166666666666667,0.16666666666666666,3.8472222222222223,1.75,11.0,5.319444444444445,0.027777777777777776,0.013888888888888888,4.097222222222222,2.986111111111111,12.802777777777777,0.5326535040138859,19.597222222222225
351,1994,Stacey,King,0,1,1,49,7.857142857142857,1.183673469387755,0.8571428571428571,0.6326530612244898,4.918367346938775,1.6938775510204083,6.959183673469388,2.979591836734694,0.04081632653061224,0.0,2.7755102040816326,1.8979591836734695,8.180408163265307,0.48024149286498347,19.581632653061224
1593,1992,Charles,Shackleford,0,0,1,72,6.569444444444445,0.6388888888888888,0.7083333333333334,0.5277777777777778,5.763888888888889,0.8611111111111112,5.861111111111111,2.8472222222222223,0.013888888888888888,0.0,1.3194444444444444,0.875,6.441666666666666,0.5099180681328159,19.395833333333332
1802,2000,Brad,Miller,0,1,1,55,7.6909090909090905,0.8181818181818182,0.6363636363636364,0.41818181818181815,5.327272727272727,0.8727272727272727,5.327272727272727,2.4545454545454546,0.03636363636363636,0.0,3.5454545454545454,2.7818181818181817,6.887272727272727,0.5583421330517424,19.38181818181818
924,1998,Anthony,Goldwire,1,0,0,82,9.158536585365853,3.3780487804878048,0.08536585365853659,1.048780487804878,1.7926829268292683,1.0365853658536586,7.7439024390243905,3.2804878048780486,2.0,0.7682926829268293,2.268292682926829,1.829268292682927,8.741951219512195,0.5238267953797221,19.378048780487802
61,1997,Carl,Herrera,0,1,0,75,7.96,0.6666666666666666,0.7066666666666667,0.8266666666666667,4.533333333333333,1.2666666666666666,7.906666666666666,3.4266666666666667,0.08,0.02666666666666667,1.5733333333333333,1.08,8.598933333333333,0.46284810519134156,19.36
1123,1991,Greg,Kite,0,0,1,82,4.817073170731708,0.7195121951219512,0.9878048780487805,0.3048780487804878,7.170731707317073,1.2439024390243902,4.121951219512195,2.024390243902439,0.0,0.0,1.5,0.7682926829268293,4.781951219512195,0.5036723452004488,19.335365853658534
77386,1992,Marcus,Liberty,0,1,0,75,9.306666666666667,0.7733333333333333,0.38666666666666666,0.88,4.1066666666666665,1.2,8.28,3.6666666666666665,0.6666666666666666,0.22666666666666666,2.4,1.7466666666666666,9.335999999999999,0.4984290202799201,19.293333333333333
390,1997,Sasha,Danilovic,1,0,0,56,12.535714285714286,1.8214285714285714,0.16071428571428573,0.9642857142857143,2.4285714285714284,2.0714285714285716,10.178571428571429,4.428571428571429,4.214285714285714,1.5178571428571428,2.6964285714285716,2.1607142857142856,11.365,0.5515052479416755,19.267857142857146
42,1997,Monty,Williams,0,1,0,64,9.1875,1.421875,0.8125,0.859375,3.21875,1.8125,7.1875,3.65625,0.015625,0.0,2.90625,1.875,8.46625,0.542595600177174,19.2109375
140,1995,Donald,Royal,0,1,0,70,9.071428571428571,2.8285714285714287,0.22857142857142856,0.6428571428571429,3.9857142857142858,1.7857142857142858,6.2,2.942857142857143,0.05714285714285714,0.0,4.271428571428571,3.1857142857142855,8.079428571428572,0.5613904802319823,19.20714285714286
1032,2000,Darvin,Ham,1,1,0,35,5.057142857142857,1.2,0.8285714285714286,0.8285714285714286,4.914285714285715,0.8285714285714286,3.657142857142857,2.0285714285714285,0.02857142857142857,0.0,2.2285714285714286,1.0,4.637714285714286,0.5452193198620009,19.199999999999996
1479,1992,Mike,Brown,0,1,1,82,7.7073170731707314,0.9878048780487805,0.4146341463414634,0.5121951219512195,5.804878048780488,1.2804878048780488,5.951219512195122,2.6951219512195124,0.012195121951219513,0.0,3.475609756097561,2.317073170731707,7.480487804878049,0.5151613955004891,19.04268292682927
355,1994,Vincent,Askew,1,0,0,80,9.0875,2.425,0.2375,0.9125,2.3,0.875,7.0875,3.4125,0.3875,0.075,2.6375,2.1875,8.248000000000001,0.5508911251212415,19.025
24,1995,Keith,Jennings,1,0,0,80,7.3625,4.6625,0.025,1.1875,1.85,1.5,5.3125,2.375,2.55,0.9375,1.9125,1.675,6.154,0.5981881702957426,18.98125
1513,2000,Scot,Pollard,0,1,1,76,5.421052631578948,0.5657894736842105,0.7763157894736842,0.7236842105263158,5.315789473684211,0.6578947368421053,3.723684210526316,1.9605263157894737,0.0,0.0,2.0921052631578947,1.5,4.644210526315789,0.5836355394378967,18.92763157894737
1074,1997,Matt,Maloney,1,0,0,82,9.353658536585366,3.6951219512195124,0.012195121951219513,1.0,1.951219512195122,1.4878048780487805,7.5,3.3048780487804876,4.646341463414634,1.8780487804878048,1.1341463414634145,0.8658536585365854,7.999024390243902,0.5846749603610196,18.896341463414632
77879,1991,Paul,Pressey,1,0,0,70,7.542857142857143,3.8714285714285714,0.45714285714285713,0.9,2.5142857142857142,1.8571428571428572,6.085714285714285,2.8714285714285714,0.8142857142857143,0.22857142857142856,1.9,1.5714285714285714,6.921714285714286,0.5448691488483447,18.835714285714285
78347,1991,Tom,Tolbert,0,1,0,62,8.064516129032258,1.2258064516129032,0.6129032258064516,0.5645161290322581,4.435483870967742,1.2903225806451613,6.983870967741935,2.9516129032258065,0.3387096774193548,0.11290322580645161,2.774193548387097,2.0483870967741935,8.204516129032257,0.49146811354879305,18.685483870967744
1732,1999,Felipe,Lopez,1,1,0,46,9.456521739130435,1.3478260869565217,0.2826086956521739,1.065217391304348,3.5869565217391304,1.7826086956521738,8.23913043478261,3.6739130434782608,0.9565217391304348,0.2608695652173913,2.847826086956522,1.8478260869565217,9.492173913043478,0.4981220227189447,18.684782608695652
1891,2000,Jason,Terry,1,0,0,81,8.11111111111111,4.271604938271605,0.12345679012345678,1.1111111111111112,2.049382716049383,1.9259259259259258,7.407407407407407,3.074074074074074,1.9382716049382716,0.5679012345679012,1.728395061728395,1.3950617283950617,8.167901234567902,0.49652357920193463,18.679012345679013
724,1998,Cory,Alexander,1,0,0,60,8.133333333333333,3.4833333333333334,0.18333333333333332,1.1666666666666667,2.433333333333333,1.8666666666666667,6.666666666666667,2.85,2.933333333333333,1.1,1.7,1.3333333333333333,7.414666666666667,0.5484625067433914,18.675
29,1997,Jim,McIlvaine,0,0,1,82,3.8292682926829267,0.2804878048780488,2.0,0.47560975609756095,4.012195121951219,0.7560975609756098,3.3536585365853657,1.5853658536585367,0.08536585365853659,0.012195121951219513,1.3048780487804879,0.6463414634146342,3.9278048780487804,0.48745653253849974,18.658536585365855
1677,1994,Harold,Ellis,1,1,0,49,8.653061224489797,0.6326530612244898,0.04081632653061224,1.489795918367347,3.122448979591837,0.8775510204081632,5.959183673469388,3.2448979591836733,0.08163265306122448,0.0,3.0408163265306123,2.163265306122449,7.297142857142857,0.5929074840586196,18.653061224489797
173,1996,Keith,Askins,1,1,0,75,6.1066666666666665,1.6133333333333333,0.8133333333333334,0.64,4.32,1.0933333333333333,5.213333333333333,2.0933333333333333,3.16,1.32,0.76,0.6,5.547733333333333,0.5503749278984811,18.633333333333333
1444,1999,Lawrence,Funderburke,0,1,0,47,8.936170212765957,0.6382978723404256,0.48936170212765956,0.46808510638297873,4.723404255319149,1.1063829787234043,6.361702127659575,3.5531914893617023,0.10638297872340426,0.02127659574468085,2.5531914893617023,1.8085106382978724,7.485106382978723,0.5969300739056281,18.595744680851066
78059,1993,Mike,Sanders,0,1,0,53,8.566037735849056,1.4150943396226414,0.5660377358490566,0.7358490566037735,3.207547169811321,1.0754716981132075,7.471698113207547,3.7169811320754715,0.07547169811320754,0.018867924528301886,1.471698113207547,1.1132075471698113,8.119245283018868,0.527514407882506,18.556603773584904
1740,2000,Rashard,Lewis,0,1,0,82,8.21951219512195,0.8536585365853658,0.43902439024390244,0.7560975609756098,4.097560975609756,0.9512195121951219,6.902439024390244,3.3536585365853657,1.4634146341463414,0.4878048780487805,1.5,1.024390243902439,7.562439024390244,0.5434432045410565,18.52439024390244
1630,2000,Mikki,Moore,0,1,1,29,7.862068965517241,0.5862068965517241,1.0689655172413792,0.3103448275862069,3.8620689655172415,0.7931034482758621,4.827586206896552,3.0,0.0,0.0,2.3448275862068964,1.8620689655172413,5.859310344827586,0.67090395480226,18.46551724137931
960,1998,Tony,Delk,1,0,0,77,10.142857142857142,2.2337662337662336,0.15584415584415584,0.948051948051948,2.2337662337662336,1.4155844155844155,10.363636363636363,4.077922077922078,2.038961038961039,0.5454545454545454,1.9610389610389611,1.4415584415584415,11.226493506493506,0.45173754106704916,18.428571428571423
1106,1992,Donald,Hodge,0,1,0,51,8.352941176470589,0.7647058823529411,0.45098039215686275,0.49019607843137253,5.392156862745098,1.4705882352941178,6.431372549019608,3.196078431372549,0.0,0.0,2.9411764705882355,1.9607843137254901,7.7254901960784315,0.5406091370558376,18.41176470588236
458,2000,Howard,Eisley,1,0,0,82,8.646341463414634,4.2317073170731705,0.10975609756097561,0.7195121951219512,2.073170731707317,1.6097560975609757,8.231707317073171,3.4390243902439024,1.9878048780487805,0.7317073170731707,1.2560975609756098,1.0365853658536586,8.78439024390244,0.4921423811639271,18.20121951219512
77098,1993,Mike,Iuzzolino,1,0,0,70,8.714285714285714,4.685714285714286,0.08571428571428572,0.7,2.0,1.8428571428571427,6.828571428571428,3.157142857142857,2.057142857142857,0.7714285714285715,2.1285714285714286,1.6285714285714286,7.765142857142857,0.5611156082125248,18.199999999999996
65,1997,Greg,Minor,1,0,0,23,9.565217391304348,1.4782608695652173,0.08695652173913043,0.6521739130434783,3.4782608695652173,0.9565217391304348,8.521739130434783,4.086956521739131,0.34782608695652173,0.043478260869565216,1.565217391304348,1.3478260869565217,9.210434782608695,0.5192598187311178,18.043478260869566
468,2000,Jon,Barry,1,0,0,62,7.983870967741935,2.4193548387096775,0.11290322580645161,1.2096774193548387,2.564516129032258,1.3709677419354838,5.580645161290323,2.596774193548387,2.4838709677419355,1.064516129032258,1.8709677419354838,1.7258064516129032,6.403870967741936,0.6233628853516018,18.008064516129032
308,1996,Derrick,Alston,0,0,1,73,6.191780821917808,0.8356164383561644,0.7123287671232876,0.7671232876712328,4.136986301369863,0.8082191780821918,5.301369863013699,2.712328767123288,0.0410958904109589,0.0136986301369863,1.5342465753424657,0.7534246575342466,5.976438356164384,0.5180159530576693,17.95205479452055
446,1995,Lucious,Harris,1,0,0,79,9.50632911392405,1.6708860759493671,0.17721518987341772,0.7341772151898734,2.7848101265822787,0.9746835443037974,7.7215189873417724,3.5443037974683542,1.7974683544303798,0.6962025316455697,2.151898734177215,1.7215189873417722,8.668354430379747,0.5483352803738317,17.88607594936709
1853,2000,Anthony,Carter,1,0,0,79,6.30379746835443,4.784810126582278,0.06329113924050633,1.1772151898734178,2.518987341772152,2.189873417721519,6.443037974683544,2.5443037974683542,0.2911392405063291,0.0379746835443038,1.5696202531645569,1.1772151898734178,7.133670886075949,0.44183405493647526,17.84177215189873
432,1994,Pete,Chilcutt,0,1,0,76,5.921052631578948,1.131578947368421,0.5131578947368421,0.6973684210526315,4.881578947368421,0.9736842105263158,5.894736842105263,2.6710526315789473,0.19736842105263158,0.039473684210526314,0.8552631578947368,0.5394736842105263,6.271052631578947,0.4720939991607218,17.835526315789476
1725,2000,Rasho,Nesterovic,0,0,1,82,5.7439024390243905,1.1341463414634145,1.0365853658536586,0.25609756097560976,4.621951219512195,0.8658536585365854,5.280487804878049,2.5121951219512195,0.024390243902439025,0.0,1.2560975609756098,0.7195121951219512,5.833170731707317,0.4923482187656799,17.817073170731707
380,1994,Tony,Smith,1,0,0,73,8.835616438356164,2.0273972602739727,0.1917808219178082,0.8082191780821918,2.671232876712329,1.0410958904109588,8.452054794520548,3.7260273972602738,0.684931506849315,0.2191780821917808,1.63013698630137,1.1643835616438356,9.16931506849315,0.4818035138042309,17.801369863013697
82,1991,Bill,Wennington,0,0,1,77,5.675324675324675,0.8961038961038961,0.7662337662337663,0.5974025974025974,4.415584415584416,0.6623376623376623,5.3896103896103895,2.3506493506493507,0.06493506493506493,0.012987012987012988,1.2207792207792207,0.961038961038961,5.926753246753247,0.4787886756069769,17.772727272727273
1477,1998,Bruce,Bowen,0,1,0,61,5.573770491803279,1.3278688524590163,0.47540983606557374,1.4262295081967213,2.8524590163934427,0.8524590163934426,4.885245901639344,2.0,0.9672131147540983,0.32786885245901637,2.0,1.2459016393442623,5.765245901639344,0.48339399454049137,17.745901639344265
1533,1998,Anthony,Johnson,1,0,0,77,7.454545454545454,4.2727272727272725,0.07792207792207792,0.8311688311688312,2.220779220779221,1.5584415584415585,7.909090909090909,2.935064935064935,1.6623376623376624,0.5454545454545454,1.4285714285714286,1.0389610389610389,8.537662337662338,0.4365682993611195,17.71428571428571
12,1996,Chris,King,0,1,0,80,7.925,1.3,0.4125,0.85,3.5625,1.2875,7.3125,3.125,1.4125,0.55,1.7,1.125,8.0605,0.49159481421748036,17.693749999999998
81,1992,Jeff,Grayer,1,0,0,82,9.012195121951219,1.829268292682927,0.15853658536585366,0.7804878048780488,3.1341463414634148,1.2804878048780488,8.402439024390244,3.768292682926829,0.8048780487804879,0.23170731707317074,1.8658536585365855,1.2439024390243902,9.22341463414634,0.4885498201819336,17.65243902439024
93,1994,Hubert,Davis,1,0,0,56,10.964285714285714,2.9464285714285716,0.07142857142857142,0.7142857142857143,1.1964285714285714,1.3571428571428572,9.017857142857142,4.25,2.357142857142857,0.9464285714285714,1.8392857142857142,1.5178571428571428,9.827142857142857,0.5578572466928332,17.607142857142858
1607,2000,Troy,Hudson,1,0,0,62,8.790322580645162,3.903225806451613,0.0,0.6935483870967742,2.3870967741935485,1.7419354838709677,8.725806451612904,3.2903225806451615,3.1129032258064515,0.967741935483871,1.532258064516129,1.2419354838709677,9.4,0.46757035003431713,17.516129032258064
1714,1999,Robert,Traylor,0,1,1,49,5.285714285714286,0.7755102040816326,0.8979591836734694,0.8979591836734694,3.7142857142857144,0.8571428571428571,4.1020408163265305,2.204081632653061,0.02040816326530612,0.0,1.6326530612244898,0.8775510204081632,4.820408163265306,0.548264182895851,17.489795918367346
1027,1994,Trevor,Wilson,0,1,0,57,8.175438596491228,1.263157894736842,0.19298245614035087,0.6666666666666666,4.7894736842105265,1.631578947368421,6.807017543859649,3.280701754385965,0.03508771929824561,0.0,2.912280701754386,1.6140350877192982,8.08842105263158,0.5053791428075655,17.42982456140351
976,2000,Jeff,McInnis,1,0,0,25,7.2,3.56,0.08,0.6,2.88,1.08,7.44,3.2,0.84,0.28,0.68,0.52,7.7392,0.46516435807318585,17.419999999999998
434,1996,Tony,Dumas,1,0,0,67,11.582089552238806,1.4776119402985075,0.19402985074626866,0.6268656716417911,1.7164179104477613,1.1492537313432836,9.776119402985074,4.08955223880597,3.08955223880597,1.1044776119402986,3.8358208955223883,2.298507462686567,11.463880597014924,0.5051557129465681,17.35820895522388
680,2000,John,Amaechi,0,1,1,80,10.45,1.1875,0.4625,0.4375,3.325,1.7375,8.75,3.825,0.075,0.0125,3.6375,2.7875,10.3505,0.5048065310854548,17.34375
70,1994,Steve,Kerr,1,0,0,82,8.646341463414634,2.5609756097560976,0.036585365853658534,0.9146341463414634,1.5975609756097562,0.6951219512195121,7.036585365853658,3.5,1.5121951219512195,0.6341463414634146,1.1829268292682926,1.0121951219512195,7.557073170731707,0.5720694552026853,17.298780487804876
77820,1991,John,Paxson,1,0,0,82,8.658536585365853,3.6219512195121952,0.036585365853658534,0.7560975609756098,1.1097560975609757,0.8414634146341463,7.048780487804878,3.8658536585365852,1.170731707317073,0.5121951219512195,0.5,0.4146341463414634,7.268780487804878,0.5955976108985974,17.24390243902439
76673,1991,Alex,English,0,1,0,79,9.658227848101266,1.3291139240506329,0.31645569620253167,0.5063291139240507,3.2151898734177213,1.2784810126582278,9.291139240506329,4.075949367088608,0.012658227848101266,0.0,1.7721518987341771,1.5063291139240507,10.070886075949367,0.4795123177476118,17.20886075949367
939,1994,Pete,Myers,1,0,0,82,7.926829268292683,2.9878048780487805,0.24390243902439024,0.9512195121951219,2.207317073170732,1.6585365853658536,6.780487804878049,3.0853658536585367,0.35365853658536583,0.0975609756097561,2.3658536585365852,1.6585365853658536,7.821463414634146,0.5067356866658351,17.182926829268293
1719,2000,Bonzi,Wells,1,1,0,66,8.787878787878787,1.4696969696969697,0.18181818181818182,1.0454545454545454,2.757575757575758,1.4696969696969697,7.2727272727272725,3.5757575757575757,0.803030303030303,0.30303030303030304,1.9545454545454546,1.3333333333333333,8.132727272727273,0.5402787092927938,17.09848484848485
1380,1993,Lloyd,Daniels,1,0,0,77,9.103896103896103,1.922077922077922,0.38961038961038963,0.4935064935064935,2.8051948051948052,1.3246753246753247,8.363636363636363,3.7012987012987013,2.2987012987012987,0.7662337662337663,1.2857142857142858,0.935064935064935,8.92935064935065,0.5097736924777474,17.07792207792208
78304,1992,Terry,Teagle,1,0,0,82,10.731707317073171,1.3780487804878048,0.10975609756097561,0.8048780487804879,2.231707317073171,1.3902439024390243,9.817073170731707,4.439024390243903,0.04878048780487805,0.012195121951219513,2.402439024390244,1.8414634146341464,10.874146341463414,0.493450565225193,17.024390243902438
912,1995,Rafael,Addison,0,1,0,79,8.30379746835443,1.379746835443038,0.31645569620253167,0.6708860759493671,3.0632911392405062,0.9620253164556962,7.417721518987341,3.5316455696202533,1.0506329113924051,0.3037974683544304,1.2531645569620253,0.9367088607594937,7.969113924050633,0.5209987928076752,16.99367088607595
77,1993,Doug,Overton,1,0,0,45,8.133333333333333,3.488888888888889,0.13333333333333333,0.6888888888888889,2.3555555555555556,1.6,7.177777777777778,3.3777777777777778,0.28888888888888886,0.06666666666666667,1.8,1.3111111111111111,7.969777777777778,0.5102609859469105,16.98888888888889
1512,1998,Chris,Anstey,0,0,1,40,6.0,0.875,0.675,0.775,3.925,1.025,5.775,2.3,0.4,0.075,1.85,1.325,6.589,0.45530429503718317,16.95
78381,1991,Jeff,Turner,0,1,0,71,8.577464788732394,1.3661971830985915,0.14084507042253522,0.4084507042253521,5.112676056338028,1.7746478873239437,7.492957746478873,3.647887323943662,0.2112676056338028,0.08450704225352113,1.5774647887323943,1.1971830985915493,8.187042253521126,0.5238439306358382,16.943661971830984
1761,2000,Greg,Buckner,1,0,0,46,5.978260869565218,1.1956521739130435,0.43478260869565216,0.8260869565217391,3.782608695652174,0.782608695652174,5.065217391304348,2.4130434782608696,0.5652173913043478,0.21739130434782608,1.3695652173913044,0.9347826086956522,5.667826086956522,0.5273857011353176,16.92391304347826
1884,2000,Baron,Davis,1,0,0,82,5.926829268292683,3.768292682926829,0.23170731707317074,1.1829268292682926,2.0121951219512195,1.7073170731707317,5.280487804878049,2.2195121951219514,1.353658536585366,0.3048780487804878,1.8658536585365855,1.1829268292682926,6.101463414634146,0.48568915893827946,16.841463414634145
1631,1991,Billy,Thompson,0,1,0,73,6.835616438356165,1.5205479452054795,0.6575342465753424,0.4383561643835616,4.273972602739726,1.6027397260273972,5.63013698630137,2.808219178082192,0.0547945205479452,0.0,1.6986301369863013,1.2191780821917808,6.377534246575342,0.5359137382936678,16.705479452054792
78377,1991,Andre,Turner,1,0,0,70,5.885714285714286,4.442857142857143,0.0,0.9,2.1714285714285713,1.3571428571428572,5.4714285714285715,2.4,0.4714285714285714,0.17142857142857143,1.2428571428571429,0.9142857142857143,6.018285714285715,0.4889859475883023,16.692857142857143
78555,1993,Kenny,Williams,0,1,0,57,6.105263157894737,0.6666666666666666,0.7719298245614035,0.3684210526315789,4.0,0.49122807017543857,4.947368421052632,2.6315789473684212,0.05263157894736842,0.0,1.1929824561403508,0.8421052631578947,5.472280701754386,0.557835342395486,16.684210526315788
1088,2000,Chucky,Atkins,1,0,0,82,9.536585365853659,3.731707317073171,0.036585365853658534,0.6341463414634146,1.5365853658536586,1.7317073170731707,9.036585365853659,3.8292682926829267,1.9878048780487805,0.6951219512195121,1.6219512195121952,1.1829268292682926,9.750243902439024,0.4890434260556334,16.658536585365848
100,1996,Tim,Legler,1,0,0,77,9.428571428571429,1.7662337662337662,0.15584415584415584,0.5844155844155844,1.8181818181818181,0.5844155844155844,5.974025974025974,3.0259740259740258,3.1818181818181817,1.6623376623376624,1.9870129870129871,1.7142857142857142,6.848311688311688,0.6883865584464841,16.597402597402596
1498,1998,Antonio,Daniels,1,0,0,74,7.824324324324325,4.513513513513513,0.13513513513513514,0.7432432432432432,1.9324324324324325,2.2162162162162162,7.405405405405405,3.081081081081081,0.7027027027027027,0.14864864864864866,2.2972972972972974,1.5135135135135136,8.416216216216217,0.4648362235067437,16.574324324324323
1073,1998,Reggie,Slater,0,1,0,78,8.012820512820513,0.9487179487179487,0.38461538461538464,0.5769230769230769,3.91025641025641,1.3076923076923077,5.884615384615385,2.7051282051282053,0.0,0.0,4.128205128205129,2.6025641025641026,7.701025641025642,0.5202437237797163,16.53205128205128
76672,1992,A.J.,English,1,0,0,81,10.938271604938272,1.7654320987654322,0.1111111111111111,0.3950617283950617,2.074074074074074,1.0987654320987654,10.444444444444445,4.518518518518518,0.41975308641975306,0.07407407407407407,2.1728395061728394,1.8271604938271604,11.400493827160494,0.4797279736636923,16.52469135802469
78194,1993,Labradford,Smith,0,1,0,69,9.26086956521739,2.6956521739130435,0.13043478260869565,0.8405797101449275,1.536231884057971,1.4927536231884058,8.26086956521739,3.782608695652174,0.3333333333333333,0.11594202898550725,1.8405797101449275,1.5797101449275361,9.07072463768116,0.5104812424106857,16.507246376811594
440,1996,Zan,Tabak,0,0,1,67,7.6716417910447765,0.9253731343283582,0.4626865671641791,0.3582089552238806,4.776119402985074,1.507462686567164,6.17910447761194,3.3582089552238807,0.014925373134328358,0.0,1.7014925373134329,0.9552238805970149,6.92776119402985,0.5536883833160979,16.492537313432837
990,2000,Malik,Rose,0,1,0,74,6.702702702702703,0.6351351351351351,0.7027027027027027,0.47297297297297297,4.527027027027027,1.337837837837838,5.202702702702703,2.3783783783783785,0.04054054054054054,0.013513513513513514,2.675675675675676,1.9324324324324325,6.38,0.5252901804625942,16.47297297297297
965,1999,Derek,Fisher,1,0,0,50,5.92,3.94,0.02,1.22,1.82,1.54,5.26,1.98,1.94,0.76,1.58,1.2,5.9552,0.49704459967759274,16.439999999999998
713,1998,Chris,Carr,1,0,0,51,9.882352941176471,1.6666666666666667,0.21568627450980393,0.3333333333333333,3.0392156862745097,1.3529411764705883,8.862745098039216,3.7254901960784315,2.4901960784313726,0.7843137254901961,1.9411764705882353,1.6470588235294117,9.71686274509804,0.5085156186940027,16.431372549019606
1603,1993,Walter,Bond,1,0,0,74,7.972972972972973,1.6486486486486487,0.24324324324324326,1.0135135135135136,2.6486486486486487,1.5135135135135136,7.635135135135135,3.0675675675675675,0.5675675675675675,0.0945945945945946,2.2567567567567566,1.7432432432432432,8.628108108108108,0.46203483272772833,16.41891891891892
737,1993,Bob,McCann,0,1,0,79,6.265822784810126,0.8607594936708861,0.7341772151898734,0.6329113924050633,3.5949367088607596,1.0,5.189873417721519,2.5316455696202533,0.02531645569620253,0.0,1.9240506329113924,1.2025316455696202,6.036455696202532,0.5189984901862102,16.417721518987342
1108,2000,Tony,Farmer,0,1,0,72,6.458333333333333,1.0277777777777777,0.2222222222222222,0.9166666666666666,4.083333333333333,1.1388888888888888,4.333333333333333,1.7638888888888888,0.6111111111111112,0.1111111111111111,3.6805555555555554,2.8194444444444446,5.9527777777777775,0.5424638357442837,16.402777777777775
43,2000,Chris,Whitney,1,0,0,82,7.829268292682927,3.817073170731707,0.06097560975609756,0.6707317073170732,1.6341463414634145,1.3048780487804879,6.353658536585366,2.6463414634146343,3.1097560975609757,1.170731707317073,1.6097560975609757,1.3658536585365855,7.061951219512195,0.5543275540512538,16.323170731707318
1114,1998,Jaren,Jackson,1,0,0,82,8.804878048780488,1.9024390243902438,0.0975609756097561,0.7317073170731707,2.5609756097560976,1.2682926829268293,7.975609756097561,3.1463414634146343,3.6219512195121952,1.3658536585365855,1.4390243902439024,1.146341463414634,8.608780487804879,0.5113893925657298,16.28048780487805
114,1994,Harold,Miner,1,0,0,63,10.492063492063492,1.507936507936508,0.20634920634920634,0.49206349206349204,2.4761904761904763,1.507936507936508,8.444444444444445,4.031746031746032,0.09523809523809523,0.06349206349206349,2.857142857142857,2.365079365079365,9.701587301587303,0.5407395287958114,16.246031746031747
983,2000,Moochie,Norris,1,0,0,30,6.9,3.1333333333333333,0.03333333333333333,0.7666666666666667,2.2666666666666666,1.0,5.3,2.3,0.9666666666666667,0.4,2.433333333333333,1.9,6.370666666666667,0.541544579321892,16.2
77674,1991,Tod,Murphy,0,0,1,52,4.826923076923077,1.1538461538461537,0.38461538461538464,0.4807692307692308,4.903846153846154,0.6153846153846154,4.365384615384615,1.7307692307692308,0.3269230769230769,0.019230769230769232,2.019230769230769,1.3461538461538463,5.253846153846153,0.4593704245973646,16.14423076923077
76123,1991,Kenny,Battle,1,0,0,56,6.053571428571429,1.1071428571428572,0.32142857142857145,1.0714285714285714,3.142857142857143,0.9464285714285714,5.035714285714286,2.375,0.42857142857142855,0.05357142857142857,1.6607142857142858,1.25,5.7664285714285715,0.5248978075065032,16.107142857142858
690,1999,Don,Reid,0,1,0,47,5.148936170212766,0.7021276595744681,0.9148936170212766,0.574468085106383,3.617021276595745,0.7659574468085106,3.702127659574468,2.0638297872340425,0.0,0.0,1.6808510638297873,1.0212765957446808,4.441702127659575,0.5796129526729258,16.0531914893617
1110,1998,Mark,Strickland,0,1,0,51,6.803921568627451,0.5098039215686274,0.6666666666666666,0.35294117647058826,4.1568627450980395,0.9215686274509803,5.254901960784314,2.823529411764706,0.0196078431372549,0.0,1.607843137254902,1.1568627450980393,5.962352941176471,0.5705735332807156,16.03921568627451
768,1996,Acie,Earl,0,1,1,42,7.523809523809524,0.6428571428571429,0.8809523809523809,0.42857142857142855,3.0714285714285716,1.1666666666666667,6.571428571428571,2.7857142857142856,0.07142857142857142,0.0,2.7142857142857144,1.9523809523809523,7.765714285714285,0.48442482217316657,15.999999999999998
1861,1994,Negele,Knight,1,0,0,65,9.153846153846153,3.0307692307692307,0.16923076923076924,0.5230769230769231,1.5846153846153845,1.4461538461538461,7.3076923076923075,3.4615384615384617,0.3230769230769231,0.06153846153846154,2.6769230769230767,2.169230769230769,8.48553846153846,0.5393792153165566,15.953846153846154
1723,1999,Matt,Harpring,0,1,0,50,8.16,0.9,0.12,0.6,4.28,1.46,6.4,2.96,0.5,0.2,2.86,2.04,7.6584,0.532748354747728,15.889999999999999
732,1996,Ashraf,Amaya,0,1,0,54,6.277777777777778,0.6111111111111112,0.18518518518518517,0.4074074074074074,5.611111111111111,1.0555555555555556,4.666666666666667,2.240740740740741,0.018518518518518517,0.0,2.759259259259259,1.7962962962962963,5.880740740740741,0.5337574001763445,15.870370370370367
77065,1993,Brian,Howard,0,1,0,68,6.455882352941177,0.9852941176470589,0.5,0.8088235294117647,3.1176470588235294,1.0,6.088235294117647,2.6911764705882355,0.10294117647058823,0.014705882352941176,1.3823529411764706,1.0588235294117647,6.696470588235294,0.48203619114546736,15.84558823529412
1720,2000,Michael,Doleac,0,0,1,81,6.9753086419753085,0.7777777777777778,0.41975308641975306,0.35802469135802467,4.1234567901234565,0.8024691358024691,6.604938271604938,2.9876543209876543,0.024691358024691357,0.012345679012345678,1.1728395061728396,0.9876543209876543,7.120987654320988,0.4897711511789181,15.83333333333333
76431,1992,Lester,Conner,1,0,0,81,3.54320987654321,3.6296296296296298,0.12345679012345678,1.1975308641975309,2.271604938271605,0.9753086419753086,2.950617283950617,1.271604938271605,0.08641975308641975,0.0,1.4197530864197532,1.0,3.5753086419753086,0.4955110497237569,15.728395061728392
2000,2000,Dedric,Willoughby,1,0,0,25,7.6,2.64,0.08,0.92,2.04,1.48,7.16,2.44,3.92,1.16,2.04,1.56,8.0576,0.47160444797458295,15.66
695,1998,Eldridge,Recasner,1,0,0,59,9.288135593220339,1.9830508474576272,0.01694915254237288,0.6949152542372882,2.406779661016949,1.5423728813559323,7.661016949152542,3.4915254237288136,2.5084745762711864,1.0508474576271187,1.3389830508474576,1.2542372881355932,8.250169491525424,0.5629057441038704,15.635593220338983
381,1995,James,Robinson,1,0,0,71,9.169014084507042,2.535211267605634,0.18309859154929578,0.676056338028169,1.8591549295774648,1.7887323943661972,8.788732394366198,3.591549295774648,3.140845070422535,1.0704225352112675,1.5492957746478873,0.9154929577464789,9.470422535211268,0.48408685306365257,15.619718309859158
1735,1999,Vladimir,Stepania,0,0,1,21,5.9523809523809526,0.5714285714285714,1.0952380952380953,0.47619047619047616,3.5714285714285716,1.5238095238095237,5.857142857142857,2.4761904761904763,0.14285714285714285,0.0,1.9047619047619047,1.0,6.6952380952380945,0.44452347083926036,15.404761904761909
76001,1993,Alaa,Abdelnaby,0,1,0,75,7.706666666666667,0.36,0.3466666666666667,0.3333333333333333,4.493333333333333,1.2933333333333332,6.306666666666667,3.2666666666666666,0.013333333333333334,0.0,1.5466666666666666,1.1733333333333333,6.9872,0.5514846194946951,15.120000000000001
1944,2000,Eddie,Robinson,0,1,0,67,7.029850746268656,0.47761194029850745,0.373134328358209,0.7164179104477612,2.746268656716418,0.582089552238806,5.7611940298507465,3.1641791044776117,0.05970149253731343,0.0,0.9552238805970149,0.7014925373134329,6.181492537313433,0.5686208228703882,15.059701492537314
76876,1991,Sidney,Green,0,1,0,66,6.712121212121212,0.7878787878787878,0.19696969696969696,0.48484848484848486,4.742424242424242,1.3484848484848484,5.818181818181818,2.6818181818181817,0.045454545454545456,0.0,1.5909090909090908,1.3484848484848484,6.5181818181818185,0.5148768014876801,15.037878787878787
76942,1991,Bob,Hansen,1,0,0,36,6.361111111111111,2.5,0.1388888888888889,0.5555555555555556,2.6666666666666665,0.9444444444444444,7.111111111111111,2.6666666666666665,1.9166666666666667,0.5277777777777778,1.0,0.5,7.551111111111111,0.4212036492054149,15.0
1540,1998,Eric,Washington,1,1,0,66,7.742424242424242,1.1818181818181819,0.3787878787878788,0.803030303030303,1.9242424242424243,1.0909090909090908,7.545454545454546,3.0454545454545454,2.0757575757575757,0.6666666666666666,1.2575757575757576,0.9848484848484849,8.09878787878788,0.4779989523310633,14.946969696969697
195,1997,Lee,Mayberry,1,0,0,80,5.125,4.1125,0.1,0.75,1.675,1.1375,4.625,1.8625,2.7625,1.0375,0.575,0.3625,4.878,0.5253177531775317,14.931249999999997
78440,1994,Kenny,Walker,0,1,0,73,4.808219178082192,0.4520547945205479,0.8082191780821918,0.3561643835616438,3.958904109589041,0.6027397260273972,3.7534246575342465,1.8082191780821917,0.0410958904109589,0.0,1.7123287671232876,1.1917808219178083,4.506849315068493,0.5334346504559271,14.876712328767125
1562,2000,Gerard,King,0,1,0,60,5.45,0.8166666666666667,0.25,0.5666666666666667,4.15,0.6666666666666666,4.6,2.316666666666667,0.0,0.0,1.1,0.8166666666666667,5.084,0.5359952793076318,14.833333333333334
418,1993,Scott,Brooks,1,0,0,82,6.329268292682927,2.9634146341463414,0.036585365853658534,0.9634146341463414,1.2073170731707317,0.8780487804878049,4.695121951219512,2.231707317073171,1.2073170731707317,0.5,1.646341463414634,1.3658536585365855,5.419512195121952,0.5839333933393339,14.829268292682924
780,1993,Byron,Houston,0,1,0,79,5.329113924050633,0.8734177215189873,0.5443037974683544,0.5569620253164557,3.9873417721518987,1.1012658227848102,4.113924050632911,1.8354430379746836,0.08860759493670886,0.02531645569620253,2.4556962025316458,1.6329113924050633,5.194430379746835,0.5129642265328005,14.822784810126581
1972,1991,John,Morton,0,1,0,66,5.409090909090909,3.6818181818181817,0.2727272727272727,0.9242424242424242,1.5606060606060606,1.621212121212121,4.151515151515151,1.8181818181818181,0.18181818181818182,0.06060606060606061,2.106060606060606,1.7121212121212122,5.078181818181818,0.5325814536340853,14.818181818181817
76695,1991,Jim,Farmer,0,1,0,27,9.444444444444445,1.4074074074074074,0.07407407407407407,0.48148148148148145,2.5185185185185186,1.4074074074074074,8.25925925925926,3.740740740740741,0.8518518518518519,0.18518518518518517,2.4074074074074074,1.7777777777777777,9.31851851851852,0.5067567567567567,14.740740740740742
146,1993,Jud,Buechler,1,1,0,70,6.242857142857143,1.3428571428571427,0.2714285714285714,0.6714285714285714,2.7857142857142856,0.7857142857142857,5.757142857142857,2.5142857142857142,0.8428571428571429,0.2857142857142857,1.2428571428571429,0.9285714285714286,6.304,0.4951504713560551,14.635714285714284
348,1994,Mitchell,Butler,1,0,0,75,6.906666666666666,1.0266666666666666,0.26666666666666666,0.72,3.0,1.16,5.573333333333333,2.76,0.06666666666666667,0.0,2.4,1.3866666666666667,6.629333333333333,0.5209171359613837,14.57333333333333
1894,2000,Corey,Maggette,0,1,0,77,8.38961038961039,0.7922077922077922,0.33766233766233766,0.3116883116883117,3.935064935064935,1.7922077922077921,6.090909090909091,2.909090909090909,0.14285714285714285,0.025974025974025976,3.3896103896103895,2.5454545454545454,7.582337662337662,0.5532337626747055,14.493506493506494
1741,1999,Jelani,McCoy,0,1,1,25,5.32,0.16,0.8,0.44,3.16,0.4,3.04,2.24,0.0,0.0,1.68,0.84,3.7792,0.7038526672311601,14.46
929,1992,Tracy,Moore,1,0,0,42,8.452380952380953,1.1428571428571428,0.09523809523809523,0.7619047619047619,1.9523809523809523,1.0476190476190477,7.738095238095238,3.0952380952380953,2.0,0.7142857142857143,1.8571428571428572,1.5476190476190477,8.555238095238096,0.4939886452187465,14.428571428571427
1569,2000,Keith,Closs,0,0,1,57,4.175438596491228,0.43859649122807015,1.280701754385965,0.22807017543859648,3.1403508771929824,0.5964912280701754,3.456140350877193,1.6842105263157894,0.05263157894736842,0.0,1.368421052631579,0.8070175438596491,4.058245614035088,0.514438872557496,14.3859649122807
943,1995,Ryan,Lorthridge,1,0,0,37,7.351351351351352,2.72972972972973,0.02702702702702703,0.7567567567567568,1.9189189189189189,1.5405405405405406,6.027027027027027,2.864864864864865,0.3783783783783784,0.08108108108108109,2.3783783783783785,1.5405405405405406,7.073513513513514,0.519639309185389,14.378378378378379
76009,1991,Mark,Acres,0,0,1,68,4.1911764705882355,0.36764705882352944,0.36764705882352944,0.36764705882352944,5.279411764705882,0.6176470588235294,3.1470588235294117,1.6029411764705883,0.04411764705882353,0.014705882352941176,1.4852941176470589,0.9705882352941176,3.800588235294118,0.551385234483826,14.367647058823529
734,1997,Lawrence,Moten,1,0,0,66,6.7727272727272725,1.9545454545454546,0.36363636363636365,0.7272727272727273,1.803030303030303,1.2272727272727273,6.681818181818182,2.590909090909091,2.1363636363636362,0.6212121212121212,1.5,0.9696969696969697,7.341818181818182,0.4612431896978702,14.318181818181815
672,1993,Matt,Bullard,0,1,0,79,7.2784810126582276,1.3924050632911393,0.13924050632911392,0.379746835443038,2.810126582278481,0.7215189873417721,6.253164556962025,2.6962025316455698,3.0759493670886076,1.1518987341772151,0.9367088607594937,0.7341772151898734,6.665316455696202,0.5459966575508963,14.215189873417721
1541,1999,Alvin,Williams,1,0,0,50,4.96,2.6,0.24,1.02,1.64,1.12,4.74,1.9,0.84,0.28,1.04,0.88,5.1976,0.4771432969062644,14.12
1600,1999,Kornel,David,0,1,0,49,6.285714285714286,0.8163265306122449,0.3469387755102041,0.46938775510204084,3.5306122448979593,0.9795918367346939,4.959183673469388,2.2244897959183674,0.02040816326530612,0.0,2.2653061224489797,1.836734693877551,5.955918367346939,0.5276864035087719,14.112244897959181
1511,1999,Johnny,Taylor,0,1,0,36,5.75,0.6666666666666666,0.4722222222222222,0.7777777777777778,2.8055555555555554,0.9444444444444444,5.5,2.2777777777777777,1.8888888888888888,0.7222222222222222,0.6388888888888888,0.4722222222222222,5.781111111111111,0.4973092446665386,14.069444444444443
916,1997,Corie,Blount,0,1,1,57,4.228070175438597,0.6140350877192983,0.45614035087719296,0.38596491228070173,4.824561403508772,0.8771929824561403,3.1052631578947367,1.6140350877192982,0.05263157894736842,0.017543859649122806,1.456140350877193,0.9824561403508771,3.7459649122807015,0.5643499437991758,14.0
78375,1991,Trent,Tucker,1,0,0,65,7.123076923076923,1.7076923076923076,0.13846153846153847,0.676923076923077,1.6153846153846154,0.7076923076923077,6.676923076923077,2.9384615384615387,2.353846153846154,0.9846153846153847,0.4153846153846154,0.26153846153846155,6.859692307692308,0.5191979904907149,13.953846153846154
925,1996,Sean,Higgins,0,1,0,44,7.9772727272727275,1.25,0.25,0.5454545454545454,2.090909090909091,1.1136363636363635,7.340909090909091,3.0454545454545454,2.9318181818181817,1.0909090909090908,0.8409090909090909,0.7954545454545454,7.710909090909091,0.5172718698420185,13.94318181818182
684,1996,Loren,Meyer,0,1,1,72,5.041666666666667,0.7916666666666666,0.4444444444444444,0.2777777777777778,4.430555555555555,0.9305555555555556,4.583333333333333,2.013888888888889,0.1527777777777778,0.041666666666666664,1.4166666666666667,0.9722222222222222,5.206666666666666,0.48415492957746487,13.902777777777779
35,1998,Eric,Riley,0,0,1,39,3.5641025641025643,0.5641025641025641,1.1794871794871795,0.38461538461538464,3.41025641025641,0.9487179487179487,3.4615384615384617,1.435897435897436,0.02564102564102564,0.0,0.9230769230769231,0.6923076923076923,3.867692307692308,0.4607531158843808,13.884615384615383
1814,1994,Chris,Smith,1,0,0,80,5.9125,3.5625,0.225,0.475,1.525,1.2625,5.2875,2.3,0.4875,0.125,1.7625,1.1875,6.063,0.4875886524822695,13.81875
982,1998,Martin,Muursepp,0,1,0,41,5.682926829268292,0.7317073170731707,0.34146341463414637,0.7073170731707317,2.7804878048780486,0.7073170731707317,4.658536585365853,2.024390243902439,0.926829268292683,0.3902439024390244,1.6341463414634145,1.2439024390243902,5.3775609756097555,0.5283925979680697,13.731707317073168
1727,2000,Pat,Garrity,0,1,0,81,8.333333333333334,0.7160493827160493,0.2345679012345679,0.38271604938271603,2.5925925925925926,1.0493827160493827,7.222222222222222,3.185185185185185,2.432098765432099,0.9753086419753086,1.3703703703703705,0.9876543209876543,7.825185185185186,0.5324687618326391,13.666666666666668
240,1997,Brooks,Thompson,1,0,0,67,6.641791044776119,2.6865671641791047,0.029850746268656716,0.8208955223880597,1.4328358208955223,1.2985074626865671,6.059701492537314,2.417910447761194,3.6417910447761193,1.4477611940298507,0.5671641791044776,0.3582089552238806,6.309253731343284,0.5263531415594247,13.626865671641792
674,1994,Reggie,Jordan,1,0,0,23,5.434782608695652,1.1304347826086956,0.21739130434782608,0.6086956521739131,2.9130434782608696,0.6086956521739131,4.478260869565218,1.9130434782608696,0.17391304347826086,0.08695652173913043,2.217391304347826,1.5217391304347827,5.453913043478261,0.49824617346938777,13.58695652173913
76790,1991,Tom,Garrick,1,0,0,67,3.8805970149253732,3.328358208955224,0.029850746268656716,0.9253731343283582,1.8955223880597014,0.9850746268656716,3.5223880597014925,1.492537313432836,0.3283582089552239,0.0,1.1791044776119404,0.8955223880597015,4.041194029850747,0.48013000443196924,13.567164179104479
1888,2000,Richard,Hamilton,1,0,0,71,9.0,1.5211267605633803,0.08450704225352113,0.39436619718309857,1.8169014084507042,1.1830985915492958,8.52112676056338,3.5774647887323945,1.0845070422535212,0.39436619718309857,1.8732394366197183,1.4507042253521127,9.345352112676055,0.48152278755727035,13.556338028169012
78369,1991,Kelly,Tripucka,0,1,0,77,7.025974025974026,2.064935064935065,0.16883116883116883,0.42857142857142855,2.2857142857142856,1.1948051948051948,5.35064935064935,2.4285714285714284,0.5844155844155844,0.19480519480519481,2.168831168831169,1.974025974025974,6.304935064935065,0.5571805223696136,13.551948051948052
78528,1993,Morlon,Wiley,1,0,0,58,4.5344827586206895,3.1206896551724137,0.05172413793103448,1.1206896551724137,1.5689655172413792,1.3793103448275863,4.379310344827586,1.6551724137931034,2.6551724137931036,0.9310344827586207,0.4482758620689655,0.29310344827586204,4.576551724137931,0.49540385774562984,13.499999999999998
917,1991,Jack,Haley,0,1,0,78,5.564102564102564,0.3974358974358974,0.2692307692307692,0.2564102564102564,4.564102564102564,0.8076923076923077,4.397435897435898,2.0641025641025643,0.0,0.0,2.3205128205128207,1.435897435897436,5.418461538461539,0.513439333711906,13.493589743589743
1736,2000,Corey,Benjamin,1,0,0,48,7.708333333333333,1.125,0.4583333333333333,0.6458333333333334,1.8333333333333333,1.5416666666666667,7.291666666666667,3.0208333333333335,1.8541666666666667,0.6458333333333334,1.7083333333333333,1.0208333333333333,8.043333333333333,0.4791753004558641,13.479166666666666
77474,1991,Jeff,Martin,1,0,0,74,7.0675675675675675,0.8783783783783784,0.4189189189189189,0.5,1.7702702702702702,0.6621621621621622,6.851351351351352,2.891891891891892,1.1891891891891893,0.36486486486486486,1.3513513513513513,0.918918918918919,7.4459459459459465,0.4745916515426497,13.391891891891891
287,1994,Eric,Leckner,0,0,1,71,5.098591549295775,1.2112676056338028,0.4788732394366197,0.2535211267605634,3.971830985915493,1.2112676056338028,4.028169014084507,1.9577464788732395,0.028169014084507043,0.0,1.8309859154929577,1.1830985915492958,4.833802816901408,0.5273892773892774,13.380281690140846
176,1996,Antonio,Harvey,0,1,1,55,3.709090909090909,0.2727272727272727,0.8545454545454545,0.4909090909090909,3.6363636363636362,0.8,4.072727272727272,1.509090909090909,0.03636363636363636,0.0,1.509090909090909,0.6909090909090909,4.736727272727272,0.3915246430216491,13.354545454545454
1034,1994,LeRon,Ellis,0,0,1,50,4.42,0.48,0.5,0.34,3.76,0.42,3.64,1.76,0.0,0.0,1.36,0.9,4.2384,0.5214231785579463,13.299999999999999
76337,1993,Dexter,Cambridge,0,1,0,53,6.981132075471698,1.0943396226415094,0.11320754716981132,0.4528301886792453,3.150943396226415,1.1886792452830188,5.886792452830188,2.849056603773585,0.07547169811320754,0.0,1.8679245283018868,1.2830188679245282,6.708679245283019,0.5203059961750478,13.235849056603772
1037,1998,Stojko,Vrankovic,0,0,1,65,3.0,0.5538461538461539,1.0153846153846153,0.16923076923076924,4.046153846153846,0.7076923076923077,2.8615384615384616,1.2153846153846153,0.0,0.0,1.0,0.5692307692307692,3.3015384615384615,0.4543336439888164,13.223076923076922
979,1998,Jermaine,O'Neal,0,1,1,59,4.559322033898305,0.288135593220339,0.9830508474576272,0.2542372881355932,3.406779661016949,0.9322033898305084,3.8983050847457625,1.8983050847457628,0.03389830508474576,0.0,1.5084745762711864,0.7627118644067796,4.562033898305085,0.49970277901619853,13.186440677966104
77251,1992,Alec,Kessler,0,1,0,77,5.324675324675325,0.44155844155844154,0.4155844155844156,0.22077922077922077,4.077922077922078,0.7532467532467533,4.974025974025974,2.051948051948052,0.0,0.0,1.4935064935064934,1.2207792207792207,5.631168831168831,0.4727859778597786,13.142857142857146
76516,1991,Brad,Davis,1,0,0,80,5.3875,2.875,0.2125,0.5625,1.475,0.9625,4.6625,1.9875,1.0625,0.275,1.475,1.1375,5.3115,0.5071542878659513,13.0875
170,1992,Joe,Kleine,0,0,1,70,4.6571428571428575,0.45714285714285713,0.2,0.32857142857142857,4.228571428571429,0.38571428571428573,4.185714285714286,2.057142857142857,0.11428571428571428,0.05714285714285714,0.6857142857142857,0.4857142857142857,4.4874285714285715,0.5189099707118299,13.028571428571428
76752,1992,Anthony,Frederick,0,1,0,66,5.893939393939394,1.0757575757575757,0.3939393939393939,0.6060606060606061,2.1818181818181817,0.8787878787878788,5.606060606060606,2.4393939393939394,0.25757575757575757,0.06060606060606061,1.393939393939394,0.9545454545454546,6.21939393939394,0.4738355096472422,13.022727272727272
1516,1998,Ed,Gray,1,0,0,30,7.566666666666666,1.1333333333333333,0.36666666666666664,0.5,1.5,1.0,6.733333333333333,2.566666666666667,1.5333333333333334,0.6,2.1666666666666665,1.8333333333333333,7.6866666666666665,0.492194275802255,12.983333333333333
78055,1991,Ralph,Sampson,0,0,1,25,2.96,0.68,0.68,0.44,4.44,1.08,3.72,1.36,0.2,0.04,0.76,0.2,4.0544,0.3650355169692186,12.96
76050,1991,Michael,Ansley,0,1,0,67,5.656716417910448,0.373134328358209,0.1044776119402985,0.40298507462686567,3.7761194029850746,0.47761194029850745,3.925373134328358,2.1492537313432836,0.0,0.0,1.8955223880597014,1.3582089552238805,4.759402985074627,0.5942674360260913,12.955223880597016
1728,2000,Roshown,McLeod,0,1,0,44,7.2272727272727275,1.1818181818181819,0.11363636363636363,0.36363636363636365,3.1363636363636362,1.3409090909090908,7.545454545454546,2.977272727272727,0.29545454545454547,0.045454545454545456,1.5909090909090908,1.2272727272727273,8.245454545454546,0.438257993384785,12.931818181818183
116,1991,David,Wood,0,1,0,82,5.2682926829268295,1.146341463414634,0.1951219512195122,0.7073170731707317,3.0,1.0853658536585367,4.2560975609756095,1.8048780487804879,1.0975609756097562,0.34146341463414637,1.6219512195121952,1.3170731707317074,4.969756097560976,0.5300353356890459,12.926829268292682
688,1999,Michael,Curry,1,1,0,50,4.88,1.56,0.14,0.84,2.16,0.74,4.12,1.8,0.3,0.02,1.58,1.26,4.8152,0.5067286924738329,12.9
777,1997,Rex,Walters,1,0,0,57,7.052631578947368,1.9824561403508771,0.05263157894736842,0.49122807017543857,1.8771929824561404,1.0701754385964912,5.684210526315789,2.5964912280701755,2.5964912280701755,1.0,1.087719298245614,0.8596491228070176,6.16280701754386,0.5721931222956046,12.877192982456139
77905,1992,Kurt,Rambis,0,1,0,28,3.2142857142857144,1.3214285714285714,0.5,0.42857142857142855,3.7857142857142856,0.8928571428571429,2.9285714285714284,1.3571428571428572,0.0,0.0,0.6428571428571429,0.5,3.2114285714285713,0.5004448398576513,12.803571428571427
1080,1991,Henry,James,0,1,0,37,8.108108108108109,0.8648648648648649,0.13513513513513514,0.40540540540540543,2.135135135135135,1.0,6.864864864864865,3.027027027027027,1.6216216216216217,0.6486486486486487,1.945945945945946,1.4054054054054055,7.721081081081081,0.5250630075609073,12.77027027027027
292,2000,Anthony,Miller,0,1,0,35,3.7142857142857144,0.45714285714285713,0.2857142857142857,0.3142857142857143,4.685714285714286,0.5428571428571428,2.7714285714285714,1.4857142857142858,0.0,0.0,1.457142857142857,0.7428571428571429,3.4125714285714284,0.5442062960482251,12.742857142857144
1733,2000,Al,Harrington,0,1,0,50,6.56,0.76,0.18,0.5,3.18,1.3,5.28,2.42,0.68,0.16,2.22,1.56,6.2568,0.5242296381536887,12.590000000000002
368,1992,Dwayne,Schintzius,0,0,1,33,3.3333333333333335,0.6060606060606061,0.8484848484848485,0.18181818181818182,3.5757575757575757,0.5757575757575758,3.5454545454545454,1.5151515151515151,0.12121212121212122,0.0,0.36363636363636365,0.30303030303030304,3.7054545454545456,0.4497873732417403,12.575757575757574
971,1999,Mark,Hendrickson,0,1,0,21,5.714285714285714,0.6190476190476191,0.047619047619047616,0.5714285714285714,3.238095238095238,0.7142857142857143,4.190476190476191,1.8571428571428572,0.047619047619047616,0.0,2.380952380952381,2.0,5.238095238095238,0.5454545454545454,12.54761904761905
1532,1998,Jerald,Honeycutt,1,1,0,35,7.0,0.9142857142857143,0.17142857142857143,0.5714285714285714,2.657142857142857,1.4,6.314285714285714,2.5714285714285716,2.2,0.8285714285714286,1.6571428571428573,1.0285714285714285,7.043428571428572,0.4969170858348207,12.528571428571428
76803,1991,Derrick,Gervin,0,1,0,56,7.589285714285714,0.5357142857142857,0.3392857142857143,0.3392857142857143,1.9642857142857142,0.8035714285714286,7.035714285714286,2.9285714285714284,0.5,0.125,2.0357142857142856,1.6071428571428572,7.9314285714285715,0.4784311959654179,12.446428571428571
77486,1993,Marlon,Maxey,0,1,0,43,5.372093023255814,0.27906976744186046,0.4186046511627907,0.2558139534883721,3.813953488372093,0.8837209302325582,3.9302325581395348,2.1627906976744184,0.023255813953488372,0.0,1.627906976744186,1.0465116279069768,4.6465116279069765,0.5780780780780781,12.44186046511628
211,1996,Eric,Mobley,0,0,1,39,4.82051282051282,0.5641025641025641,0.6153846153846154,0.358974358974359,3.58974358974359,1.2820512820512822,3.5384615384615383,1.8974358974358974,0.05128205128205128,0.02564102564102564,2.230769230769231,1.0,4.52,0.5332425686407988,12.384615384615385
997,1997,Chris,Robinson,1,0,0,38,4.947368421052632,1.7105263157894737,0.23684210526315788,0.7368421052631579,1.8421052631578947,0.8947368421052632,4.7894736842105265,1.8157894736842106,2.3421052631578947,0.8947368421052632,0.6842105263157895,0.42105263157894735,5.090526315789474,0.48593879239040527,12.381578947368423
323,1998,Greg,Foster,0,0,1,78,5.653846153846154,0.6538461538461539,0.358974358974359,0.19230769230769232,3.5,0.8717948717948718,5.358974358974359,2.3846153846153846,0.11538461538461539,0.02564102564102564,1.1153846153846154,0.8589743589743589,5.849743589743589,0.48325589550276155,12.346153846153847
76450,1992,Chris,Corchiani,1,0,0,51,5.0,2.764705882352941,0.0392156862745098,0.8823529411764706,1.5294117647058822,1.4509803921568627,3.784313725490196,1.5098039215686274,0.7254901960784313,0.19607843137254902,2.0392156862745097,1.7843137254901962,4.6815686274509805,0.5340090467414977,12.22549019607843
78633,1992,Danny,Young,1,0,0,62,4.516129032258065,2.774193548387097,0.06451612903225806,0.7419354838709677,1.2096774193548387,0.7580645161290323,4.112903225806452,1.6129032258064515,1.1290322580645162,0.3709677419354839,1.0806451612903225,0.9193548387096774,4.588387096774194,0.4921259842519685,12.201612903225808
1518,1998,Rodrick,Rhodes,1,0,0,58,5.810344827586207,1.896551724137931,0.1724137931034483,1.0689655172413792,1.206896551724138,1.6724137931034482,5.258620689655173,1.9310344827586208,0.13793103448275862,0.034482758620689655,3.103448275862069,1.9137931034482758,6.624137931034483,0.43857365955231653,12.086206896551726
77377,1992,Cliff,Levingston,0,1,0,79,3.9367088607594938,0.8354430379746836,0.569620253164557,0.34177215189873417,2.8734177215189876,0.5316455696202531,3.1772151898734178,1.5822784810126582,0.0759493670886076,0.012658227848101266,1.2151898734177216,0.759493670886076,3.711898734177215,0.5302823625699086,12.082278481012658
1519,1999,John,Thomas,0,0,1,38,4.447368421052632,0.39473684210526316,0.23684210526315788,0.4473684210526316,3.526315789473684,0.5526315789473685,3.236842105263158,1.868421052631579,0.02631578947368421,0.0,1.263157894736842,0.7105263157894737,3.7926315789473684,0.5863169580904802,11.960526315789473
900,1995,Matt,Fish,0,0,1,26,4.730769230769231,0.6538461538461539,0.2692307692307692,0.6153846153846154,3.230769230769231,1.0769230769230769,3.9615384615384617,1.8846153846153846,0.038461538461538464,0.0,1.4230769230769231,0.9615384615384616,4.587692307692308,0.5155935613682092,11.942307692307692
1090,1995,Pat,Durham,0,1,0,59,5.11864406779661,0.8983050847457628,0.5423728813559322,0.6101694915254238,1.5932203389830508,0.7627118644067796,4.016949152542373,1.9830508474576272,0.4406779661016949,0.0847457627118644,1.6271186440677967,1.0677966101694916,4.732881355932204,0.5407534737143675,11.940677966101696
77839,1991,Jim,Petersen,0,1,0,62,4.5,0.43548387096774194,0.6612903225806451,0.20967741935483872,3.225806451612903,0.7741935483870968,3.806451612903226,1.8387096774193548,0.06451612903225806,0.016129032258064516,1.2258064516129032,0.8064516129032258,4.345806451612903,0.5177404988123515,11.927419354838706
1594,1998,Rick,Brunson,1,0,0,34,4.764705882352941,2.9411764705882355,0.08823529411764706,0.7352941176470589,1.6470588235294117,1.5294117647058822,4.147058823529412,1.4411764705882353,1.7941176470588236,0.6470588235294118,1.8235294117647058,1.2352941176470589,4.949411764705883,0.48134062277157114,11.882352941176473
76019,1991,Mark,Alarie,0,1,0,42,5.809523809523809,1.0714285714285714,0.19047619047619047,0.35714285714285715,2.7857142857142856,0.9523809523809523,5.357142857142857,2.357142857142857,0.5,0.11904761904761904,1.1428571428571428,0.9761904761904762,5.859999999999999,0.4956931578091988,11.88095238095238
76801,1992,Tate,George,1,0,0,70,5.9714285714285715,2.3142857142857145,0.04285714285714286,0.5857142857142857,1.5,1.1714285714285715,5.514285714285714,2.357142857142857,0.08571428571428572,0.014285714285714285,1.5142857142857142,1.2428571428571429,6.180571428571429,0.48308062130177515,11.864285714285714
1724,2000,Bryce,Drew,1,0,0,72,5.833333333333333,2.25,0.013888888888888888,0.5694444444444444,1.4305555555555556,0.9166666666666666,5.736111111111111,2.1944444444444446,2.263888888888889,0.8194444444444444,0.7361111111111112,0.625,6.06,0.4812981298129813,11.854166666666664
1800,1999,Damon,Jones,1,0,0,23,5.434782608695652,1.826086956521739,0.0,0.5652173913043478,1.9130434782608696,0.7391304347826086,5.173913043478261,1.8695652173913044,2.6956521739130435,1.0869565217391304,0.7391304347826086,0.6086956521739131,5.499130434782608,0.49414927261227076,11.82608695652174
76993,1991,Gerald,Henderson,1,0,0,23,5.3478260869565215,2.6956521739130435,0.08695652173913043,0.5217391304347826,1.608695652173913,1.2173913043478262,5.086956521739131,2.1739130434782608,0.9130434782608695,0.30434782608695654,0.9130434782608695,0.6956521739130435,5.488695652173913,0.4871673003802281,11.804347826086957
704,1998,Shawn,Respert,1,0,0,53,6.39622641509434,1.150943396226415,0.018867924528301886,0.6415094339622641,1.8867924528301887,0.9056603773584906,5.528301886792453,2.452830188679245,1.7547169811320755,0.5849056603773585,1.150943396226415,0.9056603773584906,6.0347169811320756,0.529952476238119,11.783018867924527
76748,1994,Tellis,Frank,0,1,0,67,2.8059701492537314,0.8507462686567164,0.5223880597014925,0.5223880597014925,3.283582089552239,0.7313432835820896,2.388059701492537,1.0,0.029850746268656716,0.0,1.1343283582089552,0.8059701492537313,2.8871641791044773,0.4859387923904054,11.723880597014926
1742,2000,Shammond,Williams,1,0,0,35,6.371428571428571,2.2,0.0,0.5142857142857142,1.4857142857142858,1.1428571428571428,6.314285714285714,2.3714285714285714,2.2857142857142856,0.6857142857142857,1.457142857142857,0.9428571428571428,6.9554285714285715,0.45801840289188295,11.67142857142857
676,2000,Thomas,Hamilton,0,0,1,22,3.727272727272727,0.6818181818181818,0.6363636363636364,0.18181818181818182,4.090909090909091,1.2727272727272727,3.590909090909091,1.5909090909090908,0.0,0.0,1.0454545454545454,0.5454545454545454,4.050909090909091,0.46005385996409337,11.613636363636363
77260,1991,Bo,Kimble,1,0,0,62,6.919354838709677,1.2258064516129032,0.12903225806451613,0.4838709677419355,1.9193548387096775,1.2419354838709677,6.741935483870968,2.564516129032258,1.0483870967741935,0.3064516129032258,1.9193548387096775,1.4838709677419355,7.586451612903226,0.45603367633302144,11.604838709677418
77146,1993,Frank,Johnson,1,0,0,77,4.311688311688312,2.4155844155844157,0.1038961038961039,0.7792207792207793,1.4675324675324675,1.0389610389610389,4.0519480519480515,1.7662337662337662,0.15584415584415584,0.012987012987012988,0.987012987012987,0.7662337662337663,4.486233766233766,0.48054654932839286,11.59090909090909
77644,1994,Darren,Morningstar,0,0,1,23,4.173913043478261,0.6521739130434783,0.08695652173913043,0.6086956521739131,3.5217391304347827,0.8260869565217391,3.5652173913043477,1.6956521739130435,0.0,0.0,1.3043478260869565,0.782608695652174,4.139130434782609,0.5042016806722689,11.565217391304346
1915,2000,Evan,Eschmeyer,0,0,1,31,2.935483870967742,0.6774193548387096,0.6774193548387096,0.25806451612903225,3.4838709677419355,0.6774193548387096,2.3225806451612905,1.2258064516129032,0.0,0.0,0.967741935483871,0.4838709677419355,2.7483870967741937,0.534037558685446,11.564516129032254
141,1995,Anthony,Tucker,0,1,0,62,3.9193548387096775,1.096774193548387,0.1774193548387097,0.7419354838709677,2.7419354838709675,0.9032258064516129,3.3870967741935485,1.5483870967741935,0.016129032258064516,0.0,1.3387096774193548,0.8225806451612904,3.9761290322580645,0.49286061982800583,11.548387096774192
988,2000,Randy,Livingston,1,0,0,78,4.884615384615385,2.1794871794871793,0.16666666666666666,0.6282051282051282,1.6666666666666667,1.1794871794871795,4.782051282051282,1.9871794871794872,0.7051282051282052,0.24358974358974358,0.7948717948717948,0.6666666666666666,5.131794871794872,0.47591685819926055,11.474358974358973
76881,1991,David,Greenwood,0,1,0,63,3.7936507936507935,0.8253968253968254,0.3968253968253968,0.4603174603174603,3.507936507936508,1.126984126984127,2.6825396825396823,1.3492063492063493,0.031746031746031744,0.0,1.492063492063492,1.0952380952380953,3.339047619047619,0.5680737782848451,11.468253968253968
710,1998,David,Vaughn,0,1,0,39,4.153846153846154,0.5128205128205128,0.2564102564102564,0.38461538461538464,3.8974358974358974,1.0256410256410255,3.7948717948717947,1.6923076923076923,0.02564102564102564,0.0,1.205128205128205,0.7692307692307693,4.325128205128205,0.48019919373962533,11.282051282051283
78014,1992,Tree,Rollins,0,0,1,59,2.0,0.2542372881355932,1.0508474576271187,0.23728813559322035,2.8983050847457625,0.3050847457627119,1.4576271186440677,0.7796610169491526,0.0,0.0,0.5084745762711864,0.4406779661016949,1.6813559322033897,0.5947580645161291,11.271186440677967
1928,2000,Todd,MacCulloch,0,0,1,52,3.9615384615384617,0.25,0.7115384615384616,0.21153846153846154,2.7884615384615383,0.5,3.0961538461538463,1.7115384615384615,0.0,0.0,1.0384615384615385,0.5384615384615384,3.5530769230769232,0.5574799740203508,11.211538461538463
1068,1991,Greg,Dreiling,0,0,1,73,3.547945205479452,0.6986301369863014,0.3972602739726027,0.3287671232876712,3.493150684931507,0.7808219178082192,2.6575342465753424,1.3424657534246576,0.0273972602739726,0.0,1.4383561643835616,0.863013698630137,3.2904109589041095,0.5391340549542049,11.178082191780822
78394,1991,Kelvin,Upshaw,1,0,0,48,5.625,1.7916666666666667,0.10416666666666667,0.5833333333333334,1.1458333333333333,0.8125,4.8125,2.1666666666666665,0.6041666666666666,0.14583333333333334,1.3333333333333333,1.1458333333333333,5.399166666666667,0.5209137212532798,11.15625
77789,1991,Gerald,Paddio,0,1,0,70,7.2,1.2857142857142858,0.08571428571428572,0.2857142857142857,1.6857142857142857,1.0142857142857142,7.228571428571429,3.0285714285714285,0.34285714285714286,0.08571428571428572,1.3285714285714285,1.0571428571428572,7.813142857142857,0.46076208586264905,11.114285714285714
1544,1999,Chris,Crawford,0,1,0,41,7.024390243902439,0.5853658536585366,0.3170731707317073,0.24390243902439024,2.1707317073170733,1.170731707317073,6.219512195121951,2.682926829268293,0.8048780487804879,0.2682926829268293,1.7073170731707317,1.3902439024390243,6.970731707317073,0.5038488453463961,11.060975609756099
320,1997,Jamie,Watson,0,1,0,23,3.391304347826087,1.434782608695652,0.17391304347826086,0.9565217391304348,2.0434782608695654,1.0434782608695652,3.130434782608696,1.3478260869565217,0.5217391304347826,0.17391304347826086,0.6956521739130435,0.5217391304347826,3.436521739130435,0.4934210526315789,11.043478260869565
285,1992,Greg,Grant,1,0,0,68,3.3088235294117645,3.1911764705882355,0.029411764705882353,0.6617647058823529,1.0147058823529411,0.6764705882352942,3.3088235294117645,1.4558823529411764,0.2647058823529412,0.10294117647058823,0.35294117647058826,0.29411764705882354,3.4641176470588233,0.47758532857870606,11.02941176470588
76316,1992,Steve,Burtt,1,0,0,31,6.032258064516129,1.903225806451613,0.12903225806451613,0.5161290322580645,1.096774193548387,1.064516129032258,5.161290322580645,2.3870967741935485,0.1935483870967742,0.03225806451612903,1.7419354838709677,1.2258064516129032,5.927741935483871,0.508815846756639,10.983870967741936
77626,1991,Sidney,Moncrief,1,0,0,72,4.680555555555555,1.4444444444444444,0.125,0.6944444444444444,1.7777777777777777,0.9166666666666666,3.3333333333333335,1.625,0.8888888888888888,0.2916666666666667,1.4583333333333333,1.1388888888888888,3.975,0.5887491264849755,10.95833333333333
712,1998,Mario,Bennett,0,1,1,43,4.116279069767442,0.4186046511627907,0.2558139534883721,0.4418604651162791,2.9302325581395348,0.4883720930232558,3.13953488372093,1.8604651162790697,0.046511627906976744,0.023255813953488372,1.0232558139534884,0.37209302325581395,3.589767441860465,0.5733350608966055,10.953488372093023
1054,1992,Jerrod,Mustaf,0,1,0,52,4.480769230769231,0.8653846153846154,0.3076923076923077,0.40384615384615385,2.7884615384615383,0.9807692307692307,3.7115384615384617,1.7692307692307692,0.0,0.0,1.3653846153846154,0.9423076923076923,4.312307692307693,0.5195326435961469,10.846153846153845
346,1996,Doug,Edwards,0,1,0,31,3.0,1.2580645161290323,0.5806451612903226,0.3225806451612903,2.806451612903226,0.9354838709677419,2.935483870967742,1.032258064516129,0.12903225806451613,0.0,1.2258064516129032,0.9354838709677419,3.4748387096774196,0.4316747122168585,10.838709677419356
180,1999,John,Crotty,1,0,0,26,6.115384615384615,2.423076923076923,0.0,0.4230769230769231,1.1923076923076923,1.2692307692307692,4.769230769230769,1.9615384615384615,1.3846153846153846,0.5384615384615384,1.9230769230769231,1.6538461538461537,5.615384615384615,0.5445205479452054,10.69230769230769
1863,2000,Earl,Boykins,1,0,0,25,5.52,1.92,0.04,0.48,1.04,0.68,4.6,2.24,0.76,0.32,0.92,0.72,5.0047999999999995,0.5514705882352942,10.680000000000001
1601,1999,Rusty,LaRue,1,0,0,43,4.72093023255814,1.4651162790697674,0.06976744186046512,0.7674418604651163,1.302325581395349,0.7906976744186046,5.046511627906977,1.813953488372093,2.0697674418604652,0.6976744186046512,0.3953488372093023,0.3953488372093023,5.22046511627907,0.4521560940841055,10.639534883720932
1729,2000,Ricky,Davis,1,0,0,48,4.729166666666667,1.2916666666666667,0.16666666666666666,0.625,1.7291666666666667,0.9583333333333334,3.8958333333333335,1.9583333333333333,0.08333333333333333,0.0,1.0625,0.8125,4.363333333333333,0.5419213139801375,10.510416666666668
1023,2000,Emanual,Davis,1,0,0,53,4.09433962264151,1.320754716981132,0.09433962264150944,0.7169811320754716,1.8867924528301887,0.8301886792452831,4.150943396226415,1.509433962264151,1.9433962264150944,0.5849056603773585,0.7169811320754716,0.49056603773584906,4.466415094339623,0.45834741466711726,10.49056603773585
78331,1991,Mychal,Thompson,0,0,1,72,4.0,0.2916666666666667,0.3194444444444444,0.3194444444444444,3.1666666666666665,0.6527777777777778,3.1666666666666665,1.5694444444444444,0.027777777777777776,0.0,1.2222222222222223,0.8611111111111112,3.7044444444444444,0.5398920215956808,10.437500000000002
1901,2000,Dion,Glover,1,1,0,30,6.5,0.9,0.13333333333333333,0.5,1.2666666666666666,0.9333333333333333,5.7,2.2,1.5,0.4,2.3333333333333335,1.7,6.726666666666667,0.48315163528245786,10.416666666666666
77426,1992,Kevin,Lynch,0,1,0,55,4.072727272727272,1.509090909090909,0.16363636363636364,0.6727272727272727,1.5454545454545454,0.8,4.054545454545455,1.690909090909091,0.14545454545454545,0.05454545454545454,0.8363636363636363,0.6363636363636364,4.422545454545455,0.4604505837855615,10.4
77254,1994,Warren,Kidd,0,1,0,68,3.6323529411764706,0.27941176470588236,0.3382352941176471,0.27941176470588236,3.426470588235294,0.6470588235294118,2.485294117647059,1.4705882352941178,0.0,0.0,1.2647058823529411,0.6911764705882353,3.041764705882353,0.5970798684973893,10.367647058823529
1667,1993,Steve,Henson,1,0,0,53,4.018867924528302,2.9245283018867925,0.018867924528301886,0.5660377358490566,1.0377358490566038,0.9811320754716981,3.4339622641509435,1.3396226415094339,1.509433962264151,0.6981132075471698,0.7547169811320755,0.6415094339622641,3.7660377358490567,0.5335671342685371,10.339622641509436
709,1997,Ed,O'Bannon,0,1,0,62,3.7903225806451615,0.6290322580645161,0.1935483870967742,0.46774193548387094,2.370967741935484,0.3064516129032258,4.483870967741935,1.5,1.1129032258064515,0.2903225806451613,0.5645161290322581,0.5,4.732258064516128,0.40047716428084534,10.32258064516129
76441,1991,Wayne,Cooper,0,0,1,67,2.1940298507462686,0.3283582089552239,0.9104477611940298,0.1044776119402985,2.8059701492537314,0.3283582089552239,2.1641791044776117,0.8507462686567164,0.014925373134328358,0.0,0.6268656716417911,0.4925373134328358,2.44,0.4495962808906288,10.298507462686567
46,1994,Mike,Peplowski,0,0,1,55,3.2,0.43636363636363634,0.45454545454545453,0.3090909090909091,3.0727272727272728,0.6181818181818182,2.5636363636363635,1.3818181818181818,0.01818181818181818,0.0,0.8,0.43636363636363634,2.9156363636363634,0.5487652781242206,10.281818181818183
967,1998,Brian,Evans,0,1,0,69,4.6521739130434785,0.7971014492753623,0.18840579710144928,0.42028985507246375,1.9855072463768115,0.5507246376811594,4.507246376811594,1.7826086956521738,1.2463768115942029,0.42028985507246375,0.8260869565217391,0.6666666666666666,4.870724637681159,0.4775648655082124,10.159420289855072
112,1997,Dontonio,Wingfield,0,1,0,46,4.586956521739131,0.9782608695652174,0.13043478260869565,0.30434782608695654,2.9782608695652173,1.065217391304348,4.195652173913044,1.7173913043478262,1.673913043478261,0.5652173913043478,0.8695652173913043,0.5869565217391305,4.578260869565218,0.5009496676163342,10.130434782608697
76138,1991,William,Bedford,0,0,1,60,4.533333333333333,0.5333333333333333,0.6,0.03333333333333333,2.183333333333333,0.5333333333333333,4.033333333333333,1.7666666666666666,0.21666666666666667,0.08333333333333333,1.3,0.9166666666666666,4.605333333333333,0.4921829762594094,10.075
76152,1992,Winston,Bennett,1,0,0,54,3.611111111111111,0.7037037037037037,0.16666666666666666,0.35185185185185186,3.0,0.6111111111111112,3.9074074074074074,1.4814814814814814,0.018518518518518517,0.0,0.9259259259259259,0.6481481481481481,4.314814814814815,0.4184549356223176,10.018518518518515
1522,1999,Keith,Booth,0,1,0,37,3.2432432432432434,1.027027027027027,0.2972972972972973,0.5945945945945946,2.5135135135135136,1.054054054054054,4.081081081081081,1.3243243243243243,0.2702702702702703,0.02702702702702703,1.135135135135135,0.5675675675675675,4.58054054054054,0.35402407363700733,10.013513513513516
77516,1991,Tim,McCormick,0,0,1,56,4.5,0.5714285714285714,0.25,0.19642857142857142,2.9464285714285716,0.8035714285714286,3.3392857142857144,1.6607142857142858,0.05357142857142857,0.0,1.6071428571428572,1.1785714285714286,4.046428571428572,0.556045895851721,9.955357142857144
37,1994,Greg,Graham,1,0,0,70,4.828571428571428,0.9428571428571428,0.05714285714285714,0.8714285714285714,1.2285714285714286,0.9285714285714286,4.357142857142857,1.7428571428571429,0.35714285714285715,0.02857142857142857,1.5714285714285714,1.3142857142857143,5.048571428571428,0.47821165817770234,9.942857142857141
1913,2000,Michael,Ruffin,0,1,1,70,2.2714285714285714,0.6285714285714286,0.37142857142857144,0.37142857142857144,3.5714285714285716,0.8428571428571429,1.9714285714285715,0.8285714285714286,0.0,0.0,1.2571428571428571,0.6142857142857143,2.524571428571429,0.4498641919420552,9.857142857142858
1763,2000,Ryan,Bowen,0,1,0,52,2.519230769230769,0.38461538461538464,0.25,0.75,2.1923076923076925,0.2692307692307692,2.25,0.8846153846153846,0.17307692307692307,0.019230769230769232,1.0192307692307692,0.7307692307692307,2.6984615384615385,0.46679019384264536,9.846153846153847
357,1995,Greg,Sutton,1,0,0,53,4.962264150943396,1.7169811320754718,0.03773584905660377,0.6226415094339622,1.0566037735849056,0.9622641509433962,4.339622641509434,1.7735849056603774,2.169811320754717,0.8113207547169812,0.8490566037735849,0.6037735849056604,4.713207547169811,0.5264211369095275,9.839622641509433
957,1997,Todd,Fuller,0,0,1,74,4.081081081081081,0.32432432432432434,0.2702702702702703,0.13513513513513514,3.3513513513513513,0.7027027027027027,3.581081081081081,1.527027027027027,0.0,0.0,1.4864864864864864,1.027027027027027,4.235135135135135,0.48181238034460755,9.81081081081081
1934,2000,Rodney,Buford,1,1,0,31,4.741935483870968,0.6774193548387096,0.25806451612903225,0.3225806451612903,1.5161290322580645,0.2903225806451613,4.838709677419355,2.0,0.9354838709677419,0.22580645161290322,0.7096774193548387,0.5161290322580645,5.150967741935484,0.46029559118236474,9.774193548387098
941,1994,Ennis,Whatley,1,0,0,82,3.5609756097560976,2.207317073170732,0.024390243902439025,0.7195121951219512,1.2073170731707317,0.9512195121951219,2.8780487804878048,1.4634146341463414,0.07317073170731707,0.0,0.8048780487804879,0.6341463414634146,3.2321951219512193,0.5508602475098099,9.756097560975611
1520,1999,Charles,Smith,1,0,0,23,3.652173913043478,0.5652173913043478,0.6086956521739131,0.7391304347826086,1.0434782608695652,0.8695652173913043,4.217391304347826,1.5217391304347827,1.434782608695652,0.30434782608695654,0.6956521739130435,0.30434782608695654,4.523478260869565,0.40369088811995385,9.717391304347824
1077,1997,Ray,Owes,0,1,0,55,3.2181818181818183,0.2727272727272727,0.36363636363636365,0.2545454545454545,2.963636363636364,0.41818181818181815,3.272727272727273,1.3636363636363635,0.09090909090909091,0.01818181818181818,0.8363636363636363,0.4727272727272727,3.640727272727273,0.44196963643627646,9.709090909090909
1545,1999,DeJuan,Wheat,1,0,0,46,4.521739130434782,2.1956521739130435,0.043478260869565216,0.5652173913043478,0.9782608695652174,1.0434782608695652,4.195652173913044,1.5869565217391304,1.3043478260869565,0.4782608695652174,1.1956521739130435,0.8695652173913043,4.721739130434783,0.47882136279926324,9.630434782608695
76890,1991,Darrell,Griffith,1,0,0,75,5.733333333333333,0.49333333333333335,0.09333333333333334,0.56,1.2,0.64,5.933333333333334,2.32,1.84,0.64,0.6,0.4533333333333333,6.197333333333334,0.4625645438898451,9.606666666666667
77893,1991,Brian,Quinnett,1,0,0,68,4.6911764705882355,0.7794117647058824,0.19117647058823528,0.3235294117647059,2.1323529411764706,0.7647058823529411,4.455882352941177,2.0441176470588234,0.6323529411764706,0.22058823529411764,0.5294117647058824,0.38235294117647056,4.688823529411765,0.5002509095471083,9.588235294117647
76148,1994,Tony,Bennett,1,0,0,74,3.3513513513513513,2.2027027027027026,0.013513513513513514,0.527027027027027,1.2162162162162162,0.5405405405405406,3.554054054054054,1.4189189189189189,1.0135135135135136,0.36486486486486486,0.20270270270270271,0.14864864864864866,3.6432432432432433,0.4599406528189911,9.560810810810812
728,1996,Jimmy,King,1,0,0,62,4.5,1.4193548387096775,0.20967741935483872,0.3387096774193548,1.7741935483870968,0.967741935483871,4.112903225806452,1.7741935483870968,0.5483870967741935,0.08064516129032258,1.2419354838709677,0.8709677419354839,4.659354838709678,0.4828994738299639,9.548387096774192
310,1997,Bobby,Hurley,1,0,0,45,3.1777777777777776,3.2444444444444445,0.06666666666666667,0.6,0.8444444444444444,1.2222222222222223,2.7777777777777777,1.0222222222222221,1.0,0.3111111111111111,1.1777777777777778,0.8222222222222222,3.296,0.48206580366774543,9.533333333333335
76268,1992,Tony,Brown,0,1,0,57,4.754385964912281,0.8421052631578947,0.08771929824561403,0.5263157894736842,1.4736842105263157,0.6140350877192983,4.368421052631579,1.7894736842105263,1.105263157894737,0.3333333333333333,1.1578947368421053,0.8421052631578947,4.877894736842105,0.48733995108617467,9.456140350877192
77096,1991,Byron,Irvin,1,0,0,33,5.181818181818182,0.7272727272727273,0.06060606060606061,0.45454545454545453,1.3636363636363635,0.48484848484848486,3.909090909090909,1.8181818181818181,0.15151515151515152,0.030303030303030304,1.8484848484848484,1.5151515151515151,4.722424242424243,0.5486396303901437,9.409090909090907
1869,2000,Charles R.,Jones,1,0,0,54,3.4814814814814814,1.7407407407407407,0.09259259259259259,0.5555555555555556,1.1481481481481481,0.5185185185185185,3.7222222222222223,1.2222222222222223,2.185185185185185,0.7222222222222222,0.42592592592592593,0.3148148148148148,3.9096296296296296,0.44524441076165217,9.370370370370372
1036,1993,Litterial,Green,1,0,0,52,4.519230769230769,2.230769230769231,0.07692307692307693,0.4423076923076923,0.6538461538461539,0.8076923076923077,3.8076923076923075,1.6730769230769231,0.19230769230769232,0.019230769230769232,1.8461538461538463,1.1538461538461537,4.62,0.4890942390942391,9.30769230769231
154,1997,Adrian,Caldwell,0,1,0,44,2.2954545454545454,0.2727272727272727,0.18181818181818182,0.36363636363636365,3.7954545454545454,0.6363636363636364,2.090909090909091,0.9090909090909091,0.045454545454545456,0.0,1.1363636363636365,0.4772727272727273,2.590909090909091,0.44298245614035087,9.30681818181818
1734,2000,Sam,Jacobson,1,0,0,51,4.96078431372549,0.6274509803921569,0.058823529411764705,0.5882352941176471,1.392156862745098,0.6470588235294118,4.137254901960785,2.0980392156862746,0.47058823529411764,0.17647058823529413,0.803921568627451,0.5882352941176471,4.490980392156863,0.5523052741879148,9.284313725490195
189,1995,B.J.,Tyler,1,0,0,55,3.5454545454545454,3.1636363636363636,0.03636363636363636,0.6545454545454545,1.1272727272727272,1.7636363636363637,3.4363636363636365,1.309090909090909,0.9272727272727272,0.2909090909090909,0.9090909090909091,0.6363636363636364,3.8363636363636364,0.46208530805687204,9.218181818181815
705,1996,Randolph,Keys,0,1,0,69,3.36231884057971,0.9420289855072463,0.2028985507246377,0.463768115942029,1.8115942028985508,0.4782608695652174,3.0144927536231885,1.2608695652173914,1.0289855072463767,0.3188405797101449,0.6231884057971014,0.5217391304347826,3.2886956521739132,0.5111933721135201,9.202898550724637
223,1995,Bill,Curley,0,1,0,53,2.69811320754717,0.4716981132075472,0.39622641509433965,0.39622641509433965,2.339622641509434,0.4716981132075472,2.5283018867924527,1.0943396226415094,0.0,0.0,0.6792452830188679,0.5094339622641509,2.8271698113207546,0.4771756540309664,9.141509433962264
77865,1993,Gary,Plummer,0,1,0,60,4.683333333333334,0.6666666666666666,0.18333333333333332,0.23333333333333334,2.8833333333333333,1.3,3.8,1.7666666666666666,0.05,0.0,1.5833333333333333,1.15,4.496666666666666,0.5207561156412158,9.075
78197,1995,Michael,Smith,1,0,0,29,5.275862068965517,0.6896551724137931,0.06896551724137931,0.20689655172413793,1.9310344827586208,0.6206896551724138,4.620689655172414,2.1724137931034484,0.27586206896551724,0.034482758620689655,1.0344827586206897,0.896551724137931,5.075862068965517,0.5197010869565217,9.06896551724138
226,1997,Antonio,Lang,0,1,0,63,2.7142857142857144,0.5238095238095238,0.47619047619047616,0.5238095238095238,2.015873015873016,0.7936507936507936,2.5714285714285716,1.0793650793650793,0.09523809523809523,0.0,0.7619047619047619,0.5555555555555556,2.9066666666666667,0.46690694626474444,8.936507936507937
306,1995,Steve,Colter,1,0,0,57,3.43859649122807,1.7719298245614035,0.10526315789473684,0.5263157894736842,1.0350877192982457,0.631578947368421,2.9649122807017543,1.1754385964912282,0.6140350877192983,0.14035087719298245,1.2456140350877194,0.9473684210526315,3.512982456140351,0.4894127047542948,8.912280701754385
1754,1999,Andrae,Patterson,0,1,0,33,3.4545454545454546,0.45454545454545453,0.21212121212121213,0.5757575757575758,1.9696969696969697,0.6666666666666666,2.9393939393939394,1.303030303030303,0.15151515151515152,0.0,1.0909090909090908,0.8484848484848485,3.4193939393939394,0.5051400212690536,8.909090909090908
1576,1998,Travis,Williams,0,1,0,38,3.5789473684210527,0.5263157894736842,0.13157894736842105,0.47368421052631576,2.4210526315789473,0.7631578947368421,3.1052631578947367,1.4736842105263157,0.02631578947368421,0.0,1.2105263157894737,0.631578947368421,3.6378947368421053,0.49189814814814814,8.894736842105264
1116,1993,Melvin,Newbern,1,0,0,33,3.606060606060606,1.7272727272727273,0.030303030303030304,0.696969696969697,1.121212121212121,0.9696969696969697,3.4242424242424243,1.2727272727272727,0.24242424242424243,0.030303030303030304,1.8181818181818181,1.0303030303030303,4.224242424242425,0.42682926829268286,8.848484848484848
77034,1991,Craig,Hodges,1,0,0,73,4.958904109589041,1.3287671232876712,0.0273972602739726,0.4657534246575342,0.5753424657534246,0.4794520547945205,4.712328767123288,2.0,1.5753424657534247,0.6027397260273972,0.3698630136986301,0.3561643835616438,4.875068493150685,0.5085984039563898,8.828767123287673
77697,1991,Ed,Nealy,0,1,0,55,2.2363636363636363,0.6545454545454545,0.07272727272727272,0.43636363636363634,2.7454545454545456,0.34545454545454546,1.7636363636363637,0.8181818181818182,0.2909090909090909,0.09090909090909091,0.6909090909090909,0.509090909090909,2.0676363636363635,0.5408019697502638,8.681818181818182
1757,1999,Cory,Carr,1,0,0,42,4.071428571428571,1.5714285714285714,0.16666666666666666,0.5,1.1666666666666667,1.0952380952380953,5.142857142857143,1.6904761904761905,0.7142857142857143,0.11904761904761904,0.7619047619047619,0.5714285714285714,5.478095238095238,0.3716098748261474,8.654761904761905
1128,1997,Stephen,Howard,0,1,0,46,3.8260869565217392,0.2391304347826087,0.2608695652173913,0.41304347826086957,1.8478260869565217,0.5434782608695652,2.347826086956522,1.3478260869565217,0.0,0.0,1.7608695652173914,1.1304347826086956,3.122608695652174,0.6126427179058758,8.565217391304346
78523,1992,Mitchell,Wiggins,1,0,0,49,4.3061224489795915,0.4489795918367347,0.02040816326530612,0.40816326530612246,1.9183673469387754,0.5102040816326531,4.673469387755102,1.7959183673469388,0.02040816326530612,0.0,1.0408163265306123,0.7142857142857143,5.131428571428571,0.41958320076360167,8.551020408163263
78035,1991,Delaney,Rudd,1,0,0,82,3.951219512195122,2.6341463414634148,0.024390243902439025,0.43902439024390244,0.8048780487804879,1.2439024390243902,3.475609756097561,1.5121951219512195,0.7439024390243902,0.2073170731707317,0.8658536585365854,0.7195121951219512,3.8565853658536584,0.51226916266127,8.47560975609756
76488,1993,Radisav,Curcic,0,0,1,20,2.9,0.6,0.1,0.35,2.45,0.4,2.05,0.8,0.0,0.0,1.8,1.3,2.8419999999999996,0.5102040816326531,8.475
968,1998,Priest,Lauderdale,0,0,1,39,3.6923076923076925,0.5384615384615384,0.4358974358974359,0.1794871794871795,2.5641025641025643,1.1794871794871795,3.2564102564102564,1.358974358974359,0.0,0.0,1.7692307692307692,0.9743589743589743,4.034871794871795,0.45754956786985257,8.448717948717947
1528,1998,Bubba,Wells,0,1,0,35,3.657142857142857,0.9714285714285714,0.11428571428571428,0.42857142857142855,1.9428571428571428,0.8857142857142857,3.3142857142857145,1.3714285714285714,0.17142857142857143,0.02857142857142857,1.2285714285714286,0.8857142857142857,3.854857142857143,0.4743551734361103,8.428571428571427
78534,1993,Eddielee,Wilkins,0,0,1,26,6.076923076923077,0.07692307692307693,0.038461538461538464,0.2692307692307692,1.5384615384615385,0.6538461538461539,3.730769230769231,2.1153846153846154,0.07692307692307693,0.0,3.0,1.8461538461538463,5.050769230769231,0.6015839171489491,8.423076923076922
1136,1997,Brett,Szabo,0,0,1,63,2.365079365079365,0.2698412698412698,0.5079365079365079,0.25396825396825395,2.6031746031746033,0.6507936507936508,1.8888888888888888,0.8253968253968254,0.015873015873015872,0.0,0.9682539682539683,0.7142857142857143,2.314920634920635,0.5108337904552934,8.420634920634921
1133,1998,Corey,Beck,1,0,0,59,3.23728813559322,1.6610169491525424,0.11864406779661017,0.559322033898305,1.5254237288135593,1.1864406779661016,2.694915254237288,1.2372881355932204,0.06779661016949153,0.03389830508474576,1.0,0.7288135593220338,3.134915254237288,0.5163278546712803,8.35593220338983
212,1996,Yinka,Dare,0,0,1,58,2.8275862068965516,0.0,0.6896551724137931,0.13793103448275862,3.1206896551724137,1.2413793103448276,2.4827586206896552,1.0862068965517242,0.0,0.0,1.0689655172413792,0.6551724137931034,2.9531034482758622,0.4787482484820177,8.336206896551724
76497,1991,Quintin,Dailey,1,0,0,30,6.133333333333334,0.5333333333333333,0.03333333333333333,0.23333333333333334,1.0666666666666667,0.6333333333333333,5.166666666666667,2.433333333333333,0.03333333333333333,0.0,2.066666666666667,1.2666666666666666,6.0760000000000005,0.5047180162387536,8.333333333333336
1753,2000,Toby,Bailey,1,0,0,40,4.075,0.75,0.1,0.3,1.8,0.6,3.45,1.45,0.25,0.05,1.625,1.125,4.165,0.48919567827130855,8.3
1063,1998,Carl,Thomas,1,0,0,39,3.7948717948717947,0.48717948717948717,0.1794871794871795,0.5384615384615384,1.205128205128205,0.46153846153846156,3.58974358974359,1.435897435897436,1.5128205128205128,0.5128205128205128,0.6410256410256411,0.41025641025641024,3.871794871794872,0.4900662251655629,8.282051282051281
1010,1994,Randy,Woods,1,0,0,40,3.625,1.775,0.05,0.6,0.725,0.85,3.325,1.225,1.95,0.675,0.875,0.5,3.71,0.488544474393531,8.275
1872,1999,Randell,Jackson,0,1,0,25,4.48,0.28,0.44,0.12,2.12,1.04,4.24,1.84,0.24,0.04,1.2,0.76,4.768000000000001,0.4697986577181208,8.24
1914,2000,Chris,Herren,1,0,0,45,3.1333333333333333,2.466666666666667,0.044444444444444446,0.3333333333333333,1.1555555555555554,0.9333333333333333,2.7555555555555555,1.0,1.488888888888889,0.5333333333333333,0.8888888888888888,0.6,3.1466666666666665,0.4978813559322034,8.21111111111111
1429,1994,Jimmy,Oliver,1,0,0,44,4.909090909090909,0.75,0.022727272727272728,0.36363636363636365,1.0454545454545454,0.4772727272727273,4.863636363636363,2.022727272727273,0.7272727272727273,0.29545454545454547,0.75,0.5681818181818182,5.193636363636363,0.4726063364256958,8.193181818181818
706,1997,Jerome,Allen,1,0,0,74,3.054054054054054,2.054054054054054,0.05405405405405406,0.4189189189189189,1.3243243243243243,0.9324324324324325,2.972972972972973,1.0405405405405406,1.2567567567567568,0.40540540540540543,0.972972972972973,0.5675675675675675,3.401081081081081,0.4489828353464717,8.148648648648647
241,1996,Darrin,Hancock,0,1,0,63,4.317460317460317,0.746031746031746,0.07936507936507936,0.4444444444444444,1.5555555555555556,0.8888888888888888,3.3968253968253967,1.7777777777777777,0.047619047619047616,0.015873015873015872,1.1587301587301588,0.746031746031746,3.9066666666666667,0.5525759791971395,8.087301587301589
1138,1997,Michael,Hawkins,1,0,0,29,2.7586206896551726,2.206896551724138,0.034482758620689655,0.5517241379310345,1.0689655172413792,0.9655172413793104,2.3448275862068964,1.0,1.0689655172413792,0.3448275862068966,0.5172413793103449,0.41379310344827586,2.572413793103448,0.5361930294906168,8.086206896551724
132,1995,Dwayne,Morton,1,0,0,41,4.073170731707317,0.43902439024390244,0.36585365853658536,0.2682926829268293,1.4146341463414633,0.6585365853658537,3.1463414634146343,1.2195121951219512,0.6097560975609756,0.21951219512195122,2.073170731707317,1.4146341463414633,4.058536585365854,0.5018028846153846,8.073170731707318
340,1991,Kevin,Pritchard,1,0,0,62,3.9193548387096775,1.3064516129032258,0.12903225806451613,0.4838709677419355,1.0483870967741935,0.9516129032258065,3.693548387096774,1.4193548387096775,0.5,0.08064516129032258,1.2419354838709677,1.0,4.24,0.4621880706025563,7.999999999999999
678,1996,George,Zidek,0,0,1,71,3.9577464788732395,0.22535211267605634,0.09859154929577464,0.1267605633802817,2.5774647887323945,0.5352112676056338,3.492957746478873,1.4788732394366197,0.0,0.0,1.3098591549295775,1.0,4.0692957746478875,0.4862937837463658,7.992957746478872
1680,1991,Brian,Oliver,1,0,0,73,3.8219178082191783,1.2054794520547945,0.0547945205479452,0.4657534246575342,1.095890410958904,0.684931506849315,3.7260273972602738,1.5205479452054795,0.2465753424657534,0.0684931506849315,0.9726027397260274,0.7123287671232876,4.153972602739726,0.46003165809259994,7.986301369863014
1628,1991,Alan,Ogg,0,0,1,31,1.7419354838709677,0.06451612903225806,0.8709677419354839,0.1935483870967742,1.5806451612903225,0.25806451612903225,1.7741935483870968,0.7741935483870968,0.06451612903225806,0.0,0.3225806451612903,0.1935483870967742,1.9161290322580644,0.4545454545454546,7.951612903225808
1909,2000,Scott,Padgett,0,1,0,42,2.857142857142857,0.5952380952380952,0.19047619047619047,0.3333333333333333,2.0714285714285716,0.5238095238095238,3.3095238095238093,1.0476190476190477,1.0476190476190477,0.30952380952380953,0.6428571428571429,0.4523809523809524,3.5923809523809522,0.3976670201484624,7.904761904761905
77478,1994,Bob,Martin,0,0,1,53,2.0943396226415096,0.32075471698113206,0.6226415094339622,0.1509433962264151,2.207547169811321,0.5471698113207547,1.6603773584905661,0.7547169811320755,0.0,0.0,0.9622641509433962,0.5849056603773585,2.0837735849056607,0.5025353132922854,7.886792452830189
1117,1991,John,Shasky,0,0,1,57,2.6315789473684212,0.19298245614035087,0.3508771929824561,0.24561403508771928,2.3508771929824563,0.47368421052631576,2.0350877192982457,0.8947368421052632,0.0,0.0,1.3859649122807018,0.8421052631578947,2.6449122807017544,0.4974794375165827,7.885964912280704
1002,1998,Reggie,Geary,1,0,0,60,2.5,1.2333333333333334,0.2,0.6166666666666667,1.1,0.7,2.783333333333333,0.9166666666666666,0.6666666666666666,0.2,0.9,0.4666666666666667,3.179333333333333,0.3931641853638079,7.866666666666667
1683,1991,Larry,Robinson,1,0,0,36,3.861111111111111,0.9722222222222222,0.027777777777777776,0.4444444444444444,1.4166666666666667,0.75,4.166666666666667,1.7222222222222223,0.027777777777777776,0.0,0.75,0.4166666666666667,4.496666666666667,0.429330368173956,7.833333333333332
1900,2000,Quincy,Lewis,1,1,0,74,3.824324324324324,0.5405405405405406,0.20270270270270271,0.32432432432432434,1.527027027027027,0.6216216216216216,4.027027027027027,1.5,0.8513513513513513,0.3108108108108108,0.7027027027027027,0.5135135135135135,4.336216216216217,0.4409748192470705,7.7905405405405395
77493,1992,Tharon,Mayes,1,0,0,24,4.125,1.4583333333333333,0.08333333333333333,0.6666666666666666,0.6666666666666666,1.2916666666666667,4.125,1.25,1.7083333333333333,0.625,1.5,1.0,4.785,0.43103448275862066,7.729166666666666
1563,1998,Kevin,Ollie,1,0,0,32,3.84375,2.03125,0.0,0.40625,1.21875,1.34375,3.0625,1.15625,0.03125,0.0,2.1875,1.53125,4.025,0.4774844720496894,7.65625
77134,1991,Steve,Johnson,0,0,1,24,3.75,0.7083333333333334,0.16666666666666666,0.16666666666666666,2.375,1.0416666666666667,2.625,1.4166666666666667,0.0,0.0,1.5416666666666667,0.9166666666666666,3.3033333333333332,0.5676084762865792,7.624999999999998
1096,1995,Ivano,Newbill,0,0,1,34,1.1764705882352942,0.5,0.3235294117647059,0.35294117647058826,2.3823529411764706,0.35294117647058826,1.3235294117647058,0.47058823529411764,0.0,0.0,0.6470588235294118,0.23529411764705882,1.608235294117647,0.365764447695684,7.500000000000001
76968,1992,Scott,Hastings,0,1,0,40,1.45,0.65,0.375,0.25,2.45,0.55,1.25,0.425,0.225,0.0,0.7,0.6,1.558,0.4653401797175866,7.5
1381,1991,John,Long,1,0,0,25,3.84,0.72,0.08,0.36,1.28,0.56,3.4,1.4,0.24,0.08,1.0,0.96,3.84,0.5,7.4799999999999995
76875,1992,Sean,Green,1,0,0,35,4.0285714285714285,0.6285714285714286,0.17142857142857143,0.37142857142857144,1.2,0.7714285714285715,4.514285714285714,1.7714285714285714,0.2857142857142857,0.05714285714285714,0.8,0.42857142857142855,4.8662857142857145,0.4139267261625176,7.399999999999999
78589,1993,Kennard,Winchester,0,1,0,39,3.6666666666666665,0.3333333333333333,0.2564102564102564,0.2564102564102564,1.2564102564102564,0.38461538461538464,3.5641025641025643,1.564102564102564,0.48717948717948717,0.10256410256410256,0.5641025641025641,0.4358974358974359,3.8123076923076926,0.48089857411891307,7.333333333333333
1521,2000,Jacque,Vaughn,1,0,0,74,3.9054054054054053,1.6216216216216217,0.0,0.43243243243243246,0.8783783783783784,1.027027027027027,3.5405405405405403,1.472972972972973,0.4594594594594595,0.1891891891891892,1.027027027027027,0.7702702702702703,3.992432432432432,0.48910100189547795,7.331081081081081
1898,2000,Cal,Bowdler,0,1,0,44,2.75,0.3181818181818182,0.20454545454545456,0.3181818181818182,1.9318181818181819,0.4772727272727273,2.6136363636363638,1.1136363636363635,0.022727272727272728,0.0,0.8409090909090909,0.5227272727272727,2.983636363636364,0.46084704448507,7.261363636363637
1918,2000,Obinna,Ekezie,0,0,1,38,3.289473684210526,0.21052631578947367,0.10526315789473684,0.23684210526315788,2.4210526315789473,0.6842105263157895,2.3157894736842106,1.0789473684210527,0.0,0.0,1.6842105263157894,1.131578947368421,3.056842105263158,0.5380509641873278,7.2368421052631575
1764,1999,J.R.,Henderson,0,1,0,30,3.2333333333333334,0.7333333333333333,0.13333333333333333,0.3,1.5666666666666667,0.6,3.2,1.1666666666666667,0.16666666666666666,0.06666666666666667,1.5,0.8333333333333334,3.8600000000000003,0.4188255613126079,7.216666666666668
76904,1993,Jay,Guidinger,0,0,1,32,1.59375,0.53125,0.3125,0.28125,2.0,0.3125,1.71875,0.59375,0.0,0.0,0.78125,0.40625,2.0625,0.38636363636363635,7.140625
97,1996,Ronnie,Grandison,0,1,0,28,2.3214285714285716,0.4642857142857143,0.07142857142857142,0.42857142857142855,1.9642857142857142,0.42857142857142855,2.0714285714285716,0.7857142857142857,0.5,0.14285714285714285,0.8928571428571429,0.6071428571428571,2.4642857142857144,0.4710144927536232,7.107142857142857
76844,1991,Jim,Grandholm,0,0,1,26,3.0384615384615383,0.3076923076923077,0.3076923076923077,0.07692307692307693,1.9230769230769231,0.4230769230769231,2.230769230769231,1.1538461538461537,0.6538461538461539,0.34615384615384615,0.8076923076923077,0.38461538461538464,2.586153846153846,0.5874479476502082,7.0769230769230775
992,1997,Marcus,Brown,1,0,0,21,3.9047619047619047,0.9523809523809523,0.09523809523809523,0.38095238095238093,0.7142857142857143,0.6190476190476191,3.3333333333333335,1.3333333333333333,1.5238095238095237,0.6190476190476191,0.9047619047619048,0.6190476190476191,3.7314285714285718,0.523226135783563,7.071428571428572
76676,1994,Jojo,English,1,0,0,36,3.611111111111111,1.0555555555555556,0.2777777777777778,0.2222222222222222,1.25,1.0,3.5833333333333335,1.5555555555555556,0.4722222222222222,0.2222222222222222,0.5833333333333334,0.2777777777777778,3.8400000000000003,0.47019675925925924,7.069444444444445
1747,2000,Rafer,Alston,1,0,0,27,2.2222222222222223,2.5925925925925926,0.0,0.4444444444444444,0.8518518518518519,1.0740740740740742,3.5185185185185186,1.0,0.5185185185185185,0.1111111111111111,0.14814814814814814,0.1111111111111111,3.5837037037037036,0.31004547333608934,7.018518518518519
76599,1991,Larry,Drew,1,0,0,47,2.9574468085106385,2.4680851063829787,0.02127659574468085,0.3191489361702128,0.6808510638297872,1.0212765957446808,2.6595744680851063,1.148936170212766,0.7021276595744681,0.2978723404255319,0.46808510638297873,0.3617021276595745,2.865531914893617,0.516038016038016,7.000000000000002
76852,1994,Josh,Grant,0,1,0,53,2.9622641509433962,0.4528301886792453,0.1509433962264151,0.33962264150943394,1.679245283018868,0.5660377358490566,2.7547169811320753,1.1132075471698113,1.150943396226415,0.32075471698113206,0.5471698113207547,0.41509433962264153,2.9954716981132075,0.4944570420760897,6.99056603773585
321,1994,Scott,Haskin,0,1,0,27,2.037037037037037,0.2222222222222222,0.5555555555555556,0.07407407407407407,2.037037037037037,0.48148148148148145,1.6666666666666667,0.7777777777777778,0.0,0.0,0.7037037037037037,0.48148148148148145,1.9762962962962964,0.5153673163418291,6.981481481481483
316,1996,Richard,Manning,0,0,1,29,3.689655172413793,0.2413793103448276,0.20689655172413793,0.10344827586206896,1.896551724137931,0.5862068965517241,3.896551724137931,1.6896551724137931,0.034482758620689655,0.0,0.4827586206896552,0.3103448275862069,4.108965517241379,0.44897616649882516,6.965517241379311
76097,1993,Stephen,Bardo,1,0,0,23,2.217391304347826,1.2608695652173914,0.13043478260869565,0.34782608695652173,1.608695652173913,0.7391304347826086,2.6956521739130435,0.8260869565217391,0.2608695652173913,0.043478260869565216,0.7391304347826086,0.5217391304347826,3.0208695652173914,0.36701208981001726,6.9565217391304355
1756,2000,Ryan,Stack,0,1,0,22,2.3636363636363638,0.22727272727272727,0.5,0.18181818181818182,2.0454545454545454,0.7727272727272727,2.3181818181818183,0.7727272727272727,0.045454545454545456,0.0,1.2272727272727273,0.8181818181818182,2.8581818181818184,0.41348600508905853,6.954545454545455
77794,1993,Walter,Palmer,0,0,1,20,3.0,0.25,0.25,0.05,2.2,0.5,2.85,1.35,0.0,0.0,0.45,0.3,3.048,0.4921259842519685,6.875000000000001
681,1997,Donny,Marshall,0,1,0,53,3.30188679245283,0.4528301886792453,0.05660377358490566,0.4528301886792453,1.320754716981132,0.6037735849056604,3.018867924528302,0.9811320754716981,1.6415094339622642,0.6226415094339622,1.0188679245283019,0.7169811320754716,3.4671698113207547,0.4761645624727906,6.792452830188679
77114,1992,Dave,Jamerson,1,0,0,48,3.9791666666666665,0.6875,0.0,0.3541666666666667,0.8958333333333334,0.5,3.9791666666666665,1.6458333333333333,0.5833333333333334,0.16666666666666666,0.5625,0.5208333333333334,4.226666666666667,0.47072160883280756,6.770833333333333
76265,1993,Kevin,Brooks,0,1,0,55,4.127272727272727,0.6181818181818182,0.03636363636363636,0.18181818181818182,1.4727272727272727,0.7090909090909091,4.236363636363636,1.690909090909091,0.4727272727272727,0.10909090909090909,0.7272727272727273,0.6363636363636364,4.556363636363637,0.45291300877893054,6.718181818181819
76334,1991,Rick,Calloway,1,0,0,64,3.203125,0.953125,0.109375,0.34375,1.21875,0.796875,3.0,1.171875,0.03125,0.0,1.234375,0.859375,3.543125,0.45201975657082377,6.6796875
1904,2000,Devean,George,0,1,0,45,3.4444444444444446,0.26666666666666666,0.08888888888888889,0.2222222222222222,1.6666666666666667,0.4666666666666667,3.2,1.2444444444444445,1.0444444444444445,0.35555555555555557,0.9111111111111111,0.6,3.600888888888889,0.47827696864971614,6.655555555555556
720,1996,Terrence,Rencher,1,0,0,36,2.9444444444444446,1.5,0.05555555555555555,0.4444444444444444,1.2222222222222223,1.1944444444444444,2.7777777777777777,0.9166666666666666,0.8055555555555556,0.25,1.2777777777777777,0.8611111111111112,3.34,0.4407850964737193,6.638888888888889
1612,1998,Chris,Garner,1,0,0,31,1.7096774193548387,1.3870967741935485,0.12903225806451613,0.6774193548387096,0.7741935483870968,0.7741935483870968,2.2580645161290325,0.7419354838709677,0.45161290322580644,0.12903225806451613,0.22580645161290322,0.0967741935483871,2.3574193548387097,0.36261631089217294,6.629032258064516
77822,1991,Kenny,Payne,0,1,0,47,3.5319148936170213,0.3404255319148936,0.1276595744680851,0.2127659574468085,1.4042553191489362,0.44680851063829785,4.0212765957446805,1.446808510638298,0.3829787234042553,0.0851063829787234,0.6170212765957447,0.5531914893617021,4.292765957446808,0.41137985725614595,6.617021276595745
76024,1991,Steve,Alford,1,0,0,34,4.4411764705882355,0.6470588235294118,0.029411764705882353,0.23529411764705882,0.7058823529411765,0.47058823529411764,3.4411764705882355,1.7352941176470589,0.6764705882352942,0.20588235294117646,0.9117647058823529,0.7647058823529411,3.842352941176471,0.577924066135946,6.588235294117647
78279,1991,Jon,Sundvold,1,0,0,24,4.666666666666667,1.0,0.0,0.2916666666666667,0.375,0.6666666666666666,4.458333333333333,1.7916666666666667,1.4583333333333333,0.625,0.4583333333333333,0.4583333333333333,4.66,0.5007153075822603,6.562500000000001
78201,1994,Reggie,Smith,0,1,0,43,1.7674418604651163,0.09302325581395349,0.13953488372093023,0.27906976744186046,2.302325581395349,0.27906976744186046,1.6744186046511629,0.6744186046511628,0.0,0.0,0.8837209302325582,0.4186046511627907,2.0632558139534884,0.4283137962128043,6.476744186046512
675,1996,Junior,Burrough,0,1,0,61,3.098360655737705,0.2459016393442623,0.16393442622950818,0.2459016393442623,1.7868852459016393,0.6557377049180327,2.7868852459016393,1.0491803278688525,0.0,0.0,1.5245901639344261,1.0,3.457704918032787,0.4480371704911815,6.475409836065574
76183,1993,Lance,Blanks,1,0,0,61,2.639344262295082,1.180327868852459,0.08196721311475409,0.26229508196721313,1.1147540983606556,0.5081967213114754,2.459016393442623,1.0655737704918034,0.7049180327868853,0.18032786885245902,0.5245901639344263,0.32786885245901637,2.6898360655737705,0.4906143344709898,6.442622950819673
342,1991,Andy,Toolson,0,1,0,47,2.9148936170212765,0.6595744680851063,0.0425531914893617,0.2978723404255319,1.425531914893617,0.5106382978723404,2.6382978723404253,1.0638297872340425,0.6808510638297872,0.2553191489361702,0.7021276595744681,0.5319148936170213,2.947234042553191,0.4945134276638753,6.382978723404255
1361,1997,Mark,Bradtke,0,0,1,31,1.903225806451613,0.22580645161290322,0.16129032258064516,0.16129032258064516,2.193548387096774,0.25806451612903225,1.8709677419354838,0.8064516129032258,0.0,0.0,0.41935483870967744,0.2903225806451613,2.0554838709677417,0.462962962962963,6.306451612903226
78110,1993,Brad,Sellers,0,1,0,54,2.5,0.8518518518518519,0.18518518518518517,0.1111111111111111,1.537037037037037,0.5,2.4074074074074074,0.9074074074074074,0.018518518518518517,0.0,0.7222222222222222,0.6851851851851852,2.725185185185185,0.45868442511552054,6.268518518518518
1821,1992,Mark,Randall,0,1,0,54,3.1666666666666665,0.6111111111111112,0.05555555555555555,0.2222222222222222,1.3148148148148149,0.46296296296296297,2.759259259259259,1.2592592592592593,0.2962962962962963,0.05555555555555555,0.7962962962962963,0.5925925925925926,3.1096296296296293,0.5091710338256313,6.240740740740741
1432,1994,Joe,Courtney,0,1,0,52,3.230769230769231,0.28846153846153844,0.23076923076923078,0.19230769230769232,1.0769230769230769,0.40384615384615385,2.8461538461538463,1.2884615384615385,0.057692307692307696,0.038461538461538464,0.9038461538461539,0.6153846153846154,3.243846153846154,0.4979843490633151,6.163461538461539
1003,1998,Drew,Barry,1,0,0,27,2.074074074074074,1.8148148148148149,0.037037037037037035,0.37037037037037035,1.2962962962962963,1.1111111111111112,1.4074074074074074,0.6666666666666666,0.7777777777777778,0.3333333333333333,0.48148148148148145,0.4074074074074074,1.6192592592592594,0.6404391582799633,6.148148148148148
1515,1998,Anthony,Parker,1,0,0,28,2.5714285714285716,0.6785714285714286,0.10714285714285714,0.39285714285714285,0.8928571428571429,0.39285714285714285,2.25,0.8928571428571429,1.0,0.32142857142857145,0.7142857142857143,0.4642857142857143,2.564285714285714,0.5013927576601672,6.142857142857143
1030,1993,Duane,Cooper,1,0,0,65,2.4,2.3076923076923075,0.03076923076923077,0.27692307692307694,0.7692307692307693,1.0615384615384615,2.4307692307692306,0.9538461538461539,0.46153846153846156,0.1076923076923077,0.5384615384615384,0.38461538461538464,2.6676923076923074,0.4498269896193772,6.123076923076923
77628,1992,Rodney,Monroe,1,0,0,38,3.4473684210526314,0.7105263157894737,0.05263157894736842,0.3157894736842105,0.868421052631579,0.6052631578947368,3.789473684210526,1.394736842105263,0.7105263157894737,0.15789473684210525,0.6052631578947368,0.5,4.05578947368421,0.42499351154944204,6.078947368421053
1895,2000,William,Avery,1,0,0,53,2.811320754716981,1.6603773584905661,0.03773584905660377,0.2641509433962264,0.7547169811320755,0.7924528301886793,3.339622641509434,1.0188679245283019,1.150943396226415,0.33962264150943394,0.660377358490566,0.4339622641509434,3.630188679245283,0.3872141372141372,6.056603773584905
1089,1997,Kevin,Salvadori,0,0,1,21,1.7619047619047619,0.47619047619047616,0.6190476190476191,0.09523809523809523,1.1904761904761905,0.5714285714285714,1.5714285714285714,0.5714285714285714,0.0,0.0,0.8571428571428571,0.6190476190476191,1.9485714285714284,0.4521016617790812,5.976190476190476
1525,1998,Charles,O'Bannon,1,0,0,27,2.3703703703703702,0.6296296296296297,0.037037037037037035,0.3333333333333333,1.2222222222222223,0.3333333333333333,2.5555555555555554,0.9629629629629629,0.1111111111111111,0.0,0.5555555555555556,0.4444444444444444,2.8,0.42328042328042326,5.962962962962963
76703,1991,Dave,Feitl,0,0,1,52,2.6346153846153846,0.15384615384615385,0.23076923076923078,0.057692307692307696,1.9230769230769231,0.4807692307692308,2.6923076923076925,1.0,0.057692307692307696,0.0,0.8461538461538461,0.6346153846153846,3.0646153846153847,0.4298443775100401,5.9423076923076925
76308,1994,Evers,Burns,0,1,0,23,2.4347826086956523,0.391304347826087,0.13043478260869565,0.2608695652173913,1.3043478260869565,0.30434782608695654,2.391304347826087,0.9565217391304348,0.0,0.0,1.0,0.5217391304347826,2.831304347826087,0.42997542997543003,5.934782608695652
1577,1994,Darnell,Mee,1,0,0,38,1.9210526315789473,0.42105263157894735,0.34210526315789475,0.39473684210526316,0.9210526315789473,0.47368421052631576,2.3157894736842106,0.7368421052631579,0.631578947368421,0.13157894736842105,0.7105263157894737,0.3157894736842105,2.628421052631579,0.36543852623147777,5.934210526315789
1737,2000,Nazr,Mohammed,0,0,1,27,2.0,0.07407407407407407,0.4444444444444444,0.14814814814814814,1.8518518518518519,0.6666666666666666,2.0,0.7777777777777778,0.0,0.0,0.8148148148148148,0.4444444444444444,2.3585185185185185,0.4239949748743719,5.925925925925926
66,1996,Marques,Bragg,0,1,0,53,2.4716981132075473,0.1509433962264151,0.1509433962264151,0.32075471698113206,1.490566037735849,0.49056603773584906,2.2641509433962264,1.0188679245283019,0.0,0.0,0.7735849056603774,0.4339622641509434,2.604528301886792,0.4745001448855405,5.839622641509433
700,1996,Keith,Tower,0,0,1,34,2.411764705882353,0.14705882352941177,0.3235294117647059,0.11764705882352941,1.5,0.47058823529411764,2.1176470588235294,0.9411764705882353,0.029411764705882353,0.0,0.7647058823529411,0.5294117647058824,2.4541176470588235,0.4913710450623202,5.705882352941177
76094,1991,Ken,Bannister,0,1,0,47,2.3617021276595747,0.19148936170212766,0.14893617021276595,0.10638297872340426,2.0425531914893615,0.5319148936170213,1.7234042553191489,0.9148936170212766,0.02127659574468085,0.0,1.3829787234042554,0.5319148936170213,2.3319148936170215,0.5063868613138686,5.670212765957447
1126,1997,Donald,Whiteside,1,0,0,25,2.36,1.44,0.0,0.44,0.48,0.68,2.16,0.72,1.44,0.48,0.6,0.44,2.4240000000000004,0.4867986798679867,5.64
726,1996,Sherell,Ford,0,1,0,28,3.2142857142857144,0.17857142857142858,0.03571428571428571,0.2857142857142857,0.8571428571428571,0.21428571428571427,2.857142857142857,1.0714285714285714,0.8928571428571429,0.14285714285714285,1.2142857142857142,0.9285714285714286,3.3914285714285715,0.4738837405223252,5.625000000000001
1070,2000,Devin,Gray,0,1,0,21,2.3333333333333335,0.23809523809523808,0.14285714285714285,0.23809523809523808,1.1904761904761905,0.19047619047619047,1.7619047619047619,0.7142857142857143,0.0,0.0,1.380952380952381,0.9047619047619048,2.3695238095238094,0.492363344051447,5.619047619047619
160,1996,Tim,Breaux,0,1,0,54,2.9814814814814814,0.4444444444444444,0.14814814814814814,0.2037037037037037,1.1111111111111112,0.5555555555555556,2.9814814814814814,1.0925925925925926,0.8518518518518519,0.2777777777777778,0.8333333333333334,0.5185185185185185,3.348148148148148,0.4452433628318584,5.611111111111111
77623,1991,Paul,Mokeski,0,0,1,36,1.5833333333333333,0.25,0.08333333333333333,0.2222222222222222,1.8611111111111112,0.19444444444444445,1.6388888888888888,0.5833333333333334,0.25,0.08333333333333333,0.4166666666666667,0.3333333333333333,1.8222222222222222,0.4344512195121951,5.583333333333333
671,1997,Donnie,Boyce,1,0,0,22,2.5,0.5909090909090909,0.18181818181818182,0.45454545454545453,0.6818181818181818,0.7272727272727273,2.8636363636363638,0.9545454545454546,0.7272727272727273,0.09090909090909091,1.0,0.5,3.3036363636363637,0.3783709411117226,5.5
691,1996,Lou,Roe,0,1,0,49,1.836734693877551,0.30612244897959184,0.16326530612244897,0.20408163265306123,1.5918367346938775,0.3469387755102041,1.836734693877551,0.6530612244897959,0.1836734693877551,0.04081632653061224,0.6530612244897959,0.4897959183673469,2.1240816326530614,0.43235972328977706,5.459183673469387
77138,1993,Dave,Johnson,1,0,0,42,3.738095238095238,0.30952380952380953,0.023809523809523808,0.19047619047619047,1.1428571428571428,0.6666666666666666,3.5476190476190474,1.3571428571428572,0.3333333333333333,0.07142857142857142,1.4047619047619047,0.9523809523809523,4.1657142857142855,0.44867398262459995,5.440476190476191
1819,1992,John,Turner,0,1,0,42,2.7857142857142856,0.2857142857142857,0.09523809523809523,0.14285714285714285,1.8571428571428572,0.7619047619047619,2.3333333333333335,1.0238095238095237,0.0,0.0,1.4047619047619047,0.7380952380952381,2.9514285714285715,0.47192642787996125,5.428571428571429
984,1997,Steve,Hamer,0,0,1,34,2.235294117647059,0.20588235294117646,0.11764705882352941,0.058823529411764705,1.7647058823529411,0.38235294117647056,1.6764705882352942,0.8823529411764706,0.058823529411764705,0.0,0.8529411764705882,0.47058823529411764,2.051764705882353,0.5447247706422018,5.132352941176471
719,1996,Randolph,Childress,1,0,0,28,3.0357142857142856,1.1428571428571428,0.03571428571428571,0.2857142857142857,0.6785714285714286,1.0,2.8214285714285716,0.8928571428571429,1.6785714285714286,0.4642857142857143,0.9642857142857143,0.7857142857142857,3.245714285714286,0.4676496478873239,5.05357142857143
1619,1998,Kiwane,Garris,1,0,0,28,2.4285714285714284,1.0,0.03571428571428571,0.25,0.6785714285714286,0.5357142857142857,2.3214285714285716,0.7857142857142857,0.5,0.17857142857142858,0.8928571428571429,0.6785714285714286,2.7142857142857144,0.4473684210526315,5.017857142857143
1527,1998,Marko,Milic,1,0,0,29,3.1724137931034484,0.41379310344827586,0.0,0.3448275862068966,0.8620689655172413,0.7241379310344828,2.206896551724138,1.3448275862068966,0.20689655172413793,0.10344827586206896,0.5862068965517241,0.3793103448275862,2.4648275862068965,0.6435366536094013,5.017241379310345
88,1993,Steve,Scheffler,0,1,0,29,2.2758620689655173,0.1724137931034483,0.034482758620689655,0.20689655172413793,1.2413793103448276,0.1724137931034483,1.6551724137931034,0.8620689655172413,0.0,0.0,0.8275862068965517,0.5517241379310345,2.019310344827586,0.5635245901639345,5.017241379310345
77358,1992,Doug,Lee,1,0,0,46,2.608695652173913,0.4782608695652174,0.021739130434782608,0.2391304347826087,0.7608695652173914,0.2608695652173913,2.5217391304347827,1.0869565217391304,0.8043478260869565,0.21739130434782608,0.41304347826086957,0.21739130434782608,2.703478260869565,0.4824702476680605,4.989130434782609
1886,2000,Jonathan,Bender,0,1,0,22,2.8636363636363638,0.13636363636363635,0.22727272727272727,0.045454545454545456,0.9090909090909091,0.2727272727272727,3.1363636363636362,1.0454545454545454,0.5454545454545454,0.09090909090909091,1.0454545454545454,0.6818181818181818,3.596363636363636,0.39812942366026294,4.977272727272727
1035,1998,Shawnelle,Scott,0,0,1,35,1.1428571428571428,0.22857142857142856,0.22857142857142856,0.17142857142857143,1.6285714285714286,0.2857142857142857,1.0,0.42857142857142855,0.0,0.0,0.45714285714285713,0.2857142857142857,1.201142857142857,0.47573739295908657,4.957142857142858
76453,1991,Dave,Corzine,0,0,1,28,1.6785714285714286,0.14285714285714285,0.17857142857142858,0.17857142857142858,1.1785714285714286,0.07142857142857142,1.3571428571428572,0.6071428571428571,0.0,0.0,0.7857142857142857,0.4642857142857143,1.7028571428571428,0.4928691275167785,4.946428571428571
998,1998,Mark,Pope,0,1,1,22,1.7727272727272727,0.3181818181818182,0.2727272727272727,0.13636363636363635,1.1363636363636365,0.36363636363636365,1.8636363636363635,0.6363636363636364,0.13636363636363635,0.045454545454545456,0.7727272727272727,0.45454545454545453,2.2036363636363636,0.40222772277227725,4.863636363636363
1456,1991,Randy,Wittman,1,0,0,41,1.8048780487804879,0.6097560975609756,0.0975609756097561,0.24390243902439024,0.8048780487804879,0.24390243902439024,1.9268292682926829,0.8536585365853658,0.12195121951219512,0.0,0.14634146341463414,0.0975609756097561,1.991219512195122,0.4532092111709946,4.804878048780488
1960,2000,Milt,Palacio,1,0,0,52,2.076923076923077,0.9230769230769231,0.0,0.38461538461538464,0.9807692307692307,0.8461538461538461,1.8846153846153846,0.8269230769230769,0.038461538461538464,0.0,0.7115384615384616,0.4230769230769231,2.1976923076923076,0.4725236261813091,4.778846153846154
1118,1993,Tim,Kempton,0,0,1,30,1.8666666666666667,0.6333333333333333,0.13333333333333333,0.13333333333333333,1.3,0.5333333333333333,1.6,0.6333333333333333,0.0,0.0,1.0333333333333334,0.6,2.054666666666667,0.45425048669695,4.766666666666667
1908,2000,Jumaine,Jones,0,1,0,29,1.9655172413793103,0.1724137931034483,0.1724137931034483,0.20689655172413793,1.3103448275862069,0.4827586206896552,2.0,0.7586206896551724,0.13793103448275862,0.06896551724137931,0.6206896551724138,0.3793103448275862,2.273103448275862,0.4323422330097087,4.7413793103448265
1930,2000,Lari,Ketner,0,1,0,20,1.7,0.05,0.15,0.2,1.7,0.5,1.6,0.65,0.0,0.0,0.6,0.4,1.864,0.45600858369098707,4.725
1831,1999,Marlon,Garnett,1,0,0,23,2.130434782608696,0.782608695652174,0.043478260869565216,0.21739130434782608,0.9130434782608695,0.5217391304347826,2.217391304347826,0.6521739130434783,1.0,0.2608695652173913,0.782608695652174,0.5652173913043478,2.5617391304347827,0.41581805838424984,4.673913043478261
101258,1993,Corey,Williams,1,0,0,35,2.3142857142857145,0.6571428571428571,0.02857142857142857,0.11428571428571428,0.8857142857142857,0.3142857142857143,2.4285714285714284,0.8857142857142857,0.08571428571428572,0.02857142857142857,0.6285714285714286,0.5142857142857142,2.705142857142857,0.4277566539923955,4.571428571428571
77129,1991,Les,Jepsen,1,0,0,21,1.3333333333333333,0.047619047619047616,0.14285714285714285,0.047619047619047616,1.7619047619047619,0.14285714285714285,1.7142857142857142,0.5238095238095238,0.047619047619047616,0.0,0.42857142857142855,0.2857142857142857,1.9028571428571428,0.35035035035035034,4.523809523809524
1937,2000,Tim,Young,0,0,1,24,2.25,0.20833333333333334,0.041666666666666664,0.08333333333333333,1.4583333333333333,0.375,1.5833333333333333,0.5416666666666666,0.0,0.0,1.5,1.1666666666666667,2.243333333333333,0.5014858841010401,4.5
1101,1992,Rich,King,0,0,1,40,2.2,0.3,0.125,0.1,1.225,0.45,1.775,0.675,0.025,0.0,1.125,0.85,2.27,0.4845814977973569,4.487500000000001
78379,1995,Henry,Turner,1,0,0,30,2.2666666666666666,0.23333333333333334,0.03333333333333333,0.26666666666666666,0.9333333333333333,0.4,1.9,0.7666666666666667,0.16666666666666666,0.06666666666666667,1.1666666666666667,0.6666666666666666,2.413333333333333,0.4696132596685083,4.416666666666667
1049,1997,Shane,Heal,1,0,0,32,2.34375,1.0,0.0625,0.09375,0.53125,0.5,3.0,0.8125,2.0,0.625,0.15625,0.09375,3.06875,0.3818737270875764,4.265625
77785,1992,Keith,Owens,0,1,0,20,1.3,0.15,0.2,0.25,0.75,0.1,1.6,0.45,0.0,0.0,0.5,0.4,1.82,0.35714285714285715,4.25
76410,1991,Richard,Coffey,1,0,0,52,1.3076923076923077,0.057692307692307696,0.07692307692307693,0.11538461538461539,1.5192307692307692,0.09615384615384616,1.4423076923076923,0.5384615384615384,0.019230769230769232,0.0,0.4230769230769231,0.23076923076923078,1.6284615384615384,0.401511572980633,4.25
76517,1994,Brian,Davis,0,1,0,68,1.9264705882352942,0.3235294117647059,0.058823529411764705,0.23529411764705882,0.8088235294117647,0.27941176470588236,1.8529411764705883,0.5882352941176471,0.04411764705882353,0.014705882352941176,1.0,0.7352941176470589,2.2929411764705883,0.42008722421754746,4.24264705882353
1871,1999,Gerald,Brown,1,0,0,33,2.4242424242424243,0.9393939393939394,0.030303030303030304,0.15151515151515152,0.6666666666666666,0.6666666666666666,2.696969696969697,1.0,0.30303030303030304,0.09090909090909091,0.42424242424242425,0.3333333333333333,2.8836363636363633,0.42034468263976466,4.227272727272728
76683,1996,Vincenzo,Esposito,1,0,0,30,3.8666666666666667,0.7666666666666667,0.0,0.23333333333333334,0.5333333333333333,1.3,3.3333333333333335,1.2,1.8666666666666667,0.43333333333333335,1.3,1.0333333333333334,3.9053333333333335,0.49504950495049505,4.15
76482,1992,Corey,Crowder,0,1,0,51,2.235294117647059,0.3333333333333333,0.0392156862745098,0.13725490196078433,0.803921568627451,0.2549019607843137,2.196078431372549,0.8431372549019608,0.5882352941176471,0.2549019607843137,0.35294117647058826,0.29411764705882354,2.351372549019608,0.4753168779186124,4.137254901960785
77846,1994,Richard,Petruska,0,0,1,22,2.409090909090909,0.045454545454545456,0.13636363636363635,0.09090909090909091,1.4090909090909092,0.6818181818181818,2.090909090909091,0.9090909090909091,0.6818181818181818,0.3181818181818182,0.36363636363636365,0.2727272727272727,2.250909090909091,0.5351373182552505,4.136363636363637
1919,2000,Laron,Profit,1,1,0,32,1.53125,0.78125,0.125,0.21875,0.8125,0.59375,1.84375,0.65625,0.53125,0.09375,0.3125,0.125,1.98125,0.3864353312302839,4.109375
1666,1994,Gerald,Madkins,1,0,0,22,1.5909090909090908,0.8636363636363636,0.0,0.4090909090909091,0.5,0.5909090909090909,1.4090909090909092,0.5,0.6818181818181818,0.22727272727272727,0.45454545454545453,0.36363636363636365,1.6090909090909091,0.49435028248587565,4.090909090909091
78317,1991,Irving,Thomas,0,1,0,26,1.7692307692307692,0.38461538461538464,0.038461538461538464,0.15384615384615385,1.1923076923076923,0.5,1.9230769230769231,0.6538461538461539,0.0,0.0,0.8076923076923077,0.46153846153846156,2.2784615384615385,0.38825118163403105,3.903846153846154
77053,1991,Dave,Hoppen,0,0,1,30,2.1333333333333333,0.1,0.03333333333333333,0.1,1.3,0.43333333333333335,1.4666666666666666,0.8,0.06666666666666667,0.0,0.7333333333333333,0.5333333333333333,1.7893333333333332,0.5961251862891207,3.9000000000000017
76446,1992,Tom,Copa,0,1,0,33,1.4545454545454546,0.09090909090909091,0.18181818181818182,0.06060606060606061,1.0909090909090908,0.24242424242424243,1.2121212121212122,0.6666666666666666,0.0,0.0,0.3939393939393939,0.12121212121212122,1.3854545454545455,0.5249343832020997,3.7121212121212124
77362,1991,Kurk,Lee,1,0,0,48,1.375,0.7083333333333334,0.041666666666666664,0.22916666666666666,0.625,0.4166666666666667,1.4791666666666667,0.3958333333333333,0.3125,0.0625,0.5833333333333334,0.5208333333333334,1.7358333333333333,0.39606337013922227,3.6250000000000004
77294,1992,Bart,Kofoed,0,1,0,44,1.5,1.1590909090909092,0.045454545454545456,0.045454545454545456,0.5909090909090909,0.45454545454545453,1.2045454545454546,0.5681818181818182,0.1590909090909091,0.022727272727272728,0.5909090909090909,0.3409090909090909,1.4645454545454546,0.5121042830540037,3.579545454545454
1635,1994,Malcolm,Mackey,0,1,0,22,1.4545454545454546,0.045454545454545456,0.13636363636363635,0.0,1.0909090909090908,0.09090909090909091,1.6818181818181819,0.6363636363636364,0.09090909090909091,0.0,0.36363636363636365,0.18181818181818182,1.8418181818181818,0.39486673247778875,3.522727272727273
76180,1993,Alex,Blackwell,0,1,0,27,1.2592592592592593,0.25925925925925924,0.07407407407407407,0.14814814814814814,0.8518518518518519,0.18518518518518517,1.5555555555555556,0.5185185185185185,0.1111111111111111,0.0,0.2962962962962963,0.2222222222222222,1.6859259259259258,0.37346221441124783,3.4444444444444446
77301,1991,Frank,Kornet,0,1,0,32,1.8125,0.28125,0.03125,0.15625,0.75,0.34375,1.9375,0.71875,0.5625,0.15625,0.40625,0.21875,2.11625,0.4282339043118724,3.421875
942,1996,Todd,Mundt,0,0,1,33,1.121212121212121,0.09090909090909091,0.15151515151515152,0.06060606060606061,0.8484848484848485,0.09090909090909091,1.2424242424242424,0.48484848484848486,0.0,0.0,0.24242424242424243,0.15151515151515152,1.3490909090909091,0.4155435759209344,3.196969696969697
77647,1993,Isaiah,Morris,0,1,0,25,2.2,0.16,0.04,0.12,0.48,0.32,2.28,1.04,0.0,0.0,0.16,0.12,2.3503999999999996,0.4680054458815522,3.16
1022,1995,Julius,Nwosu,0,1,0,23,1.3478260869565217,0.13043478260869565,0.13043478260869565,0.0,1.0434782608695652,0.391304347826087,1.2173913043478262,0.391304347826087,0.0,0.0,0.7391304347826086,0.5652173913043478,1.542608695652174,0.4368658399098083,2.8478260869565215
78316,1992,Charles,Thomas,1,0,0,36,1.3333333333333333,0.6111111111111112,0.027777777777777776,0.1111111111111111,0.6111111111111112,0.4722222222222222,1.4166666666666667,0.5,0.4722222222222222,0.05555555555555555,0.4166666666666667,0.2777777777777778,1.6,0.41666666666666663,2.7777777777777786
