personId,firstName,lastName,gamesPlayed,points,assists,reboundsTotal,blocks,steals,turnovers,fieldGoalsAttempted,fieldGoalsMade,threePointersAttempted,threePointersMade,freeThrowsAttempted,freeThrowsMade,guard,forward,center,trueShootingAttempts,ts,fantasyPoints,br_id
203076,Anthony,Davis,528,24.009469696969692,2.238636363636364,10.382575757575758,2.393939393939394,1.3825757575757576,1.9375,17.28409090909091,8.909090909090908,1.503787878787879,0.4791666666666667,7.119318181818182,5.712121212121212,0,1,1,20.41659090909091,0.5879891947651011,54.17234848484848,
2544,LeBron,James,717,26.485355648535563,7.721059972105997,7.732217573221757,0.6624825662482566,1.4783821478382149,3.6569037656903767,18.658298465829848,9.854951185495118,4.336122733612274,1.5397489539748954,7.203626220362622,5.235704323570432,0,1,0,21.827894002789403,0.6066860056483456,50.91492329149232,
201566,Russell,Westbrook,714,24.97759103641457,8.698879551820728,7.578431372549019,0.3081232492997199,1.8445378151260503,4.256302521008403,19.99859943977591,8.836134453781513,4.166666666666667,1.2871148459383754,7.529411764705882,6.018207282913165,1,0,0,23.311540616246496,0.5357344554698146,49.491596638655466,
203954,Joel,Embiid,208,23.995192307692307,3.125,11.495192307692308,1.7932692307692308,0.7548076923076923,3.514423076923077,16.697115384615383,8.009615384615385,3.5913461538461537,1.1442307692307692,8.615384615384615,6.831730769230769,0,1,1,20.487884615384612,0.5855946760280466,49.08894230769232,
201142,Kevin,Durant,613,27.6884176182708,4.66231647634584,7.404567699836868,1.1892332789559543,1.0799347471451877,3.140293637846656,18.65415986949429,9.415986949429035,5.442088091353996,2.097879282218597,7.65742251223491,6.758564437194127,0,1,0,22.02342577487765,0.6286128666198532,48.58482871125612,
1626157,Karl-Anthony,Towns,358,22.66201117318436,2.7709497206703912,11.756983240223464,1.4608938547486034,0.776536312849162,2.525139664804469,16.036312849162012,8.55586592178771,3.575418994413408,1.4162011173184357,4.9748603351955305,4.134078212290503,0,1,1,18.225251396648044,0.6217201255548199,48.35335195530726,
1629029,Luka,Doncic,133,24.69924812030075,7.2706766917293235,8.541353383458647,0.2932330827067669,1.045112781954887,3.81203007518797,18.35338345864661,8.172932330827068,7.932330827067669,2.548872180451128,7.87218045112782,5.804511278195489,1,1,0,21.81714285714285,0.5660513909183645,46.14661654135338,
201935,James,Harden,756,26.6957671957672,6.756613756613756,5.554232804232805,0.5568783068783069,1.630952380952381,3.921957671957672,17.633597883597883,7.842592592592593,8.117724867724867,2.945767195767196,9.37962962962963,8.064814814814815,1,0,0,21.76063492063492,0.613395870413056,46.06944444444445,
202326,DeMarcus,Cousins,565,21.249557522123894,3.2424778761061948,10.85132743362832,1.2336283185840708,1.424778761061947,3.5398230088495577,16.451327433628318,7.580530973451327,1.8247787610619468,0.6053097345132743,7.442477876106195,5.483185840707964,0,0,1,19.726017699115044,0.5386175214442092,45.94424778761062,
203083,Andre,Drummond,599,14.475792988313856,1.2988313856427378,13.836393989983303,1.5659432387312189,1.3939899833055092,1.9565943238731216,11.285475792988311,6.111853088480801,0.1719532554257095,0.025041736227045,4.831385642737897,2.2270450751252087,0,0,1,13.411285475792988,0.5396870051883645,45.10517529215358,
203507,Giannis,Antetokounmpo,528,20.079545454545453,4.308712121212121,8.901515151515152,1.3106060606060606,1.1742424242424243,2.761363636363636,13.93371212121212,7.335227272727272,2.058712121212121,0.5852272727272727,6.678030303030303,4.823863636363637,0,1,0,16.872045454545454,0.5950536794320891,44.311553030303024,
1627732,Ben,Simmons,217,16.37327188940092,7.953917050691245,8.294930875576037,0.7557603686635944,1.7096774193548387,3.4654377880184333,12.004608294930875,6.723502304147465,0.1105990783410138,0.0092165898617511,4.917050691244239,2.91705069124424,1,1,0,14.16811059907834,0.5778212901043428,43.67741935483871,
101108,Chris,Paul,675,18.016296296296296,9.195555555555556,4.425185185185185,0.1511111111111111,2.0903703703703704,2.3362962962962963,13.36,6.271111111111111,4.234074074074074,1.586666666666667,4.394074074074074,3.887407407407408,1,0,0,15.293392592592593,0.5890222260109426,42.74074074074075,
201939,Stephen,Curry,618,24.3042071197411,6.713592233009709,4.533980582524272,0.2216828478964401,1.703883495145631,3.132686084142395,17.45631067961165,8.339805825242719,8.671521035598705,3.768608414239482,4.250809061488673,3.855987055016181,1,0,0,19.326666666666668,0.6287738992689142,42.61245954692557,
203999,Nikola,Jokic,379,17.04485488126649,5.530343007915567,9.643799472295514,0.6992084432717678,1.116094986807388,2.5277044854881265,12.506596306068602,6.556728232189974,2.712401055408971,0.9155672823218998,3.651715039577837,3.015831134564644,0,0,1,14.11335092348285,0.6038557027908229,42.01187335092349,
201933,Blake,Griffin,622,21.670418006430868,4.419614147909968,8.844051446945338,0.5160771704180064,0.8890675241157556,2.59967845659164,16.292604501607716,8.117363344051446,1.9662379421221865,0.6543408360128617,6.885852090032154,4.781350482315113,0,1,0,19.322379421221864,0.5607595610774039,41.9871382636656,
200746,LaMarcus,Aldridge,705,21.02269503546099,2.15886524822695,8.84822695035461,1.1617021276595745,0.7262411347517731,1.6709219858156028,17.116312056737588,8.421276595744681,0.7531914893617021,0.2397163120567376,4.770212765957447,3.9404255319148938,0,1,1,19.215205673758863,0.547032787272491,41.74326241134752,
2730,Dwight,Howard,623,16.20064205457464,1.3739967897271268,12.038523274478331,1.7463884430176566,0.9293739967897272,2.675762439807384,10.07223113964687,6.003210272873194,0.0786516853932584,0.0128410914927768,7.800963081861958,4.181380417335474,0,1,1,13.504654895666132,0.5998169586611833,41.67094703049759,
202322,John,Wall,573,18.98603839441536,9.218150087260035,4.333333333333333,0.6910994764397905,1.7033158813263525,3.823734729493892,15.893542757417103,6.87958115183246,2.9022687609075044,0.9406631762652704,5.486910994764398,4.286212914485166,1,0,0,18.30778359511344,0.5185236731627894,41.24345549738219,
201567,Kevin,Love,572,19.67132867132867,2.5804195804195804,11.454545454545457,0.4353146853146853,0.7132867132867133,2.055944055944056,14.578671328671328,6.421328671328672,5.554195804195804,2.0734265734265733,5.704545454545454,4.755244755244755,0,1,1,17.088671328671328,0.5755663589340666,41.20629370629371,
202355,Hassan,Whiteside,410,13.714634146341464,0.6829268292682927,11.741463414634149,2.424390243902439,0.5853658536585366,1.6170731707317074,9.826829268292682,5.721951219512195,0.0609756097560975,0.0195121951219512,3.704878048780488,2.2512195121951217,0,0,1,11.456975609756096,0.5985276836350631,41.15609756097561,
203081,Damian,Lillard,615,24.20650406504065,6.51869918699187,4.183739837398374,0.3138211382113821,0.9804878048780488,2.778861788617886,18.229268292682928,7.96910569105691,7.746341463414634,2.8878048780487804,6.053658536585366,5.380487804878049,1,0,0,20.89287804878049,0.5793003723212173,39.87967479674798,
1629028,Deandre,Ayton,109,16.96330275229358,1.8073394495412844,10.688073394495412,1.146788990825688,0.7981651376146789,1.889908256880734,13.192660550458717,7.513761467889908,0.1559633027522936,0.0275229357798165,2.55045871559633,1.908256880733945,0,0,1,14.3148623853211,0.5925066652994257,39.70642201834863,
204001,Kristaps,Porzingis,243,18.419753086419757,1.440329218106996,7.641975308641975,2.02880658436214,0.7283950617283951,1.7448559670781894,15.193415637860085,6.600823045267489,4.888888888888889,1.7489711934156378,4.320987654320987,3.469135802469136,0,1,1,17.09465020576132,0.5387578237843043,39.58230452674897,
202696,Nikola,Vucevic,598,16.096989966555185,2.5618729096989967,10.217391304347826,0.9297658862876256,0.8612040133779264,1.7224080267558528,14.023411371237458,6.998327759197324,1.379598662207358,0.4615384615384615,2.1956521739130435,1.6387959866220736,0,0,1,14.989498327759197,0.5369422516544471,38.984949832775925,
202695,Kawhi,Leonard,524,18.688931297709924,2.677480916030534,6.396946564885496,0.6603053435114504,1.7786259541984732,1.5801526717557253,13.687022900763358,6.719465648854962,3.811068702290077,1.4580152671755726,4.437022900763359,3.791984732824428,0,1,0,15.639312977099236,0.5974984746796828,38.89599236641221,
1495,Tim,Duncan,415,14.10843373493976,2.727710843373494,9.050602409638554,1.891566265060241,0.7012048192771084,1.797590361445783,11.356626506024096,5.6578313253012045,0.0698795180722891,0.0096385542168674,3.7686746987951807,2.783132530120482,0,1,1,13.014843373493976,0.5420131971650534,38.55180722891566,
1629027,Trae,Young,141,23.595744680851062,8.602836879432624,3.9432624113475176,0.1631205673758865,0.9716312056737588,4.23404255319149,17.76595744680851,7.595744680851064,7.446808510638298,2.5602836879432624,6.900709219858156,5.843971631205674,1,0,0,20.8022695035461,0.5671435195286929,38.48581560283688,
203497,Rudy,Gobert,473,11.733615221987314,1.365750528541226,10.97463002114165,2.1775898520084565,0.6913319238900634,1.6300211416490489,6.750528541226216,4.319238900634249,0.0063424947145877,0.0,4.906976744186046,3.095137420718816,0,0,1,8.909598308668077,0.6584817191237328,38.45983086680761,
977,Kobe,Bryant,325,24.16307692307692,4.7384615384615385,5.036923076923077,0.2338461538461538,1.2,3.1538461538461537,19.904615384615383,8.452307692307693,5.283076923076923,1.6123076923076922,6.7784615384615385,5.646153846153847,1,1,0,22.887138461538463,0.5278745738284989,38.25384615384615,
202331,Paul,George,652,19.96319018404908,3.3512269938650308,6.384969325153374,0.4401840490797546,1.746932515337423,2.581288343558282,15.57361963190184,6.75,6.398773006134969,2.438650306748466,4.757668711656442,4.024539877300613,0,1,0,17.666993865030676,0.5649854846999013,38.15337423312884,
2546,Carmelo,Anthony,608,22.59046052631579,2.731907894736842,6.779605263157895,0.5345394736842105,0.8865131578947368,2.2171052631578947,18.47532894736842,8.09375,4.863486842105263,1.7779605263157894,5.601973684210527,4.625,0,1,0,20.940197368421053,0.5394041930183386,38.10773026315789,
2200,Pau,Gasol,577,15.081455805892547,3.214904679376083,9.504332755632582,1.4350086655112653,0.4436741767764298,1.830155979202773,12.086655112651648,5.920277296360485,0.7001733102253033,0.2790294627383015,3.831889081455806,2.9618717504332754,0,1,1,13.7726863084922,0.5475132253826678,38.01473136915078,
202681,Kyrie,Irving,528,22.428030303030305,5.706439393939394,3.702651515151515,0.3541666666666667,1.3238636363636365,2.640151515151515,17.674242424242426,8.231060606060606,5.4356060606060606,2.1193181818181817,4.386363636363637,3.846590909090909,1,0,0,19.604242424242425,0.5720198163662782,37.97348484848485,
200794,Paul,Millsap,673,15.909361069836551,2.7295690936106984,7.723625557206538,1.0044576523031203,1.4606240713224368,1.9791976225854384,12.286775631500744,5.895988112927192,2.0609212481426447,0.7132243684992571,4.518573551263001,3.404160475482912,0,1,0,14.274947994056465,0.5572476017587102,37.49108469539376,
201188,Marc,Gasol,687,14.944687045123729,3.7467248908296944,7.483260553129549,1.4497816593886463,0.9213973799126638,2.039301310043668,11.832605531295489,5.557496360989811,1.5604075691411936,0.5545851528384279,4.110625909752548,3.2751091703056767,0,0,1,13.641280931586609,0.5477743299941527,37.195778748180494,
201143,Al,Horford,623,14.667736757624398,3.752808988764045,7.773675762439807,1.1974317817014446,0.8282504012841091,1.5714285714285714,12.032102728731942,6.229534510433387,2.030497592295345,0.7399678972712681,1.9438202247191008,1.4686998394863564,0,1,1,12.887383627608347,0.5690734900683038,36.91733547351525,
200768,Kyle,Lowry,677,16.88330871491876,7.014771048744461,4.7695716395864105,0.3220088626292466,1.481536189069424,2.5893648449039883,12.806499261447565,5.42245199409158,6.283604135893649,2.3559822747415065,4.488921713441655,3.682422451994092,1,0,0,14.78162481536189,0.5710910987732783,36.59527326440177,
2746,Josh,Smith,437,14.794050343249427,3.322654462242563,7.263157894736842,1.4736842105263157,1.17162471395881,2.446224256292906,13.494279176201372,5.97254004576659,2.517162471395881,0.7391304347826086,3.620137299771167,2.1098398169336385,0,1,0,15.087139588100683,0.490286785538777,36.36155606407323,
202689,Kemba,Walker,661,19.90015128593041,5.409984871406959,3.833585476550681,0.394856278366112,1.281391830559758,2.1694402420574885,16.416036308623298,6.871406959152798,6.145234493192133,2.2133131618759454,4.709531013615734,3.944024205748865,1,0,0,18.48822995461422,0.5381843295648703,36.13161875945538,
2744,Al,Jefferson,507,16.003944773175544,1.719921104536489,8.205128205128204,1.155818540433925,0.6942800788954635,1.0887573964497042,14.14792899408284,7.017751479289941,0.0887573964497041,0.0157790927021696,2.676528599605523,1.952662721893491,0,0,1,15.32560157790927,0.5221310462697939,36.11439842209073,
201599,DeAndre,Jordan,752,10.288563829787234,1.0452127659574468,11.784574468085106,1.702127659574468,0.6396276595744681,1.4534574468085106,6.117021276595745,4.122340425531915,0.0119680851063829,0.0013297872340425,4.247340425531915,2.042553191489361,0,0,1,7.985851063829787,0.6441745374132442,35.99335106382979,
202710,Jimmy,Butler,574,17.221254355400696,3.754355400696864,5.158536585365853,0.4825783972125435,1.6114982578397212,1.5540069686411149,12.310104529616725,5.587108013937282,2.637630662020906,0.8780487804878049,6.191637630662021,5.168989547038327,0,1,0,15.034425087108014,0.5727273991397211,35.8588850174216,
1628378,Donovan,Mitchell,225,22.666666666666668,4.031111111111112,4.071111111111111,0.32,1.3066666666666666,2.7422222222222223,18.817777777777778,8.257777777777777,6.8533333333333335,2.435555555555556,4.511111111111111,3.715555555555556,1,0,0,20.802666666666667,0.5448019484681451,35.842222222222226,
201950,Jrue,Holiday,640,16.7625,6.6859375,4.0640625,0.540625,1.5375,2.8265625,14.603125,6.6203125,3.8390625,1.3515625,2.7890625,2.1703125,1,0,0,15.8303125,0.5294431174368794,35.546875,
101115,Andrew,Bynum,140,14.0,1.3357142857142856,9.728571428571428,1.792857142857143,0.3714285714285714,1.8571428571428568,10.242857142857142,5.535714285714286,0.0357142857142857,0.0071428571428571,4.257142857142857,2.9214285714285717,0,0,1,12.116,0.577748431825685,35.53928571428571,bynuman01
2548,Dwyane,Wade,583,19.20754716981132,4.416809605488851,4.519725557461406,0.7272727272727273,1.300171526586621,2.704974271012007,15.332761578044597,7.324185248713551,1.7547169811320755,0.5197255574614065,5.336192109777016,4.039451114922813,1,0,0,17.680686106346485,0.543178784303986,35.31217838765008,
2547,Chris,Bosh,384,18.005208333333332,1.7708333333333333,7.333333333333333,0.8645833333333334,0.8671875,1.7734375,13.6328125,6.7578125,1.9322916666666667,0.6640625,4.75,3.8255208333333335,0,1,0,15.7228125,0.5725823014595299,35.041666666666664,
1628381,John,Collins,176,16.193181818181817,1.5852272727272727,8.818181818181818,1.0511363636363635,0.5681818181818182,1.7045454545454546,11.255681818181818,6.431818181818182,2.0,0.7386363636363636,3.4204545454545454,2.590909090909091,0,1,1,12.76068181818182,0.6344951644789569,34.86647727272727,
201942,DeMar,DeRozan,743,21.22880215343203,3.876177658142665,4.51278600269179,0.3001345895020188,1.0336473755047106,2.1857335127860025,16.66487213997308,7.602960969044415,1.604306864064603,0.4535666218034993,6.695827725437416,5.569313593539704,1,1,0,19.611036339165544,0.5412463111660147,34.77590847913863,
203991,Clint,Capela,332,12.274096385542167,0.9759036144578314,9.765060240963855,1.4789156626506024,0.6897590361445783,1.2409638554216869,8.38855421686747,5.319277108433735,0.0060240963855421,0.0,3.105421686746988,1.6355421686746987,0,0,1,9.754939759036146,0.6291221006348343,34.57831325301205,
203078,Bradley,Beal,545,20.96330275229358,3.98348623853211,3.979816513761468,0.3926605504587156,1.1412844036697247,2.2770642201834863,16.888073394495414,7.636697247706422,5.996330275229358,2.2770642201834863,4.231192660550459,3.412844036697248,1,0,0,18.749798165137616,0.55902742439307,34.48990825688073,
1629627,Zion,Williamson,24,22.5,2.083333333333333,6.25,0.375,0.6666666666666666,2.458333333333333,15.0,8.75,0.5833333333333334,0.25,7.416666666666667,4.75,0,1,0,18.263333333333332,0.6159883190363205,34.25,
201572,Brook,Lopez,621,17.096618357487923,1.4750402576489532,5.85024154589372,1.8067632850241544,0.573268921095008,1.6972624798711755,13.325281803542673,6.52012882447665,2.5378421900161032,0.8663446054750402,4.0450885668276975,3.1900161030595813,0,0,1,15.10512077294686,0.5659212731389681,34.21014492753624,
1628369,Jayson,Tatum,225,17.342222222222222,2.2044444444444444,5.951111111111112,0.7644444444444445,1.1555555555555554,1.737777777777778,13.764444444444443,6.288888888888889,4.542222222222223,1.8222222222222224,3.551111111111111,2.942222222222222,1,1,0,15.326933333333333,0.5657433827452618,33.779999999999994,
201149,Joakim,Noah,453,9.183222958057396,3.487858719646799,9.549668874172186,1.3245033112582782,0.847682119205298,1.8565121412803527,7.30242825607064,3.5275938189845477,0.0309050772626931,0.0,3.050772626931568,2.1280353200883004,0,1,1,8.64476821192053,0.5311433882862454,33.71523178807948,
203506,Victor,Oladipo,421,17.346793349168646,3.907363420427554,4.593824228028503,0.4821852731591449,1.655581947743468,2.5653206650831355,14.489311163895486,6.38479809976247,4.422802850356295,1.546318289786223,3.817102137767221,3.030878859857482,1,0,0,16.168836104513062,0.5364267791769747,33.51900237529691,
2216,Zach,Randolph,529,15.948960302457468,2.0094517958412097,9.563327032136106,0.2457466918714555,0.7391304347826086,1.890359168241966,13.725897920604917,6.502835538752363,0.720226843100189,0.1871455576559546,3.657844990548204,2.7561436672967865,0,1,0,15.335349716446125,0.5200064099403382,33.46691871455577,
203944,Julius,Randle,375,16.085333333333335,2.786666666666666,9.0,0.4746666666666667,0.6613333333333333,2.498666666666667,12.293333333333331,6.064,1.52,0.448,4.848,3.509333333333333,0,1,1,14.426453333333331,0.5574943806932451,33.312,
201586,Serge,Ibaka,735,13.17278911564626,0.8326530612244898,7.546938775510204,2.142857142857143,0.4435374149659864,1.3891156462585037,10.654421768707484,5.461224489795918,2.006802721088435,0.7224489795918367,1.9959183673469387,1.527891156462585,0,1,0,11.532625850340136,0.5711097059156631,33.30952380952381,
101145,Monta,Ellis,537,17.711359404096836,5.048417132216015,3.271880819366853,0.3519553072625698,1.7486033519553073,2.7616387337057726,15.450651769087523,6.767225325884544,3.3854748603351954,1.067039106145251,3.998137802607076,3.1098696461824957,1,0,0,17.209832402234635,0.514570943811082,33.0707635009311,
1626167,Myles,Turner,342,12.728070175438596,1.2309941520467835,6.654970760233918,2.067251461988304,0.7105263157894737,1.3245614035087718,9.956140350877194,4.859649122807017,2.1403508771929824,0.7631578947368421,2.9239766081871346,2.245614035087719,0,1,1,11.242690058479532,0.5660598179453836,33.01900584795322,
1628366,Lonzo,Ball,162,10.728395061728396,6.598765432098766,6.135802469135802,0.6172839506172839,1.5123456790123455,2.6666666666666665,10.537037037037036,4.104938271604938,5.666666666666667,1.932098765432099,1.2037037037037035,0.5864197530864198,1,0,0,11.066666666666666,0.4847166443551986,33.01543209876543,
200752,Rudy,Gay,628,16.95700636942675,2.4410828025477707,6.0812101910828025,0.7085987261146497,1.1847133757961783,2.2197452229299364,14.031847133757962,6.404458598726115,2.9363057324840764,1.019108280254777,3.820063694267516,3.128980891719745,1,1,0,15.712675159235667,0.5395964149191897,32.874203821656046,
201144,Mike,Conley,619,16.245557350565427,6.003231017770598,3.024232633279483,0.234248788368336,1.5411954765751212,2.061389337641357,13.003231017770595,5.707592891760905,4.248788368336026,1.5864297253634896,3.9095315024232633,3.243941841680129,1,0,0,14.723424878836832,0.551690842458689,32.76575121163166,
1626164,Devin,Booker,342,22.464912280701757,4.707602339181286,3.631578947368421,0.2514619883040935,0.783625730994152,3.283625730994152,17.22222222222222,7.722222222222222,5.526315789473684,1.956140350877193,5.815789473684211,5.064327485380117,1,0,0,19.781169590643277,0.5678357939797433,32.54678362573099,
1629630,Ja,Morant,67,17.80597014925373,7.2835820895522385,3.8656716417910446,0.2686567164179104,0.8656716417910447,3.283582089552239,13.985074626865671,6.6716417910447765,2.671641791044776,0.8955223880597015,4.597014925373134,3.567164179104477,1,0,0,16.00776119402985,0.5561667847685824,32.499999999999986,
203110,Draymond,Green,575,8.991304347826087,4.965217391304348,6.897391304347826,1.0591304347826087,1.3721739130434782,2.0643478260869563,7.490434782608696,3.260869565217391,2.838260869565217,0.9060869565217392,2.203478260869565,1.5634782608695652,0,1,0,8.459965217391304,0.5314031510048352,32.38173913043479,
1628368,De'Aaron,Fox,205,16.195121951219512,6.136585365853659,3.4341463414634146,0.4390243902439024,1.351219512195122,2.7219512195121958,13.239024390243902,5.970731707317073,2.7804878048780486,0.9121951219512195,4.6536585365853655,3.341463414634146,1,0,0,15.286634146341465,0.5297151026243235,32.268292682926834,
203952,Andrew,Wiggins,454,19.698237885462557,2.345814977973568,4.354625550660793,0.6123348017621145,0.9955947136563876,2.101321585903084,16.493392070484582,7.277533039647577,3.579295154185022,1.1894273127753303,5.398678414096916,3.953744493392071,0,1,0,18.868810572687224,0.5219787916567442,31.97797356828194,
201937,Ricky,Rubio,563,11.317939609236234,7.792184724689165,4.255772646536412,0.1367673179396092,1.8703374777975128,2.7282415630550623,9.373001776198937,3.66785079928952,2.6625222024866786,0.872113676731794,3.698046181172291,3.1101243339254,1,0,0,11.000142095914743,0.5144451549148403,31.96181172291297,
1717,Dirk,Nowitzki,602,17.357142857142858,1.9700996677740863,6.1245847176079735,0.5730897009966778,0.6046511627906976,1.2076411960132891,13.621262458471762,6.347176079734219,3.7093023255813953,1.413621262458472,3.664451827242525,3.249169435215947,0,1,0,15.233621262458472,0.5696985161340975,31.79485049833887,
1628374,Lauri,Markkanen,170,16.141176470588235,1.3411764705882352,7.594117647058823,0.5647058823529412,0.6941176470588235,1.464705882352941,13.223529411764703,5.688235294117647,6.176470588235294,2.2,3.023529411764706,2.5647058823529414,0,1,1,14.553882352941176,0.5545316390209202,31.65,
202328,Greg,Monroe,631,13.194928684627577,2.14580031695721,8.286846275752774,0.5752773375594294,1.0649762282091917,1.87797147385103,10.299524564183836,5.291600633914421,0.0269413629160063,0.0015847860538827,3.705229793977813,2.610142630744849,0,1,1,11.929825673534074,0.5530226947867348,31.64896988906498,
200765,Rajon,Rondo,557,9.929982046678637,9.105924596050269,4.921005385996409,0.1292639138240574,1.5368043087971277,3.052064631956912,9.51346499102334,4.204667863554757,1.8509874326750448,0.6086175942549371,1.5691202872531418,0.9120287253141832,1,0,0,10.20387791741472,0.4865788343925286,31.53052064631957,
203994,Jusuf,Nurkic,318,11.78930817610063,1.9528301886792447,8.056603773584905,1.3081761006289307,0.8553459119496856,2.056603773584906,9.575471698113208,4.7075471698113205,0.1635220125786163,0.0157232704402515,3.50314465408805,2.358490566037736,0,0,1,11.11685534591195,0.5302447413978434,31.34433962264151,
101114,Deron,Williams,459,16.028322440087145,7.254901960784314,3.0871459694989105,0.2549019607843137,1.0239651416122004,2.727668845315904,12.901960784313726,5.485838779956427,4.633986928104576,1.6470588235294117,4.047930283224401,3.4095860566448803,1,0,0,14.683050108932465,0.5458103841223113,31.20152505446623,
201565,Derrick,Rose,437,18.77574370709382,5.384439359267734,3.251716247139588,0.3638443935926773,0.7482837528604119,2.6475972540045767,16.036613272311214,7.160183066361556,3.2242562929061784,1.0,4.0961098398169336,3.4553775743707096,1,0,0,17.838901601830663,0.5262584021755862,30.883295194508,
2430,Carlos,Boozer,351,14.766381766381766,1.886039886039886,8.586894586894587,0.2962962962962963,0.7635327635327636,1.9544159544159545,12.962962962962964,6.384615384615385,0.0142450142450142,0.0,2.814814814814815,1.997150997150997,0,1,0,14.201481481481482,0.5198887801120223,30.8062678062678,boozeca01
101135,David,Lee,461,14.00650759219089,2.41648590021692,8.223427331887201,0.4229934924078091,0.7093275488069414,1.8980477223427328,11.0824295010846,5.772234273318872,0.0347071583514099,0.0021691973969631,3.195227765726681,2.459869848156182,0,1,1,12.48832971800434,0.5607838641542994,30.699566160520607,
1626156,D'Angelo,Russell,317,17.451104100946374,5.255520504731861,3.7097791798107256,0.2492113564668769,1.1482649842271293,2.8990536277602525,15.324921135646688,6.435331230283912,6.618296529968454,2.356466876971609,2.8801261829652995,2.22397476340694,1,0,0,16.59217665615142,0.5258835071068423,30.69085173501577,
201152,Thaddeus,Young,749,13.380507343124163,1.8251001335113484,6.241655540720961,0.459279038718291,1.5393858477970628,1.451268357810414,11.61415220293725,5.791722296395194,1.5193591455273698,0.5020026702269693,1.979973297730307,1.295060080106809,0,1,0,12.485340453938583,0.535848717641624,30.57276368491322,
101162,Marcin,Gortat,656,11.28201219512195,1.3445121951219512,8.786585365853659,1.1600609756097562,0.5289634146341463,1.3490853658536586,8.745426829268293,4.826219512195122,0.024390243902439,0.0030487804878048,2.3826219512195124,1.6265243902439024,0,0,1,9.79378048780488,0.5759784083975643,30.536585365853657,
202691,Klay,Thompson,615,19.504065040650406,2.302439024390244,3.463414634146341,0.5398373983739837,0.9121951219512195,1.7121951219512197,15.970731707317071,7.336585365853659,6.975609756097561,2.923577235772357,2.2504065040650407,1.907317073170732,1,0,0,16.960910569105693,0.5749710477271507,30.536585365853657,
203496,Robert,Covington,392,12.806122448979592,1.5127551020408163,5.762755102040816,0.8928571428571429,1.6709183673469388,1.729591836734694,10.53826530612245,4.275510204081633,6.637755102040816,2.3622448979591835,2.334183673469388,1.8928571428571428,0,1,0,11.56530612244898,0.5536439032998058,30.51530612244898,
1628963,Marvin,Bagley III,75,14.773333333333332,0.96,7.573333333333333,0.9466666666666668,0.52,1.5466666666666666,11.64,5.786666666666667,1.5733333333333333,0.4533333333333333,3.9066666666666663,2.7466666666666666,0,1,0,13.358933333333336,0.5529383583519641,30.34666666666667,
1629011,Mitchell,Robinson,127,8.464566929133857,0.5748031496062992,6.700787401574803,2.204724409448819,0.8188976377952756,0.5669291338582677,4.9763779527559056,3.5826771653543306,0.0,0.0,2.228346456692913,1.2992125984251968,0,1,1,5.956850393700788,0.7104901390577908,30.338582677165352,
201936,Tyreke,Evans,522,15.128352490421456,4.670498084291188,4.482758620689655,0.3754789272030651,1.1973180076628354,2.4386973180076628,13.051724137931034,5.703065134099617,2.6954022988505746,0.8888888888888888,3.735632183908046,2.833333333333333,1,0,0,14.695402298850574,0.5147308043279886,30.272030651341,
202699,Tobias,Harris,616,15.954545454545457,2.0324675324675323,6.068181818181818,0.4902597402597403,0.737012987012987,1.3863636363636365,12.883116883116884,6.061688311688312,3.637987012987013,1.324675324675325,3.0584415584415585,2.5064935064935066,0,1,0,14.228831168831167,0.5606414632810646,30.24188311688312,
1628991,Jaren,Jackson Jr.,115,15.547826086956524,1.2347826086956522,4.643478260869565,1.5130434782608695,0.8,1.7130434782608697,11.669565217391304,5.660869565217391,4.434782608695652,1.7043478260869565,3.3304347826086955,2.5217391304347827,0,1,1,13.134956521739127,0.5918491645261236,30.191304347826087,
203114,Khris,Middleton,517,16.29787234042553,3.3520309477756287,4.649903288201161,0.1856866537717601,1.2456479690522244,1.922630560928433,12.970986460348165,5.940038684719536,4.454545454545454,1.746615087040619,3.0483558994197293,2.6711798839458414,0,1,0,14.312263056092844,0.5693674115879039,30.18085106382979,
1628389,Bam,Adebayo,223,10.547085201793722,2.928251121076233,7.681614349775785,0.8923766816143498,0.8295964125560538,1.7533632286995515,7.246636771300448,4.00896860986547,0.1614349775784753,0.0224215246636771,3.5291479820627805,2.506726457399103,0,1,1,8.799461883408071,0.5993028517846587,29.843049327354255,
202339,Eric,Bledsoe,630,14.198412698412698,4.844444444444444,3.9857142857142858,0.4777777777777778,1.434920634920635,2.631746031746032,11.063492063492063,5.055555555555555,3.215873015873016,1.0825396825396825,3.787301587301587,3.0047619047619047,1,0,0,12.72990476190476,0.5576794549517198,29.83095238095238,
202685,Jonas,Valanciunas,559,12.427549194991055,0.9338103756708408,8.858676207513417,1.0465116279069768,0.3828264758497317,1.5420393559928445,8.758497316636852,4.924865831842576,0.3881932021466905,0.1377459749552772,3.1252236135957068,2.440071556350626,0,0,1,10.133595706618962,0.6131855638800426,29.749552772808585,
708,Kevin,Garnett,338,11.254437869822484,2.1479289940828403,7.319526627218935,0.7307692307692307,1.0236686390532543,1.3698224852071006,9.544378698224852,4.736686390532545,0.1213017751479289,0.0207100591715976,2.1301775147929,1.7603550295857988,0,1,0,10.481656804733728,0.5368634977983516,29.733727810650887,
201587,Nicolas,Batum,673,12.35809806835067,4.233283803863299,5.6106983655274885,0.6463595839524517,1.0,2.038632986627043,10.164933135215453,4.375928677563151,4.74888558692422,1.6805349182763745,2.286775631500743,1.925705794947994,1,1,0,11.17111441307578,0.5531273609500198,29.632243684992574,
201568,Danilo,Gallinari,501,16.93812375249501,2.1696606786427144,5.063872255489022,0.3552894211576846,0.7784431137724551,1.3552894211576847,11.874251497005988,5.07185628742515,5.235528942115768,1.9820359281437123,5.481037924151696,4.812375249500998,0,1,0,14.285908183632737,0.592826284992539,29.6127744510978,
203468,CJ,McCollum,481,18.46985446985447,3.130977130977131,3.2993762993762994,0.3742203742203742,0.8565488565488566,1.735966735966736,15.632016632016631,7.0997920997921,5.328482328482329,2.1143451143451144,2.607068607068607,2.155925155925156,1,0,0,16.77912681912682,0.5503818723391601,29.56652806652807,
202324,Derrick,Favors,683,11.389458272327964,1.1449487554904831,7.390922401171303,1.2576866764275256,0.7730600292825769,1.390922401171303,8.758418740849194,4.642752562225476,0.2547584187408492,0.0527086383601757,3.103953147877013,2.0512445095168377,0,1,0,10.12415812591508,0.5624891536993116,29.534407027818453,
203901,Elfrid,Payton,387,10.974160206718349,6.627906976744186,4.4005167958656335,0.3514211886304909,1.3333333333333333,2.41343669250646,9.997416020671835,4.521963824289406,1.4108527131782946,0.4082687338501292,2.4366925064599485,1.5219638242894056,1,0,0,11.069560723514211,0.4956908625744645,29.428940568475458,
1628983,Shai,Gilgeous-Alexander,151,14.6158940397351,3.3245033112582782,4.23841059602649,0.609271523178808,1.152317880794702,1.8013245033112584,11.397350993377485,5.3841059602649,2.576158940397351,0.913907284768212,3.649006622516557,2.933774834437086,1,0,0,13.002913907284768,0.5620237949720899,29.40397350993377,
1627742,Brandon,Ingram,252,16.333333333333332,3.2103174603174605,5.067460317460317,0.5873015873015873,0.7301587301587301,2.313492063492064,12.984126984126984,5.964285714285714,3.055555555555556,1.0992063492063493,4.575396825396825,3.305555555555556,0,1,0,14.997301587301587,0.5445424044537113,29.392857142857142,
1628976,Wendell,Carter Jr.,87,10.79310344827586,1.4827586206896552,8.183908045977011,1.0804597701149423,0.6781609195402298,1.5747126436781609,8.206896551724139,4.172413793103448,0.7011494252873564,0.1379310344827586,3.034482758620689,2.310344827586207,0,1,1,9.542068965517242,0.5655536282162474,29.178160919540225,
101106,Andrew,Bogut,373,6.957104557640751,2.032171581769437,8.369973190348526,1.7184986595174263,0.5844504021447721,1.447721179624665,5.932975871313673,3.201072386058981,0.0214477211796246,0.0053619302949061,1.206434316353887,0.5495978552278821,0,0,1,6.463806970509383,0.5381584404811282,28.87667560321716,
203932,Aaron,Gordon,403,12.761786600496276,2.392059553349876,6.419354838709677,0.6377171215880894,0.7741935483870968,1.3945409429280398,10.744416873449133,4.813895781637717,3.431761786600496,1.094292803970223,2.9106699751861043,2.0397022332506203,0,1,0,12.025111662531016,0.5306306901191056,28.83746898263027,
202330,Gordon,Hayward,639,15.35680751173709,3.4710485133020343,4.413145539906103,0.406885758998435,0.9812206572769951,1.971830985915493,11.683881064162756,5.270735524256651,3.6416275430359937,1.3317683881064162,4.231611893583724,3.483568075117371,0,1,0,13.545790297339591,0.5668479717552243,28.791862284820034,
202738,Isaiah,Thomas,522,18.21455938697318,4.977011494252873,2.4655172413793105,0.10727969348659,0.8888888888888888,2.339080459770115,13.593869731800766,5.921455938697318,5.327586206896552,1.9367816091954024,5.084291187739463,4.434865900383142,1,0,0,15.83095785440613,0.5752829220596919,28.684865900383134,
1628386,Jarrett,Allen,222,10.067567567567568,1.2117117117117118,7.797297297297297,1.351351351351351,0.5,1.18018018018018,6.441441441441442,3.923423423423424,0.2972972972972973,0.0495495495495495,3.130630630630631,2.171171171171171,0,0,1,7.81891891891892,0.6437953681299688,28.62612612612613,
202702,Kenneth,Faried,478,11.359832635983263,0.9832635983263598,8.125523012552302,0.8200836820083682,0.7343096234309623,1.3096234309623431,8.387029288702928,4.581589958158996,0.0941422594142259,0.0209205020920502,3.326359832635984,2.1757322175732217,0,1,1,9.85062761506276,0.5766045108949582,28.621338912133893,
2736,Luol,Deng,499,14.044088176352703,2.3326653306613228,5.711422845691383,0.4088176352705411,0.9619238476953909,1.5170340681362726,11.901803607214427,5.232464929859719,3.3166332665330662,1.1162324649298596,3.190380761523046,2.4629258517034067,0,1,0,13.30557114228457,0.5277521733629742,28.559118236472948,
201609,Goran,Dragic,682,15.385630498533724,5.274193548387097,3.2653958944281527,0.2052785923753665,1.0762463343108504,2.419354838709677,12.13049853372434,5.655425219941349,3.646627565982405,1.31524926686217,3.6055718475073313,2.7595307917888565,1,0,0,13.716950146627566,0.5608254872281656,28.48240469208211,
2405,Amar'e,Stoudemire,330,15.027272727272727,1.1303030303030304,6.118181818181818,1.006060606060606,0.5727272727272728,1.903030303030303,11.127272727272729,5.827272727272727,0.1454545454545454,0.0454545454545454,4.321212121212121,3.327272727272727,0,1,1,13.02860606060606,0.5767030124853469,28.409090909090907,
201952,Jeff,Teague,699,13.53648068669528,6.1959942775393415,2.623748211731044,0.3633762517882689,1.2417739628040056,2.4163090128755367,10.69098712446352,4.771101573676681,2.6509298998569384,0.9513590844062948,3.603719599427754,3.0429184549356223,1,0,0,12.276623748211732,0.5513112140732938,28.354077253218883,
203897,Zach,LaVine,353,17.677053824362606,3.6118980169971673,3.623229461756374,0.2691218130311614,0.9518413597733713,2.5410764872521248,14.26345609065156,6.373937677053824,4.875354107648725,1.830028328611898,3.784702549575071,3.09915014164306,1,0,0,15.92872521246459,0.5548797404870136,28.3314447592068,
203953,Jabari,Parker,285,14.929824561403509,2.0807017543859647,5.729824561403508,0.3929824561403509,0.9333333333333332,1.8105263157894735,12.23157894736842,6.031578947368421,2.1894736842105265,0.7087719298245614,2.9157894736842107,2.1578947368421053,0,1,0,13.514526315789473,0.5523621106853185,28.32982456140351,
1627734,Domantas,Sabonis,291,12.130584192439862,2.5945017182130585,7.975945017182131,0.4261168384879725,0.5979381443298969,1.8900343642611683,9.243986254295532,4.821305841924398,0.9621993127147768,0.3092783505154639,3.0171821305841924,2.178694158075601,0,1,1,10.571546391752577,0.573737452540698,28.302405498281782,
959,Steve,Nash,202,12.950495049504951,9.594059405940596,3.0544554455445545,0.094059405940594,0.6089108910891089,3.222772277227723,9.57920792079208,4.782178217821782,2.4752475247524752,0.995049504950495,2.628712871287129,2.391089108910891,1,0,0,10.735841584158416,0.6031429836210713,28.289603960396043,
2772,Trevor,Ariza,680,11.738235294117649,2.3838235294117647,5.232352941176471,0.3058823529411765,1.623529411764706,1.3985294117647058,9.922058823529412,4.119117647058824,5.472058823529411,1.9544117647058823,1.973529411764706,1.5455882352941177,0,1,0,10.79041176470588,0.5439197108544078,28.08308823529412,
201943,Brandon,Jennings,473,13.807610993657503,5.668076109936575,2.911205073995772,0.1691331923890063,1.2135306553911205,2.120507399577167,12.437632135306554,4.8604651162790695,4.778012684989429,1.6257928118393234,3.107822410147992,2.460887949260042,1,0,0,13.805073995771671,0.5000918864283744,27.966173361522195,
201951,Ty,Lawson,486,13.24074074074074,6.405349794238683,2.843621399176955,0.102880658436214,1.2098765432098766,2.216049382716049,10.358024691358024,4.722222222222222,2.54320987654321,0.9032921810699588,3.753086419753086,2.8930041152263373,1,0,0,12.009382716049384,0.5512664994448784,27.933127572016463,
201579,Roy,Hibbert,511,10.119373776908024,1.3268101761252449,6.782778864970646,1.837573385518591,0.3737769080234833,1.639921722113503,8.686888454011742,3.9863013698630136,0.035225048923679,0.0058708414872798,2.800391389432485,2.140900195694716,0,0,1,9.919060665362036,0.5100973831244673,27.84931506849315,
1627783,Pascal,Siakam,276,12.83695652173913,2.286231884057971,5.568840579710145,0.6956521739130435,0.8043478260869565,1.4565217391304348,9.971014492753625,4.981884057971015,2.601449275362319,0.8695652173913043,2.6231884057971016,2.003623188405797,0,1,0,11.125217391304348,0.576930592465218,27.706521739130437,
203500,Steven,Adams,529,9.812854442344046,1.162570888468809,7.608695652173913,1.003780718336484,0.8865784499054821,1.4291115311909264,6.922495274102079,4.077504725897921,0.0189035916824196,0.0018903591682419,2.9735349716446127,1.6559546313799622,0,0,1,8.230850661625709,0.5961020826251918,27.672967863894137,
1628398,Kyle,Kuzma,208,16.01923076923077,1.9182692307692308,5.471153846153846,0.4134615384615384,0.5673076923076923,1.75,13.432692307692308,6.033653846153846,5.423076923076923,1.7932692307692308,2.9471153846153846,2.1586538461538463,0,1,0,14.729423076923078,0.543783374459807,27.52644230769231,
2731,Emeka,Okafor,204,9.264705882352942,0.8186274509803921,8.377450980392156,1.25,0.5343137254901961,1.3529411764705883,7.450980392156863,3.872549019607843,0.0049019607843137,0.0,2.67156862745098,1.5196078431372548,0,0,1,8.626470588235295,0.5369928400954654,27.49019607843137,
1627750,Jamal,Murray,296,15.574324324324325,3.682432432432433,3.5945945945945947,0.3243243243243243,0.8885135135135135,1.925675675675676,13.02027027027027,5.712837837837838,5.118243243243243,1.8277027027027024,2.6385135135135136,2.320945945945946,1,0,0,14.181216216216216,0.5491180758712039,27.489864864864867,
203933,T.J.,Warren,328,15.48780487804878,1.195121951219512,4.140243902439025,0.5121951219512195,0.9908536585365854,1.0274390243902438,12.621951219512194,6.3932926829268295,2.088414634146341,0.7530487804878049,2.5,1.9481707317073167,0,1,0,13.721951219512194,0.5643441166014931,27.44817073170732,
203457,Nerlens,Noel,359,8.047353760445683,1.1754874651810585,6.236768802228412,1.392757660167131,1.3147632311977715,1.373259052924791,6.119777158774373,3.317548746518106,0.0194986072423398,0.0055710306406685,2.16991643454039,1.4066852367688023,0,1,1,7.074540389972145,0.5687545279868964,27.24930362116992,
1628371,Jonathan,Isaac,136,9.330882352941176,1.0735294117647058,5.448529411764706,1.5147058823529411,1.0661764705882353,1.1102941176470589,8.0,3.4779411764705883,2.985294117647059,0.9852941176470588,1.7426470588235294,1.3897058823529411,0,1,0,8.766764705882354,0.5321736504847854,27.21691176470588,
203096,Jared,Sullinger,269,10.754646840148698,1.7732342007434945,7.45724907063197,0.5985130111524164,0.6691449814126395,1.2342007434944238,9.981412639405203,4.356877323420075,1.9256505576208176,0.5241635687732342,2.096654275092937,1.516728624535316,0,1,1,10.903940520446096,0.4931541409265092,27.202602230483272,
2561,David,West,574,11.613240418118467,2.4303135888501743,5.689895470383275,0.8310104529616724,0.7578397212543554,1.5174216027874563,9.526132404181183,4.799651567944251,0.1655052264808362,0.0435540069686411,2.5174216027874565,1.970383275261324,0,1,0,10.633797909407663,0.5460532782856582,27.11411149825784,
101154,Andray,Blatche,245,12.085714285714284,1.506122448979592,6.053061224489796,0.6530612244897959,1.1387755102040815,1.804081632653061,10.416326530612244,4.840816326530613,0.4122448979591837,0.0979591836734693,3.138775510204081,2.306122448979592,0,1,1,11.797387755102042,0.5122199310812493,26.98367346938776,blatcan01
1629060,Rui,Hachimura,48,13.520833333333334,1.8125,6.125,0.1666666666666666,0.7708333333333334,1.1041666666666667,11.354166666666666,5.291666666666667,1.8125,0.5208333333333334,2.9166666666666665,2.4166666666666665,0,1,0,12.6375,0.5349488954830202,26.968750000000004,
2199,Tyson,Chandler,571,8.341506129597198,0.8458844133099825,9.292469352014011,0.9176882661996496,0.5674255691768827,1.2609457092819614,4.851138353765324,3.1138353765323994,0.0087565674255691,0.0,3.096322241681261,2.1138353765323994,0,0,1,6.21352014010508,0.6712383593767615,26.967600700525395,
1629023,P.J.,Washington,58,12.241379310344827,2.1206896551724137,5.448275862068965,0.7586206896551724,0.8793103448275862,1.603448275862069,10.155172413793103,4.620689655172414,3.9655172413793114,1.4827586206896552,2.3448275862068964,1.5172413793103448,0,1,0,11.186896551724136,0.5471302632390111,26.939655172413797,
1627763,Malcolm,Brogdon,240,13.625,4.370833333333334,3.8041666666666663,0.2,0.8583333333333333,1.6583333333333334,10.9,5.133333333333334,3.4208333333333334,1.3125,2.2875,2.0458333333333334,1,0,0,11.9065,0.5721664636963003,26.80416666666667,
1629634,Brandon,Clarke,58,12.06896551724138,1.396551724137931,5.948275862068965,0.8275862068965517,0.5517241379310345,0.9482758620689656,8.258620689655173,5.103448275862069,1.103448275862069,0.396551724137931,1.9310344827586208,1.4655172413793105,0,1,0,9.108275862068966,0.6625274475656848,26.70689655172413,
202684,Tristan,Thompson,618,9.44822006472492,1.0097087378640777,8.72653721682848,0.7233009708737864,0.5129449838187702,1.161812297734628,7.320388349514563,3.792880258899676,0.0517799352750809,0.0145631067961165,3.027508090614887,1.8478964401294495,0,1,1,8.652491909385114,0.5459826003695364,26.67394822006473,
1718,Paul,Pierce,459,14.15686274509804,2.8474945533769063,4.596949891067538,0.4008714596949891,0.8779956427015251,1.9106753812636168,10.540305010893244,4.712418300653595,4.008714596949891,1.4727668845315904,3.954248366013072,3.259259259259259,0,1,0,12.280174291938998,0.5764113117836993,26.61764705882353,
202703,Nikola,Mirotic,319,12.25705329153605,1.2758620689655171,5.93730407523511,0.7147335423197492,0.7523510971786834,1.1943573667711598,9.66771159874608,4.084639498432602,5.366771159874608,1.924764890282132,2.677115987460815,2.1630094043887147,0,1,0,10.84564263322884,0.5650680972090549,26.556426332288403,
101122,Danny,Granger,217,15.36405529953917,1.71889400921659,4.3963133640553,0.5806451612903226,0.8202764976958525,1.7972350230414746,12.465437788018432,5.147465437788019,4.387096774193548,1.6359447004608294,4.0046082949308754,3.4331797235023043,1,1,0,14.227465437788018,0.5399435116086235,26.54608294930876,
1626161,Willie,Cauley-Stein,348,9.658045977011492,1.589080459770115,6.304597701149425,0.8304597701149425,0.9252873563218392,1.0,7.574712643678161,4.083333333333333,0.0545977011494252,0.0114942528735632,2.4224137931034484,1.4798850574712643,0,0,1,8.640574712643678,0.5588775225147327,26.52155172413793,
1629628,RJ,Barrett,56,14.339285714285714,2.5535714285714284,4.982142857142857,0.3035714285714285,0.9821428571428572,2.2142857142857144,12.982142857142858,5.214285714285714,3.517857142857143,1.125,4.535714285714286,2.7857142857142856,1,1,0,14.977857142857143,0.4786828174924888,26.35714285714285,
467,Jason,Kidd,204,6.799019607843137,5.725490196078432,4.2745098039215685,0.3137254901960784,1.6715686274509804,1.696078431372549,6.264705882352941,2.284313725490196,4.602941176470588,1.5980392156862746,0.75,0.6323529411764706,1,0,0,6.594705882352941,0.5154907382630155,26.348039215686278,kiddja01
101150,Lou,Williams,685,16.51824817518248,3.76058394160584,2.41021897810219,0.2043795620437956,0.8817518248175182,1.9036496350364964,12.471532846715329,5.208759124087592,4.738686131386861,1.6773722627737226,5.166423357664233,4.423357664233577,1,0,0,14.744759124087592,0.5601396413522162,26.311678832116797,
203487,Michael,Carter-Williams,360,10.41388888888889,4.366666666666666,4.372222222222222,0.5472222222222223,1.3111111111111111,2.341666666666667,9.572222222222225,3.852777777777778,1.8111111111111111,0.4638888888888889,3.15,2.2444444444444445,1,0,0,10.958222222222222,0.4751632462686567,26.27222222222222,
2738,Andre,Iguodala,643,9.09175738724728,4.108864696734059,4.485225505443235,0.5147744945567652,1.2581648522550544,1.4447900466562986,7.335925349922239,3.4276827371695178,2.6236391912908243,0.8973561430793157,2.124416796267496,1.3390357698289268,1,1,0,8.270668740279937,0.5496385886529624,26.1850699844479,
1627741,Buddy,Hield,316,15.89240506329114,2.1962025316455698,4.1645569620253164,0.2563291139240506,0.7816455696202531,1.7056962025316456,13.360759493670884,5.89873417721519,6.727848101265823,2.7626582278481013,1.5379746835443038,1.3322784810126582,1,0,0,14.03746835443038,0.5660709132881259,26.1740506329114,
1890,Shawn,Marion,343,10.34402332361516,1.6909620991253644,6.530612244897959,0.5743440233236151,0.9533527696793004,1.338192419825073,9.169096209912537,4.481049562682216,1.1137026239067056,0.3440233236151603,1.332361516034985,1.0379008746355685,1,1,0,9.75533527696793,0.5301726199014967,26.11078717201166,mariosh01
1629012,Collin,Sexton,147,18.503401360544217,2.959183673469388,2.993197278911565,0.0884353741496598,0.7414965986394558,2.333333333333333,15.591836734693878,7.020408163265306,3.748299319727891,1.469387755102041,3.5510204081632653,2.993197278911565,1,0,0,17.154285714285713,0.5393229910218584,26.085034013605444,
203490,Otto,Porter Jr.,407,11.17936117936118,1.5184275184275184,5.004914004914005,0.4496314496314496,1.194103194103194,0.8132678132678133,9.014742014742014,4.343980343980344,3.3513513513513518,1.3538083538083538,1.4422604422604424,1.1375921375921376,0,1,0,9.649336609336608,0.5792813346641952,25.91277641277641,
948,Marcus,Camby,142,4.267605633802817,1.704225352112676,8.56338028169014,1.3450704225352113,0.6830985915492958,0.943661971830986,4.464788732394366,1.8450704225352117,0.0422535211267605,0.0140845070422535,1.0774647887323945,0.5633802816901409,0,1,1,4.938873239436619,0.4320424342668112,25.894366197183096,
1882,Elton,Brand,339,8.787610619469026,1.182890855457227,6.073746312684365,1.2212389380530972,0.7846607669616519,0.9203539823008848,7.489675516224189,3.737463126843658,0.0206489675516224,0.0,1.7935103244837758,1.3126843657817109,0,1,0,8.27882005899705,0.5307284466171629,25.85545722713864,
203093,Terrence,Jones,233,10.433476394849786,1.0214592274678111,5.725321888412017,1.158798283261803,0.6266094420600858,0.9399141630901288,8.446351931330472,4.227467811158799,1.3433476394849786,0.3991416309012875,2.545064377682404,1.5793991416309012,0,1,0,9.56618025751073,0.5453313712470613,25.81545064377682,
2760,Anderson,Varejao,239,7.794979079497908,1.6401673640167365,8.01673640167364,0.5732217573221757,0.8619246861924686,1.112970711297071,6.376569037656904,3.188284518828452,0.0878661087866108,0.0,2.0418410041841004,1.4184100418410042,0,1,0,7.274979079497909,0.5357389343885156,25.794979079497903,
1712,Antawn,Jamison,219,13.35159817351598,1.2831050228310503,5.47945205479452,0.4474885844748858,0.639269406392694,1.0365296803652968,11.812785388127852,4.981735159817352,3.671232876712329,1.2511415525114156,3.041095890410959,2.136986301369863,0,1,0,13.150867579908676,0.5076318384466882,25.769406392694066,jamisan01
1626204,Larry,Nance Jr.,315,8.133333333333333,1.7746031746031743,6.647619047619048,0.5142857142857142,1.2063492063492065,0.9682539682539684,6.298412698412698,3.384126984126984,1.0,0.3238095238095238,1.4984126984126984,1.0412698412698411,0,1,1,6.957714285714285,0.5844831362242663,25.71269841269841,
1626196,Josh,Richardson,313,12.408945686900958,2.8849840255591053,3.182108626198083,0.6677316293929713,1.1118210862619808,1.4600638977635785,10.664536741214055,4.546325878594249,4.424920127795527,1.60702875399361,2.0894568690095845,1.70926517571885,1,0,0,11.583897763578276,0.535611844137505,25.70766773162939,
202718,Chandler,Parsons,439,12.69020501138952,2.735763097949886,4.492027334851937,0.3462414578587699,0.938496583143508,1.4965831435079726,10.503416856492027,4.849658314350798,4.2004555808656034,1.5649202733485197,2.0,1.4259681093394077,0,1,0,11.383416856492028,0.5573987657384357,25.677676537585416,
203935,Marcus,Smart,401,9.850374064837906,4.059850374064838,3.5635910224438905,0.3740648379052369,1.571072319201995,1.7057356608478802,8.775561097256858,3.271820448877805,4.576059850374065,1.4563591022443891,2.3865336658354117,1.8503740648379048,1,0,0,9.82563591022444,0.5012588576881688,25.654613466334173,
1626149,Montrezl,Harrell,318,12.69496855345912,1.3333333333333333,4.937106918238993,0.9025157232704404,0.5566037735849056,1.160377358490566,8.437106918238994,5.182389937106918,0.1572327044025157,0.0157232704402515,3.628930817610063,2.314465408805032,0,1,1,10.03383647798742,0.6326079053266307,25.61635220125786,
1905,Andrei,Kirilenko,180,9.833333333333334,2.455555555555556,4.683333333333334,0.8611111111111112,1.211111111111111,1.6166666666666667,7.038888888888889,3.438888888888889,1.238888888888889,0.4,3.5722222222222224,2.555555555555556,0,1,0,8.610666666666667,0.5709972127593682,25.59722222222222,kirilan01
201581,JJ,Hickson,389,10.660668380462726,1.0282776349614395,7.902313624678663,0.6169665809768637,0.5758354755784062,1.6375321336760926,8.58611825192802,4.267352185089974,0.0514138817480719,0.0,3.503856041131105,2.125964010282776,0,1,1,10.127814910025709,0.5263064380209761,25.552699228791774,
201954,Darren,Collison,632,12.51740506329114,4.92246835443038,2.6787974683544302,0.1613924050632911,1.1740506329113924,1.8670886075949369,9.727848101265822,4.579113924050633,2.365506329113924,0.9319620253164556,2.846518987341772,2.4272151898734178,1,0,0,10.9803164556962,0.5699929102133278,25.52689873417721,
201569,Eric,Gordon,524,16.616412213740457,2.849236641221374,2.437022900763359,0.3377862595419847,0.8625954198473282,1.916030534351145,13.57442748091603,5.677480916030534,6.75,2.480916030534351,3.41412213740458,2.780534351145038,1,0,0,15.076641221374048,0.5510647885612443,25.51526717557252,
2222,Gerald,Wallace,286,9.70979020979021,2.3496503496503496,5.395104895104895,0.5699300699300699,1.3111888111888113,1.7062937062937062,7.706293706293707,3.444055944055944,1.975524475524476,0.6083916083916084,3.164335664335664,2.2132867132867133,0,1,0,9.0986013986014,0.5335869648758742,25.438811188811187,wallage01
2225,Tony,Parker,586,14.266211604095565,5.569965870307168,2.31740614334471,0.0784982935153583,0.7133105802047781,2.0187713310580206,11.65529010238908,5.7457337883959045,0.984641638225256,0.3395904436860068,3.098976109215017,2.435153583617748,1,0,0,13.018839590443688,0.5479064207292136,25.226962457337883,
203992,Bogdan,Bogdanovic,209,13.545454545454543,3.502392344497608,3.2200956937799043,0.2200956937799043,0.9952153110047848,1.645933014354067,11.48803827751196,4.985645933014354,5.464114832535885,2.0430622009569377,1.8995215311004785,1.5311004784688995,1,0,0,12.323827751196172,0.5495636103863835,25.198564593301437,
1627747,Caris,LeVert,213,12.746478873239436,3.5868544600938965,3.699530516431925,0.2535211267605634,1.0610328638497653,1.8732394366197185,10.938967136150234,4.737089201877934,3.769953051643193,1.2769953051643192,2.816901408450704,1.9953051643192488,1,0,0,12.178403755868544,0.5233230531996916,25.187793427230044,
201163,Wilson,Chandler,494,12.208502024291498,1.7489878542510122,5.372469635627531,0.5546558704453441,0.6842105263157895,1.3299595141700404,10.578947368421051,4.649797570850202,4.182186234817814,1.4615384615384617,1.890688259109312,1.4473684210526316,0,1,0,11.41085020242915,0.5349514632000226,25.18623481781377,
1628418,Thomas,Bryant,132,10.522727272727272,1.371212121212121,6.075757575757576,0.8939393939393939,0.3863636363636363,0.8712121212121212,7.128787878787879,4.242424242424242,1.5151515151515151,0.5378787878787878,1.9848484848484849,1.5,0,1,1,8.002121212121212,0.6574961184534405,25.0719696969697,
1884,Baron,Davis,87,10.781609195402298,6.045977011494253,2.4367816091954024,0.3563218390804598,1.2873563218390804,2.5517241379310347,10.080459770114942,4.103448275862069,3.724137931034482,1.2298850574712643,1.7816091954022988,1.3448275862068966,1,0,0,10.864367816091953,0.496191282268303,24.97701149425287,
201583,Ryan,Anderson,518,13.565637065637066,0.9594594594594594,5.598455598455598,0.3532818532818533,0.5077220077220077,0.9401544401544402,11.075289575289576,4.683397683397684,5.967181467181467,2.2741312741312742,2.2548262548262548,1.9247104247104247,0,1,0,12.067413127413127,0.5620772622270002,24.966216216216218,
201593,Nikola,Pekovic,271,12.564575645756458,0.7343173431734318,6.667896678966789,0.5571955719557196,0.5166051660516605,1.5276752767527677,9.361623616236162,4.848708487084871,0.0,0.0,3.774907749077491,2.867158671586716,0,0,1,11.022583025830258,0.5699469723345564,24.907749077490774,
1629134,Kendrick,Nunn,66,15.166666666666666,3.272727272727273,2.696969696969697,0.2121212121212121,0.803030303030303,1.6515151515151516,13.43939393939394,5.954545454545454,5.787878787878788,2.060606060606061,1.4242424242424243,1.196969696969697,1,0,0,14.066060606060606,0.5391227541040113,24.878787878787875,
2755,Kevin,Martin,359,17.342618384401113,1.8997214484679663,2.777158774373259,0.1002785515320334,0.8495821727019499,1.6462395543175488,12.949860724233984,5.537604456824512,4.676880222841226,1.8133704735376044,5.011142061281337,4.454038997214485,1,0,0,15.154763231197771,0.5721837457908744,24.864902506963787,
203915,Spencer,Dinwiddie,317,12.943217665615142,4.977917981072555,2.7602523659305995,0.2839116719242902,0.6750788643533123,1.7665615141955835,10.132492113564668,4.157728706624606,4.350157728706624,1.384858044164038,4.08832807570978,3.242902208201893,1,0,0,11.93135646687697,0.5424034434620755,24.85331230283912,
203967,Dario,Saric,305,12.272131147540984,2.078688524590164,6.216393442622951,0.2459016393442623,0.6229508196721312,1.6918032786885246,10.00327868852459,4.406557377049181,4.255737704918033,1.524590163934426,2.3114754098360657,1.9344262295081969,0,1,1,11.020327868852458,0.5567951921932643,24.806557377049177,
203486,Mason,Plumlee,529,8.347826086956522,2.232514177693762,6.22117202268431,0.9187145557655956,0.7542533081285444,1.4763705103969755,5.714555765595463,3.2816635160680527,0.0604914933837429,0.0037807183364839,3.168241965973535,1.780718336483932,0,1,1,7.108582230623819,0.5871653317165012,24.76748582230624,
2202,Jason,Richardson,186,12.887096774193548,1.8440860215053765,3.860215053763441,0.2849462365591398,1.0698924731182795,1.0591397849462365,11.64516129032258,4.903225806451613,5.478494623655914,2.0376344086021505,1.521505376344086,1.043010752688172,1,0,0,12.314623655913978,0.5232436302673629,24.744623655913983,richaja01
202683,Enes,Freedom,641,11.56786271450858,0.8517940717628705,7.592823712948518,0.469578783151326,0.4024960998439937,1.5257410296411855,8.730109204368175,4.736349453978159,0.2340093603744149,0.0670826833073322,2.6146645865834635,2.0280811232449296,0,0,1,9.8805616224649,0.585384877728375,24.671606864274573,
203084,Harrison,Barnes,612,13.673202614379084,1.6160130718954249,4.901960784313726,0.1911764705882352,0.696078431372549,1.1748366013071896,11.281045751633988,5.049019607843137,3.313725490196078,1.2418300653594772,2.931372549019608,2.333333333333333,0,1,0,12.570849673202614,0.5438456019216571,24.649509803921568,
200745,Andrea,Bargnani,249,15.06827309236948,1.313253012048193,4.373493975903615,0.6907630522088354,0.3734939759036144,1.6104417670682731,12.951807228915662,5.690763052208835,2.5140562248995986,0.7911646586345381,3.4779116465863456,2.895582329317269,0,1,1,14.482088353413657,0.5202382669077437,24.634538152610443,
201976,Patrick,Beverley,430,8.932558139534883,3.476744186046512,4.381395348837209,0.4441860465116279,1.1767441860465115,1.302325581395349,7.616279069767442,3.155813953488372,4.232558139534884,1.6116279069767443,1.327906976744186,1.009302325581395,1,0,0,8.200558139534884,0.5446311084894958,24.598837209302324,
1628984,Devonte',Graham,108,12.61111111111111,5.481481481481482,2.5462962962962963,0.1574074074074074,0.7870370370370371,1.953703703703704,10.916666666666666,4.092592592592593,6.537037037037037,2.333333333333333,2.583333333333333,2.092592592592593,1,0,0,12.053333333333333,0.5231379056047197,24.52314814814815,
202693,Markieff,Morris,637,11.437990580847725,1.6593406593406594,5.342229199372056,0.5478806907378336,0.8634222919937206,1.5886970172684458,9.843014128728417,4.41287284144427,2.4081632653061225,0.8304552590266876,2.290423861852433,1.781789638932496,0,1,0,10.850800627943483,0.5270574482491218,24.40816326530612,
201959,Taj,Gibson,716,9.613128491620111,1.0363128491620113,6.127094972067039,1.0251396648044693,0.5586592178770949,1.1536312849162011,7.706703910614525,3.987430167597765,0.164804469273743,0.0363128491620111,2.2360335195530725,1.6019553072625698,0,1,0,8.690558659217878,0.5530788565257359,24.386173184357546,
2403,Nene,Hilario,513,10.736842105263158,1.783625730994152,5.356725146198831,0.6062378167641326,0.9103313840155944,1.5750487329434697,7.742690058479532,4.1988304093567255,0.0721247563352826,0.0116959064327485,3.592592592592593,2.327485380116959,0,1,1,9.323430799220272,0.5757988843635269,24.363547758284604,
1628372,Dennis,Smith Jr.,156,12.544871794871796,4.538461538461538,3.16025641025641,0.2948717948717949,1.064102564102564,2.602564102564102,12.083333333333334,4.833333333333333,3.852564102564103,1.2115384615384617,2.576923076923077,1.6666666666666667,1,0,0,13.217179487179488,0.4745669001105787,24.323717948717945,
1628365,Markelle,Fultz,105,10.714285714285714,4.580952380952381,3.342857142857143,0.1904761904761904,1.1333333333333333,1.8,9.885714285714286,4.466666666666667,1.4285714285714286,0.3809523809523809,2.066666666666667,1.4,1,0,0,10.79504761904762,0.496259307619014,24.29523809523809,
2207,Joe,Johnson,577,14.019064124783364,3.251299826689775,3.6239168110918554,0.1507798960138648,0.6325823223570191,1.5927209705372618,12.187175043327557,5.348353552859619,4.287694974003466,1.5788561525129985,2.123050259965338,1.7435008665511265,1,1,0,13.121317157712303,0.534209483555673,24.279896013864818,
1885,Lamar,Odom,214,8.607476635514018,2.2149532710280373,6.532710280373832,0.6401869158878505,0.6355140186915887,1.294392523364486,7.514018691588785,3.467289719626168,1.7710280373831775,0.5327102803738317,1.8037383177570092,1.1401869158878504,0,1,0,8.30766355140187,0.5180443684471043,24.24299065420561,odomla01
203471,Dennis,Schroder,494,14.13157894736842,4.566801619433198,2.840080971659919,0.1234817813765182,0.791497975708502,2.3684210526315788,12.248987854251013,5.338056680161944,3.382591093117409,1.1356275303643724,2.8036437246963564,2.3198380566801617,1,0,0,13.48259109311741,0.5240676235661521,24.164979757085018,
202083,Wesley,Matthews,709,13.574047954866009,2.217207334273625,3.1241184767277854,0.1974612129760225,1.077574047954866,1.2806770098730609,11.042313117066293,4.627644569816643,5.926657263751763,2.2566995768688294,2.5049365303244007,2.0620592383638927,1,0,0,12.144485190409029,0.5588564579742731,24.124823695345555,
203476,Gorgui,Dieng,514,7.894941634241245,1.3657587548638133,6.159533073929961,0.9844357976653696,0.830739299610895,1.1731517509727627,6.044747081712062,3.0214007782101167,0.6595330739299611,0.22568093385214,2.0642023346303504,1.6264591439688716,0,0,1,6.952996108949416,0.5677366642043292,24.097276264591443,
202336,Larry,Sanders,236,6.440677966101695,0.7372881355932204,5.6991525423728815,1.817796610169492,0.6440677966101694,0.9491525423728814,5.911016949152542,2.8347457627118646,0.0211864406779661,0.0,1.3940677966101696,0.7711864406779662,0,1,1,6.5244067796610175,0.4935834155972359,24.04449152542373,
1627739,Kris,Dunn,226,8.336283185840708,4.1946902654867255,3.3628318584070795,0.4469026548672566,1.5530973451327434,1.81858407079646,8.084070796460177,3.411504424778761,1.836283185840708,0.5619469026548672,1.3097345132743363,0.9513274336283186,1,0,0,8.660353982300885,0.4812899797674276,24.0353982300885,
203903,Jordan,Clarkson,453,14.788079470198676,2.5695364238410594,3.143487858719647,0.1368653421633554,0.8565121412803532,1.664459161147903,12.728476821192054,5.677704194260485,4.355408388520972,1.4878587196467992,2.377483443708609,1.944812362030905,1,0,0,13.774569536423842,0.5367891690224812,24.002207505518765,
2747,JR,Smith,553,12.347197106690778,2.2567811934900543,3.5895117540687163,0.2423146473779385,1.074141048824593,1.2043399638336347,10.940325497287525,4.509945750452079,5.54249547920434,2.08499095840868,1.7197106690777575,1.2423146473779385,1,0,0,11.696998191681736,0.5277934092300463,23.97377938517179,
201588,George,Hill,630,11.612698412698412,3.4,3.280952380952381,0.2682539682539682,0.953968253968254,1.2857142857142858,8.96031746031746,4.1,3.552380952380952,1.3666666666666667,2.5253968253968253,2.046031746031746,1,0,0,10.071492063492064,0.576513308032731,23.951587301587303,
1626178,Rondae,Hollis-Jefferson,293,9.30716723549488,1.9215017064846416,5.638225255972697,0.5358361774744027,0.9419795221843004,1.3276450511945392,7.546075085324232,3.385665529010239,0.7064846416382252,0.1501706484641638,3.2286689419795223,2.385665529010239,0,1,0,8.966689419795221,0.5189857036281421,23.90273037542662,
202688,Brandon,Knight,446,14.056053811659194,3.966367713004484,3.087443946188341,0.1681614349775785,0.8632286995515696,2.4349775784753365,12.27354260089686,5.044843049327354,4.511210762331839,1.594170403587444,2.943946188340808,2.3721973094170403,1,0,0,13.568878923766816,0.5179519211067267,23.892376681614355,
1629672,Eric,Paschall,60,13.95,2.1166666666666667,4.583333333333333,0.2166666666666666,0.5333333333333333,1.5666666666666669,10.666666666666666,5.3,2.15,0.6166666666666667,3.533333333333333,2.7333333333333334,0,1,0,12.221333333333332,0.5707233253327515,23.866666666666667,
1627759,Jaylen,Brown,279,13.100358422939069,1.4193548387096775,4.455197132616488,0.3440860215053763,0.8566308243727598,1.4910394265232976,10.408602150537634,4.874551971326165,3.7777777777777777,1.4014336917562724,2.8745519713261647,1.949820788530466,1,1,0,11.673405017921146,0.5611198447594017,23.73297491039427,
101141,Ersan,Ilyasova,660,10.692424242424243,1.1681818181818182,5.948484848484848,0.3787878787878788,0.7121212121212122,1.0015151515151517,8.940909090909091,4.0,2.9984848484848485,1.106060606060606,2.027272727272728,1.5863636363636364,0,1,0,9.83290909090909,0.5437060458694675,23.728030303030305,
1628401,Derrick,White,149,9.946308724832214,3.442953020134228,3.3288590604026846,0.7315436241610739,0.7718120805369127,1.2885906040268456,7.570469798657718,3.5503355704697985,2.48993288590604,0.906040268456376,2.3758389261744965,1.9395973154362416,1,0,0,8.615838926174497,0.5772106935875864,23.54026845637584,
1627832,Fred,VanVleet,227,10.6431718061674,4.149779735682819,2.6255506607929515,0.2599118942731278,1.0616740088105727,1.2863436123348018,8.938325991189428,3.682819383259912,4.229074889867841,1.6607929515418502,1.920704845814978,1.6167400881057268,1,0,0,9.783436123348018,0.5439383296410366,23.519823788546255,
2449,Luis,Scola,497,11.392354124748492,1.6016096579476862,6.018108651911469,0.3380281690140845,0.5694164989939637,1.4688128772635816,9.824949698189137,4.708249496981892,0.5231388329979879,0.1830985915492957,2.416498993963782,1.7927565392354126,0,1,0,10.8882092555332,0.5231509542746478,23.514084507042256,
1628969,Mikal,Bridges,154,8.772727272727273,1.9610389610389607,3.6103896103896105,0.5454545454545454,1.5,0.9285714285714286,6.798701298701299,3.175324675324675,3.292207792207792,1.1363636363636365,1.5584415584415583,1.2857142857142858,1,1,0,7.484415584415585,0.5860662849210481,23.454545454545457,
202391,Jeremy,Lin,480,11.597916666666666,4.254166666666666,2.7875,0.3645833333333333,1.08125,2.2604166666666665,9.060416666666669,3.9270833333333335,2.7354166666666666,0.9354166666666668,3.470833333333333,2.808333333333333,1,0,0,10.587583333333331,0.5477131230765598,23.422916666666666,
1628367,Josh,Jackson,178,11.910112359550562,1.893258426966292,4.292134831460674,0.5617977528089888,0.9662921348314608,1.949438202247191,10.853932584269662,4.52808988764045,2.8876404494382024,0.8595505617977528,3.044943820224719,1.9943820224719104,1,1,0,12.19370786516854,0.4883712358556633,23.401685393258436,
1626159,Justise,Winslow,241,9.049792531120332,2.730290456431536,5.373443983402489,0.3692946058091286,0.941908713692946,1.5394190871369295,8.518672199170124,3.5518672199170123,2.336099585062241,0.7883817427385892,1.7925311203319505,1.157676348547718,1,1,0,9.307385892116182,0.4861618845515987,23.37136929460581,
202704,Reggie,Jackson,559,12.876565295169948,4.388193202146691,2.964221824686941,0.1180679785330948,0.6976744186046512,1.9230769230769231,11.196779964221824,4.790697674418604,3.4901610017889086,1.1771019677996422,2.4704830053667264,2.118067978533095,1,0,0,12.283792486583184,0.5241282490417438,23.32200357781753,
1627749,Dejounte,Murray,178,8.44943820224719,3.0898876404494384,4.966292134831461,0.3033707865168539,1.2134831460674158,1.6685393258426966,7.651685393258427,3.449438202247191,0.9438202247191012,0.3314606741573033,1.6404494382022472,1.2191011235955056,1,0,0,8.373483146067416,0.5045354516665771,23.264044943820224,
2549,Chris,Kaman,274,10.18978102189781,1.2116788321167884,6.197080291970803,0.9927007299270072,0.364963503649635,1.7518248175182485,9.226277372262771,4.507299270072993,0.0291970802919708,0.0036496350364963,1.54014598540146,1.1715328467153283,0,0,1,9.903941605839416,0.5144305887208513,23.22992700729927,
1628989,Kevin,Huerter,131,10.770992366412214,3.2595419847328246,3.610687022900764,0.3969465648854962,0.8854961832061069,1.4961832061068705,9.67175572519084,4.022900763358779,5.244274809160306,2.0076335877862594,0.916030534351145,0.7175572519083969,1,1,0,10.074809160305344,0.5345506894984088,23.21374045801527,
203115,Will,Barton,493,11.13184584178499,2.5294117647058822,4.235294117647059,0.4158215010141988,0.7525354969574036,1.3732251521298176,9.515212981744424,4.123732251521298,3.3448275862068964,1.160243407707911,2.1947261663286004,1.7241379310344829,1,0,0,10.480892494929009,0.5310542898503603,23.205882352941178,
1938,Manu,Ginobili,504,11.432539682539682,3.8234126984126986,2.9166666666666665,0.2638888888888889,1.1011904761904765,1.9107142857142856,8.720238095238095,3.837301587301587,3.801587301587301,1.371031746031746,2.8948412698412698,2.386904761904762,1,0,0,9.993968253968252,0.571971983100918,23.181547619047617,
201580,JaVale,McGee,566,8.20494699646643,0.4240282685512367,5.427561837455831,1.5918727915194346,0.4187279151943462,0.9823321554770318,6.040636042402827,3.563604240282685,0.0565371024734982,0.0088339222614841,1.8551236749116609,1.068904593639576,0,1,1,6.856890459363958,0.5982994073692346,23.060070671378096,
203469,Cody,Zeller,419,8.618138424821002,1.3914081145584725,5.957040572792363,0.711217183770883,0.6801909307875895,1.0787589498806682,6.293556085918855,3.231503579952267,0.269689737470167,0.0668257756563245,2.856801909307876,2.088305489260143,0,1,1,7.55054892601432,0.570696151317453,23.04892601431981,
1629639,Tyler,Herro,54,13.462962962962964,2.185185185185185,4.12962962962963,0.1666666666666666,0.6296296296296297,1.5555555555555556,11.38888888888889,4.888888888888889,5.37037037037037,2.092592592592593,1.8333333333333333,1.5925925925925926,1,0,0,12.195555555555556,0.5519618561710399,23.009259259259263,
2223,Samuel,Dalembert,304,6.921052631578948,0.618421052631579,6.901315789473684,1.3651315789473684,0.4769736842105263,1.2960526315789471,5.664473684210527,2.881578947368421,0.0164473684210526,0.0032894736842105,1.555921052631579,1.1546052631578947,0,0,1,6.3490789473684215,0.5450438314716184,22.976973684210527,
201150,Spencer,Hawes,463,8.637149028077754,1.9870410367170623,5.784017278617711,0.9416846652267818,0.3758099352051836,1.347732181425486,7.730021598272138,3.4989200863930887,1.734341252699784,0.6241900647948164,1.3758099352051836,1.0151187904967602,0,1,1,8.335377969762419,0.5181018221015319,22.868250539956804,
202694,Marcus,Morris Sr.,607,12.069192751235583,1.5057660626029654,4.654036243822076,0.2817133443163097,0.7018121911037891,1.2026359143327845,10.232289950576606,4.41845140032949,4.0345963756177925,1.4810543657331137,2.306425041186161,1.7512355848434926,0,1,0,11.247116968698515,0.536546067086568,22.837726523887973,
2754,Tony,Allen,483,8.75983436853002,1.320910973084886,4.163561076604555,0.4554865424430642,1.670807453416149,1.339544513457557,7.455486542443064,3.5341614906832297,0.5320910973084886,0.144927536231884,2.2360248447204967,1.546583850931677,1,1,0,8.439337474120084,0.5189882733918845,22.81262939958592,
200782,P.J.,Tucker,636,7.495283018867925,1.4685534591194969,5.935534591194968,0.320754716981132,1.2389937106918238,1.0235849056603774,6.45125786163522,2.7154088050314464,2.998427672955975,1.0817610062893082,1.3081761006289307,0.9827044025157232,0,1,0,7.026855345911949,0.5333312449094669,22.79323899371069,
2568,Carlos,Delfino,170,10.358823529411763,2.176470588235294,3.694117647058824,0.1588235294117647,1.311764705882353,1.1470588235294117,9.329411764705885,3.723529411764706,5.552941176470588,2.052941176470588,1.0529411764705885,0.8588235294117647,1,1,0,9.792705882352942,0.5289050673971022,22.75294117647059,
203089,John,Henson,444,7.61936936936937,1.117117117117117,5.333333333333333,1.445945945945946,0.4752252252252252,1.117117117117117,5.993243243243243,3.2387387387387387,0.1801801801801801,0.045045045045045,1.93018018018018,1.0968468468468469,0,1,1,6.842522522522522,0.5567661154413315,22.745495495495494,
101161,Amir,Johnson,653,7.788667687595712,1.4854517611026037,5.802450229709035,0.9433384379785604,0.6600306278713629,1.2006125574272588,5.796324655436448,3.2710566615620214,0.4777947932618683,0.1607963246554364,1.6079632465543643,1.0857580398162328,0,1,1,6.503828483920368,0.5987756063103367,22.732771822358345,
203914,Gary,Harris,366,12.183060109289617,2.128415300546448,2.625683060109289,0.221311475409836,1.2568306010928962,1.2540983606557377,10.062841530054644,4.5710382513661205,4.101092896174864,1.4781420765027322,1.9453551912568303,1.5628415300546448,1,0,0,10.91879781420765,0.5578938412723833,22.71857923497268,
203095,Evan,Fournier,522,14.134099616858238,2.60727969348659,2.7452107279693485,0.1130268199233716,0.8505747126436781,1.6513409961685823,11.36015325670498,5.101532567049809,4.760536398467433,1.7873563218390804,2.657088122605364,2.1436781609195403,1,1,0,12.529272030651342,0.5640431296519415,22.714559386973185,
1627752,Taurean,Prince,260,11.569230769230767,1.9346153846153848,4.330769230769231,0.4346153846153846,0.9153846153846154,1.842307692307692,9.973076923076922,4.111538461538461,5.019230769230769,1.8384615384615384,1.842307692307692,1.5076923076923077,0,1,0,10.783692307692307,0.5364225183325249,22.68269230769231,
2743,Kris,Humphries,441,8.297052154195011,0.8956916099773242,6.9523809523809526,0.7188208616780045,0.4421768707482993,1.031746031746032,6.757369614512472,3.217687074829932,0.3945578231292517,0.1201814058956916,2.310657596371882,1.7414965986394555,0,1,0,7.7740589569161,0.5336370742862476,22.649659863945576,
1629632,Coby,White,65,13.215384615384616,2.6923076923076925,3.5384615384615383,0.0923076923076923,0.7538461538461538,1.676923076923077,12.184615384615384,4.8,5.7846153846153845,2.046153846153846,1.984615384615385,1.5692307692307692,1,0,0,13.057846153846151,0.5060323295159999,22.59230769230769,
201145,Jeff,Green,667,12.577211394302848,1.512743628185907,3.9280359820089954,0.4947526236881559,0.6341829085457271,1.3343328335832083,10.172413793103448,4.47976011994003,3.235382308845577,1.0674662668665666,3.103448275862069,2.550224887556222,0,1,0,11.537931034482758,0.5450375529509602,22.58545727136432,
1497,Chauncey,Billups,133,13.25563909774436,4.195488721804511,2.255639097744361,0.1428571428571428,0.7518796992481203,2.0,9.270676691729324,3.751879699248121,4.706766917293233,1.8120300751879697,4.315789473684211,3.9398496240601504,1,0,0,11.169624060150376,0.5933789278117343,22.511278195488725,
1629631,De'Andre,Hunter,63,12.34920634920635,1.7777777777777777,4.53968253968254,0.2857142857142857,0.6984126984126984,1.6349206349206349,10.841269841269842,4.444444444444445,4.825396825396825,1.7142857142857142,2.2857142857142856,1.746031746031746,1,1,0,11.846984126984127,0.5211962055844365,22.49206349206349,
101107,Marvin,Williams,707,9.34087694483734,1.241867043847242,5.050919377652051,0.5728429985855729,0.7355021216407355,0.7666195190947667,7.681753889674682,3.360678925035361,3.5346534653465347,1.3097595473833097,1.611032531824611,1.3097595473833097,0,1,0,8.39060820367751,0.5566269284712482,22.48019801980197,
2749,Jameer,Nelson,484,10.477272727272728,5.530991735537191,2.900826446280992,0.0867768595041322,0.8037190082644629,2.105371900826446,9.56611570247934,3.954545454545455,4.283057851239669,1.533057851239669,1.2768595041322317,1.0351239669421488,1,0,0,10.12793388429752,0.5172463034892449,22.47623966942149,
1628970,Miles,Bridges,145,9.93103448275862,1.4413793103448276,4.724137931034483,0.6689655172413793,0.6551724137931034,1.0,8.717241379310344,3.8344827586206898,3.4482758620689653,1.1310344827586207,1.4344827586206896,1.1310344827586207,0,1,0,9.348413793103449,0.5311614730878187,22.47586206896552,
203079,Dion,Waiters,419,13.138424821002388,2.775656324582339,2.6443914081145583,0.269689737470167,0.9331742243436754,1.8162291169451077,12.195704057279237,5.026252983293556,3.9618138424821,1.3723150357995226,2.467780429594272,1.7136038186157518,1,0,0,13.281527446300716,0.4946127195882809,22.447494033412887,
101127,Jarrett,Jack,463,10.924406047516198,4.863930885529157,2.9956803455723544,0.1555075593952483,0.7494600431965442,1.9632829373650107,9.494600431965443,4.079913606911447,2.036717062634989,0.673866090712743,2.429805615550756,2.090712742980561,1,0,0,10.563714902807776,0.5170721733796769,22.407127429805616,
202323,Evan,Turner,705,9.679432624113476,3.492198581560284,4.649645390070922,0.2609929078014184,0.7546099290780142,1.797163120567376,8.980141843971632,3.897872340425532,1.300709219858156,0.3829787234042553,1.9191489361702128,1.500709219858156,1,1,0,9.824567375886526,0.4926136823017129,22.360283687943262,
202329,Al-Farouq,Aminu,686,7.645772594752186,1.2361516034985425,6.078717201166181,0.565597667638484,0.9606413994169096,1.217201166180758,6.619533527696793,2.782798833819242,2.326530612244898,0.7784256559766763,1.7478134110787171,1.3017492711370262,0,1,0,7.388571428571428,0.5174053380052718,22.288629737609327,
2440,Matt,Barnes,485,8.954639175257732,1.890721649484536,4.8164948453608245,0.6061855670103092,0.8350515463917526,1.2804123711340205,7.542268041237113,3.247422680412371,3.839175257731959,1.2989690721649485,1.51340206185567,1.160824742268041,0,1,0,8.208164948453607,0.5454714440737913,22.219587628865973,
2545,Darko,Milicic,97,7.628865979381444,1.2474226804123711,4.721649484536083,1.7010309278350515,0.6494845360824743,1.907216494845361,7.298969072164948,3.402061855670103,0.0,0.0,1.5670103092783505,0.8247422680412371,0,0,1,7.988453608247422,0.477493289283502,22.170103092783503,
2590,Mo,Williams,339,12.129793510324484,4.920353982300885,2.2448377581120944,0.1622418879056047,0.7817109144542773,2.24188790560472,10.938053097345133,4.522123893805309,3.870206489675516,1.383480825958702,1.9469026548672568,1.702064896755162,1,0,0,11.794690265486723,0.5142056822729092,22.16961651917404,
1626162,Kelly,Oubre Jr.,343,11.01457725947522,0.9533527696793004,4.204081632653061,0.4606413994169096,0.9183673469387756,1.0495626822157431,9.06122448979592,3.906705539358601,3.728862973760933,1.2244897959183674,2.5393586005830904,1.9766763848396505,1,1,0,10.17854227405248,0.5410685028814977,22.16763848396501,
201577,Robin,Lopez,721,9.26629680998613,0.9320388349514565,5.325936199722608,1.217753120665742,0.246879334257975,1.176144244105409,7.4091539528432735,3.8945908460471568,0.2149791955617198,0.0638002773925104,1.868238557558946,1.4133148404993066,0,0,1,8.23117891816921,0.5628778636758848,22.15950069348128,
201980,Danny,Green,667,9.119940029985008,1.623688155922039,3.5637181409295358,0.8020989505247377,1.0314842578710646,1.0464767616191903,7.63568215892054,3.23688155922039,4.772113943028486,1.9145427286356824,0.9055472263868066,0.7316341829085458,1,0,0,8.034122938530734,0.5675753345923311,22.1424287856072,
951,Ray,Allen,278,12.733812949640289,2.179856115107914,3.014388489208633,0.1690647482014388,0.8884892086330936,1.3381294964028776,9.586330935251798,4.453237410071942,4.5071942446043165,1.9028776978417263,2.1546762589928057,1.9244604316546765,1,0,0,10.534388489208633,0.6043926025077172,22.079136690647484,
203484,Kentavious,Caldwell-Pope,539,11.57699443413729,1.6289424860853432,3.168831168831169,0.1892393320964749,1.1187384044526902,0.9962894248608536,9.98330241187384,4.1688311688311686,4.682745825602969,1.634508348794063,2.014842300556586,1.6048237476808906,1,0,0,10.869833024118735,0.5325286234135085,22.01298701298701,
1626143,Jahlil,Okafor,217,11.15668202764977,0.976958525345622,5.078341013824885,0.8755760368663594,0.3087557603686636,1.5023041474654375,8.820276497695852,4.741935483870968,0.0829493087557603,0.0184331797235023,2.4516129032258065,1.654377880184332,0,1,1,9.898986175115208,0.5635264980820082,21.972350230414747,
1626171,Bobby,Portis,315,10.206349206349206,1.2063492063492065,5.942857142857143,0.2984126984126984,0.5015873015873016,1.0825396825396825,9.012698412698413,4.111111111111111,2.3777777777777778,0.8571428571428571,1.4952380952380953,1.126984126984127,0,1,0,9.670603174603174,0.5276997216240349,21.965079365079365,
1626158,Richaun,Holmes,270,8.4,0.9407407407407408,4.985185185185185,0.9592592592592591,0.6074074074074074,0.8,5.866666666666666,3.422222222222222,0.562962962962963,0.1444444444444444,1.948148148148148,1.4111111111111112,0,1,1,6.723851851851851,0.6246419600757944,21.95555555555556,
204020,Tyler,Johnson,309,10.491909385113267,2.4563106796116503,3.1715210355987056,0.4433656957928802,0.8770226537216829,1.145631067961165,8.805825242718447,3.779935275080906,3.469255663430421,1.2459546925566345,2.1715210355987056,1.686084142394822,1,0,0,9.761294498381876,0.5374240776596027,21.923948220064727,
201564,O.J.,Mayo,383,12.078328981723237,2.8798955613577024,2.838120104438642,0.2898172323759791,0.9660574412532638,1.9007832898172323,10.655352480417754,4.449086161879896,4.057441253263708,1.4960835509138382,2.0966057441253265,1.6840731070496084,1,0,0,11.577859007832895,0.5216132349492143,21.877284595300257,
201960,DeMarre,Carroll,504,9.793650793650794,1.371031746031746,4.563492063492063,0.2817460317460317,0.9821428571428572,0.9384920634920636,7.890873015873016,3.4047619047619047,3.630952380952381,1.3035714285714286,2.251984126984127,1.6805555555555556,0,1,0,8.881746031746031,0.5513358949155572,21.874007936507937,
203077,Michael,Kidd-Gilchrist,446,8.408071748878923,1.154708520179372,5.426008968609866,0.6816143497757847,0.6636771300448431,0.8968609865470852,6.917040358744394,3.2780269058295963,0.2309417040358744,0.0627802690582959,2.502242152466368,1.789237668161435,0,1,0,8.018026905829597,0.5243229941499535,21.86659192825112,
200755,JJ,Redick,673,15.062407132243685,2.2704309063893016,2.2288261515601784,0.1188707280832095,0.5111441307578009,1.264487369985141,11.224368499257055,5.074294205052006,5.842496285289747,2.4531946508172364,2.7444279346211,2.460624071322437,1,0,0,12.43191679049034,0.6057958473372951,21.80237741456166,
203458,Alex,Len,466,7.967811158798283,0.8476394849785408,6.266094420600858,0.9892703862660944,0.4098712446351931,1.238197424892704,6.143776824034335,3.040772532188841,0.6180257510729614,0.2060085836909871,2.433476394849785,1.6802575107296138,0,0,1,7.21450643776824,0.552207640780973,21.758583690987123,
101109,Raymond,Felton,571,9.705779334500876,4.418563922942207,2.628721541155867,0.2189141856392294,1.0140105078809107,1.7285464098073555,8.97723292469352,3.7215411558669,2.9194395796847634,0.9632224168126094,1.623467600700525,1.299474605954466,1,0,0,9.691558669001752,0.500733662457444,21.751313485113837,
201945,Gerald,Henderson,492,11.939024390243905,2.024390243902439,3.3760162601626016,0.3536585365853658,0.7073170731707317,1.2703252032520325,10.176829268292684,4.495934959349594,1.5101626016260163,0.4979674796747967,3.083333333333333,2.4491869918699187,1,0,0,11.533495934959353,0.517580465522832,21.742886178861788,
203924,Jerami,Grant,452,9.331858407079649,1.0685840707964602,3.86283185840708,1.1238938053097345,0.5951327433628318,0.9358407079646016,7.048672566371682,3.2787610619469025,2.3672566371681416,0.8230088495575221,2.918141592920354,1.9513274336283184,0,1,0,8.332654867256638,0.5599570938518889,21.733407079646017,
201949,James,Johnson,566,8.478798586572438,2.3091872791519434,3.809187279151944,0.931095406360424,0.8409893992932862,1.530035335689046,7.007067137809187,3.351590106007067,1.7667844522968197,0.5459363957597173,1.7809187279151943,1.2296819787985869,0,1,0,7.790671378091873,0.5441635370743301,21.684628975265014,
201155,Rodney,Stuckey,442,12.389140271493211,3.253393665158371,2.776018099547511,0.1470588235294117,0.7692307692307693,1.7352941176470589,10.104072398190045,4.300904977375565,1.6923076923076923,0.5248868778280543,3.950226244343892,3.262443438914027,1,0,0,11.842171945701358,0.5230940881579752,21.627828054298647,
203109,Jae,Crowder,605,9.621487603305786,1.5388429752066115,4.140495867768595,0.3256198347107438,0.9801652892561984,0.8760330578512396,7.887603305785124,3.31900826446281,4.239669421487603,1.4396694214876034,1.9851239669421488,1.543801652892562,0,1,0,8.76105785123967,0.5491053572910928,21.611570247933884,
2748,Dorell,Wright,337,9.68545994065282,1.7537091988130564,3.896142433234421,0.4480712166172106,0.8516320474777448,0.9050445103857568,8.183976261127597,3.344213649851632,4.388724035608309,1.6142433234421365,1.71513353115727,1.3827893175074184,1,1,0,8.938635014836796,0.5417751102140542,21.548961424332344,
203482,Kelly,Olynyk,499,9.67935871743487,1.871743486973948,4.839679358717435,0.4448897795591182,0.7114228456913828,1.4148296593186374,7.380761523046092,3.5210420841683367,3.038076152304609,1.1342685370741483,1.939879759519038,1.503006012024048,0,1,1,8.234308617234468,0.5877456849975177,21.54208416833667,
200750,Brandon,Roy,52,11.576923076923077,2.923076923076923,2.5961538461538463,0.2307692307692307,0.7692307692307693,1.1923076923076923,10.73076923076923,4.230769230769231,2.3653846153846154,0.7307692307692307,2.8461538461538463,2.3846153846153846,1,0,0,11.983076923076922,0.483053023494672,21.471153846153847,roybr01
1536,Stephen,Jackson,178,11.5561797752809,2.49438202247191,3.550561797752809,0.3146067415730337,0.99438202247191,2.2191011235955056,10.337078651685394,4.061797752808989,4.00561797752809,1.2191011235955056,2.769662921348315,2.213483146067416,1,1,0,11.555730337078652,0.5000194465511542,21.421348314606742,jacksst02
1628415,Dillon,Brooks,173,12.797687861271676,1.739884393063584,3.069364161849711,0.2774566473988439,0.8439306358381503,1.5433526011560694,11.341040462427744,4.763005780346821,4.132947976878612,1.4797687861271676,2.30635838150289,1.7919075144508672,1,1,0,12.355838150289015,0.5178801998540392,21.41040462427745,
203087,Jeremy,Lamb,476,10.5609243697479,1.6176470588235294,3.754201680672269,0.3634453781512605,0.7394957983193278,0.8550420168067226,8.857142857142858,3.932773109243697,3.0588235294117645,1.0357142857142858,1.949579831932773,1.6596638655462186,1,1,0,9.714957983193278,0.5435393744377551,21.320378151260503,
1628404,Josh,Hart,195,8.6,1.441025641025641,4.8,0.4051282051282051,0.8923076923076924,0.9230769230769232,7.030769230769231,3.025641025641025,4.230769230769231,1.4923076923076923,1.482051282051282,1.0564102564102564,1,0,0,7.682871794871795,0.5596865488332354,21.30512820512821,
1629629,Cam,Reddish,58,10.517241379310343,1.5,3.724137931034482,0.4827586206896552,1.0689655172413792,1.6551724137931034,9.551724137931034,3.672413793103448,4.310344827586207,1.4310344827586208,2.1724137931034484,1.7413793103448276,1,1,0,10.507586206896551,0.5004594381727487,21.25,
101138,Brandon,Bass,498,9.708835341365464,0.9678714859437751,5.0120481927710845,0.6807228915662651,0.4598393574297189,1.0,7.5843373493975905,3.811244979919679,0.0943775100401606,0.0240963855421686,2.47991967871486,2.062248995983936,0,1,0,8.67550200803213,0.559554670863809,21.24096385542169,
203918,Rodney,Hood,341,12.454545454545457,1.8914956011730208,2.873900293255132,0.1964809384164222,0.7683284457478006,1.1114369501466277,10.574780058651026,4.504398826979473,4.592375366568915,1.7096774193548387,2.070381231671554,1.7360703812316716,1,1,0,11.485747800586507,0.5421739041627518,21.23900293255132,
202334,Ed,Davis,668,6.309880239520958,0.7649700598802395,6.642215568862276,0.8143712574850299,0.498502994011976,0.7784431137724551,4.592814371257485,2.6092814371257487,0.0059880239520958,0.0,1.872754491017964,1.091317365269461,0,1,1,5.416826347305389,0.5824333138037386,21.115269461077844,
203501,Tim,Hardaway Jr.,474,13.476793248945148,1.850210970464135,2.668776371308017,0.1392405063291139,0.6265822784810127,1.1054852320675106,11.210970464135022,4.717299578059071,5.637130801687764,1.9915611814345997,2.5126582278481013,2.050632911392405,1,1,0,12.316540084388189,0.5471014244506718,21.10759493670886,
202711,Bojan,Bogdanovic,462,14.22077922077922,1.4913419913419914,3.4783549783549783,0.08008658008658,0.551948051948052,1.5649350649350648,10.83982683982684,4.989177489177489,4.794372294372295,1.8874458874458877,2.7445887445887447,2.354978354978355,0,1,0,12.047445887445887,0.5901989248857332,21.073593073593077,
1626179,Terry,Rozier,333,9.68168168168168,2.6726726726726726,3.750750750750751,0.1861861861861861,0.7807807807807807,1.066066066066066,8.777777777777779,3.45945945945946,4.108108108108108,1.5225225225225223,1.5255255255255256,1.2402402402402402,1,0,0,9.44900900900901,0.5123120145430506,21.05255255255255,
202340,Avery,Bradley,567,11.83774250440917,1.784832451499118,2.945326278659612,0.2045855379188712,1.0246913580246917,1.4144620811287478,10.925925925925926,4.765432098765432,3.601410934744268,1.312169312169312,1.2751322751322751,0.9947089947089948,1,0,0,11.486984126984126,0.5152676443854866,21.02116402116402,
201563,Michael,Beasley,446,11.8542600896861,1.3565022421524664,4.313901345291479,0.5112107623318386,0.5022421524663677,1.7331838565022422,10.414798206278029,4.858744394618834,1.4596412556053813,0.515695067264574,2.172645739910314,1.6210762331838564,0,1,0,11.370762331838565,0.5212605691569915,20.94730941704036,
2037,Jamal,Crawford,651,13.708141321044549,2.795698924731183,1.7142857142857142,0.1751152073732718,0.7603686635944701,1.6436251920122888,11.474654377880183,4.717357910906298,4.606758832565284,1.58678955453149,3.04915514592934,2.686635944700461,1,0,0,12.816282642089094,0.5347939688855862,20.92780337941629,
1629675,Naz,Reid,30,8.966666666666667,1.1666666666666667,4.133333333333334,0.7333333333333333,0.6333333333333333,0.7333333333333333,8.1,3.333333333333333,3.2333333333333334,1.0666666666666669,1.7666666666666666,1.2333333333333334,0,1,1,8.877333333333333,0.5050315410033044,20.91666666666667,
255,Grant,Hill,158,10.430379746835444,2.107594936708861,3.5316455696202533,0.4493670886075949,0.7341772151898734,1.4177215189873418,8.69620253164557,4.037974683544304,1.1265822784810129,0.3924050632911392,2.4683544303797467,1.962025316455696,0,1,0,9.78227848101266,0.5331262939958592,20.787974683544306,
201941,Jordan,Hill,362,8.25414364640884,0.8342541436464088,6.116022099447513,0.6933701657458563,0.3756906077348066,1.0939226519337018,6.994475138121547,3.475138121546961,0.0552486187845303,0.0082872928176795,1.848066298342541,1.2955801104972375,0,1,1,7.807624309392265,0.5285950834288626,20.76795580110497,
201574,Jason,Thompson,430,7.811627906976744,0.972093023255814,6.132558139534884,0.6558139534883721,0.4558139534883721,1.0744186046511628,6.402325581395349,3.2209302325581395,0.055813953488372,0.0116279069767441,2.16046511627907,1.3581395348837209,0,1,1,7.35293023255814,0.5311914882850058,20.76627906976744,
1626174,Christian,Wood,110,9.8,0.6636363636363637,4.909090909090909,0.7,0.4454545454545454,1.0,6.372727272727273,3.481818181818182,1.6545454545454543,0.6090909090909091,3.036363636363636,2.227272727272727,0,1,0,7.708727272727273,0.6356431907165432,20.74090909090909,
201596,Mario,Chalmers,491,8.969450101832994,3.590631364562118,2.488798370672098,0.1690427698574338,1.4236252545824848,1.8615071283095723,7.179226069246436,3.006109979633401,3.2708757637474544,1.1527494908350306,2.24847250509165,1.804480651731161,1,0,0,8.168553971486762,0.549023127786255,20.736252545824847,
406,Shaquille,O'Neal,37,9.216216216216216,0.7027027027027027,4.8108108108108105,1.135135135135135,0.4324324324324324,1.5135135135135136,5.4324324324324325,3.6216216216216215,0.0,0.0,3.5405405405405403,1.972972972972973,0,0,1,6.99027027027027,0.6592174450974327,20.729729729729726,
1626144,Emmanuel,Mudiay,300,10.986666666666666,3.796666666666667,2.9466666666666668,0.2933333333333333,0.7133333333333334,2.23,10.163333333333334,4.073333333333333,2.85,0.92,2.58,1.92,1,0,0,11.298533333333332,0.4861987986641334,20.66833333333333,
1628420,Monte,Morris,156,9.647435897435898,3.5576923076923075,2.0961538461538463,0.1282051282051282,0.8397435897435898,0.6666666666666666,8.076923076923077,3.8846153846153846,2.519230769230769,1.0064102564102564,1.064102564102564,0.8717948717948718,1,0,0,8.545128205128204,0.5644991898217608,20.666666666666668,
201175,Glen,Davis,315,9.295238095238096,1.031746031746032,4.831746031746032,0.3809523809523809,0.8,1.076190476190476,8.447619047619048,3.765079365079365,0.146031746031746,0.0253968253968253,2.4793650793650794,1.7396825396825395,0,1,1,9.538539682539684,0.4872463922466585,20.661904761904765,
203210,JaMychal,Green,357,8.196078431372548,0.9327731092436976,6.201680672268908,0.4341736694677871,0.5686274509803921,1.134453781512605,6.57422969187675,3.0980392156862746,2.0476190476190474,0.7647058823529411,1.607843137254902,1.2352941176470589,0,1,1,7.281680672268907,0.5627875486620812,20.640056022408963,
201167,Arron,Afflalo,531,12.871939736346516,2.169491525423729,3.1129943502824857,0.1694915254237288,0.4444444444444444,1.32015065913371,10.370998116760829,4.672316384180791,3.391713747645951,1.3013182674199624,2.668549905838041,2.225988700564972,1,0,0,11.545160075329568,0.5574604272422388,20.611111111111107,
203145,Kent,Bazemore,520,9.232692307692307,1.946153846153846,3.4096153846153845,0.5134615384615384,1.0846153846153843,1.5403846153846157,7.95,3.2846153846153845,3.2346153846153847,1.1346153846153846,2.105769230769231,1.5288461538461535,1,1,0,8.876538461538463,0.5200615277958316,20.577884615384612,
1627737,Marquese,Chriss,256,7.96484375,1.08984375,4.8828125,0.83203125,0.6796875,1.28515625,6.5390625,2.98046875,2.05078125,0.59375,2.109375,1.41015625,0,1,0,7.4671875,0.5333228708934924,20.400390625,
101181,Jose,Calderon,530,8.320754716981131,5.252830188679245,2.4547169811320755,0.0792452830188679,0.7603773584905661,1.4339622641509433,6.988679245283019,3.1735849056603773,2.990566037735849,1.2433962264150944,0.8433962264150944,0.730188679245283,1,0,0,7.3597735849056605,0.5652860526882492,20.37264150943396,
1627814,Damion,Lee,95,9.873684210526315,1.8421052631578947,3.9368421052631577,0.0736842105263157,0.8631578947368421,0.968421052631579,8.305263157894737,3.473684210526316,3.863157894736842,1.3368421052631578,1.863157894736842,1.5894736842105264,1,1,0,9.125052631578948,0.5410206718346253,20.352631578947367,
202357,Nemanja,Bjelica,341,8.026392961876834,1.750733137829912,4.780058651026393,0.4486803519061583,0.6803519061583577,0.9941348973607038,6.475073313782991,3.0205278592375366,3.114369501466276,1.2228739002932552,0.9882697947214076,0.7624633431085044,0,1,0,6.90991202346041,0.5807883613152938,20.35043988269795,
203473,Dewayne,Dedmon,390,6.464102564102564,0.6974358974358974,6.061538461538461,0.8769230769230769,0.5538461538461539,0.9948717948717948,4.971794871794872,2.5641025641025643,1.1948717948717948,0.3974358974358974,1.2820512820512822,0.9384615384615383,0,0,1,5.535897435897436,0.5838351088466883,20.33589743589744,
1629633,Jarrett,Culver,63,9.206349206349206,1.746031746031746,3.365079365079365,0.6031746031746031,0.9047619047619048,1.2857142857142858,9.031746031746032,3.6507936507936503,3.507936507936508,1.0476190476190477,1.8571428571428568,0.8571428571428571,1,1,0,9.848888888888888,0.4673800928313563,20.33333333333333,
2030,Kenyon,Martin,151,6.072847682119205,1.2582781456953642,4.80794701986755,0.847682119205298,0.8807947019867549,0.9006622516556292,5.430463576158941,2.7152317880794703,0.152317880794702,0.0331125827814569,1.2384105960264902,0.609271523178808,0,1,0,5.975364238410596,0.5081571130912799,20.28476821192053,
1897,Metta,World Peace,305,8.167213114754098,1.580327868852459,3.360655737704918,0.4131147540983607,1.2163934426229508,0.9737704918032788,7.649180327868852,2.9704918032786884,3.3114754098360657,1.0885245901639344,1.6688524590163931,1.137704918032787,0,1,0,8.383475409836066,0.4871018709717789,20.14918032786885,
1628978,Donte,DiVincenzo,93,7.967741935483871,1.989247311827957,4.118279569892473,0.2795698924731182,1.053763440860215,1.1720430107526882,6.817204301075269,3.032258064516129,3.548387096774193,1.1290322580645162,1.053763440860215,0.7741935483870968,1,0,0,7.280860215053764,0.5471703686200378,20.118279569892472,
1627863,Danuel,House Jr.,125,9.44,1.2,3.864,0.408,0.76,0.8,7.36,3.232,4.728,1.744,1.536,1.232,1,1,0,8.03584,0.5873685887225231,20.108,
202348,Jordan,Crawford,281,12.2135231316726,3.1423487544483986,2.501779359430605,0.0818505338078291,0.697508896797153,1.8825622775800712,11.138790035587188,4.576512455516014,3.704626334519573,1.1743772241992882,2.284697508896797,1.886120996441281,1,0,0,12.14405693950178,0.5028600900225056,20.03202846975089,
204060,Joe,Ingles,477,8.30188679245283,3.641509433962264,3.2264150943396226,0.1530398322851153,0.9979035639412998,1.60167714884696,6.643605870020965,2.9664570230607965,4.174004192872117,1.69811320754717,0.8930817610062893,0.6708595387840671,1,1,0,7.036561844863732,0.5899107387589231,20.0041928721174,
204456,T.J.,McConnell,384,6.421875,4.7109375,2.8307291666666665,0.1588541666666666,1.1848958333333333,1.5625,5.778645833333333,2.84375,0.6901041666666666,0.2291666666666666,0.6484375,0.5052083333333334,1,0,0,6.063958333333333,0.5295118012849144,19.984375,
1628972,Troy,Brown Jr.,120,8.033333333333333,2.1416666666666666,4.4,0.1,0.8833333333333333,0.9083333333333332,7.133333333333334,3.083333333333333,2.066666666666667,0.6916666666666667,1.55,1.175,1,1,0,7.815333333333334,0.5139469419090675,19.962499999999995,
1626163,Frank,Kaminsky,320,9.8,1.646875,4.05625,0.36875,0.45625,0.86875,8.275,3.49375,3.415625,1.184375,2.171875,1.628125,0,1,1,9.230625,0.5308416277337668,19.917187500000004,
2399,Mike,Dunleavy,420,9.916666666666666,1.8,3.719047619047619,0.3738095238095238,0.569047619047619,1.0452380952380953,7.883333333333334,3.492857142857143,3.764285714285714,1.511904761904762,1.7357142857142858,1.4190476190476191,1,1,0,8.647047619047619,0.5734134414168337,19.87619047619048,
201168,Tiago,Splitter,351,8.022792022792023,1.205128205128205,5.062678062678063,0.5954415954415955,0.5641025641025641,1.094017094017094,5.504273504273504,3.056980056980057,0.0398860398860398,0.0056980056980056,2.7293447293447293,1.9031339031339032,0,1,1,6.705185185185185,0.5982528298038683,19.87464387464388,
202687,Bismack,Biyombo,636,5.14622641509434,0.5314465408805031,6.238993710691824,1.339622641509434,0.25,0.9072327044025156,3.7216981132075473,1.9371069182389935,0.0031446540880503,0.0,2.2138364779874213,1.2720125786163523,0,0,1,4.695786163522013,0.547962176714035,19.84591194968554,
203082,Terrence,Ross,561,11.014260249554368,1.0998217468805704,2.8306595365418894,0.3351158645276292,0.8502673796791443,0.9055258467023172,9.620320855614974,4.03921568627451,5.146167557932264,1.9037433155080212,1.2459893048128343,1.032085561497326,1,1,0,10.168556149732622,0.5415842764384983,19.84046345811052,
1626153,Delon,Wright,270,7.277777777777778,2.888888888888889,3.0703703703703704,0.3666666666666666,1.037037037037037,0.9962962962962963,5.914814814814815,2.6592592592592594,1.8185185185185184,0.6222222222222222,1.6925925925925926,1.337037037037037,1,0,0,6.659555555555556,0.5464161772557394,19.838888888888885,
101112,Channing,Frye,529,8.701323251417769,1.0396975425330812,4.370510396975425,0.6313799621928167,0.5311909262759924,0.8185255198487713,7.378071833648393,3.170132325141777,4.241965973534971,1.6200378071833648,0.8714555765595463,0.7410207939508506,0,1,1,7.761512287334593,0.5605430313894355,19.82986767485822,
1629006,Josh,Okogie,135,8.170370370370371,1.4074074074074074,3.6,0.437037037037037,1.1555555555555554,1.1111111111111112,6.703703703703703,2.7111111111111112,2.725925925925926,0.7481481481481481,2.6148148148148147,2.0,1,0,0,7.854222222222222,0.5201259996982044,19.82962962962963,
1733,Al,Harrington,180,10.838888888888889,1.261111111111111,4.605555555555555,0.1277777777777777,0.6388888888888888,1.4388888888888889,9.511111111111113,4.044444444444444,4.227777777777778,1.4444444444444444,1.8444444444444448,1.3055555555555556,0,1,0,10.322666666666668,0.5250043055196763,19.82777777777778,harrial01
1627826,Ivica,Zubac,209,7.464114832535885,0.9569377990430622,5.660287081339713,0.784688995215311,0.2488038277511961,0.8899521531100478,5.363636363636363,3.028708133971292,0.0287081339712918,0.0,1.8660287081339717,1.4066985645933014,0,0,1,6.184688995215311,0.6034349373356027,19.744019138755977,
1629001,De'Anthony,Melton,110,6.409090909090909,3.036363636363636,3.2181818181818183,0.3909090909090909,1.318181818181818,1.4454545454545455,5.972727272727273,2.372727272727273,2.136363636363636,0.6272727272727273,1.3545454545454545,1.0363636363636364,1,0,0,6.568727272727273,0.4878487599645704,19.736363636363635,
2400,Drew,Gooden,207,8.483091787439614,1.3236714975845412,5.082125603864735,0.4106280193236715,0.5362318840579711,1.072463768115942,7.739130434782608,3.294685990338164,0.9516908212560388,0.2753623188405797,1.9855072463768115,1.6183574879227054,0,1,0,8.612753623188405,0.4924726840322183,19.73429951690821,
1628464,Daniel,Theis,193,6.766839378238342,1.217616580310881,4.7927461139896375,0.9015544041450776,0.4559585492227979,0.7409326424870466,4.7927461139896375,2.6580310880829017,1.145077720207254,0.3937823834196891,1.4041450777202074,1.0569948186528495,0,1,1,5.410569948186529,0.6253351719911131,19.730569948186528,
202344,Trevor,Booker,526,6.994296577946768,1.0741444866920151,5.574144486692015,0.526615969581749,0.6749049429657795,1.026615969581749,5.7072243346007605,2.9429657794676807,0.4657794676806083,0.1425855513307984,1.5190114068441063,0.9657794676806084,0,1,0,6.375589353612168,0.5485215711065256,19.71958174904943,
203939,Dwight,Powell,364,7.876373626373627,0.9972527472527472,4.700549450549451,0.4725274725274725,0.6895604395604396,0.6785714285714286,5.178571428571429,2.917582417582417,0.9642857142857144,0.2829670329670329,2.379120879120879,1.7582417582417582,0,1,1,6.225384615384616,0.6326013662600837,19.714285714285715,
979,Jermaine,O'Neal,148,7.141891891891892,0.6013513513513513,5.121621621621622,1.2905405405405406,0.2905405405405405,1.1689189189189189,5.72972972972973,2.7432432432432434,0.0067567567567567,0.0,2.168918918918919,1.6554054054054057,0,1,1,6.684054054054054,0.5342485140107557,19.71283783783784,onealje01
2585,Zaza,Pachulia,598,6.421404682274248,1.6555183946488294,6.142140468227424,0.3127090301003344,0.7374581939799331,1.3043478260869563,4.889632107023411,2.3344481605351173,0.0284280936454849,0.0,2.2558528428093645,1.752508361204013,0,0,1,5.882207357859532,0.5458329069013749,19.709866220735783,
1889,Andre,Miller,406,7.970443349753695,5.071428571428571,2.6970443349753697,0.1157635467980295,0.8177339901477833,1.8423645320197044,6.539408866995074,3.061576354679803,0.6083743842364532,0.1453201970443349,2.071428571428572,1.7019704433497538,1,0,0,7.450837438423646,0.5348689604104409,19.672413793103445,
1629008,Michael,Porter Jr.,55,9.309090909090909,0.8363636363636363,4.709090909090909,0.4545454545454545,0.4909090909090909,0.8909090909090909,6.963636363636364,3.5454545454545454,2.672727272727273,1.1272727272727272,1.309090909090909,1.0909090909090908,0,1,0,7.5396363636363635,0.6173434937783351,19.627272727272725,
203107,Tomas,Satoransky,274,7.405109489051095,4.127737226277373,3.0985401459854014,0.1496350364963503,0.8722627737226277,1.354014598540146,5.87956204379562,2.7554744525547443,1.8211678832116789,0.6715328467153284,1.4963503649635037,1.2226277372262773,1,0,0,6.537956204379562,0.5663168471586469,19.62408759124088,
2557,Luke,Ridnour,314,9.273885350318473,3.882165605095541,2.264331210191082,0.1687898089171974,0.8885350318471338,1.5541401273885351,8.105095541401274,3.5955414012738856,2.289808917197452,0.8057324840764332,1.4872611464968153,1.2770700636942676,1,0,0,8.759490445859873,0.5293621476978563,19.61464968152866,
201977,Marcus,Thornton,409,11.474327628361856,1.374083129584352,2.779951100244499,0.1222493887530562,0.8484107579462102,1.0146699266503667,10.073349633251834,4.2200488997555015,4.249388753056235,1.511002444987775,1.82640586797066,1.5232273838630808,1,1,0,10.876968215158923,0.5274598307812655,19.558679706601467,
1628455,Mike,James,36,9.333333333333334,3.5,2.5,0.1944444444444444,0.7777777777777778,1.3611111111111112,8.916666666666666,3.4166666666666665,2.7222222222222223,0.7222222222222222,2.333333333333333,1.7777777777777777,1,0,0,9.943333333333332,0.4693261816962789,19.500000000000004,
1628964,Mo,Bamba,109,5.724770642201835,0.7431192660550459,4.908256880733945,1.3761467889908257,0.3302752293577982,0.7798165137614679,4.853211009174312,2.2844036697247705,1.6238532110091743,0.5321100917431193,1.0,0.6238532110091743,0,0,1,5.293211009174312,0.540765391014975,19.467889908256883,
201196,Ramon,Sessions,513,10.434697855750487,3.840155945419103,2.5321637426900585,0.0721247563352826,0.6179337231968811,1.6530214424951266,7.976608187134503,3.4249512670565303,1.1734892787524367,0.3859649122807017,4.001949317738792,3.198830409356725,1,0,0,9.737465886939573,0.5358015102135599,19.44736842105263,
1628467,Maxi,Kleber,215,7.176744186046512,0.972093023255814,4.423255813953489,0.9674418604651164,0.4046511627906977,0.6604651162790698,5.623255813953488,2.6186046511627907,3.0930232558139537,1.0976744186046512,1.0511627906976744,0.8418604651162791,0,1,0,6.085767441860465,0.5896334566353826,19.43720930232558,
1629162,Jordan,McLaughlin,30,7.633333333333334,4.166666666666667,1.6333333333333333,0.1333333333333333,1.1333333333333333,1.0333333333333334,5.933333333333334,2.9,2.533333333333333,0.9666666666666668,1.3,0.8666666666666667,1,0,0,6.505333333333334,0.586698093871695,19.333333333333336,
1629130,Duncan,Robinson,86,12.011627906976743,1.2325581395348837,2.895348837209302,0.2209302325581395,0.4651162790697674,0.8372093023255814,8.488372093023257,3.965116279069768,7.4186046511627906,3.255813953488372,0.9069767441860463,0.8255813953488372,0,1,0,8.887441860465117,0.6757640778731421,19.273255813953487,
203504,Trey,Burke,392,10.630102040816327,3.5306122448979598,2.017857142857143,0.1147959183673469,0.576530612244898,1.2653061224489797,10.028061224489797,4.112244897959184,3.548469387755102,1.2244897959183674,1.4770408163265305,1.1811224489795915,1,0,0,10.67795918367347,0.4977590688429341,19.1875,
1626224,Cedi,Osman,197,9.883248730964468,1.9796954314720807,3.5888324873096447,0.1472081218274111,0.6903553299492385,1.2030456852791878,8.319796954314722,3.6345177664974617,3.969543147208122,1.4467005076142132,1.6294416243654823,1.16751269035533,0,1,0,9.036751269035534,0.5468363816114681,19.18020304568528,
1629645,Kevin,Porter Jr.,50,9.96,2.18,3.24,0.28,0.92,1.86,8.42,3.72,3.16,1.06,2.02,1.46,1,1,0,9.3088,0.534977655551736,19.17,
202362,Lance,Stephenson,507,8.58777120315582,2.871794871794872,4.189349112426036,0.1420118343195266,0.6568047337278107,1.6489151873767258,7.725838264299803,3.4280078895463517,2.1676528599605525,0.6824457593688363,1.532544378698225,1.04930966469428,0,1,0,8.400157790927022,0.5111672552408145,19.07692307692308,
202349,Greivis,Vasquez,400,8.9775,4.8375,2.5525,0.085,0.59,1.8825,8.2425,3.445,2.95,1.03,1.295,1.0575,1,0,0,8.8123,0.5093732623719119,18.9975,
203090,Maurice,Harkless,536,7.17910447761194,0.9421641791044776,3.725746268656717,0.6623134328358209,0.9776119402985076,0.8731343283582089,5.985074626865671,2.861940298507463,1.860074626865672,0.6044776119402985,1.3899253731343284,0.8507462686567164,1,1,0,6.596641791044776,0.5441484246846541,18.994402985074625,
203937,Kyle,Anderson,358,5.56145251396648,2.047486033519553,4.06145251396648,0.547486033519553,0.9748603351955308,0.9106145251396648,4.572625698324022,2.23463687150838,0.7374301675977654,0.2290502793296089,1.23463687150838,0.8631284916201117,1,1,0,5.11586592178771,0.5435494791097909,18.993016759776538,
1629636,Darius,Garland,59,12.33898305084746,3.8813559322033897,1.88135593220339,0.0677966101694915,0.711864406779661,2.559322033898305,11.847457627118644,4.745762711864407,5.016949152542373,1.7796610169491525,1.2203389830508475,1.0677966101694916,1,0,0,12.384406779661017,0.4981660918596376,18.983050847457623,
203100,Tony,Wroten,143,11.216783216783217,3.055944055944056,2.531468531468532,0.1958041958041958,0.958041958041958,2.6223776223776225,9.741258741258742,4.020979020979021,2.5384615384615383,0.5874125874125874,4.0,2.5874125874125875,1,0,0,11.50125874125874,0.4876328525913855,18.968531468531467,
203156,Henry,Sims,132,7.8106060606060606,1.0606060606060606,5.075757575757576,0.4848484848484848,0.5757575757575758,1.1590909090909092,6.477272727272728,3.053030303030303,0.1742424242424242,0.0303030303030303,2.1818181818181817,1.6742424242424243,0,1,1,7.437272727272727,0.525098806176914,18.939393939393938,
201600,Omer,Asik,469,5.285714285714286,0.5970149253731343,7.1684434968017055,0.7228144989339019,0.3560767590618336,1.1556503198294243,3.8272921108742,2.0191897654584223,0.0021321961620469,0.0,2.2643923240938166,1.2473347547974414,0,0,1,4.82362473347548,0.5478985801934331,18.93816631130064,
202397,Ish,Smith,601,7.920133111480865,3.9633943427620633,2.492512479201331,0.2495840266222961,0.7304492512479202,1.2945091514143094,7.815307820299501,3.361064891846922,1.346089850249584,0.4292845257903494,1.124792013311148,0.7687188019966722,1,0,0,8.310216306156406,0.4765299012501902,18.9351081530782,
201584,Courtney,Lee,663,9.402714932126695,1.7209653092006034,2.559577677224736,0.2699849170437405,0.9653092006033184,0.9306184012066364,7.921568627450981,3.58974358974359,2.761689291101056,1.0829562594268476,1.3378582202111613,1.1402714932126696,1,0,0,8.510226244343892,0.5524362491758651,18.90346907993967,
2419,Tayshaun,Prince,434,8.887096774193548,1.95852534562212,3.6059907834101375,0.336405529953917,0.4815668202764977,0.8018433179723502,8.622119815668203,3.794930875576037,1.0483870967741935,0.3778801843317972,1.283410138248848,0.9193548387096774,0,1,0,9.186820276497697,0.4836873100113366,18.902073732718893,
1626210,Alan,Williams,65,6.3538461538461535,0.6,5.707692307692308,0.5846153846153846,0.5692307692307692,0.7846153846153846,4.953846153846154,2.507692307692308,0.0307692307692307,0.0,2.1384615384615384,1.3384615384615384,0,1,1,5.894769230769231,0.5389393464871072,18.86153846153846,
201571,D.J.,Augustin,712,10.0688202247191,4.245786516853933,1.9845505617977528,0.0323033707865168,0.6109550561797753,1.5646067415730338,7.933988764044944,3.27247191011236,3.519662921348315,1.3103932584269662,2.550561797752809,2.213483146067416,1,0,0,9.05623595505618,0.5559053603885831,18.858146067415728,
200748,Tyrus,Thomas,123,6.926829268292683,0.6829268292682927,3.934959349593496,1.146341463414634,0.6504065040650406,1.0975609756097562,6.463414634146342,2.6422764227642275,0.1138211382113821,0.032520325203252,2.048780487804878,1.6097560975609757,0,1,0,7.364878048780488,0.4702609617167836,18.84552845528455,
101139,CJ,Miles,592,10.72972972972973,1.027027027027027,2.5760135135135136,0.3513513513513513,0.7550675675675675,0.8699324324324325,9.22972972972973,3.721283783783784,5.003378378378378,1.8091216216216215,1.802364864864865,1.4780405405405406,1,0,0,10.02277027027027,0.5352676675408023,18.820101351351354,
201148,Brandan,Wright,347,7.210374639769452,0.4870317002881844,3.755043227665706,1.0547550432276658,0.4899135446685879,0.4783861671469741,5.005763688760807,3.109510086455332,0.0230547550432276,0.0,1.4956772334293948,0.9913544668587896,0,1,1,5.66386167146974,0.6365246061790207,18.79538904899136,
1713,Vince,Carter,689,9.042089985486212,1.6879535558780845,3.004354136429608,0.3889695210449927,0.737300435413643,0.918722786647315,7.827285921625545,3.181422351233672,3.88388969521045,1.420899854862119,1.5892597968069666,1.258345428156749,1,1,0,8.52656023222061,0.5302308163682168,18.748185776487663,
2240,Gilbert,Arenas,87,9.505747126436782,3.35632183908046,2.3793103448275863,0.2528735632183908,0.9770114942528736,2.1724137931034484,9.172413793103448,3.3908045977011496,4.206896551724138,1.264367816091954,1.8735632183908049,1.4597701149425288,1,0,0,9.996781609195402,0.4754403716138528,18.683908045977013,
203200,Justin,Holiday,426,8.185446009389672,1.4389671361502347,2.927230046948357,0.4248826291079812,1.0023474178403755,0.8967136150234741,7.248826291079812,2.868544600938967,4.091549295774648,1.4694835680751173,1.1854460093896713,0.9788732394366196,1,1,0,7.770422535211267,0.5267053350250741,18.65023474178404,
201585,Kosta,Koufos,598,6.076923076923077,0.5568561872909699,5.464882943143813,0.7876254180602007,0.4632107023411371,0.7324414715719063,5.090301003344481,2.7324414715719065,0.0066889632107023,0.0,1.0735785953177257,0.6120401337792643,0,0,1,5.56267558528428,0.5462230345590534,18.64799331103679,
202692,Alec,Burks,494,10.255060728744938,1.8481781376518216,3.200404858299595,0.1862348178137652,0.6477732793522267,1.271255060728745,8.305668016194332,3.502024291497976,2.242914979757085,0.8117408906882592,3.082995951417004,2.4392712550607287,1,0,0,9.662186234817812,0.5306801421292572,18.62145748987854,
201147,Corey,Brewer,641,8.54758190327613,1.436817472698908,2.6006240249609984,0.2574102964118565,1.2714508580343211,1.0670826833073324,7.471138845553822,3.207488299531981,2.3229329173166926,0.6380655226209049,2.082683307332293,1.4945397815912635,1,1,0,8.387519500780032,0.509541700766312,18.58502340093604,
1627751,Jakob,Poeltl,277,5.512635379061372,1.0036101083032491,4.8483754512635375,1.021660649819495,0.4404332129963899,0.779783393501805,3.8050541516245486,2.4296028880866425,0.0072202166064981,0.003610108303249,1.212996389891697,0.6498194945848376,0,0,1,4.338772563176895,0.635275910270918,18.57942238267148,
201171,Carl,Landry,322,9.993788819875776,0.7111801242236024,4.704968944099379,0.3167701863354037,0.3664596273291925,1.1583850931677018,7.236024844720497,3.7639751552795033,0.0714285714285714,0.0217391304347826,3.1149068322981366,2.444099378881988,0,1,0,8.606583850931678,0.5805897550625694,18.534161490683232,
1888,Richard,Hamilton,133,11.977443609022556,2.81203007518797,2.0676691729323307,0.075187969924812,0.5639097744360902,1.6616541353383458,10.947368421052632,4.7518796992481205,1.8195488721804511,0.6616541353383458,2.1503759398496243,1.8120300751879697,1,0,0,11.893533834586467,0.5035275375512062,18.530075187969924,hamilri01
201156,Nick,Young,489,12.478527607361965,0.983640081799591,2.1676891615541924,0.2044989775051124,0.5971370143149284,0.9591002044989776,10.486707566462169,4.325153374233129,4.76482617586912,1.787321063394683,2.431492842535788,2.0408997955010224,1,1,0,11.556564417177912,0.5398891555008175,18.493865030674847,
2594,Kyle,Korver,715,9.588811188811189,1.813986013986014,2.913286713286713,0.3426573426573426,0.6139860139860139,1.0083916083916085,7.232167832167832,3.264335664335664,4.93986013986014,2.1734265734265734,1.013986013986014,0.8867132867132868,1,1,0,7.678321678321678,0.6244080145719489,18.489510489510486,
2734,Devin,Harris,576,9.197916666666666,3.4010416666666665,1.946180555555556,0.1684027777777778,0.8489583333333334,1.4166666666666667,7.104166666666667,2.977430555555556,3.0416666666666665,1.0225694444444444,2.8038194444444446,2.220486111111111,1,0,0,8.337847222222223,0.5515762295423312,18.45486111111111,
1629026,Kenrich,Williams,85,4.882352941176471,1.6470588235294117,4.764705882352941,0.4705882352941176,0.8470588235294118,0.6823529411764706,5.011764705882353,1.8588235294117648,2.976470588235294,0.9058823529411764,0.5294117647058824,0.2588235294117647,1,1,0,5.2447058823529416,0.4654553611484971,18.405882352941177,
2753,Delonte,West,68,8.176470588235293,2.985294117647059,2.0294117647058822,0.3088235294117647,1.1470588235294117,1.5588235294117647,7.0588235294117645,3.25,1.6029411764705883,0.5735294117647058,1.25,1.1029411764705883,1,0,0,7.608823529411764,0.5373018940858136,18.40441176470588,
1629661,Cameron,Johnson,57,8.842105263157896,1.2105263157894737,3.280701754385965,0.3508771929824561,0.631578947368421,0.5614035087719298,7.105263157894737,3.087719298245614,4.771929824561403,1.8596491228070176,1.0,0.8070175438596491,0,1,0,7.545263157894738,0.5859375,18.385964912280706,
200826,J.J.,Barea,597,9.938023450586265,4.457286432160804,2.266331658291457,0.0184254606365159,0.4087102177554438,1.6884422110552764,8.966499162479062,3.777219430485762,3.256281407035176,1.1407035175879396,1.5611390284757118,1.2428810720268006,1,0,0,9.653400335008374,0.5147421170624041,18.355108877721943,
101126,Nate,Robinson,280,9.785714285714286,3.2607142857142857,1.8035714285714288,0.0821428571428571,0.8214285714285714,1.3392857142857142,8.642857142857142,3.592857142857143,3.557142857142857,1.2892857142857144,1.6321428571428571,1.3107142857142855,1,0,0,9.361,0.522685305294001,18.317857142857143,
2564,Boris,Diaw,523,7.594646271510516,2.9120458891013383,3.8489483747609934,0.3499043977055449,0.5430210325047801,1.5162523900573617,6.460803059273423,3.1682600382409176,1.5946462715105163,0.5411089866156787,0.9923518164435946,0.7170172084130019,0,1,1,6.897437858508605,0.5505411159407433,18.275334608030587,
202697,Iman,Shumpert,458,7.244541484716157,1.8449781659388649,3.3471615720524017,0.2620087336244541,1.1179039301310043,1.1550218340611351,6.82532751091703,2.6724890829694323,3.159388646288209,1.0676855895196506,1.0895196506550218,0.8318777292576419,1,0,0,7.30471615720524,0.4958811080955057,18.24235807860262,
203925,Joe,Harris,323,10.687306501547988,1.6563467492260062,3.219814241486068,0.1981424148606811,0.4674922600619195,1.2321981424148607,8.1671826625387,3.9102167182662537,4.513931888544891,1.9256965944272448,1.2074303405572755,0.9411764705882352,1,1,0,8.698452012383902,0.6143223234624146,18.19969040247678,
200771,Sergio,Rodriguez,68,7.794117647058823,5.0588235294117645,2.3088235294117645,0.0588235294117647,0.7205882352941176,1.8823529411764703,7.882352941176471,3.088235294117647,3.7058823529411766,1.3529411764705883,0.3970588235294117,0.2647058823529412,1,0,0,8.057058823529411,0.4836825582244287,18.198529411764703,
1515,Anthony,Parker,123,7.861788617886178,2.747967479674797,2.894308943089431,0.1382113821138211,0.8536585365853658,1.056910569105691,7.138211382113822,2.934959349593496,2.967479674796748,1.1056910569105691,1.227642276422764,0.8861788617886179,1,0,0,7.678373983739838,0.5119435856168735,18.178861788617887,
200757,Thabo,Sefolosha,581,5.845094664371773,1.2925989672977625,3.812392426850258,0.4027538726333907,1.1514629948364887,0.7710843373493976,4.800344234079174,2.2048192771084336,1.927710843373494,0.6953528399311532,0.991394148020654,0.7401032702237521,1,1,0,5.236557659208262,0.5581046791391121,18.17728055077453,
1628384,OG,Anunoby,210,7.809523809523809,1.0,3.5476190476190474,0.3857142857142857,0.923809523809524,0.8523809523809524,6.266666666666667,3.009523809523809,2.9857142857142858,1.0904761904761904,1.076190476190476,0.7,1,1,0,6.7401904761904765,0.5793251568416887,18.164285714285715,
1629637,Jaxson,Hayes,64,7.375,0.875,4.046875,0.859375,0.40625,0.828125,4.046875,2.71875,0.0625,0.015625,2.96875,1.921875,0,1,1,5.353125,0.6888499708114418,18.1640625,
201164,Rudy,Fernandez,109,8.587155963302752,2.458715596330275,2.1743119266055047,0.1559633027522936,1.0825688073394495,1.1743119266055049,7.339449541284404,2.8623853211009176,4.431192660550459,1.4311926605504588,1.7339449541284404,1.4311926605504588,1,0,0,8.102385321100918,0.529915304135151,18.142201834862384,
2365,Chris,Andersen,290,5.362068965517241,0.4206896551724138,4.641379310344828,1.1241379310344828,0.4689655172413793,0.596551724137931,3.2551724137931037,1.9172413793103449,0.1586206896551724,0.0448275862068965,2.217241379310345,1.4827586206896552,0,1,1,4.230758620689655,0.6337006487790565,18.13448275862069,
200770,Jordan,Farmar,202,8.970297029702971,4.0,2.01980198019802,0.1138613861386138,0.7920792079207921,1.7574257425742574,7.920792079207921,3.267326732673267,3.663366336633664,1.4306930693069306,1.202970297029703,1.004950495049505,1,0,0,8.45009900990099,0.5307805872565792,18.108910891089103,
202361,Landry,Fields,248,6.979838709677419,1.689516129032258,4.403225806451613,0.1814516129032258,0.8548387096774194,1.0846774193548387,5.830645161290323,2.7580645161290325,1.4556451612903225,0.4838709677419355,1.471774193548387,0.9798387096774194,1,1,0,6.478225806451613,0.5387152993900162,18.09475806451613,
1628971,Bruce,Brown,132,6.333333333333333,2.4318181818181817,3.477272727272727,0.4924242424242424,0.7803030303030303,1.106060606060606,5.765151515151516,2.446969696969697,1.431818181818182,0.4318181818181818,1.356060606060606,1.0075757575757576,1,1,0,6.361818181818182,0.4977612651233685,18.07575757575757,
2422,John,Salmons,294,8.452380952380953,2.486394557823129,2.6904761904761907,0.282312925170068,0.7346938775510204,1.108843537414966,7.877551020408164,3.142857142857143,2.67687074829932,0.9727891156462584,1.534013605442177,1.1938775510204085,0,1,0,8.552517006802722,0.4941458137796089,18.068027210884352,
1628995,Kevin,Knox II,140,9.871428571428572,1.0214285714285714,3.707142857142857,0.3714285714285714,0.4714285714285714,1.1357142857142857,9.392857142857142,3.442857142857143,4.021428571428571,1.3571428571428572,2.335714285714286,1.6285714285714286,0,1,0,10.420571428571428,0.4736510199605177,18.06428571428572,
2198,Kwame,Brown,97,6.412371134020619,0.5773195876288659,5.989690721649485,0.5051546391752577,0.4123711340206185,0.9381443298969072,4.65979381443299,2.391752577319588,0.0,0.0,2.927835051546392,1.6288659793814433,0,0,1,5.948041237113403,0.5390321686078757,18.05670103092784,
1627827,Dorian,Finney-Smith,252,6.98015873015873,1.1984126984126984,4.325396825396825,0.4126984126984127,0.6984126984126984,0.8293650793650794,5.968253968253968,2.543650793650793,3.234126984126984,1.0674603174603174,1.1388888888888888,0.8253968253968254,0,1,0,6.46936507936508,0.5394778811001791,18.051587301587304,
201177,Josh,McRoberts,348,5.925287356321839,2.410919540229885,4.238505747126437,0.4655172413793103,0.5517241379310345,1.0,4.9798850574712645,2.2902298850574714,1.557471264367816,0.5402298850574713,1.112068965517241,0.8045977011494253,0,1,1,5.469195402298851,0.5416964398301878,17.9683908045977,
203124,Kyle,O'Quinn,468,5.474358974358975,1.3632478632478633,4.613247863247863,0.9658119658119658,0.4038461538461538,0.9764957264957264,4.474358974358975,2.311965811965812,0.2991452991452991,0.0662393162393162,1.0598290598290598,0.7841880341880342,0,1,1,4.940683760683761,0.5540082344393314,17.96474358974359,
1628379,Luke,Kennard,164,9.835365853658535,2.152439024390244,2.7865853658536586,0.1768292682926829,0.5,1.0304878048780488,8.091463414634147,3.567073170731707,3.945121951219512,1.5853658536585369,1.2926829268292683,1.1158536585365857,1,0,0,8.660243902439024,0.5678457768890641,17.89024390243902,
1503,Tracy,McGrady,124,6.830645161290323,2.919354838709677,3.2661290322580645,0.3951612903225806,0.6612903225806451,1.25,6.008064516129032,2.6451612903225805,0.9758064516129032,0.3629032258064516,1.7096774193548387,1.1774193548387095,1,1,0,6.760322580645161,0.5052011261153792,17.83467741935484,
1627756,Denzel,Valentine,169,7.810650887573964,2.0710059171597632,3.6568047337278102,0.1420118343195266,0.7159763313609467,1.029585798816568,7.372781065088757,2.9585798816568047,4.230769230769231,1.5502958579881656,0.4556213017751479,0.3431952662721893,1,0,0,7.5732544378698226,0.5156733443760353,17.775147928994084,
1627746,Skal,Labissiere,146,7.321917808219178,1.0410958904109588,4.52054794520548,0.678082191780822,0.363013698630137,1.0342465753424657,5.972602739726027,2.9383561643835616,0.5821917808219178,0.2054794520547945,1.643835616438356,1.2397260273972603,0,1,1,6.695890410958904,0.5467471358428805,17.76027397260274,
2406,Caron,Butler,321,9.694704049844235,1.161993769470405,3.1713395638629285,0.1557632398753894,0.7165109034267912,0.9657320872274144,8.71651090342679,3.616822429906542,3.545171339563863,1.3457943925233644,1.3489096573208723,1.115264797507788,0,1,0,9.310031152647976,0.5206590553183515,17.752336448598133,
2501,Reggie,Evans,267,3.704119850187266,0.5655430711610487,8.00374531835206,0.1235955056179775,0.7228464419475655,1.1123595505617978,2.707865168539326,1.2359550561797752,0.0112359550561797,0.0,2.2771535580524342,1.2322097378277153,0,1,1,3.709812734082397,0.4992327262448007,17.719101123595504,
201957,Byron,Mullens,175,7.908571428571428,0.8685714285714285,4.457142857142857,0.56,0.4114285714285714,1.0457142857142858,7.6971428571428575,3.142857142857143,1.9885714285714289,0.6342857142857142,1.4,0.9885714285714284,0,0,1,8.313142857142857,0.4756667583172944,17.691428571428567,
739,Rasheed,Wallace,21,6.9523809523809526,0.2857142857142857,3.952380952380953,0.7142857142857143,0.6190476190476191,0.4761904761904761,6.761904761904762,2.619047619047619,3.2857142857142856,1.0476190476190477,0.9523809523809524,0.6666666666666666,0,1,1,7.180952380952381,0.4840848806366047,17.69047619047619,
1627885,Shaquille,Harrison,134,6.231343283582089,1.8134328358208955,2.738805970149253,0.417910447761194,1.111940298507463,0.753731343283582,5.335820895522388,2.388059701492537,1.171641791044776,0.3432835820895522,1.5746268656716418,1.111940298507463,1,0,0,6.028656716417911,0.5168102594573183,17.671641791044777,
2550,Kirk,Hinrich,365,7.375342465753425,3.4,2.2575342465753425,0.2602739726027397,0.8684931506849315,1.3726027397260274,6.764383561643836,2.7205479452054795,2.6794520547945204,0.9863013698630136,1.2246575342465753,0.947945205479452,1,0,0,7.303232876712329,0.5049368266258516,17.63150684931507,
1627884,Derrick,Jones Jr.,166,6.9156626506024095,0.7108433734939759,3.5421686746987957,0.6385542168674698,0.7228915662650602,0.5602409638554217,5.084337349397591,2.602409638554217,1.5180722891566265,0.4277108433734939,1.855421686746988,1.283132530120482,0,1,0,5.900722891566265,0.5860013067624958,17.62048192771084,
200789,Daniel,Gibson,148,8.736486486486486,2.425675675675676,2.283783783783784,0.277027027027027,0.7027027027027027,1.054054054054054,7.804054054054054,2.939189189189189,4.02027027027027,1.5472972972972974,1.641891891891892,1.3108108108108107,1,0,0,8.526486486486487,0.5123145682769114,17.611486486486488,
1626195,Willy,Hernangomez,209,6.909090909090909,1.0430622009569377,5.406698564593301,0.3779904306220095,0.4066985645933014,1.0669856459330145,5.086124401913875,2.6985645933014357,0.4210526315789473,0.138755980861244,2.0,1.3732057416267942,0,1,1,5.966124401913875,0.5790267218426203,17.588516746411482,
1629065,Ky,Bowman,45,7.444444444444445,2.911111111111111,2.688888888888889,0.2222222222222222,0.9777777777777776,1.5555555555555556,7.133333333333334,2.977777777777778,2.3777777777777778,0.7333333333333333,0.9111111111111112,0.7555555555555555,1,0,0,7.534222222222223,0.4940420009438414,17.533333333333335,
1629016,Omari,Spellman,95,6.757894736842105,0.9894736842105264,4.347368421052631,0.5157894736842106,0.6210526315789474,0.8947368421052632,5.673684210526316,2.3684210526315788,2.5052631578947366,0.9157894736842104,1.4421052631578948,1.105263157894737,0,1,0,6.30821052631579,0.5356427713255907,17.521052631578947,
202709,Cory,Joseph,586,7.035836177474403,2.962457337883959,2.645051194539249,0.2252559726962457,0.7832764505119454,1.022184300341297,6.254266211604096,2.755972696245734,1.5051194539249146,0.5,1.3310580204778155,1.023890784982935,1,0,0,6.839931740614334,0.5143206426825009,17.436860068259385,
201573,Jerryd,Bayless,459,8.825708061002178,3.10239651416122,2.3050108932461875,0.1437908496732026,0.7145969498910676,1.4705882352941178,7.642701525054466,3.159041394335512,2.751633986928105,1.008714596949891,1.8366013071895424,1.4989106753812635,1,0,0,8.450806100217864,0.5221814319449744,17.429193899782135,
2045,Hedo,Turkoglu,244,7.508196721311475,2.7418032786885247,3.151639344262295,0.2827868852459016,0.6639344262295082,1.3565573770491803,6.459016393442623,2.7459016393442623,3.200819672131148,1.2336065573770492,1.1721311475409837,0.7827868852459017,0,1,0,6.974754098360656,0.5382409627227002,17.42213114754098,
101123,Gerald,Green,477,10.58700209643606,0.9454926624737946,2.6666666666666665,0.3396226415094339,0.5513626834381551,1.0775681341719077,9.09433962264151,3.7840670859538794,4.832285115303983,1.7442348008385744,1.5534591194968554,1.2746331236897277,1,1,0,9.777861635220129,0.5413761460021783,17.414046121593294,
202389,Timofey,Mozgov,449,6.841870824053452,0.5567928730512249,4.955456570155902,0.8530066815144766,0.309576837416481,1.1737193763919822,5.124721603563474,2.739420935412027,0.1291759465478842,0.0244988864142538,1.8129175946547884,1.3385300668151447,0,0,1,5.922405345211581,0.5776260172385266,17.413140311804007,
1629057,Robert,Williams III,55,4.2,0.6181818181818182,3.8,1.3636363636363635,0.5636363636363636,0.5636363636363636,2.527272727272728,1.818181818181818,0.0,0.0,0.8909090909090909,0.5636363636363636,0,1,1,2.9192727272727272,0.719357249626308,17.409090909090907,
200751,Randy,Foye,491,9.25458248472505,2.4134419551934827,2.028513238289205,0.3258655804480652,0.6802443991853361,1.2851323828920571,8.140529531568228,3.158859470468432,4.468431771894093,1.6313645621181263,1.5376782077393076,1.305498981670061,1,0,0,8.817107942973523,0.5248082786658043,17.371690427698574,
202325,Wesley,Johnson,607,6.976935749588138,1.0626029654036244,3.169686985172982,0.6622734761120264,0.771004942339374,0.8649093904448105,6.635914332784185,2.683690280065898,3.00329489291598,1.0115321252059308,0.8072487644151565,0.5980230642504119,1,1,0,6.9911037891268535,0.4989867093976812,17.32866556836903,
686,Antonio,McDyess,73,5.342465753424658,1.1506849315068493,5.410958904109589,0.5342465753424658,0.4931506849315068,0.9863013698630136,4.712328767123288,2.315068493150685,0.0136986301369863,0.0,1.0547945205479452,0.7123287671232876,0,1,1,5.176438356164383,0.51603683709114,17.32191780821918,
1112,Ben,Wallace,116,2.060344827586207,0.9913793103448276,5.336206896551724,0.9051724137931034,0.8706896551724138,0.6724137931034483,2.0258620689655173,0.8706896551724138,0.0517241379310344,0.0172413793103448,0.896551724137931,0.3017241379310345,0,1,1,2.420344827586207,0.4256304316854252,17.310344827586206,
1627755,Tyler,Ulis,130,7.676923076923077,4.130769230769231,1.7153846153846153,0.0923076923076923,0.9076923076923076,1.5692307692307692,7.6,3.0615384615384613,1.7307692307692308,0.4846153846153846,1.323076923076923,1.0692307692307692,1,0,0,8.182153846153845,0.4691260529482551,17.30769230769231,
204038,Langston,Galloway,405,8.523456790123456,1.7135802469135804,2.582716049382716,0.1580246913580247,0.7283950617283951,0.6172839506172839,7.68641975308642,3.0419753086419754,4.041975308641975,1.4839506172839507,1.180246913580247,0.9555555555555556,1,0,0,8.205728395061728,0.5193601579143747,17.27901234567901,
2572,Josh,Howard,72,8.305555555555555,1.0833333333333333,3.7222222222222223,0.25,0.7638888888888888,1.1527777777777777,8.333333333333334,3.236111111111111,1.1388888888888888,0.2916666666666667,2.1666666666666665,1.5416666666666667,1,1,0,9.286666666666669,0.447176357980378,17.263888888888886,
1627761,DeAndre',Bembry,186,6.306451612903226,1.935483870967742,3.446236559139785,0.4139784946236559,1.0161290322580645,1.424731182795699,5.752688172043011,2.575268817204301,1.5376344086021505,0.4139784946236559,1.2526881720430108,0.7419354838709677,1,1,0,6.303870967741935,0.500204687340088,17.25,
201971,DeJuan,Blair,337,6.608308605341247,0.8427299703264095,4.827893175074184,0.2611275964391691,0.7893175074183977,1.0652818991097923,5.566765578635015,2.869436201780416,0.0207715133531157,0.0,1.3827893175074184,0.8694362017804155,0,1,1,6.175192878338279,0.5350690039595587,17.185459940652823,
1628021,David,Nwaba,161,6.913043478260869,1.1180124223602483,3.7080745341614905,0.4037267080745341,0.7391304347826086,0.7763975155279503,5.198757763975156,2.559006211180124,0.9937888198757764,0.3416149068322981,2.198757763975155,1.453416149068323,1,1,0,6.166211180124224,0.5605584431282484,17.17080745341615,
1894,Corey,Maggette,117,11.794871794871796,1.2136752136752136,3.341880341880342,0.0683760683760683,0.4273504273504273,1.735042735042735,8.615384615384615,3.5811965811965814,1.4102564102564104,0.4871794871794871,4.965811965811966,4.145299145299146,0,1,0,10.80034188034188,0.546041594124909,17.141025641025642,maggeco01
203085,Austin,Rivers,549,9.202185792349727,2.3078324225865208,2.116575591985428,0.1821493624772313,0.6994535519125683,1.1256830601092895,8.16575591985428,3.411657559198543,3.19672131147541,1.1147540983606556,1.9617486338797812,1.2641165755919854,1,0,0,9.028925318761384,0.5095947450815836,17.11384335154827,
202682,Derrick,Williams,423,9.004728132387706,0.6926713947990544,4.002364066193853,0.2553191489361702,0.4704491725768321,0.9432624113475178,7.24113475177305,3.141843971631206,1.9810874704491723,0.5933806146572104,2.9952718676122934,2.127659574468085,0,1,0,8.559054373522459,0.5260352218490365,17.06382978723404,
2420,Nenad,Krstic,71,8.098591549295774,0.380281690140845,4.71830985915493,0.352112676056338,0.3661971830985915,0.7887323943661971,6.366197183098592,3.2535211267605635,0.0,0.0,2.056338028169014,1.591549295774648,0,0,1,7.270985915492958,0.5569115140244847,17.04225352112676,
201162,Jared,Dudley,667,7.73463268365817,1.7061469265367315,3.082458770614693,0.1979010494752623,0.7736131934032984,0.8995502248875562,6.0944527736131935,2.8215892053973013,2.7946026986506745,1.0839580209895052,1.3718140929535232,1.0074962518740629,0,1,0,6.698050974512744,0.5773793535679111,17.004497751124433,
2203,Shane,Battier,291,5.859106529209622,1.381443298969072,2.859106529209622,0.7147766323024055,0.7697594501718213,0.5876288659793815,4.941580756013746,2.058419243986254,3.3539518900343643,1.281786941580756,0.6563573883161512,0.4604810996563573,0,1,0,5.2303780068728525,0.5601035452419121,16.982817869415808,battish01
203459,Allen,Crabbe,380,9.086842105263155,1.1421052631578947,2.823684210526316,0.2736842105263158,0.5868421052631579,0.75,7.6,3.226315789473684,4.2,1.6236842105263158,1.2157894736842103,1.0105263157894735,1,1,0,8.134947368421052,0.558506508630729,16.977631578947367,
203460,Andre,Roberson,298,4.604026845637584,0.8691275167785235,4.057046979865772,0.6610738255033557,0.8859060402684564,0.6140939597315436,3.9865771812080535,1.912751677852349,1.4395973154362416,0.3724832214765101,0.8691275167785235,0.4060402684563758,1,1,0,4.368993288590604,0.526897907769824,16.95302013422819,
203552,Seth,Curry,256,10.0546875,1.74609375,1.98046875,0.12109375,0.69140625,0.98046875,7.703125,3.66015625,3.93359375,1.7421875,1.18359375,0.9921875,1,0,0,8.22390625,0.6113084946706439,16.93359375,
1628973,Jalen,Brunson,129,8.852713178294573,3.24031007751938,2.3488372093023258,0.0620155038759689,0.4573643410852713,1.193798449612403,7.37984496124031,3.441860465116279,2.333333333333333,0.8217054263565892,1.503875968992248,1.1472868217054264,1,0,0,8.0415503875969,0.5504357214467495,16.926356589147286,
2757,Beno,Udrih,402,7.977611940298507,3.72636815920398,2.087064676616916,0.0646766169154228,0.6666666666666666,1.3706467661691542,6.741293532338308,3.1592039800995027,1.388059701492537,0.4651741293532338,1.417910447761194,1.1940298507462686,1,0,0,7.365174129353234,0.5415766009186707,16.881840796019905,
201158,Marco,Belinelli,719,10.339360222531294,1.7204450625869263,2.2100139082058416,0.082058414464534,0.5632823365785814,1.0,8.581363004172461,3.642559109874826,4.033379694019471,1.5132127955493742,1.812239221140473,1.541029207232267,1,0,0,9.37874826147427,0.5512121625549433,16.816411682892905,
202335,Patrick,Patterson,679,6.727540500736377,1.041237113402062,3.991163475699558,0.4241531664212076,0.5213549337260678,0.6435935198821797,5.896907216494846,2.64359351988218,2.335787923416789,0.8630338733431517,0.7658321060382917,0.5773195876288659,0,1,0,6.233873343151694,0.5395955395955396,16.770986745213552,
1626168,Trey,Lyles,350,7.434285714285714,1.0714285714285714,4.251428571428572,0.3514285714285714,0.4,0.8485714285714285,6.465714285714285,2.8,2.6228571428571428,0.8942857142857142,1.3285714285714283,0.94,0,1,0,7.050285714285714,0.5272329388879884,16.72714285714286,
202970,Gustavo,Ayon,133,4.774436090225564,1.300751879699248,4.421052631578948,0.5488721804511278,0.7518796992481203,0.9172932330827068,3.9849624060150375,2.1353383458646618,0.0075187969924812,0.0,1.0,0.5037593984962406,0,1,1,4.424962406015037,0.5394888873785088,16.72556390977444,
101110,Martell,Webster,279,9.0,1.254480286738351,3.14336917562724,0.2114695340501792,0.5591397849462365,0.982078853046595,6.903225806451613,2.960573476702509,3.5304659498207887,1.3870967741935485,2.082437275985663,1.6917562724014337,1,1,0,7.819498207885305,0.5754844979006619,16.715053763440864,
1626220,Royce,O'Neale,221,5.515837104072398,1.8054298642533937,4.113122171945701,0.3257918552036199,0.6742081447963801,0.8416289592760181,4.48868778280543,1.995475113122172,2.434389140271493,0.9140271493212668,0.7828054298642534,0.6108597285067874,0,1,0,4.833122171945702,0.5706287683031869,16.710407239819002,
101132,Linas,Kleiza,108,9.787037037037036,0.9444444444444444,3.962962962962963,0.1203703703703703,0.4259259259259259,1.3240740740740742,8.88888888888889,3.62037037037037,3.4814814814814814,1.1203703703703705,1.879629629629629,1.4259259259259258,0,1,0,9.715925925925928,0.5036595128273548,16.685185185185183,
201975,Jodie,Meeks,479,9.826722338204592,1.1356993736951984,2.1315240083507305,0.0647181628392484,0.824634655532359,0.8037578288100209,7.72651356993737,3.258872651356994,4.062630480167015,1.5302713987473904,2.0146137787056366,1.778705636743215,1,0,0,8.61294363256785,0.5704624781849913,16.677453027139876,
203092,Tyler,Zeller,411,6.990267639902676,0.8929440389294404,4.428223844282239,0.5863746958637469,0.2530413625304136,0.8467153284671532,5.557177615571776,2.8248175182481754,0.0851581508515815,0.024330900243309,1.7226277372262773,1.316301703163017,0,1,1,6.315133819951338,0.5534536432005918,16.63625304136253,
1628436,Luke,Kornet,101,6.643564356435643,1.108910891089109,2.801980198019802,0.8316831683168316,0.4356435643564356,0.504950495049505,5.891089108910891,2.3564356435643563,3.762376237623762,1.2772277227722773,0.8415841584158416,0.6534653465346535,0,1,1,6.261386138613862,0.5305186590765338,16.56930693069307,
202722,Davis,Bertans,267,8.235955056179776,1.1647940074906369,2.842696629213483,0.4569288389513108,0.4419475655430712,0.6367041198501873,6.217228464419476,2.745318352059925,4.614232209737827,1.902621722846442,0.99250936329588,0.8426966292134831,0,1,0,6.653932584269663,0.6188787571766295,16.56928838951311,
201956,Omri,Casspi,509,7.56385068762279,1.1139489194499017,3.941060903732809,0.2298624754420432,0.6051080550098232,0.9764243614931236,6.106090373280943,2.7858546168958744,2.2318271119842827,0.8212180746561886,1.724950884086444,1.1709233791748526,0,1,0,6.8650687622789786,0.5508940222990453,16.53339882121807,
203930,Sean,Kilpatrick,154,10.493506493506494,1.5324675324675323,2.7857142857142856,0.0844155844155844,0.474025974025974,1.3376623376623376,8.564935064935066,3.538961038961039,3.75974025974026,1.2597402597402598,2.5,2.155844155844156,1,0,0,9.664935064935063,0.5428648212846009,16.52922077922078,
201967,Dante,Cunningham,651,5.975422427035331,0.7557603686635944,3.864823348694317,0.4823348694316436,0.6682027649769585,0.5176651305683564,5.473118279569892,2.5591397849462365,0.9585253456221198,0.3317972350230415,0.8095238095238095,0.5253456221198156,0,1,0,5.829308755760368,0.5125326756050258,16.473118279569892,
1628385,Harry,Giles III,103,7.029126213592233,1.4077669902912622,3.9805825242718447,0.3883495145631068,0.5145631067961165,1.1262135922330097,5.815533980582524,3.0485436893203883,0.0776699029126213,0.0,1.3592233009708738,0.9320388349514565,0,1,1,6.413592233009709,0.5479866787768696,16.47087378640777,
201589,Darrell,Arthur,392,6.931122448979592,0.8954081632653061,3.3443877551020407,0.6147959183673469,0.6198979591836735,0.9005102040816326,6.446428571428571,2.875,1.1607142857142858,0.4107142857142857,0.9668367346938777,0.7704081632653061,0,1,0,6.871836734693877,0.504313673081492,16.428571428571427,
1891,Jason,Terry,530,8.743396226415094,2.3037735849056604,1.6075471698113208,0.1811320754716981,0.8415094339622642,1.1452830188679246,7.432075471698113,3.1830188679245284,3.809433962264151,1.430188679245283,1.1132075471698113,0.9471698113207548,1,0,0,7.921886792452829,0.5518506168722908,16.410377358490564,
101133,Ian,Mahinmi,583,5.291595197255575,0.6072041166380789,4.538593481989708,0.7392795883361921,0.6072041166380789,1.0017152658662092,3.749571183533448,1.987993138936535,0.0857632933104631,0.0137221269296741,2.142367066895369,1.30188679245283,0,0,1,4.69221269296741,0.5638699206012663,16.39279588336192,
201962,Toney,Douglas,334,7.565868263473054,2.3263473053892216,2.2934131736526946,0.0808383233532934,0.9191616766467066,1.062874251497006,6.92814371257485,2.736526946107785,3.236526946107785,1.125748502994012,1.1676646706586826,0.9670658682634732,1,0,0,7.441916167664671,0.5083279691020277,16.36976047904192,
1626145,Tyus,Jones,307,5.644951140065147,3.6091205211726383,1.5732899022801303,0.0814332247557003,1.022801302931596,0.755700325732899,5.013029315960912,2.1596091205211727,1.6416938110749186,0.5667752442996743,0.9446254071661238,0.758957654723127,1,0,0,5.428664495114006,0.5199207968318733,16.324104234527685,
201578,Marreese,Speights,560,7.95,0.7053571428571429,4.160714285714286,0.475,0.2375,0.9232142857142858,6.792857142857143,3.066071428571429,1.1392857142857142,0.4107142857142857,1.7410714285714286,1.4071428571428573,0,1,1,7.558928571428571,0.52586817859674,16.25267857142857,
203120,Justin,Hamilton,112,6.133928571428571,0.8125,3.5982142857142856,0.6517857142857143,0.5446428571428571,0.6517857142857143,5.151785714285714,2.392857142857143,1.9642857142857144,0.6071428571428571,0.9285714285714286,0.7410714285714286,0,0,1,5.560357142857143,0.551576851435545,16.232142857142858,
202066,Garrett,Temple,522,6.743295019157088,1.85632183908046,2.4616858237547894,0.3333333333333333,0.9042145593869731,0.9808429118773946,5.994252873563219,2.4080459770114944,3.0440613026819925,1.057471264367816,1.1685823754789273,0.8697318007662835,1,1,0,6.508429118773947,0.5180432095131571,16.208812260536398,
1628988,Aaron,Holiday,115,7.913043478260869,2.6956521739130435,1.9217391304347824,0.2521739130434782,0.6347826086956522,1.0956521739130434,7.113043478260869,2.895652173913044,3.0,1.1217391304347826,1.191304347826087,1.0,1,0,0,7.637217391304348,0.5180580224985198,16.195652173913043,
200749,Shelden,Williams,117,4.547008547008547,0.5726495726495726,5.3247863247863245,0.5555555555555556,0.5982905982905983,0.9316239316239316,3.5982905982905984,1.7008547008547008,0.0,0.0,1.5299145299145298,1.1452991452991452,0,1,1,4.271452991452992,0.5322554826316631,16.145299145299145,
202087,Alonzo,Gee,392,6.806122448979592,1.1071428571428572,3.38265306122449,0.2551020408163265,0.9489795918367347,1.114795918367347,5.7270408163265305,2.4770408163265305,1.433673469387755,0.4540816326530612,1.841836734693877,1.3979591836734695,0,1,0,6.5374489795918365,0.5205488004745032,16.127551020408163,
200769,Shannon,Brown,229,8.995633187772926,1.244541484716157,2.148471615720524,0.2008733624454148,0.8122270742358079,1.0262008733624457,8.283842794759826,3.4716157205240177,2.4017467248908297,0.8034934497816594,1.519650655021834,1.2489082969432317,1,0,0,8.952489082969432,0.502409615046924,16.08515283842795,
201601,Luc,Mbah a Moute,526,6.330798479087452,0.7984790874524715,3.634980988593156,0.3403041825095057,0.8840304182509505,0.9049429657794676,5.408745247148289,2.4334600760456278,1.1330798479087452,0.3821292775665399,1.693916349809886,1.0817490494296578,0,1,0,6.154068441064639,0.5143587969255863,16.068441064638787,
1629673,Jordan,Poole,57,8.824561403508772,2.3508771929824563,2.0701754385964914,0.175438596491228,0.6140350877192983,1.2982456140350878,8.807017543859649,2.929824561403509,4.649122807017544,1.2982456140350878,2.087719298245614,1.6666666666666667,1,0,0,9.72561403508772,0.4536763114221805,16.017543859649123,
203138,Hollis,Thompson,265,7.735849056603773,1.1018867924528302,3.128301886792453,0.2566037735849056,0.6264150943396226,0.8037735849056604,6.773584905660377,2.8,3.550943396226415,1.369811320754717,1.0830188679245285,0.7660377358490567,0,1,0,7.2501132075471695,0.5334985009993338,16.00566037735849,
1626181,Norman,Powell,303,8.663366336633663,1.3135313531353134,2.382838283828383,0.2409240924092409,0.7128712871287128,1.0132013201320131,6.920792079207921,3.1584158415841586,2.9207920792079207,1.0528052805280528,1.5808580858085808,1.2937293729372936,1,0,0,7.616369636963697,0.56873331715603,15.996699669966995,
201988,Patty,Mills,659,8.85432473444613,2.3429438543247345,1.6934749620637328,0.0804248861911987,0.6676783004552352,0.9939301972685888,7.3975720789074355,3.188163884673748,4.118361153262519,1.6039453717754173,1.022761760242792,0.874051593323217,1,0,0,7.847587253414264,0.5641431212245435,15.913505311077389,
1902,Jeff,Foster,67,3.164179104477612,0.746268656716418,5.850746268656716,0.4776119402985074,0.4776119402985074,0.4925373134328358,2.7611940298507465,1.328358208955224,0.0597014925373134,0.0149253731343283,0.8507462686567164,0.4925373134328358,0,1,1,3.1355223880597016,0.5045696877380045,15.8955223880597,
202734,E'Twaun,Moore,558,8.245519713261649,1.818996415770609,2.082437275985663,0.2258064516129032,0.6810035842293907,0.9157706093189965,7.363799283154122,3.349462365591398,2.5,0.974910394265233,0.7759856630824373,0.5716845878136201,1,0,0,7.705232974910394,0.5350597275974993,15.89336917562724,
1740,Rashard,Lewis,199,7.226130653266332,1.035175879396985,3.1658291457286434,0.3115577889447236,0.7487437185929648,0.9396984924623116,6.472361809045226,2.7035175879396984,2.8944723618090453,1.0050251256281406,1.0603015075376885,0.8140703517587939,0,1,0,6.938894472361809,0.5206975464210192,15.889447236180905,lewisra02
201958,Rodrigue,Beaubois,124,7.169354838709677,2.419354838709677,2.096774193548387,0.3225806451612903,0.7661290322580645,1.2096774193548387,6.798387096774194,2.798387096774193,2.306451612903226,0.6774193548387096,1.1048387096774193,0.8951612903225806,1,0,0,7.284516129032259,0.4920954742715436,15.879032258064514,
101236,Chuck,Hayes,293,3.8839590443686007,1.52901023890785,4.781569965870308,0.3412969283276451,0.6484641638225256,0.764505119453925,3.416382252559727,1.6382252559726962,0.0204778156996587,0.0,0.9112627986348124,0.6075085324232082,0,1,1,3.817337883959045,0.5087261283170017,15.779863481228668,
1628449,Chris,Boucher,89,5.561797752808989,0.3146067415730337,3.640449438202247,0.9438202247191012,0.3146067415730337,0.3820224719101123,4.134831460674158,1.9325842696629212,1.7191011235955056,0.550561797752809,1.4382022471910112,1.146067415730337,0,1,0,4.767640449438202,0.5832861990950227,15.764044943820224,
1629680,Matisse,Thybulle,64,4.65625,1.21875,1.640625,0.703125,1.390625,0.78125,4.078125,1.703125,2.421875,0.859375,0.640625,0.390625,1,1,0,4.36,0.533973623853211,15.7578125,
1629056,Terence,Davis,70,7.557142857142857,1.6,3.3,0.2,0.5285714285714286,1.042857142857143,6.014285714285714,2.771428571428572,3.3714285714285714,1.3142857142857145,0.8142857142857143,0.7,1,0,0,6.372571428571429,0.5929429698708751,15.735714285714288,
1628462,Milos,Teodosic,60,7.95,4.016666666666667,2.3666666666666667,0.1,0.4333333333333333,1.9666666666666663,6.666666666666667,2.8,4.316666666666666,1.6333333333333333,0.8833333333333333,0.7166666666666667,1,0,0,7.0553333333333335,0.5634035717660398,15.724999999999998,
1627812,Yogi,Ferrell,248,7.814516129032258,2.3346774193548385,2.088709677419355,0.1048387096774193,0.6451612903225806,0.8709677419354839,6.709677419354839,2.8346774193548385,3.0766129032258065,1.1290322580645162,1.2137096774193548,1.0161290322580645,1,0,0,7.243709677419355,0.5394001469573155,15.70766129032258,
2570,Kendrick,Perkins,339,4.0825958702064895,1.079646017699115,5.539823008849558,0.7876106194690266,0.3864306784660767,1.5014749262536873,3.545722713864307,1.6755162241887906,0.0088495575221238,0.0,1.2772861356932153,0.7315634218289085,0,0,1,4.107728613569321,0.4969407979777669,15.705014749262537,
1626150,Andrew,Harrison,144,7.027777777777778,2.770833333333333,1.993055555555556,0.3402777777777778,0.6597222222222222,1.2361111111111112,5.847222222222222,2.180555555555556,2.243055555555556,0.6597222222222222,2.576388888888889,2.0069444444444446,1,0,0,6.980833333333333,0.503362381122916,15.70138888888889,
203943,Noah,Vonleh,332,4.993975903614458,0.7680722891566265,5.240963855421687,0.4096385542168674,0.4126506024096386,0.7981927710843374,4.180722891566265,1.9246987951807228,0.8945783132530121,0.2771084337349397,1.2560240963855422,0.8674698795180723,0,1,0,4.733373493975903,0.5275281899865096,15.700301204819278,
1626169,Stanley,Johnson,308,6.558441558441558,1.4188311688311688,3.237012987012987,0.2175324675324675,0.8798701298701299,1.146103896103896,6.51948051948052,2.4285714285714284,2.675324675324675,0.7792207792207793,1.2175324675324677,0.922077922077922,1,1,0,7.055194805194805,0.4647952139898757,15.639610389610388,
1628990,Chandler,Hutchison,72,6.208333333333333,0.8333333333333334,4.069444444444445,0.1805555555555555,0.6944444444444444,0.7222222222222222,5.333333333333333,2.4444444444444446,1.2222222222222223,0.3611111111111111,1.6111111111111112,0.9583333333333334,1,1,0,6.042222222222222,0.51374586244943,15.618055555555555,
201160,Jason,Smith,483,6.72463768115942,0.8281573498964804,3.538302277432712,0.6832298136645962,0.3416149068322981,0.8778467908902692,5.954451345755694,2.8074534161490683,0.432712215320911,0.144927536231884,1.194616977225673,0.9648033126293996,0,1,1,6.48008281573499,0.5188697330249082,15.618012422360248,
202700,Donatas,Motiejunas,249,7.349397590361446,1.0803212851405624,3.823293172690763,0.3293172690763052,0.4738955823293173,1.1526104417670682,6.253012048192771,2.931726907630522,1.6224899598393574,0.4859437751004016,1.6746987951807228,1.0,0,1,1,6.989879518072288,0.5257170435741865,15.612449799196783,
202730,Lavoy,Allen,385,4.797402597402598,0.9974025974025974,4.7844155844155845,0.5558441558441558,0.3116883116883117,0.6675324675324675,4.566233766233767,2.1506493506493505,0.0389610389610389,0.0051948051948051,0.7194805194805195,0.4909090909090909,0,1,1,4.882805194805195,0.4912547609421878,15.605194805194806,
201582,Alexis,Ajinca,254,5.799212598425197,0.5511811023622047,4.393700787401575,0.6850393700787402,0.3700787401574803,0.9251968503937008,4.7362204724409445,2.421259842519685,0.1574803149606299,0.0472440944881889,1.125984251968504,0.9094488188976378,0,0,1,5.231653543307086,0.5542427982300353,15.586614173228346,
200758,Ronnie,Brewer,222,5.153153153153153,1.518018018018018,2.90990990990991,0.2252252252252252,1.0225225225225223,0.6036036036036037,4.887387387387387,2.108108108108108,0.8108108108108109,0.2207207207207207,1.2342342342342345,0.7162162162162162,0,1,0,5.430450450450451,0.4744682968910713,15.57882882882883,
203613,Jonathon,Simmons,256,8.3671875,1.8828125,2.42578125,0.23828125,0.6171875,1.33984375,6.9296875,3.0703125,1.78515625,0.56640625,2.1953125,1.66015625,0,1,0,7.895625,0.5298622654951318,15.572265625,
1628373,Frank,Ntilikina,176,6.056818181818182,3.085227272727273,2.1818181818181817,0.2727272727272727,0.8465909090909091,1.4602272727272727,6.3352272727272725,2.3181818181818183,2.323863636363636,0.7215909090909091,0.8920454545454546,0.6988636363636364,1,0,0,6.727727272727273,0.4501385041551246,15.514204545454543,
1629003,Shake,Milton,57,7.912280701754386,2.12280701754386,2.12280701754386,0.2631578947368421,0.4912280701754385,0.8947368421052632,6.245614035087719,2.8596491228070176,3.0350877192982457,1.2105263157894737,1.263157894736842,0.9824561403508772,1,0,0,6.80140350877193,0.5816652909616178,15.508771929824563,
204025,Tim,Frazier,264,5.162878787878788,4.136363636363637,2.375,0.0909090909090909,0.7121212121212122,1.3636363636363635,4.617424242424242,1.8825757575757576,1.4393939393939394,0.4734848484848485,1.2575757575757576,0.9242424242424242,1,0,0,5.170757575757576,0.4992381398892372,15.41477272727273,
203463,Ben,McLemore,437,9.041189931350116,1.0617848970251715,2.4347826086956523,0.1990846681922196,0.665903890160183,1.1693363844393592,7.691075514874142,3.240274599542334,3.871853546910755,1.4164759725400458,1.469107551487414,1.1441647597254003,1,0,0,8.337482837528604,0.542201411837035,15.407322654462243,
1629740,Nicolo,Melli,60,6.583333333333333,1.3666666666666667,3.0,0.3833333333333333,0.5666666666666667,0.7666666666666667,5.383333333333334,2.2666666666666666,3.433333333333333,1.15,1.2166666666666666,0.9,0,1,0,5.918666666666667,0.5561500337913944,15.4,
203101,Miles,Plumlee,346,4.904624277456647,0.5144508670520231,4.514450867052023,0.7398843930635838,0.4421965317919075,0.8901734104046243,3.991329479768786,2.161849710982659,0.0,0.0,1.069364161849711,0.5809248554913294,0,0,1,4.4618497109826585,0.5496178261432828,15.395953757225431,
101128,Francisco,Garcia,233,6.330472103004292,1.0429184549356223,1.9828326180257512,0.6952789699570815,0.7253218884120172,0.5965665236051502,5.836909871244635,2.3433476394849784,3.313304721030043,1.1373390557939915,0.6437768240343348,0.5064377682403434,1,1,0,6.120171673819742,0.5171809256661991,15.358369098712446,
1628998,Cody,Martin,47,5.0638297872340425,2.021276595744681,3.3617021276595747,0.1914893617021276,0.8297872340425532,0.9361702127659576,4.404255319148936,1.893617021276596,1.6382978723404256,0.3829787234042553,1.3829787234042554,0.8936170212765957,0,1,0,5.012765957446808,0.5050933786078099,15.351063829787234,
1627988,Myke,Henry,20,5.35,1.1,1.9,0.3,1.55,0.95,5.45,2.05,2.9,0.95,0.5,0.3,0,1,0,5.67,0.4717813051146384,15.35,
203527,Ryan,Kelly,163,6.0184049079754605,1.3190184049079754,3.0920245398773005,0.5153374233128835,0.4846625766871165,0.6503067484662577,5.257668711656442,1.987730061349693,1.98159509202454,0.6257668711656442,1.7791411042944785,1.4171779141104297,0,1,0,6.0404907975460125,0.4981718464351005,15.33435582822086,
1629013,Landry,Shamet,132,9.196969696969695,1.6363636363636365,1.7727272727272727,0.1515151515151515,0.4318181818181818,0.6590909090909091,7.181818181818182,3.015151515151515,5.242424242424242,2.106060606060606,1.2803030303030305,1.0606060606060606,1,0,0,7.745151515151515,0.5937243241128369,15.325757575757576,
200761,Shawne,Williams,188,5.904255319148936,0.7287234042553191,3.404255319148936,0.601063829787234,0.4946808510638298,0.5851063829787234,5.446808510638298,2.127659574468085,3.223404255319149,1.127659574468085,0.6382978723404256,0.5212765957446809,0,1,0,5.727659574468085,0.5154160475482912,15.31648936170213,
2217,Brendan,Haywood,206,4.135922330097087,0.3349514563106796,4.941747572815534,0.9077669902912622,0.2815533980582524,0.7621359223300971,3.378640776699029,1.7135922330097086,0.0097087378640776,0.0,1.7087378640776698,0.7087378640776699,0,0,1,4.130485436893204,0.5006581421587063,15.283980582524272,
203382,Aron,Baynes,463,6.028077753779698,0.8077753779697624,4.5853131749460045,0.5010799136069114,0.2181425485961123,0.857451403887689,4.83585313174946,2.3952483801295896,0.5550755939524838,0.1814254859611231,1.3196544276457884,1.0561555075593954,0,1,1,5.416501079913608,0.5564549572540513,15.279697624190067,
101131,Jason,Maxiell,287,5.125435540069686,0.4878048780487805,4.195121951219512,0.8013937282229965,0.397212543554007,0.8327526132404182,4.620209059233449,2.118466898954704,0.0069686411149825,0.0,1.5749128919860629,0.8885017421602788,0,1,0,5.3131707317073165,0.4823330360421804,15.278745644599304,
2246,Mehmet,Okur,30,6.466666666666667,1.6333333333333333,3.7,0.3,0.4333333333333333,1.0666666666666669,6.7,2.466666666666667,2.933333333333333,0.9333333333333332,0.8333333333333334,0.6,0,0,1,7.066666666666666,0.4575471698113207,15.26666666666667,okurme01
201978,Chase,Budinger,331,7.676737160120846,1.163141993957704,3.081570996978852,0.1631419939577039,0.5377643504531722,0.7915407854984894,6.649546827794562,2.836858006042296,2.788519637462236,0.9697885196374624,1.2870090634441087,1.0332326283987916,0,1,0,7.215830815709969,0.5319371640066319,15.264350453172204,
201274,Ivan,Johnson,125,6.464,0.624,3.936,0.256,0.792,1.12,5.048,2.608,0.152,0.024,1.848,1.224,0,1,0,5.86112,0.5514304433282377,15.256000000000002,
202390,Gary,Neal,352,9.857954545454543,1.6278409090909092,2.159090909090909,0.0284090909090909,0.4119318181818182,1.036931818181818,8.582386363636363,3.622159090909091,3.417613636363636,1.306818181818182,1.536931818181818,1.306818181818182,1,0,0,9.258636363636365,0.5323653591241593,15.22585227272727,
1626209,Mario,Hezonja,328,6.9573170731707314,1.2652439024390243,3.1219512195121952,0.2439024390243902,0.7408536585365854,1.1310975609756098,6.237804878048781,2.6036585365853657,2.539634146341464,0.8109756097560976,1.1585365853658536,0.9390243902439024,1,1,0,6.7475609756097565,0.5155431050063256,15.214939024390247,
101198,Will,Bynum,223,8.201793721973095,3.25560538116592,1.4887892376681615,0.0896860986547085,0.7174887892376681,1.6726457399103138,7.179372197309417,3.1524663677130045,1.0134529147982063,0.3004484304932735,1.9820627802690585,1.5964125560538116,1,0,0,8.051479820627803,0.5093345512063627,15.201793721973097,
1628422,Damyean,Dotson,164,7.817073170731708,1.3597560975609757,2.664634146341464,0.0975609756097561,0.5670731707317073,0.6646341463414634,7.0060975609756095,2.9390243902439024,3.4939024390243905,1.2621951219512195,0.9390243902439024,0.676829268292683,1,0,0,7.4192682926829265,0.5268089023307801,15.182926829268297,
1629647,Darius,Bazley,60,5.55,0.6666666666666666,3.966666666666667,0.65,0.3833333333333333,0.7333333333333333,5.083333333333333,2.033333333333333,2.2666666666666666,0.7833333333333333,0.9833333333333332,0.7,0,1,0,5.516,0.5030819434372734,15.166666666666666,
203894,Shabazz,Napier,338,7.1982248520710055,2.5118343195266277,1.9437869822485208,0.1420118343195266,0.8461538461538461,1.3372781065088757,6.014792899408284,2.3905325443786984,2.9585798816568047,1.0207100591715976,1.71301775147929,1.396449704142012,1,0,0,6.768520710059171,0.5317428401580585,15.159763313609464,
2733,Shaun,Livingston,639,5.998435054773083,2.558685446009389,2.2331768388106417,0.3536776212832551,0.6651017214397497,1.05320813771518,4.921752738654147,2.4538341158059467,0.0641627543035993,0.0109546165884194,1.3286384976525822,1.07981220657277,1,0,0,5.506353677621283,0.5446830521577009,15.154929577464786,
1629019,Allonzo,Trier,88,9.659090909090908,1.6704545454545454,2.5681818181818183,0.2045454545454545,0.3522727272727273,1.568181818181818,7.090909090909091,3.215909090909091,2.102272727272727,0.8068181818181818,3.022727272727273,2.4204545454545454,1,0,0,8.420909090909092,0.5735182986073625,15.107954545454543,
203524,Solomon,Hill,357,5.901960784313726,1.6022408963585435,3.235294117647059,0.2408963585434173,0.7058823529411765,0.927170868347339,5.165266106442577,2.0392156862745097,2.4201680672268906,0.8151260504201681,1.2605042016806722,1.0084033613445378,0,1,0,5.719887955182073,0.5159157688540646,15.091036414565828,
101111,Charlie,Villanueva,295,7.488135593220339,0.5322033898305085,3.111864406779661,0.4338983050847457,0.3966101694915254,0.6033898305084746,6.918644067796611,2.8203389830508474,3.640677966101695,1.264406779661017,0.8305084745762712,0.5830508474576271,0,1,0,7.28406779661017,0.5140078183172003,15.069491525423732,
201963,Christian,Eyenga,51,6.2745098039215685,0.7843137254901961,2.6862745098039214,0.6470588235294118,0.7254901960784313,0.9803921568627452,6.490196078431373,2.6666666666666665,1.843137254901961,0.5098039215686274,0.7058823529411765,0.4313725490196078,0,1,0,6.80078431372549,0.4613078076346442,15.00980392156863,
1628380,Zach,Collins,154,5.720779220779221,0.9025974025974026,3.987012987012987,0.6623376623376623,0.3051948051948052,0.9675324675324676,4.915584415584416,2.1818181818181817,1.6428571428571428,0.5324675324675324,1.1428571428571428,0.8246753246753247,0,1,1,5.418441558441558,0.5278989501941422,14.99025974025974,
1628397,Ivan,Rabb,83,5.843373493975903,1.036144578313253,4.385542168674699,0.3253012048192771,0.3493975903614458,0.8433734939759037,4.385542168674699,2.433734939759036,0.180722891566265,0.036144578313253,1.2650602409638554,0.9397590361445785,0,1,0,4.942168674698795,0.591175036567528,14.987951807228914,
1710,Mike,Bibby,119,6.647058823529412,2.899159663865546,2.134453781512605,0.1008403361344537,0.5966386554621849,1.0168067226890756,5.882352941176471,2.3781512605042017,3.638655462184874,1.512605042016807,0.5882352941176471,0.3781512605042016,1,0,0,6.141176470588236,0.5411877394636015,14.95378151260504,
203144,Alexey,Shved,182,7.412087912087912,2.527472527472528,1.9505494505494505,0.2692307692307692,0.6043956043956044,1.335164835164835,6.631868131868132,2.4450549450549453,2.9065934065934065,0.8901098901098901,2.142857142857143,1.6318681318681318,1,0,0,7.574725274725275,0.4892644712026693,14.953296703296704,
203141,Mirza,Teletovic,324,8.135802469135802,0.8425925925925926,3.216049382716049,0.2530864197530864,0.3209876543209876,0.7870370370370371,7.052469135802469,2.861111111111111,4.506172839506172,1.6697530864197532,0.984567901234568,0.7438271604938271,0,1,0,7.485679012345679,0.5434244813141141,14.945987654320987,
2740,Andris,Biedrins,163,2.4539877300613497,0.5521472392638037,4.736196319018405,0.852760736196319,0.5521472392638037,0.5337423312883436,2.159509202453988,1.177914110429448,0.0,0.0,0.3619631901840491,0.0981595092024539,0,0,1,2.318773006134969,0.5291565244999471,14.938650306748466,biedran01
1802,Brad,Miller,75,5.56,2.2533333333333334,3.2133333333333334,0.3066666666666666,0.4266666666666667,0.88,4.306666666666667,1.88,1.6266666666666667,0.6266666666666667,1.413333333333333,1.1733333333333331,0,1,1,4.928533333333333,0.5640623309165674,14.933333333333332,
2732,Ben,Gordon,284,10.059859154929578,1.795774647887324,1.887323943661972,0.1619718309859155,0.4964788732394366,1.647887323943662,8.672535211267606,3.693661971830986,2.926056338028169,1.147887323943662,1.7992957746478873,1.5246478873239435,1,0,0,9.464225352112676,0.5314676468837431,14.922535211267604,
203920,Khem,Birch,138,4.565217391304348,0.8840579710144928,4.27536231884058,0.5289855072463768,0.3840579710144927,0.5217391304347826,3.0434782608695654,1.681159420289855,0.0144927536231884,0.0,1.7753623188405796,1.2028985507246377,0,0,1,3.824637681159421,0.5968169761273209,14.913043478260873,
203516,James,Ennis III,345,6.536231884057971,0.8927536231884058,3.269565217391305,0.3014492753623188,0.6086956521739131,0.7681159420289855,4.9797101449275365,2.263768115942029,2.226086956521739,0.7797101449275362,1.5449275362318842,1.228985507246377,0,1,0,5.659478260869566,0.577458873660705,14.884057971014494,
1627936,Alex,Caruso,125,5.696,2.208,2.04,0.296,0.936,1.096,4.64,1.976,1.704,0.616,1.504,1.128,1,0,0,5.30176,0.5371801062288749,14.804000000000002,
204028,Tarik,Black,220,4.886363636363637,0.5,4.6863636363636365,0.5272727272727272,0.3772727272727272,0.740909090909091,3.627272727272728,1.9954545454545451,0.0636363636363636,0.009090909090909,1.5227272727272727,0.8863636363636364,0,1,1,4.297272727272728,0.5685424159086101,14.802272727272728,
1626170,Jerian,Grant,278,6.086330935251799,2.8956834532374103,1.9028776978417263,0.118705035971223,0.737410071942446,0.9856115107913668,5.18705035971223,2.133093525179856,1.9388489208633093,0.6258992805755396,1.5503597122302155,1.1942446043165469,1,0,0,5.869208633093525,0.5184967272192396,14.737410071942444,
1627854,Bryn,Forbes,253,9.181818181818182,1.5217391304347827,1.964426877470356,0.0237154150197628,0.4229249011857707,0.7312252964426877,7.778656126482214,3.3517786561264824,4.24901185770751,1.699604743083004,0.9723320158102768,0.7786561264822134,1,0,0,8.206482213438736,0.5594247293183832,14.735177865612648,
201946,Tyler,Hansbrough,398,6.6206030150753765,0.3844221105527638,4.193467336683417,0.2085427135678391,0.4773869346733668,0.7487437185929648,4.851758793969849,2.1758793969849246,0.0452261306532663,0.007537688442211,3.0653266331658293,2.2613065326633164,0,1,0,6.200502512562814,0.5338763270929573,14.733668341708542,
203477,Isaiah,Canaan,231,8.272727272727273,1.9653679653679652,1.891774891774892,0.0995670995670995,0.6277056277056277,1.121212121212121,7.190476190476191,2.6666666666666665,4.510822510822511,1.5844155844155845,1.6233766233766234,1.354978354978355,1,0,0,7.904761904761905,0.5232749178532311,14.725108225108226,
1626246,Boban,Marjanovic,219,6.5479452054794525,0.5753424657534246,4.242009132420091,0.3789954337899543,0.2328767123287671,0.7488584474885844,4.219178082191781,2.452054794520548,0.1232876712328767,0.0365296803652968,2.08675799086758,1.6073059360730593,0,0,1,5.137351598173516,0.6372880150744836,14.723744292237445,
1952,Raja,Bell,102,7.431372549019608,1.5294117647058822,2.2058823529411766,0.1568627450980392,0.6764705882352942,0.8235294117647058,6.284313725490196,2.6666666666666665,2.7450980392156863,1.0,1.2450980392156863,1.0980392156862746,1,0,0,6.832156862745098,0.5438526001607163,14.72058823529412,
201961,Wayne,Ellington,597,8.296482412060302,1.1407035175879396,2.2144053601340032,0.0787269681742043,0.5862646566164154,0.6398659966499163,7.396984924623116,3.006700167504188,4.2294807370184255,1.592964824120603,0.8190954773869347,0.6901172529313233,1,0,0,7.757386934673367,0.5347472339543441,14.70938023450586,
202714,Shelvin,Mack,452,6.630530973451328,3.143805309734513,1.9778761061946903,0.0530973451327433,0.6637168141592921,1.238938053097345,6.088495575221239,2.577433628318584,2.0265486725663715,0.668141592920354,1.103982300884956,0.8075221238938053,1,0,0,6.574247787610619,0.5042805798974277,14.702433628318582,
203105,Festus,Ezeli,169,4.21301775147929,0.3727810650887574,4.289940828402367,0.9822485207100592,0.2840236686390532,0.7869822485207101,3.171597633136095,1.6272189349112427,0.0,0.0,1.7218934911242605,0.9585798816568049,0,0,1,3.929230769230769,0.536112282392627,14.698224852071007,
203499,Shane,Larkin,252,5.5436507936507935,2.9246031746031744,1.9444444444444444,0.0952380952380952,0.9642857142857144,1.1944444444444444,5.115079365079365,2.1587301587301586,1.380952380952381,0.4642857142857143,0.98015873015873,0.7619047619047619,1,0,0,5.5463492063492055,0.4997567397401408,14.69642857142857,
1629066,Rodions,Kurucs,110,6.8090909090909095,0.9363636363636364,3.481818181818182,0.2727272727272727,0.6,1.1181818181818182,5.6909090909090905,2.5545454545454547,2.4909090909090907,0.8272727272727273,1.181818181818182,0.8727272727272727,0,1,0,6.210909090909091,0.5481557377049181,14.69090909090909,
202720,Jon,Leuer,369,6.479674796747967,0.8157181571815718,3.859078590785908,0.2764227642276423,0.3712737127371274,0.7018970189701897,5.476964769647696,2.6476964769647697,1.032520325203252,0.3387533875338753,1.102981029810298,0.8455284552845529,0,1,0,5.962276422764227,0.5433893312970438,14.678861788617889,
202708,Norris,Cole,358,7.0,2.7402234636871508,1.9608938547486037,0.0949720670391061,0.7821229050279329,1.4441340782122905,6.896648044692737,2.8072625698324023,1.7849162011173183,0.5782122905027933,1.0865921787709498,0.8072625698324022,1,0,0,7.374748603351955,0.4745924489424883,14.671787709497206,
1628470,Torrey,Craig,169,5.355029585798817,0.834319526627219,3.4023668639053253,0.5739644970414202,0.4260355029585799,0.5207100591715976,4.502958579881657,2.0414201183431957,2.2485207100591715,0.7218934911242604,0.834319526627219,0.5502958579881657,0,1,0,4.870059171597633,0.5497910186625194,14.668639053254438,
201228,C.J.,Watson,425,6.656470588235294,2.503529411764706,1.795294117647059,0.1294117647058823,0.8117647058823529,1.108235294117647,5.705882352941177,2.28,2.287058823529412,0.8682352941176471,1.5247058823529411,1.228235294117647,1,0,0,6.376752941176471,0.5219326081501926,14.65294117647059,
201166,Aaron,Brooks,422,8.281990521327014,2.7606635071090047,1.5402843601895737,0.1421800947867298,0.54739336492891,1.419431279620853,7.436018957345971,3.023696682464455,3.0213270142180093,1.09478672985782,1.3649289099526067,1.1398104265402844,1,0,0,8.036587677725118,0.5152678508244286,14.652843601895738,
201880,Greg,Stiemsma,199,3.221105527638191,0.4874371859296482,3.412060301507537,1.1608040201005023,0.592964824120603,0.7185929648241206,2.658291457286432,1.3517587939698492,0.0050251256281407,0.0,0.7336683417085427,0.5175879396984925,0,0,1,2.981105527638191,0.5402535230260941,14.64824120603015,
1626172,Kevon,Looney,224,4.370535714285714,0.9553571428571428,3.7142857142857135,0.5892857142857143,0.4776785714285714,0.5,3.2723214285714284,1.8660714285714288,0.1785714285714285,0.0267857142857142,1.0178571428571428,0.6116071428571429,0,1,0,3.7201785714285713,0.5874093985503769,14.642857142857144,
203080,Thomas,Robinson,309,4.944983818770226,0.6148867313915858,4.877022653721683,0.3592233009708738,0.5210355987055016,1.0323624595469256,4.4045307443365695,2.071197411003236,0.0194174757281553,0.0,1.5889967637540454,0.8025889967637541,0,1,0,5.10368932038835,0.4844518845431948,14.63915857605178,
202399,Jeff,Adrien,149,4.758389261744966,0.6711409395973155,4.409395973154362,0.5302013422818792,0.3355704697986577,0.610738255033557,3.738255033557047,1.7718120805369129,0.0134228187919463,0.0,1.9328859060402688,1.2147651006711409,0,1,0,4.588724832214766,0.5184870999824489,14.620805369127517,
1629655,Daniel,Gafford,43,5.116279069767442,0.4883720930232558,2.4651162790697674,1.302325581395349,0.3023255813953488,0.6744186046511628,3.116279069767442,2.186046511627907,0.0,0.0,1.3953488372093024,0.7441860465116279,0,1,1,3.730232558139535,0.685785536159601,14.616279069767442,
1628394,Anzejs,Pasecniks,26,6.0,0.6923076923076923,4.115384615384615,0.4615384615384615,0.3461538461538461,0.9230769230769232,4.461538461538462,2.3461538461538463,0.1153846153846153,0.0,2.230769230769231,1.3076923076923077,0,1,1,5.443076923076923,0.5511588468061052,14.596153846153848,
980,Zydrunas,Ilgauskas,72,5.0,0.3611111111111111,3.986111111111111,0.8055555555555556,0.3194444444444444,0.7222222222222222,4.430555555555555,2.25,0.0138888888888888,0.0,0.6388888888888888,0.5,0,0,1,4.711666666666666,0.5305978068623983,14.576388888888888,
1627785,Isaiah,Whitehead,89,7.224719101123595,2.3820224719101124,2.359550561797753,0.4269662921348314,0.5617977528089888,1.8651685393258424,6.674157303370786,2.741573033707865,1.8764044943820224,0.5730337078651685,1.4831460674157304,1.1685393258426966,1,0,0,7.326741573033708,0.4930376640902956,14.561797752808989,
1626166,Cameron,Payne,159,6.29559748427673,2.5534591194968552,1.918238993710692,0.1886792452830188,0.7044025157232704,1.0377358490566038,6.138364779874214,2.477987421383648,2.5157232704402515,0.8679245283018868,0.6037735849056604,0.4716981132075472,1,0,0,6.404025157232705,0.491534412319296,14.5,
201991,Lester,Hudson,29,7.241379310344827,2.0,2.034482758620689,0.1724137931034483,0.8275862068965517,1.4482758620689655,6.896551724137931,2.5517241379310347,2.931034482758621,0.7931034482758621,1.6896551724137931,1.3448275862068966,1,0,0,7.64,0.4739122585304207,14.39655172413793,
2404,Chris,Wilcox,146,5.719178082191781,0.5273972602739726,3.9246575342465753,0.3698630136986301,0.4931506849315068,0.7328767123287672,3.9863013698630136,2.4726027397260277,0.0136986301369863,0.0,1.273972602739726,0.773972602739726,0,1,1,4.546849315068493,0.6289166064111834,14.383561643835616,
1629140,Johnathan,Williams,37,5.45945945945946,0.5675675675675675,4.405405405405405,0.4054054054054054,0.2432432432432432,0.5675675675675675,3.891891891891892,2.27027027027027,0.1081081081081081,0.0,1.648648648648649,0.918918918918919,0,1,0,4.617297297297298,0.5911964411144931,14.37837837837838,
1629021,Moritz,Wagner,87,6.896551724137931,0.9195402298850576,3.4942528735632186,0.367816091954023,0.4482758620689655,1.206896551724138,5.022988505747127,2.4827586206896552,1.8045977011494247,0.5402298850574713,1.7011494252873562,1.3908045977011494,0,1,1,5.771494252873564,0.5974667410180833,14.36781609195402,
1627733,Dragan,Bender,187,5.422459893048129,1.267379679144385,3.850267379679144,0.5668449197860963,0.2887700534759358,1.0802139037433156,4.994652406417113,1.9946524064171125,3.0320855614973263,0.9786096256684492,0.6951871657754011,0.4545454545454545,0,1,0,5.300534759358289,0.5115012106537531,14.360962566844922,
201576,Anthony,Randolph,152,5.9605263157894735,0.631578947368421,3.289473684210526,0.6513157894736842,0.5263157894736842,1.0986842105263157,4.9605263157894735,2.2434210526315788,0.4868421052631579,0.125,1.868421052631579,1.3486842105263157,0,1,0,5.782631578947369,0.5153818148721215,14.355263157894738,
1628370,Malik,Monk,191,8.575916230366492,1.6858638743455496,1.8848167539267016,0.2303664921465968,0.4293193717277487,1.1099476439790577,7.848167539267016,3.099476439790576,4.0680628272251305,1.3089005235602094,1.256544502617801,1.068062827225131,1,0,0,8.401047120418848,0.5104075782126386,14.350785340314134,
1627736,Malik,Beasley,214,8.462616822429906,1.0,2.037383177570093,0.116822429906542,0.5467289719626168,0.6728971962616822,7.11214953271028,3.1869158878504678,3.696261682242991,1.4345794392523366,0.8177570093457944,0.6542056074766355,1,0,0,7.471962616822429,0.5662914321450907,14.327102803738317,
1628412,Frank,Mason III,98,6.836734693877551,2.653061224489796,1.959183673469388,0.1530612244897959,0.5612244897959183,1.1428571428571428,6.122448979591836,2.4285714285714284,1.7448979591836735,0.5204081632653061,1.9285714285714288,1.4591836734693877,1,0,0,6.971020408163265,0.4903682885414837,14.326530612244898,
1626257,Salah,Mejri,199,3.4824120603015074,0.4723618090452261,4.060301507537688,0.9547738693467336,0.3618090452261306,0.6130653266331658,2.3316582914572863,1.407035175879397,0.2060301507537688,0.0603015075376884,1.030150753768844,0.6080402010050251,0,0,1,2.784924623115578,0.6252255503428364,14.321608040201006,
203492,Ray,McCallum,144,6.388888888888889,2.555555555555556,2.125,0.1875,0.5486111111111112,1.0277777777777777,6.354166666666667,2.5972222222222223,1.4722222222222223,0.4930555555555556,0.9861111111111112,0.7013888888888888,1,0,0,6.788055555555556,0.4705978638949134,14.298611111111107,
101142,Ronny,Turiaf,177,3.3220338983050848,0.9209039548022598,3.412429378531073,0.9887005649717514,0.4293785310734463,0.6045197740112994,2.2598870056497176,1.3276836158192091,0.0056497175141242,0.0,1.3163841807909604,0.6666666666666666,0,0,1,2.8390960451977403,0.5850513412401496,14.285310734463277,
1628443,Kadeem,Allen,40,6.45,2.725,1.775,0.2,0.6,1.075,5.175,2.25,1.575,0.55,1.85,1.4,1,0,0,5.989,0.5384872265820672,14.250000000000002,
202713,Kyle,Singler,349,6.664756446991404,0.7793696275071633,2.9340974212034383,0.3151862464183381,0.5816618911174785,0.7965616045845272,5.773638968481375,2.415472779369628,2.36676217765043,0.8567335243553008,1.2435530085959885,0.9770773638968482,0,1,0,6.32080229226361,0.5272081089412319,14.229226361031516,
203498,Shabazz,Muhammad,277,9.03971119133574,0.5451263537906137,2.779783393501805,0.0866425992779783,0.2888086642599278,0.6570397111913358,7.176895306859206,3.3935018050541514,1.3935018050541517,0.4440433212996389,2.407942238267148,1.8086642599277976,1,1,0,8.236389891696751,0.5487665901081754,14.21480144404332,
1628966,Keita,Bates-Diop,73,5.863013698630137,0.6438356164383562,2.794520547945205,0.4931506849315068,0.4931506849315068,0.3972602739726027,5.0,2.150684931506849,2.068493150684932,0.6301369863013698,1.356164383561644,0.9315068493150684,0,1,0,5.596712328767123,0.5237908752692384,14.17123287671233,
202705,MarShon,Brooks,198,8.04040404040404,1.4242424242424243,2.141414141414141,0.2121212121212121,0.6060606060606061,1.2525252525252526,6.924242424242424,3.095959595959596,1.595959595959596,0.5505050505050505,1.7272727272727273,1.297979797979798,1,0,0,7.684242424242424,0.5231748034808213,14.156565656565656,
203088,Kendall,Marshall,159,5.044025157232705,4.89937106918239,1.5911949685534592,0.0628930817610062,0.6729559748427673,1.7861635220125789,4.962264150943396,1.981132075471698,2.1761006289308176,0.8050314465408805,0.4528301886792453,0.2767295597484276,1,0,0,5.161509433962264,0.4886191938392553,14.150943396226417,
1627786,Troy,Williams,70,6.128571428571429,0.7428571428571429,2.7285714285714286,0.3142857142857143,0.8142857142857143,0.8571428571428571,5.342857142857143,2.4,2.057142857142857,0.6142857142857143,1.1,0.7142857142857143,0,1,0,5.826857142857143,0.5258899676375405,14.135714285714284,
2571,Leandro,Barbosa,382,8.274869109947645,1.4842931937172774,1.6282722513089003,0.1282722513089005,0.643979057591623,0.950261780104712,7.230366492146596,3.2198952879581157,2.0287958115183247,0.7303664921465969,1.3664921465968587,1.1047120418848169,1,0,0,7.831623036649214,0.5282984811209755,14.132198952879582,
1628413,Jonah,Bolden,50,4.34,0.8,3.48,0.82,0.4,0.76,3.46,1.68,2.0,0.68,0.62,0.3,0,1,0,3.7328,0.5813330475782255,14.119999999999996,
201627,Anthony,Morrow,419,8.954653937947494,0.7398568019093079,1.804295942720764,0.1121718377088305,0.5155131264916468,0.5823389021479713,7.496420047732696,3.274463007159905,3.451073985680191,1.3866348448687351,1.1575178997613365,1.0190930787589498,1,0,0,8.005727923627685,0.5592654424040067,14.11694510739857,
202327,Ekpe,Udoh,381,3.5511811023622046,0.6824146981627297,2.8871391076115485,1.125984251968504,0.4645669291338583,0.5800524934383202,3.005249343832021,1.3622047244094488,0.0104986876640419,0.0,1.152230971128609,0.8267716535433071,0,1,1,3.5122309711286093,0.5055449273629461,14.10761154855643,
203488,Mike,Muscala,346,5.708092485549133,0.9479768786127168,3.2023121387283235,0.5,0.3583815028901734,0.6416184971098265,4.531791907514451,2.086705202312139,2.1242774566473988,0.7803468208092486,0.8988439306358381,0.7543352601156069,0,1,1,4.92728323699422,0.5792332418291453,14.083815028901736,
203585,Rodney,McGruder,215,5.902325581395349,1.3348837209302329,3.1023255813953488,0.1906976744186046,0.5302325581395348,0.6790697674418604,5.413953488372093,2.2418604651162792,2.6232558139534885,0.8837209302325582,0.8325581395348837,0.5348837209302325,1,0,0,5.780279069767442,0.5105571469953973,14.083720930232555,
1627767,Cheick,Diallo,175,5.411428571428571,0.4457142857142857,4.262857142857143,0.4171428571428571,0.3142857142857143,0.6628571428571428,3.8,2.2742857142857145,0.04,0.0114285714285714,1.1028571428571428,0.8514285714285714,0,1,1,4.285257142857143,0.6314006827394922,14.074285714285711,
201154,Al,Thornton,71,7.380281690140845,0.8732394366197183,3.0,0.1690140845070422,0.4929577464788732,0.9014084507042254,6.070422535211268,2.887323943661972,0.3661971830985915,0.056338028169014,2.0,1.5492957746478873,0,1,0,6.950422535211268,0.530923239037043,14.035211267605634,
1629018,Gary,Trent Jr.,76,7.644736842105263,0.868421052631579,1.4605263157894737,0.2368421052631578,0.6447368421052632,0.3289473684210526,6.4605263157894735,2.789473684210526,3.8026315789473686,1.5394736842105263,0.6842105263157895,0.5263157894736842,1,0,0,6.761578947368421,0.5653070755818479,14.00657894736842,
978,Peja,Stojakovic,33,8.484848484848484,0.8787878787878788,2.272727272727273,0.0606060606060606,0.3939393939393939,0.5151515151515151,6.878787878787879,3.0303030303030303,4.121212121212121,1.7272727272727273,0.7575757575757576,0.696969696969697,0,1,0,7.212121212121212,0.5882352941176471,14.0,
1627790,Ante,Zizic,109,6.18348623853211,0.5871559633027523,4.091743119266055,0.3669724770642202,0.2018348623853211,0.7522935779816514,4.311926605504588,2.5045871559633026,0.0,0.0,1.651376146788991,1.1743119266055049,0,0,1,5.038532110091744,0.6136198106336489,13.972477064220184,
703,Kurt,Thomas,142,3.295774647887324,0.8943661971830986,4.070422535211268,0.6267605633802817,0.4647887323943662,0.5704225352112676,3.0,1.5,0.0140845070422535,0.0140845070422535,0.4577464788732394,0.2816901408450704,0,1,0,3.2014084507042253,0.5147382314122305,13.968309859154928,
203512,Lucas,Nogueira,137,3.2554744525547443,0.5255474452554745,2.8248175182481754,1.0437956204379562,0.6496350364963503,0.5474452554744526,2.102189781021898,1.3284671532846717,0.2481751824817518,0.0656934306569343,0.8321167883211679,0.5328467153284672,0,0,1,2.468321167883212,0.6594511473858528,13.95985401459854,
1629652,Luguentz,Dort,36,6.777777777777778,0.75,2.25,0.1111111111111111,0.8611111111111112,0.6111111111111112,6.055555555555555,2.388888888888889,2.805555555555556,0.8333333333333334,1.4722222222222223,1.1666666666666667,1,0,0,6.703333333333333,0.5055527929719874,13.944444444444446,
201973,Jonas,Jerebko,552,5.757246376811594,0.8460144927536232,3.7028985507246377,0.2246376811594203,0.4384057971014493,0.644927536231884,4.710144927536232,2.128623188405797,1.786231884057971,0.6594202898550725,1.0670289855072463,0.8405797101449275,0,1,0,5.17963768115942,0.5557576351096126,13.942934782608695,
101124,Hakim,Warrick,143,7.608391608391608,0.8671328671328671,3.335664335664336,0.1258741258741259,0.3706293706293706,1.006993006993007,5.531468531468532,2.5804195804195804,0.1678321678321678,0.0139860139860139,3.363636363636364,2.4335664335664338,0,1,0,7.011468531468532,0.5425676214792946,13.884615384615383,
203186,Willie,Reed,150,5.006666666666667,0.3066666666666666,3.8333333333333335,0.66,0.22,0.44,3.5933333333333333,2.1266666666666665,0.04,0.0133333333333333,1.32,0.74,0,0,1,4.174133333333334,0.5997252922762409,13.85666666666667,
2210,Richard,Jefferson,525,7.224761904761904,1.0838095238095238,2.5942857142857143,0.2095238095238095,0.4533333333333333,0.7847619047619048,5.571428571428571,2.5047619047619047,2.7485714285714287,1.106666666666667,1.5371428571428571,1.1085714285714283,0,1,0,6.247771428571428,0.5781871173873808,13.823809523809524,
965,Derek,Fisher,259,5.822393822393822,2.1544401544401546,1.667953667953668,0.0694980694980695,0.9227799227799228,0.8571428571428571,5.401544401544402,2.0501930501930503,2.227799227799228,0.833976833976834,1.0772200772200773,0.888030888030888,1,0,0,5.875521235521235,0.4954789191462517,13.810810810810812,
202338,Kevin,Seraphin,416,6.043269230769231,0.5913461538461539,3.5096153846153846,0.7283653846153846,0.2115384615384615,1.0793269230769231,5.569711538461538,2.7235576923076925,0.016826923076923,0.0,0.8341346153846154,0.5961538461538461,0,1,1,5.936730769230769,0.5089728223899453,13.795673076923077,
202698,Chris,Singleton,142,4.295774647887324,0.647887323943662,3.316901408450704,0.4014084507042254,0.823943661971831,0.704225352112676,4.359154929577465,1.6338028169014085,1.2816901408450705,0.4084507042253521,0.9788732394366196,0.6197183098591549,0,1,0,4.7898591549295775,0.4484239002587626,13.735915492957746,
1627788,Furkan,Korkmaz,132,7.53030303030303,1.0151515151515151,2.128787878787879,0.1439393939393939,0.5454545454545454,0.6363636363636364,6.28030303030303,2.606060606060606,3.878787878787879,1.4621212121212122,1.121212121212121,0.8560606060606061,1,1,0,6.773636363636364,0.5558538003847359,13.731060606060606,
101187,Alan,Anderson,277,7.63898916967509,1.148014440433213,2.2093862815884475,0.0974729241877256,0.592057761732852,0.851985559566787,6.577617328519856,2.6389891696750905,3.194945848375452,1.0902527075812274,1.555956678700361,1.2707581227436824,1,1,0,7.262238267148015,0.5259390348173629,13.729241877256316,
203489,Nate,Wolters,84,5.488095238095238,2.488095238095238,2.202380952380953,0.2023809523809523,0.5119047619047619,0.8333333333333334,5.380952380952381,2.273809523809524,0.8214285714285714,0.2142857142857142,1.1428571428571428,0.7261904761904762,1,0,0,5.883809523809524,0.4663726124959533,13.714285714285715,
202345,Damion,James,35,4.285714285714286,0.7428571428571429,3.7142857142857135,0.5714285714285714,0.6571428571428571,1.0857142857142856,4.2,1.7428571428571429,0.1714285714285714,0.0,1.2,0.8,0,1,0,4.728,0.4532269760696156,13.714285714285715,
2756,Sasha,Vujacic,166,6.5120481927710845,1.6144578313253013,2.3855421686746987,0.072289156626506,0.6144578313253012,0.7771084337349398,6.102409638554217,2.3433734939759034,2.897590361445783,1.0421686746987953,0.9578313253012049,0.7831325301204819,1,0,0,6.523855421686747,0.499095072763537,13.704819277108436,
2566,Travis,Outlaw,222,6.603603603603603,0.7612612612612613,2.77027027027027,0.3783783783783784,0.3783783783783784,0.6126126126126126,6.346846846846847,2.4234234234234235,2.1576576576576576,0.6621621621621622,1.445945945945946,1.0945945945945943,0,1,0,6.983063063063064,0.4728300134172772,13.702702702702704,
2581,Steve,Blake,371,5.132075471698113,3.5390835579514826,2.0431266846361185,0.0781671159029649,0.6253369272237197,1.3315363881401616,4.754716981132075,1.8140161725067383,2.9703504043126685,1.0943396226415094,0.5283018867924528,0.4097035040431266,1,0,0,4.987169811320754,0.5145278450363197,13.656334231805932,
1628395,Jordan,Bell,150,3.8533333333333335,1.2933333333333332,3.14,0.78,0.3866666666666666,0.76,2.96,1.6666666666666667,0.12,0.0266666666666666,0.7733333333333333,0.4933333333333333,0,1,0,3.3002666666666665,0.5837912087912088,13.65,
201785,Othyus,Jeffers,21,4.857142857142857,1.0,3.619047619047619,0.0,0.8095238095238095,0.7142857142857143,3.380952380952381,1.619047619047619,0.2857142857142857,0.0476190476190476,2.380952380952381,1.5714285714285714,1,1,0,4.428571428571429,0.5483870967741935,13.595238095238091,
2551,T.J.,Ford,55,4.9818181818181815,3.381818181818182,1.8,0.1818181818181818,0.8,1.5636363636363635,5.072727272727272,2.0,0.7272727272727273,0.1454545454545454,1.1272727272727272,0.8363636363636363,1,0,0,5.568727272727273,0.4473031213268904,13.554545454545451,
203493,Reggie,Bullock,295,7.077966101694916,1.159322033898305,2.135593220338983,0.1288135593220339,0.5389830508474577,0.5728813559322034,6.033898305084746,2.593220338983051,3.4915254237288136,1.3457627118644069,0.6610169491525424,0.5457627118644067,1,1,0,6.324745762711864,0.5595455032693751,13.545762711864407,
203118,Mike,Scott,502,6.99800796812749,0.9083665338645418,3.187250996015936,0.1195219123505976,0.3167330677290836,0.6713147410358565,5.882470119521912,2.699203187250996,2.406374501992032,0.8764940239043825,0.952191235059761,0.7231075697211156,0,1,0,6.301434262948207,0.5552710443458139,13.543824701195218,
203895,Jordan,McRae,115,7.330434782608695,1.4521739130434783,1.9565217391304348,0.2608695652173913,0.391304347826087,0.7565217391304347,6.28695652173913,2.617391304347826,2.026086956521739,0.7130434782608696,1.791304347826087,1.382608695652174,1,0,0,7.075130434782609,0.5180423774642348,13.539130434782608,
1627853,Ryan,Arcidiacono,163,5.233128834355829,2.4539877300613497,2.1717791411042944,0.0429447852760736,0.6441717791411042,0.6932515337423313,4.1656441717791415,1.803680981595092,2.3680981595092025,0.8834355828220859,0.8957055214723927,0.7423312883435583,1,0,0,4.559754601226994,0.5738388676605134,13.533742331288344,
201974,Derrick,Brown,114,6.219298245614035,0.8771929824561403,2.93859649122807,0.1929824561403508,0.5964912280701754,0.7894736842105263,4.7368421052631575,2.508771929824561,0.2982456140350877,0.0964912280701754,1.763157894736842,1.105263157894737,0,1,0,5.512631578947368,0.5640952199096175,13.521929824561404,
201979,Nick,Calathes,128,4.609375,2.7578125,1.8984375,0.1015625,1.0078125,1.265625,4.359375,1.921875,0.8125,0.234375,0.9140625,0.53125,1,0,0,4.7615625,0.4840191638774037,13.5,
203503,Tony,Snell,496,6.524193548387097,1.1733870967741935,2.3306451612903225,0.2379032258064516,0.4778225806451613,0.5826612903225806,5.554435483870968,2.375,3.247983870967742,1.252016129032258,0.6229838709677419,0.5221774193548387,1,0,0,5.828548387096775,0.5596756786672938,13.47782258064516,
203544,Pero,Antic,112,6.321428571428571,0.9553571428571428,3.5535714285714284,0.2321428571428571,0.3303571428571428,0.9285714285714286,5.267857142857143,2.0625,3.071428571428572,0.9642857142857144,1.6875,1.2321428571428572,0,1,1,6.010357142857143,0.5258779487788936,13.47767857142857,
201187,Dominic,McGuire,141,3.2056737588652484,1.2269503546099292,3.709219858156029,0.5673758865248227,0.475177304964539,0.6595744680851063,3.1773049645390072,1.3475177304964538,0.0425531914893617,0.0,0.723404255319149,0.5106382978723404,0,1,0,3.4956028368794327,0.4585294595033274,13.46099290780142,
101155,Ryan,Gomes,113,5.548672566371682,1.15929203539823,2.8230088495575223,0.1061946902654867,0.6902654867256637,0.6283185840707964,5.380530973451328,2.1327433628318584,2.1415929203539825,0.672566371681416,0.8495575221238938,0.6106194690265486,0,1,0,5.754336283185841,0.4821296751968503,13.45132743362832,
201947,Earl,Clark,203,4.906403940886699,0.5566502463054187,3.5172413793103448,0.6059113300492611,0.3743842364532019,0.7438423645320197,4.798029556650246,1.9556650246305416,1.206896551724138,0.3940886699507389,0.9261083743842364,0.6009852216748769,0,1,0,5.205517241379311,0.4712695889166476,13.450738916256158,
1627745,Damian,Jones,104,4.615384615384615,0.625,3.0576923076923075,0.6923076923076923,0.3846153846153846,0.5192307692307693,2.7884615384615383,1.8557692307692308,0.0865384615384615,0.0192307692307692,1.3076923076923077,0.8846153846153846,0,0,1,3.3638461538461537,0.686027898467871,13.408653846153843,
203086,Meyers,Leonard,439,5.6560364464692485,0.8952164009111617,3.920273348519362,0.2892938496583143,0.1890660592255125,0.6924829157175398,4.494305239179955,2.168564920273349,1.8815489749430525,0.7334851936218679,0.7198177676537585,0.5854214123006833,0,1,1,4.811025056947608,0.5878203064335903,13.40774487471526,
202954,Brad,Wanamaker,106,5.89622641509434,2.2169811320754715,1.7358490566037736,0.1509433962264151,0.6886792452830188,0.8962264150943396,4.39622641509434,1.990566037735849,1.330188679245283,0.5,1.5471698113207548,1.4150943396226414,1,0,0,5.076981132075472,0.5806823249591199,13.391509433962264,
203521,Matthew,Dellavedova,431,5.631090487238979,3.691415313225058,1.7958236658932714,0.0464037122969837,0.4686774941995359,1.2668213457076567,5.143851508120649,2.0023201856148494,2.494199535962877,0.9187935034802784,0.8445475638051044,0.7076566125290024,1,0,0,5.515452436194895,0.5104830974776625,13.38863109048724,
201591,DJ,White,118,5.838983050847458,0.5932203389830508,3.23728813559322,0.4152542372881356,0.2627118644067797,0.5,5.050847457627119,2.516949152542373,0.0254237288135593,0.0084745762711864,1.1355932203389831,0.7966101694915254,0,1,0,5.550508474576271,0.5259863197752535,13.296610169491526,
2742,Sebastian,Telfair,172,6.3895348837209305,2.5988372093023258,1.505813953488372,0.1511627906976744,0.6569767441860465,1.244186046511628,5.912790697674419,2.302325581395349,2.2848837209302326,0.7674418604651163,1.337209302325581,1.0174418604651163,1,0,0,6.501162790697674,0.4914147737435164,13.290697674418604,
203112,Quincy,Acy,331,4.954682779456193,0.6555891238670695,3.5589123867069485,0.4078549848942598,0.4229607250755287,0.6616314199395771,3.9637462235649545,1.758308157099698,1.5770392749244713,0.552870090634441,1.1661631419939578,0.8851963746223565,0,1,0,4.476858006042296,0.5533660854073315,13.27643504531722,
1628382,Justin,Jackson,214,6.5233644859813085,1.0373831775700937,2.5841121495327104,0.1728971962616822,0.3504672897196261,0.3878504672897196,5.817757009345795,2.5093457943925235,2.7710280373831777,0.897196261682243,0.7710280373831776,0.6074766355140186,0,1,0,6.157009345794393,0.5297510625379478,13.273364485981308,
202412,Manny,Harris,90,6.388888888888889,1.4333333333333331,2.8,0.1555555555555555,0.5333333333333333,1.1222222222222222,5.822222222222222,2.2111111111111112,1.6666666666666667,0.5888888888888889,1.8666666666666667,1.3777777777777778,1,0,0,6.643555555555555,0.4808335563286058,13.25,
1863,Earl,Boykins,63,7.095238095238095,2.507936507936508,1.0476190476190477,0.0476190476190476,0.6190476190476191,0.9365079365079364,6.158730158730159,2.6666666666666665,1.2698412698412698,0.4603174603174603,1.5396825396825398,1.3015873015873016,1,0,0,6.836190476190477,0.5189467818333797,13.22222222222222,
1628396,Tony,Bradley,70,4.428571428571429,0.3571428571428571,4.185714285714286,0.5,0.2285714285714285,0.4714285714285714,3.085714285714286,1.957142857142857,0.0571428571428571,0.0428571428571428,0.7142857142857143,0.4714285714285714,0,1,1,3.4000000000000004,0.6512605042016807,13.214285714285715,
1627823,Juancho,Hernangomez,200,5.405,0.68,3.515,0.24,0.41,0.545,4.295,1.835,2.365,0.85,1.225,0.885,0,1,0,4.834,0.5590608191973522,13.2075,
2554,Mickael,Pietrus,118,6.771186440677966,0.5677966101694916,2.4745762711864407,0.3135593220338983,0.5254237288135594,0.7457627118644068,6.211864406779661,2.3813559322033897,4.084745762711864,1.4067796610169492,0.8983050847457628,0.6016949152542372,0,1,0,6.607118644067796,0.512415986865733,13.19915254237288,
1629635,Sekou,Doumbouya,37,6.54054054054054,0.5135135135135135,3.1621621621621623,0.2162162162162162,0.5405405405405406,0.945945945945946,6.378378378378378,2.4864864864864864,2.6486486486486487,0.7567567567567568,1.1891891891891893,0.8108108108108109,0,1,0,6.901621621621621,0.4738408521303258,13.189189189189191,
1627819,Isaiah,Taylor,70,6.4,2.9857142857142858,1.3857142857142857,0.1571428571428571,0.5,1.2,5.671428571428572,2.342857142857143,1.1714285714285717,0.2857142857142857,2.0428571428571427,1.4285714285714286,1,0,0,6.570285714285714,0.4870412245607932,13.185714285714283,
201229,Anthony,Tolliver,651,5.903225806451613,0.8356374807987711,3.141321044546851,0.2749615975422427,0.3563748079877112,0.6236559139784946,4.617511520737327,1.9201228878648235,3.2442396313364057,1.2319508448540706,1.0721966205837177,0.8310291858678955,0,1,0,5.089278033794163,0.579966919399237,13.146697388632871,
202706,Jordan,Hamilton,148,5.993243243243243,0.8581081081081081,2.8986486486486487,0.2297297297297297,0.4932432432432432,0.6891891891891891,5.662162162162162,2.304054054054054,2.5878378378378377,0.918918918918919,0.6959459459459459,0.4662162162162162,1,1,0,5.968378378378379,0.5020830503101933,13.141891891891891,
201575,Brandon,Rush,323,5.777089783281734,0.8978328173374613,2.582043343653251,0.4953560371517028,0.3962848297213622,0.718266253869969,4.900928792569659,2.1052631578947367,2.4396284829721364,0.9907120743034056,0.7832817337461301,0.5758513931888545,1,1,0,5.245572755417957,0.5506633929836159,13.126934984520124,
203530,Joffrey,Lauvergne,201,5.756218905472637,0.8955223880597015,3.9203980099502487,0.1691542288557214,0.2736318407960199,0.8208955223880597,4.945273631840796,2.3681592039800994,0.8557213930348259,0.2437810945273631,1.079601990049751,0.7761194029850746,0,0,1,5.420298507462687,0.5309872599772368,13.109452736318408,
202686,Jan,Vesely,160,3.6875,0.6,3.50625,0.525,0.66875,0.76875,3.15625,1.64375,0.0125,0.0,0.98125,0.4,0,1,0,3.588,0.5138656633221851,13.084375,
1626155,Sam,Dekker,199,5.49748743718593,0.8040201005025126,3.050251256281407,0.185929648241206,0.507537688442211,0.4924623115577889,4.743718592964824,2.266331658291457,1.5527638190954771,0.4472361809045226,0.8542713567839196,0.5175879396984925,0,1,0,5.119597989949749,0.5369061641146448,13.067839195979898,
1626185,Jarell,Martin,184,5.423913043478261,0.6195652173913043,3.472826086956522,0.3967391304347826,0.3641304347826087,0.782608695652174,4.711956521739131,2.0434782608695654,0.9891304347826086,0.3423913043478261,1.298913043478261,0.9945652173913044,0,1,0,5.283478260869566,0.5132899934167214,13.04076086956522,
203922,Glenn,Robinson III,278,6.053956834532374,0.7841726618705036,2.629496402877698,0.197841726618705,0.5215827338129496,0.5179856115107914,5.068345323741007,2.327338129496403,1.7050359712230216,0.6366906474820144,0.9928057553956836,0.762589928057554,0,1,0,5.505179856115108,0.5498418755390607,13.016187050359711,
1627780,Gary,Payton II,55,3.872727272727273,1.5454545454545454,2.5090909090909093,0.2727272727272727,0.8363636363636363,0.6909090909090909,3.945454545454545,1.6545454545454543,1.4727272727272729,0.3818181818181818,0.4,0.1818181818181818,1,0,0,4.1214545454545455,0.4698253043938591,13.009090909090908,
2555,Nick,Collison,455,4.006593406593407,1.1736263736263737,3.70989010989011,0.3516483516483517,0.4571428571428571,0.7956043956043956,3.0417582417582416,1.6483516483516485,0.1868131868131868,0.0439560439560439,0.934065934065934,0.6659340659340659,0,1,1,3.4527472527472525,0.5802036919159771,12.975824175824176,
201604,Chris,Douglas-Roberts,109,6.403669724770642,1.0,2.055045871559633,0.2660550458715596,0.5596330275229358,0.6605504587155964,5.137614678899083,2.18348623853211,1.7339449541284404,0.6146788990825688,1.7339449541284404,1.4220183486238531,1,0,0,5.900550458715597,0.5426332483363393,12.967889908256884,
202178,Sundiata,Gaines,78,5.153846153846154,2.1538461538461537,1.871794871794872,0.0384615384615384,0.9102564102564102,1.0128205128205128,4.82051282051282,1.8461538461538465,1.5384615384615383,0.4743589743589743,1.6666666666666667,0.9871794871794872,1,0,0,5.553846153846154,0.4639889196675901,12.961538461538462,
1628425,Sterling,Brown,161,5.3105590062111805,0.9937888198757764,3.1677018633540373,0.1739130434782608,0.5279503105590062,0.7018633540372671,4.801242236024844,2.0,2.3229813664596275,0.8012422360248447,0.6583850931677019,0.5093167701863354,1,1,0,5.0909316770186335,0.521570445561466,12.956521739130434,
1627858,Kyle,Collinsworth,31,3.2580645161290325,1.8064516129032255,3.4516129032258065,0.2903225806451613,0.5483870967741935,0.7741935483870968,3.193548387096774,1.2258064516129032,0.5483870967741935,0.1290322580645161,1.2903225806451613,0.6774193548387096,1,0,0,3.761290322580645,0.4331046312178388,12.951612903225806,
1629103,Kelan,Martin,31,6.354838709677419,0.7419354838709677,3.096774193548387,0.2903225806451613,0.2258064516129032,0.6451612903225806,5.838709677419355,2.290322580645161,3.096774193548387,0.8064516129032258,1.0,0.967741935483871,0,1,0,6.278709677419355,0.5060624743115495,12.887096774193548,
1627782,Wayne,Selden,123,7.398373983739837,1.5284552845528456,2.048780487804878,0.1544715447154471,0.4634146341463415,1.1788617886178865,6.577235772357724,2.739837398373984,2.6260162601626016,0.902439024390244,1.4065040650406504,1.016260162601626,1,0,0,7.19609756097561,0.5140545914678236,12.878048780487806,
202332,Cole,Aldrich,318,3.30188679245283,0.5723270440251572,3.547169811320755,0.7327044025157232,0.4276729559748428,0.6257861635220126,2.5943396226415096,1.3679245283018868,0.0,0.0,0.7672955974842768,0.5660377358490566,0,0,1,2.9319496855345912,0.5630872195289373,12.871069182389936,
1627748,Thon,Maker,253,4.687747035573122,0.6205533596837944,2.794466403162055,0.6679841897233202,0.3715415019762846,0.549407114624506,3.782608695652174,1.640316205533597,1.5612648221343874,0.5138339920948617,1.3280632411067197,0.8932806324110671,0,1,1,4.36695652173913,0.5367293001701604,12.869565217391305,
201948,Austin,Daye,213,5.507042253521127,0.8356807511737089,2.765258215962441,0.4272300469483568,0.4272300469483568,0.7323943661971831,5.225352112676056,2.0187793427230045,2.061032863849765,0.7464788732394366,0.943661971830986,0.7230046948356808,0,1,0,5.64056338028169,0.4881642029564523,12.861502347417842,
203658,Norvel,Pelle,21,2.4285714285714284,0.3809523809523809,3.333333333333333,1.4761904761904765,0.1428571428571428,0.8095238095238095,2.095238095238096,1.0476190476190477,0.0,0.0,0.6666666666666666,0.3333333333333333,0,0,1,2.388571428571429,0.5083732057416267,12.857142857142858,
2617,Udonis,Haslem,335,4.002985074626865,0.5164179104477612,4.677611940298507,0.2238805970149253,0.3432835820895522,0.6029850746268657,3.632835820895522,1.653731343283582,0.1313432835820895,0.0119402985074626,0.9432835820895522,0.6835820895522388,0,1,0,4.047880597014926,0.4944544408719506,12.856716417910446,
1627738,Deyonta,Davis,100,4.54,0.47,3.46,0.61,0.21,0.43,3.34,2.0,0.01,0.0,0.85,0.54,0,1,1,3.714,0.6112008616047389,12.855,
2605,Marquis,Daniels,145,4.937931034482759,1.2137931034482758,2.268965517241379,0.2827586206896552,0.7655172413793103,0.7655172413793103,5.006896551724138,2.055172413793104,0.7103448275862069,0.1655172413793103,0.9241379310344828,0.6620689655172414,0,1,0,5.41351724137931,0.4560741948634326,12.824137931034482,
201944,Terrence,Williams,73,5.876712328767123,1.9315068493150684,2.684931506849315,0.1232876712328767,0.547945205479452,1.3424657534246576,5.616438356164384,2.410958904109589,1.1369863013698631,0.3698630136986301,1.2054794520547945,0.684931506849315,1,1,0,6.1468493150684935,0.4780263861650918,12.801369863013695,
203917,Nik,Stauskas,334,6.802395209580839,1.535928143712575,2.059880239520958,0.2395209580838323,0.4161676646706587,1.0149700598802396,5.889221556886228,2.2904191616766467,3.356287425149701,1.18562874251497,1.2724550898203593,1.035928143712575,1,0,0,6.449101796407186,0.5273909006499535,12.788922155688624,
1628975,Jevon,Carter,97,4.731958762886598,1.577319587628866,1.8969072164948453,0.2886597938144329,0.7525773195876289,0.6701030927835051,4.412371134020619,1.618556701030928,2.556701030927835,0.9896907216494846,0.6082474226804123,0.5051546391752577,1,0,0,4.680000000000001,0.5055511498810468,12.7680412371134,
203143,Pablo,Prigioni,269,3.516728624535316,2.8438661710037176,1.8773234200743492,0.0223048327137546,0.9962825278810408,0.9553903345724908,2.9219330855018586,1.241635687732342,1.9888475836431228,0.7546468401486989,0.3197026022304832,0.2788104089219331,1,0,0,3.062602230483271,0.574140609827151,12.762081784386616,
2248,Earl,Watson,199,3.0150753768844223,3.582914572864321,2.0351758793969847,0.2412060301507537,0.8040201005025126,1.4371859296482412,3.0050251256281406,1.105527638190955,0.9748743718592964,0.2663316582914573,0.7889447236180904,0.5376884422110553,1,0,0,3.3521608040201003,0.4497211728728189,12.748743718592964,
202388,Donald,Sloan,216,5.50462962962963,3.013888888888889,2.1064814814814814,0.037037037037037,0.3842592592592592,1.0648148148148149,5.083333333333333,2.078703703703704,1.462962962962963,0.4537037037037037,1.1851851851851851,0.8935185185185185,1,0,0,5.604814814814814,0.4910625784708915,12.74074074074074,
203926,Doug,McDermott,408,8.200980392156863,0.8504901960784313,2.196078431372549,0.1004901960784313,0.1936274509803921,0.6078431372549019,6.639705882352941,3.0857843137254903,2.9730392156862746,1.2230392156862746,0.9754901960784312,0.8063725490196079,0,1,0,7.0689215686274505,0.5800729511948186,12.731617647058826,
101129,Luther,Head,32,6.25,2.1875,1.875,0.28125,0.3125,1.0,5.125,2.125,2.0,0.78125,1.5625,1.21875,1,0,0,5.8125,0.5376344086021505,12.71875,
202716,Jordan,Williams,43,4.5813953488372094,0.2558139534883721,3.627906976744186,0.3488372093023256,0.4883720930232558,0.5348837209302325,3.5348837209302326,1.7906976744186047,0.0,0.0,1.5348837209302326,1.0,0,0,1,4.210232558139535,0.544078656650464,12.686046511627907,
1628416,Tyler,Dorsey,102,6.872549019607843,1.3137254901960784,2.3823529411764706,0.0686274509803921,0.3039215686274509,0.6274509803921569,6.323529411764706,2.4607843137254903,3.235294117647059,1.1372549019607845,1.2156862745098038,0.8137254901960784,1,0,0,6.85843137254902,0.5010292183658299,12.651960784313726,
203909,KJ,McDaniels,139,5.625899280575539,0.6834532374100719,2.316546762589928,0.6762589928057554,0.4964028776978417,1.0863309352517985,4.848920863309353,2.0,1.733812949640288,0.5035971223021583,1.4460431654676258,1.1223021582733812,1,1,0,5.485179856115108,0.5128272388646975,12.64388489208633,
200081,Jamario,Moon,67,4.074626865671642,0.8507462686567164,2.791044776119403,0.5671641791044776,0.4328358208955223,0.4477611940298507,4.059701492537314,1.611940298507463,1.985074626865672,0.5970149253731343,0.2835820895522388,0.2537313432835821,0,1,0,4.184477611940299,0.4868740191182765,12.641791044776118,
202396,Samardo,Samuels,106,6.018867924528302,0.4245283018867924,3.443396226415094,0.3867924528301887,0.3584905660377358,1.0849056603773586,5.018867924528302,2.2358490566037736,0.0377358490566037,0.0,2.349056603773585,1.5471698113207548,0,0,1,6.052452830188679,0.4972255128125195,12.632075471698112,
203135,Robert,Sacre,184,4.277173913043479,0.6847826086956522,3.217391304347826,0.592391304347826,0.3043478260869565,0.5543478260869565,3.9619565217391295,1.7282608695652173,0.0054347826086956,0.0,1.2228260869565215,0.8206521739130435,0,0,1,4.5,0.4752415458937198,12.608695652173914,
202386,Ben,Uzoh,55,4.254545454545455,2.327272727272727,2.290909090909091,0.2,0.5454545454545454,0.7818181818181819,4.345454545454546,1.709090909090909,0.1454545454545454,0.0363636363636363,1.3636363636363635,0.8,1,0,0,4.945454545454545,0.4301470588235294,12.6,
1627098,Malcolm,Delaney,127,5.74015748031496,2.8031496062992125,1.7559055118110236,0.0551181102362204,0.5826771653543307,1.2677165354330708,5.299212598425197,2.0,1.84251968503937,0.5669291338582677,1.4566929133858268,1.1732283464566928,1,0,0,5.940157480314961,0.4831654294803816,12.594488188976378,
1626192,Pat,Connaughton,274,4.948905109489052,1.3065693430656935,2.8649635036496357,0.291970802919708,0.3248175182481752,0.5620437956204379,4.233576642335766,1.8795620437956204,2.295620437956204,0.791970802919708,0.5036496350364964,0.3978102189781022,1,0,0,4.455182481751825,0.5554099220132381,12.549270072992703,
1626245,Cristiano,Felicio,234,4.5085470085470085,0.7435897435897436,4.128205128205129,0.2136752136752136,0.2905982905982906,0.6452991452991453,3.1666666666666665,1.811965811965812,0.0512820512820512,0.0,1.3034188034188037,0.8846153846153846,0,1,1,3.74017094017094,0.6027193784277879,12.542735042735044,
201590,Donte,Greene,116,5.887931034482759,0.7068965517241379,2.405172413793104,0.4224137931034483,0.4655172413793103,0.7931034482758621,5.612068965517241,2.2672413793103448,2.2327586206896552,0.603448275862069,1.0344827586206895,0.75,0,1,0,6.067241379310344,0.4852230747371413,12.521551724137932,
202341,James,Anderson,237,6.0,1.2278481012658229,2.354430379746836,0.2320675105485232,0.510548523206751,0.9113924050632912,5.383966244725738,2.2151898734177213,2.5780590717299576,0.8270042194092827,0.9831223628691984,0.7426160337552743,1,1,0,5.816540084388186,0.5157705365174244,12.521097046413502,
202407,Elijah,Millsap,69,4.159420289855072,1.1304347826086956,2.7681159420289854,0.2753623188405797,0.9130434782608696,1.1304347826086956,4.115942028985507,1.3478260869565215,1.5072463768115942,0.4202898550724637,1.536231884057971,1.0434782608695652,1,1,0,4.791884057971014,0.4340067747398984,12.5,
203543,Vitor,Faverani,37,4.4324324324324325,0.4324324324324324,3.45945945945946,0.7297297297297297,0.3783783783783784,1.108108108108108,3.972972972972973,1.7297297297297298,1.0810810810810811,0.3243243243243243,1.0,0.6486486486486487,0,0,1,4.412972972972973,0.5022048015678588,12.486486486486488,
2224,Jamaal,Tinsley,110,3.409090909090909,3.963636363636364,1.5545454545454545,0.2,0.7545454545454545,1.518181818181818,3.590909090909091,1.3363636363636364,1.6272727272727272,0.4545454545454545,0.3909090909090909,0.2818181818181818,1,0,0,3.762909090909091,0.4529860842674913,12.46818181818182,
202130,Reggie,Williams,179,6.888268156424581,1.312849162011173,2.1396648044692737,0.0391061452513966,0.3631284916201117,0.6312849162011173,5.754189944134078,2.564245810055866,2.53072625698324,0.9273743016759776,1.1508379888268156,0.8324022346368715,0,1,0,6.260558659217876,0.5501320673900629,12.41340782122905,
2209,Vladimir,Radmanovic,142,4.415492957746479,0.9859154929577464,2.697183098591549,0.4436619718309859,0.5140845070422535,0.6971830985915493,3.915492957746479,1.5774647887323945,2.3450704225352115,0.8802816901408451,0.4647887323943662,0.380281690140845,0,1,0,4.12,0.5358607958430193,12.376760563380284,
203961,Eric,Moreland,81,1.9506172839506173,1.0246913580246917,3.8271604938271606,0.691358024691358,0.3950617283950617,0.6049382716049383,1.6666666666666667,0.8888888888888888,0.0123456790123456,0.0123456790123456,0.4074074074074074,0.1604938271604938,0,1,1,1.845925925925926,0.5283574103798823,12.364197530864198,
203148,Brian,Roberts,310,6.641935483870967,2.325806451612903,1.3580645161290323,0.0612903225806451,0.4258064516129032,0.8774193548387097,5.9,2.4290322580645163,1.964516129032258,0.7,1.1935483870967742,1.0838709677419356,1,0,0,6.425161290322581,0.5168691635706395,12.361290322580649,
203960,JaKarr,Sampson,206,5.286407766990291,0.7524271844660194,2.655339805825242,0.4660194174757281,0.4223300970873786,0.8300970873786407,4.388349514563107,2.0485436893203883,1.1019417475728157,0.2766990291262136,1.3592233009708738,0.912621359223301,0,1,0,4.986407766990292,0.5300817757009345,12.291262135922327,
200811,Lou,Amundson,245,3.4204081632653063,0.5306122448979592,3.612244897959184,0.6489795918367347,0.3795918367346939,0.7306122448979592,3.310204081632653,1.420408163265306,0.0040816326530612,0.0,1.4,0.5795918367346938,0,1,0,3.926204081632653,0.4355871590153027,12.287755102040816,
203900,Markel,Brown,110,5.3090909090909095,1.2,2.1272727272727274,0.2454545454545454,0.6272727272727273,0.7545454545454545,4.9,1.8636363636363635,1.7272727272727273,0.509090909090909,1.3727272727272728,1.0727272727272728,1,0,0,5.504,0.4822938689217759,12.281818181818185,
1629014,Anfernee,Simons,87,7.494252873563219,1.264367816091954,1.896551724137931,0.1149425287356321,0.3103448275862069,0.8275862068965517,6.873563218390805,2.781609195402299,2.9195402298850577,0.9770114942528736,1.2183908045977012,0.9540229885057472,1,0,0,7.409655172413793,0.5057086125589476,12.2816091954023,
203956,Mitch,McGary,48,4.729166666666667,0.3541666666666667,3.7916666666666665,0.375,0.3541666666666667,0.7916666666666666,3.875,2.0625,0.1041666666666666,0.0,1.0416666666666667,0.6041666666666666,0,1,0,4.333333333333333,0.545673076923077,12.28125,
2067,Eddie,House,55,6.581818181818182,1.1272727272727272,1.6727272727272726,0.0545454545454545,0.5818181818181818,0.5272727272727272,5.836363636363636,2.327272727272727,3.1818181818181817,1.2363636363636363,0.7272727272727273,0.6909090909090909,1,0,0,6.156363636363636,0.5345540460720615,12.272727272727272,
101153,Mickael,Gelabale,34,5.323529411764706,0.7647058823529411,2.911764705882353,0.1176470588235294,0.4705882352941176,0.4705882352941176,4.0588235294117645,2.117647058823529,1.5294117647058822,0.4705882352941176,0.7058823529411765,0.6176470588235294,0,1,0,4.369411764705882,0.6091814754981153,12.25,
1629067,Isaac,Bonga,86,4.034883720930233,1.058139534883721,2.872093023255814,0.3023255813953488,0.627906976744186,0.7441860465116279,3.0930232558139537,1.4186046511627908,0.9186046511627908,0.2906976744186046,1.162790697674419,0.9069767441860463,1,0,0,3.604651162790698,0.5596774193548387,12.162790697674415,
1626147,Justin,Anderson,221,5.339366515837104,0.6832579185520362,2.6018099547511317,0.334841628959276,0.4389140271493212,0.6018099547511312,4.5656108597285066,1.8868778280542984,2.1990950226244346,0.6515837104072398,1.1809954751131222,0.9140271493212668,1,1,0,5.08524886877828,0.5249857630979499,12.158371040723983,
1899,James,Posey,48,5.0,0.7083333333333334,3.0625,0.125,0.5,0.5,5.0,1.6875,4.395833333333333,1.3958333333333333,0.3125,0.2291666666666666,0,1,0,5.1375,0.48661800486618,12.15625,
1628408,PJ,Dozier,32,5.28125,1.875,2.125,0.1875,0.4375,0.8125,5.3125,2.125,1.59375,0.4375,0.875,0.59375,1,1,0,5.6975,0.4634708205353225,12.15625,
203128,Furkan,Aldemir,41,2.268292682926829,0.6829268292682927,4.2926829268292686,0.3902439024390244,0.4146341463414634,0.4146341463414634,1.902439024390244,0.975609756097561,0.1219512195121951,0.0,0.6585365853658537,0.3170731707317073,0,1,1,2.19219512195122,0.5173564753004004,12.121951219512193,
1626188,Quinn,Cook,161,6.968944099378882,1.7391304347826086,1.84472049689441,0.0372670807453416,0.2981366459627329,0.7950310559006211,6.024844720496894,2.7888198757763973,2.577639751552795,1.049689440993789,0.4347826086956521,0.3416149068322981,1,0,0,6.216149068322981,0.5605515587529977,12.096273291925469,
203121,Darius,Miller,251,6.071713147410359,1.3784860557768923,1.6852589641434264,0.2430278884462151,0.4382470119521912,0.649402390438247,4.98804780876494,2.0836653386454183,3.410358565737052,1.302788844621514,0.7250996015936255,0.601593625498008,0,1,0,5.307091633466135,0.5720377154525254,12.093625498007968,
1628469,Antonio,Blakeney,74,7.689189189189189,0.8378378378378378,1.8783783783783785,0.1351351351351351,0.2567567567567567,0.6216216216216216,7.283783783783784,2.95945945945946,1.9324324324324325,0.6891891891891891,1.554054054054054,1.0810810810810811,1,0,0,7.967567567567568,0.4825305291723202,12.087837837837837,
201153,Julian,Wright,50,3.76,1.16,2.36,0.4,0.78,0.86,3.2,1.64,0.2,0.04,0.86,0.44,0,1,0,3.5784,0.5253744690364408,12.04,
203998,Bruno,Caboclo,94,4.404255319148936,0.7553191489361702,2.6382978723404253,0.5957446808510638,0.3617021276595745,0.648936170212766,4.0,1.5957446808510638,2.042553191489361,0.648936170212766,0.6702127659574468,0.5638297872340425,0,1,0,4.294893617021277,0.5127315961557515,12.02659574468085,
203094,Andrew,Nicholson,285,5.964912280701754,0.4421052631578947,3.007017543859649,0.3333333333333333,0.2596491228070175,0.743859649122807,5.32280701754386,2.4842105263157896,0.950877192982456,0.3052631578947368,0.8947368421052632,0.6912280701754386,0,1,0,5.716491228070176,0.5217284556837711,12.02280701754386,
203798,PJ,Hairston,111,5.981981981981982,0.5315315315315315,2.3963963963963963,0.2162162162162162,0.4774774774774775,0.5675675675675675,6.099099099099099,2.09009009009009,3.63963963963964,1.072072072072072,0.9009009009009008,0.7297297297297297,1,1,0,6.495495495495496,0.4604715672676837,12.013513513513516,
201146,Jianlian,Yi,91,4.769230769230769,0.3296703296703296,3.263736263736264,0.4395604395604395,0.3736263736263736,0.7032967032967034,4.703296703296704,1.934065934065934,0.2527472527472527,0.0659340659340659,1.2307692307692308,0.8351648351648352,0,1,0,5.244835164835165,0.4546597385182702,12.005494505494504,
1629022,Lonnie,Walker IV,76,5.7105263157894735,1.013157894736842,2.0526315789473686,0.2236842105263158,0.5131578947368421,0.631578947368421,5.302631578947368,2.210526315789474,1.5,0.6052631578947368,0.9342105263157896,0.6842105263157895,1,1,0,5.713684210526315,0.4997236551215918,11.99342105263158,
1628981,Bruno,Fernando,56,4.285714285714286,0.875,3.5357142857142856,0.3035714285714285,0.3214285714285714,0.75,3.5535714285714284,1.8392857142857144,0.6607142857142857,0.0892857142857142,0.9107142857142856,0.5178571428571429,0,1,1,3.954285714285714,0.541907514450867,11.901785714285715,
1628977,Hamidou,Diallo,92,5.228260869565218,0.5652173913043478,2.75,0.1956521739130435,0.6195652173913043,0.782608695652174,4.771739130434782,2.141304347826087,0.7934782608695652,0.1739130434782608,1.2717391304347827,0.7717391304347826,1,0,0,5.331304347826086,0.4903359973903116,11.896739130434783,
1628411,Wes,Iwundu,182,4.769230769230769,1.043956043956044,2.483516483516484,0.2582417582417582,0.4725274725274725,0.5494505494505495,3.983516483516484,1.664835164835165,1.137362637362637,0.3626373626373626,1.3571428571428572,1.0769230769230769,0,1,0,4.5806593406593406,0.5205834372900874,11.884615384615383,
1627820,Tyrone,Wallace,101,5.435643564356436,1.2475247524752475,2.257425742574257,0.2079207920792079,0.5445544554455446,0.9108910891089108,5.02970297029703,2.1386138613861387,0.7326732673267327,0.1485148514851485,1.504950495049505,1.00990099009901,1,0,0,5.691881188118812,0.4774909546340106,11.88118811881188,
201611,Henry,Walker,117,5.658119658119658,0.8547008547008547,2.427350427350427,0.188034188034188,0.5470085470085471,0.8205128205128205,4.914529914529915,1.9658119658119655,3.4017094017094016,1.1965811965811963,0.7008547008547008,0.5299145299145299,0,1,0,5.222905982905983,0.5416639392550894,11.88034188034188,
2229,Mike,James,63,5.349206349206349,2.9365079365079363,1.4126984126984128,0.0793650793650793,0.492063492063492,1.1746031746031746,5.396825396825397,2.0,2.2222222222222223,0.873015873015873,0.6190476190476191,0.4761904761904761,1,0,0,5.66920634920635,0.4717773546869749,11.80952380952381,
1628417,Jaron,Blossomgame,27,4.222222222222222,0.4814814814814814,3.6296296296296298,0.2962962962962963,0.2592592592592592,0.4074074074074074,3.925925925925926,1.7407407407407407,1.4444444444444444,0.3703703703703703,0.4814814814814814,0.3703703703703703,0,1,0,4.137777777777778,0.5102040816326531,11.796296296296296,
203710,C.J.,Williams,49,5.061224489795919,1.1224489795918366,1.3061224489795915,0.2653061224489796,0.7551020408163265,0.5102040816326531,4.73469387755102,2.122448979591837,1.9183673469387756,0.5510204081632653,0.3469387755102041,0.2653061224489796,1,0,0,4.88734693877551,0.5177885418406548,11.765306122448978,
1628402,Frank,Jackson,118,7.338983050847458,1.1016949152542372,1.8389830508474576,0.0508474576271186,0.3559322033898305,0.8135593220338984,6.584745762711864,2.7796610169491527,2.6440677966101696,0.847457627118644,1.2542372881355932,0.9322033898305084,1,0,0,7.136610169491525,0.5141785018762172,11.75,
202874,Chris,Wright,28,4.142857142857143,0.3214285714285714,2.321428571428572,0.6428571428571429,0.5,0.4642857142857143,2.821428571428572,1.5357142857142858,0.0357142857142857,0.0,1.6428571428571428,1.0714285714285714,0,1,0,3.5442857142857145,0.5844417573559049,11.75,
1629004,Svi,Mykhailiuk,97,6.56701030927835,1.4742268041237114,1.443298969072165,0.0515463917525773,0.5670103092783505,0.845360824742268,5.618556701030927,2.185567010309278,3.855670103092784,1.4845360824742269,0.9278350515463918,0.711340206185567,1,1,0,6.02680412371134,0.5448169688676018,11.726804123711338,
202725,Josh,Harrellson,72,3.6805555555555554,0.3611111111111111,3.1527777777777777,0.5,0.4166666666666667,0.4583333333333333,3.3194444444444446,1.4583333333333333,1.3055555555555556,0.4583333333333333,0.4861111111111111,0.3055555555555556,0,1,1,3.5333333333333337,0.5208333333333333,11.701388888888888,
2584,Willie,Green,307,6.856677524429967,0.9348534201954396,1.6123778501628665,0.1530944625407166,0.4429967426710097,0.6938110749185668,6.175895765472313,2.6742671009771986,2.201954397394137,0.8403908794788274,0.8338762214983714,0.6677524429967426,1,0,0,6.542801302931596,0.5239863788433965,11.6742671009772,
1629185,Chris,Chiozza,35,4.228571428571429,2.4857142857142858,1.6285714285714286,0.1428571428571428,0.6285714285714286,0.9428571428571428,4.228571428571429,1.6285714285714286,2.2,0.8285714285714286,0.1428571428571428,0.1428571428571428,1,0,0,4.291428571428572,0.4926764314247669,11.6,
201970,Sam,Young,166,5.0602409638554215,0.7710843373493976,2.240963855421686,0.2228915662650602,0.6024096385542169,0.6626506024096386,4.632530120481928,2.0240963855421685,0.7168674698795181,0.2289156626506024,1.1024096385542168,0.7831325301204819,1,1,0,5.117590361445783,0.4943968358602504,11.55421686746988,
101130,Johan,Petro,167,3.7784431137724552,0.6287425149700598,3.281437125748503,0.3952095808383233,0.3892215568862275,0.6467065868263473,3.9520958083832336,1.7125748502994012,0.0538922155688622,0.0119760479041916,0.4610778443113772,0.3413173652694611,0,0,1,4.15497005988024,0.4546895716838646,11.488023952095809,
1628424,Kobi,Simmons,33,5.9393939393939394,2.060606060606061,1.5151515151515151,0.1515151515151515,0.5454545454545454,1.3333333333333333,5.727272727272728,2.4242424242424243,1.181818181818182,0.3333333333333333,0.7575757575757576,0.7575757575757576,1,0,0,6.0606060606060606,0.49,11.424242424242422,
201985,AJ,Price,200,5.565,2.305,1.445,0.03,0.45,0.85,5.45,2.02,2.58,0.79,1.02,0.735,1,0,0,5.8988000000000005,0.4717061097172306,11.410000000000002,
203515,Phil,Pressey,144,3.243055555555556,3.0069444444444446,1.5,0.1041666666666666,0.8055555555555556,1.1180555555555556,3.5069444444444446,1.1944444444444444,1.3125,0.3333333333333333,0.8263888888888888,0.5208333333333334,1,0,0,3.870555555555556,0.4189392852016649,11.406249999999998,
1627834,Georgios,Papagiannis,39,4.102564102564102,0.7435897435897436,3.1538461538461537,0.5897435897435898,0.1794871794871795,0.8205128205128205,3.692307692307693,1.8974358974358971,0.0512820512820512,0.0,0.358974358974359,0.3076923076923077,0,0,1,3.8502564102564105,0.5327650506126798,11.384615384615383,
1628393,Jawun,Evans,55,4.3090909090909095,2.0,1.7454545454545454,0.109090909090909,0.7090909090909091,0.9090909090909092,4.836363636363636,1.6727272727272726,1.018181818181818,0.2727272727272727,0.8909090909090909,0.6909090909090909,1,0,0,5.228363636363636,0.4120879120879121,11.38181818181818,
202962,Greg,Smith,143,4.167832167832168,0.2797202797202797,3.41958041958042,0.4125874125874126,0.2237762237762237,0.4545454545454545,2.7552447552447554,1.6993006993006994,0.0069930069930069,0.0,1.3356643356643356,0.7692307692307693,0,0,1,3.342937062937063,0.6233787967534097,11.353146853146852,
2039,Keyon,Dooling,133,5.894736842105263,2.2706766917293235,1.1804511278195489,0.0451127819548872,0.5112781954887218,0.9774436090225564,5.285714285714286,2.1203007518796992,2.4586466165413534,0.849624060150376,0.9924812030075189,0.8045112781954887,1,0,0,5.722406015037594,0.515057549797656,11.342105263157894,
2047,Quentin,Richardson,104,4.509615384615385,0.7403846153846154,2.9903846153846154,0.1057692307692307,0.5096153846153846,0.6153846153846154,4.451923076923077,1.5576923076923077,2.605769230769231,0.8173076923076923,0.7307692307692307,0.5769230769230769,0,1,0,4.773461538461538,0.4723632261703329,11.336538461538463,
203957,Dante,Exum,239,5.7154811715481175,2.100418410041841,1.7740585774058577,0.1757322175732217,0.405857740585774,1.2594142259414225,5.129707112970712,2.087866108786611,2.2426778242677825,0.6903765690376569,1.108786610878661,0.8493723849372385,1,0,0,5.617573221757323,0.508714434678981,11.334728033472803,
101179,Ronnie,Price,283,3.791519434628975,2.091872791519435,1.353356890459364,0.1095406360424028,0.9858657243816256,1.010600706713781,3.890459363957597,1.3674911660777385,1.826855123674912,0.5441696113074205,0.6749116607773852,0.5123674911660777,1,0,0,4.187420494699647,0.452727334098427,11.319787985865725,
202779,Dwight,Buycks,49,6.326530612244898,1.6938775510204085,1.5510204081632653,0.0408163265306122,0.6122448979591837,1.2448979591836735,5.836734693877551,2.346938775510204,1.489795918367347,0.5510204081632653,1.2244897959183674,1.0816326530612246,1,0,0,6.375510204081633,0.4961587708066581,11.316326530612244,
1629059,Elie,Okobo,108,4.842592592592593,2.240740740740741,1.7407407407407407,0.1018518518518518,0.5185185185185185,0.9907407407407408,4.361111111111111,1.7222222222222223,1.879629629629629,0.5925925925925926,1.0925925925925926,0.8055555555555556,1,1,0,4.841851851851851,0.5000764935362962,11.314814814814817,
203462,Archie,Goodwin,165,6.303030303030303,1.2484848484848483,2.006060606060606,0.2303030303030303,0.4181818181818181,1.2484848484848483,5.187878787878788,2.224242424242424,1.1575757575757577,0.2727272727272727,2.2606060606060607,1.5818181818181818,1,0,0,6.182545454545454,0.5097439516919579,11.28181818181818,
1629638,Nickeil,Alexander-Walker,46,5.804347826086956,1.934782608695652,1.826086956521739,0.1739130434782608,0.3695652173913043,1.173913043478261,5.782608695652174,2.130434782608696,2.891304347826087,1.0,0.8043478260869565,0.5434782608695652,1,0,0,6.136521739130434,0.4729346747909876,11.27173913043478,
1628391,D.J.,Wilson,100,4.31,0.8,3.23,0.26,0.24,0.55,3.98,1.64,2.04,0.65,0.67,0.38,0,1,0,4.2748,0.5041171516796107,11.255,
2230,Maurice,Evans,97,5.958762886597938,0.5567010309278351,1.855670103092784,0.1443298969072164,0.4948453608247423,0.4432989690721649,5.525773195876289,2.288659793814433,2.185567010309278,0.7422680412371134,0.7319587628865979,0.6391752577319587,1,1,0,5.847835051546392,0.5094845215429096,11.247422680412372,
1627851,Mindaugas,Kuzminskas,69,6.159420289855072,1.0,1.826086956521739,0.1594202898550724,0.4202898550724637,0.7391304347826086,5.376811594202898,2.289855072463768,2.4347826086956523,0.782608695652174,0.9855072463768116,0.7971014492753623,0,1,0,5.810434782608696,0.5300309288636137,11.239130434782608,
203113,Quincy,Miller,68,4.338235294117647,0.5441176470588235,2.485294117647059,0.5441176470588235,0.4411764705882353,0.7941176470588235,4.485294117647059,1.5735294117647058,1.661764705882353,0.4852941176470588,1.0,0.7058823529411765,0,1,0,4.925294117647059,0.4404036784903857,11.23529411764706,
202379,Jeremy,Evans,239,3.677824267782426,0.4476987447698745,2.6778242677824267,0.5062761506276151,0.3765690376569037,0.3514644351464435,2.6778242677824267,1.5230125523012552,0.1087866108786611,0.0251046025104602,0.8828451882845189,0.606694560669456,0,1,0,3.066276150627615,0.599721630915343,11.194560669456068,
1627789,Timothe,Luwawu-Cabarrot,214,6.261682242990654,0.8598130841121495,2.0794392523364484,0.1401869158878504,0.3785046728971962,0.7897196261682243,5.205607476635514,2.074766355140187,2.7757009345794392,0.9392523364485982,1.4158878504672898,1.1728971962616823,1,1,0,5.828598130841121,0.5371516531443414,11.165887850467287,
203481,Jeff,Withey,200,3.325,0.32,2.585,0.78,0.28,0.38,2.37,1.245,0.07,0.01,1.15,0.825,0,0,1,2.8760000000000003,0.5780598052851181,11.162500000000003,
1629684,Grant,Williams,69,3.4347826086956523,0.9855072463768116,2.579710144927536,0.5217391304347826,0.4347826086956521,0.7246376811594203,3.057971014492753,1.2608695652173914,1.391304347826087,0.3478260869565217,0.782608695652174,0.5652173913043478,0,1,0,3.40231884057971,0.5047708297836089,11.159420289855074,
2588,Matt,Bonner,351,4.94017094017094,0.6951566951566952,2.4301994301994303,0.2421652421652421,0.2507122507122507,0.2478632478632478,3.994301994301994,1.8062678062678064,2.4444444444444446,1.0427350427350428,0.3703703703703703,0.2849002849002849,0,1,1,4.157264957264957,0.5941611842105264,11.103988603988602,
1628407,Dwayne,Bacon,133,5.37593984962406,1.0300751879699248,2.3533834586466167,0.0676691729323308,0.3834586466165413,0.5864661654135338,5.2105263157894735,2.097744360902256,1.481203007518797,0.5112781954887218,0.9323308270676692,0.6691729323308271,1,1,0,5.620751879699248,0.4782224838140082,11.082706766917292,
2804,Andres,Nocioni,64,5.375,0.71875,2.859375,0.25,0.234375,0.8125,4.640625,1.921875,1.9375,0.671875,1.125,0.859375,0,1,0,5.135625,0.523305342582451,11.0546875,
201603,Sonny,Weems,102,6.392156862745098,1.5,2.019607843137255,0.0294117647058823,0.4313725490196078,1.2450980392156863,6.107843137254902,2.647058823529412,1.0,0.3137254901960784,1.068627450980392,0.7843137254901961,1,1,0,6.578039215686275,0.4858709908191249,11.02450980392157,
1627362,Briante,Weber,45,3.1777777777777776,1.4222222222222225,1.9111111111111112,0.2,0.8666666666666667,0.7111111111111111,3.1555555555555554,1.288888888888889,0.5777777777777777,0.1111111111111111,0.6666666666666666,0.4888888888888889,1,0,0,3.448888888888889,0.4606958762886597,11.022222222222222,
202333,Xavier,Henry,179,5.865921787709497,0.6703910614525139,1.9608938547486037,0.1284916201117318,0.5586592178770949,0.776536312849162,5.06145251396648,2.055865921787709,0.7039106145251397,0.2290502793296089,2.4022346368715084,1.5251396648044693,1,1,0,6.118435754189944,0.4793644996347699,11.008379888268156,
1627835,Paul,Zipser,97,4.721649484536083,0.845360824742268,2.6391752577319587,0.3195876288659793,0.3608247422680412,0.8556701030927835,4.690721649484536,1.7422680412371134,2.154639175257732,0.7216494845360825,0.6701030927835051,0.5154639175257731,0,1,0,4.985567010309278,0.4735318444995864,10.95876288659794,
202220,Zabian,Dowdell,23,5.260869565217392,2.1739130434782608,0.8695652173913043,0.0869565217391304,0.8260869565217391,1.2608695652173914,5.391304347826087,2.217391304347826,0.4347826086956521,0.1304347826086956,0.7391304347826086,0.6956521739130435,1,0,0,5.716521739130434,0.4601460298144205,10.956521739130434,
203461,Anthony,Bennett,148,4.4324324324324325,0.5202702702702703,3.189189189189189,0.1824324324324324,0.3918918918918919,0.668918918918919,4.331081081081081,1.695945945945946,0.9324324324324323,0.2432432432432432,1.195945945945946,0.7972972972972973,0,1,0,4.857297297297297,0.456265301580236,10.95608108108108,
1627775,Patrick,McCaw,188,4.01595744680851,1.4148936170212767,1.680851063829787,0.1648936170212765,0.7287234042553191,0.6542553191489362,3.6968085106382977,1.547872340425532,1.6063829787234043,0.4893617021276595,0.5531914893617021,0.4308510638297872,1,0,0,3.940212765957447,0.5096117500944976,10.925531914893616,
2211,Troy,Murphy,107,3.383177570093458,0.7570093457943925,3.299065420560748,0.2336448598130841,0.3738317757009345,0.4953271028037383,3.233644859813084,1.3177570093457944,1.2616822429906542,0.411214953271028,0.4672897196261682,0.3364485981308411,0,1,1,3.439252336448598,0.4918478260869565,10.906542056074768,
203928,Cory,Jefferson,51,4.019607843137255,0.3137254901960784,3.117647058823529,0.4313725490196078,0.196078431372549,0.392156862745098,3.6666666666666665,1.6470588235294117,0.3137254901960784,0.0392156862745098,1.1764705882352942,0.6862745098039216,0,1,0,4.184313725490196,0.4803186504217431,10.892156862745097,
2735,Josh,Childress,104,3.7115384615384617,0.7980769230769231,2.576923076923077,0.2980769230769231,0.4807692307692308,0.5192307692307693,3.2115384615384617,1.6826923076923077,0.4134615384615384,0.0576923076923076,0.6057692307692307,0.2884615384615384,1,1,0,3.478076923076923,0.5335618710604888,10.850961538461538,
202376,Luke,Harangody,67,3.776119402985074,0.5373134328358209,2.91044776119403,0.2985074626865671,0.3134328358208955,0.2985074626865671,4.029850746268656,1.5223880597014925,1.2985074626865671,0.3134328358208955,0.5671641791044776,0.417910447761194,0,1,0,4.2794029850746265,0.4411969866071429,10.798507462686567,
1627774,Jake,Layman,161,5.3602484472049685,0.5590062111801242,1.950310559006211,0.2919254658385093,0.391304347826087,0.5341614906832298,4.590062111801243,2.093167701863354,2.012422360248447,0.6211180124223602,0.7639751552795031,0.5527950310559007,0,1,0,4.926211180124224,0.544053863223724,10.788819875776394,
202498,Lance,Thomas,395,5.189873417721519,0.6734177215189874,2.5822784810126582,0.1392405063291139,0.3746835443037974,0.6759493670886076,4.546835443037975,1.8936708860759492,1.0962025316455697,0.4177215189873418,1.2329113924050632,0.9848101265822784,0,1,0,5.089316455696203,0.509879220805062,10.777215189873417,
201938,Jonny,Flynn,82,5.0,3.3902439024390243,1.4146341463414631,0.0609756097560975,0.4878048780487805,1.8170731707317076,5.2073170731707314,1.8780487804878048,1.6341463414634143,0.5,0.9878048780487804,0.7439024390243902,1,0,0,5.641951219512195,0.443109112917171,10.768292682926829,
1737,Nazr,Mohammed,302,3.413907284768212,0.2847682119205298,3.1456953642384105,0.5298013245033113,0.2913907284768212,0.5496688741721855,3.1688741721854305,1.4867549668874172,0.009933774834437,0.0,0.7185430463576159,0.4403973509933774,0,0,1,3.4850331125827814,0.4897955305564001,10.745033112582782,
1626273,Marcelo,Huertas,75,4.0,3.12,1.52,0.12,0.48,1.32,3.973333333333333,1.6266666666666667,1.0666666666666669,0.2666666666666666,0.6133333333333333,0.48,1,0,0,4.2432,0.471342383107089,10.72,
2034,Mike,Miller,329,4.635258358662614,1.3009118541033435,2.6048632218844983,0.0759878419452887,0.3343465045592705,0.7142857142857143,3.9027355623100304,1.680851063829787,2.4711246200607904,1.0182370820668694,0.3404255319148936,0.2553191489361702,1,1,0,4.052522796352584,0.5718978759150366,10.706686930091184,
203187,Chris,Johnson,145,4.482758620689655,0.6413793103448275,2.034482758620689,0.2137931034482758,0.6137931034482759,0.5517241379310345,4.041379310344827,1.5862068965517242,2.331034482758621,0.7172413793103448,0.7103448275862069,0.593103448275862,0,1,0,4.353931034482758,0.5147943990369385,10.703448275862067,
201814,Gary,Forbes,108,5.972222222222222,0.9537037037037036,2.009259259259259,0.0925925925925925,0.4351851851851852,0.9166666666666666,5.037037037037037,2.185185185185185,1.3055555555555556,0.4444444444444444,1.648148148148148,1.1574074074074074,0,1,0,5.762222222222222,0.5182221365214038,10.694444444444445,
203123,Kostas,Papanikolaou,68,3.661764705882353,1.4852941176470589,2.323529411764706,0.2647058823529412,0.6176470588235294,1.1176470588235294,3.8676470588235294,1.3676470588235294,2.0294117647058822,0.6029411764705882,0.4705882352941176,0.3235294117647059,0,1,0,4.074705882352942,0.4493287137288869,10.669117647058822,
203921,Cleanthony,Early,52,4.634615384615385,0.8076923076923077,2.3653846153846154,0.2884615384615384,0.5,0.9423076923076924,4.884615384615385,1.6923076923076923,1.9038461538461535,0.5,1.0,0.75,0,1,0,5.324615384615385,0.4352065876914186,10.663461538461538,
1628405,Johnathan,Motley,40,5.575,0.625,2.7,0.125,0.275,0.75,4.025,2.25,0.25,0.05,1.775,1.025,0,1,0,4.806,0.5800041614648357,10.6625,
1628035,Alfonzo,McKinnie,123,4.390243902439025,0.3739837398373983,2.983739837398374,0.1951219512195122,0.3414634146341463,0.4796747967479675,3.747967479674797,1.7479674796747968,1.5609756097560976,0.4796747967479675,0.6666666666666666,0.4146341463414634,0,1,0,4.04130081300813,0.5431721252112337,10.613821138211383,
201189,Aaron,Gray,166,3.036144578313253,0.5903614457831325,4.186746987951807,0.253012048192771,0.3012048192771084,0.9036144578313252,2.4759036144578315,1.289156626506024,0.0060240963855421,0.0,0.8734939759036144,0.4578313253012048,0,0,1,2.860240963855422,0.5307497893850042,10.611445783132533,
1627883,Jalen,Jones,30,5.166666666666667,0.3666666666666666,2.4,0.1,0.4666666666666667,0.5,4.333333333333333,1.7333333333333334,1.8,0.6666666666666666,1.5333333333333334,1.0333333333333334,0,1,0,5.008,0.5158413205537806,10.583333333333334,
2429,Dan,Gadzuric,44,2.6818181818181817,0.3181818181818182,3.1818181818181817,0.6818181818181818,0.3181818181818182,0.6818181818181818,2.977272727272727,1.2272727272727273,0.0227272727272727,0.0,0.6590909090909091,0.2272727272727272,0,0,1,3.267272727272727,0.4104062326099054,10.568181818181818,
202363,Jarvis,Varnado,35,2.942857142857143,0.4571428571428571,2.0285714285714285,0.8857142857142857,0.3142857142857143,0.4571428571428571,1.8571428571428568,1.0571428571428572,0.0,0.0,1.6,0.8285714285714286,0,1,1,2.5611428571428574,0.574520303435966,10.557142857142855,
203940,Adreian,Payne,105,4.085714285714285,0.6285714285714286,3.0,0.2571428571428571,0.4285714285714285,0.8571428571428571,4.085714285714285,1.6571428571428573,0.5619047619047619,0.1428571428571428,0.923809523809524,0.6285714285714286,0,1,0,4.492190476190476,0.4547574626865671,10.557142857142855,
202723,Malcolm,Lee,36,3.888888888888889,1.4166666666666667,1.805555555555556,0.2777777777777778,0.5555555555555556,0.75,3.7777777777777777,1.4444444444444444,0.9444444444444444,0.2777777777777778,1.0277777777777777,0.7222222222222222,1,0,0,4.23,0.4596795376937221,10.555555555555554,
1628960,Grayson,Allen,74,7.31081081081081,1.0405405405405406,1.445945945945946,0.1081081081081081,0.2162162162162162,0.8918918918918919,5.797297297297297,2.4864864864864864,3.2432432432432434,1.2027027027027026,1.4189189189189189,1.135135135135135,1,0,0,6.421621621621622,0.5692340067340067,10.554054054054054,
2072,Michael,Redd,61,7.573770491803279,0.7377049180327869,1.3934426229508197,0.0163934426229508,0.2459016393442623,0.6721311475409836,6.639344262295082,2.6557377049180326,2.442622950819672,0.7540983606557377,1.8852459016393444,1.5081967213114753,1,0,0,7.468852459016394,0.5070237050043898,10.475409836065571,reddmi01
1629109,Gary,Clark,92,3.3043478260869565,0.3804347826086957,2.4565217391304346,0.5217391304347826,0.2826086956521739,0.1847826086956521,3.0760869565217392,1.1304347826086956,2.6956521739130435,0.8695652173913043,0.1847826086956521,0.1739130434782608,0,1,0,3.157391304347826,0.5232718259432663,10.407608695652174,
2407,Jared,Jeffries,117,2.4615384615384617,0.6495726495726496,2.8034188034188032,0.4102564102564102,0.5641025641025641,0.5726495726495726,2.427350427350427,0.8974358974358975,0.2307692307692307,0.0427350427350427,1.0598290598290598,0.6239316239316239,0,1,0,2.893675213675213,0.4253308128544424,10.393162393162394,
203102,Arnett,Moultrie,58,3.6206896551724137,0.2068965517241379,3.103448275862069,0.2413793103448276,0.4310344827586206,0.4482758620689655,2.9655172413793105,1.6206896551724137,0.0,0.0,0.5689655172413793,0.3793103448275862,0,1,0,3.2158620689655173,0.5629423118164272,10.379310344827584,
1628392,Isaiah,Hartenstein,50,3.2,0.66,2.74,0.48,0.32,0.58,2.16,1.28,0.22,0.04,0.84,0.6,0,1,1,2.5296000000000003,0.6325110689437065,10.34,
1626780,Jonathan,Gibson,20,7.0,1.5,1.25,0.0,0.4,1.2,5.9,2.45,2.85,1.05,1.45,1.05,1,0,0,6.538,0.5353319057815845,10.325,
201202,Joel,Anthony,308,1.9935064935064932,0.185064935064935,2.639610389610389,0.9675324675324676,0.2532467532467532,0.4025974025974026,1.425324675324675,0.7694805194805194,0.0,0.0,0.6948051948051948,0.4545454545454545,0,0,1,1.7310389610389612,0.5758121389451571,10.308441558441558,
200777,Joel,Freeland,151,3.1589403973509933,0.4304635761589404,3.4304635761589406,0.3708609271523179,0.2119205298013245,0.4900662251655629,3.013245033112583,1.3841059602649006,0.0132450331125827,0.0,0.5364238410596026,0.390728476821192,0,1,1,3.249271523178808,0.4860997880319582,10.30132450331126,
1629010,Jerome,Robinson,93,4.634408602150538,1.1397849462365592,1.827956989247312,0.2150537634408602,0.4193548387096774,0.6666666666666666,4.516129032258065,1.7096774193548387,2.2580645161290325,0.7204301075268817,0.7096774193548387,0.4946236559139785,1,0,0,4.828387096774194,0.4799127026545519,10.29032258064516,
2457,Jannero,Pargo,116,5.741379310344827,1.922413793103448,1.1293103448275863,0.0517241379310344,0.4482758620689655,1.0258620689655171,5.327586206896552,2.155172413793104,2.896551724137931,1.0775862068965518,0.396551724137931,0.3534482758620689,1,0,0,5.502068965517242,0.5217473050889947,10.267241379310343,
956,Erick,Dampier,65,2.0,0.4,3.107692307692308,0.7846153846153846,0.2307692307692307,0.5384615384615384,1.4923076923076923,0.8153846153846154,0.0153846153846153,0.0,0.676923076923077,0.3692307692307692,0,0,1,1.7901538461538462,0.5586112066002062,10.246153846153849,
200817,Pooh,Jeter,61,4.180327868852459,2.6557377049180326,1.147540983606557,0.0327868852459016,0.4754098360655737,0.8360655737704918,4.245901639344262,1.7377049180327868,0.4918032786885246,0.0983606557377049,0.6721311475409836,0.6065573770491803,1,0,0,4.541639344262295,0.4602223505630956,10.24590163934426,
201623,Semih,Erden,69,3.7971014492753614,0.4202898550724637,2.753623188405797,0.4202898550724637,0.3623188405797101,0.7246376811594203,2.681159420289855,1.463768115942029,0.0,0.0,1.463768115942029,0.8695652173913043,0,0,1,3.325217391304348,0.5709553695955369,10.23913043478261,
201966,Jermaine,Taylor,34,6.5588235294117645,0.9411764705882352,1.8235294117647056,0.1470588235294117,0.4117647058823529,1.3529411764705883,5.764705882352941,2.764705882352941,1.3235294117647058,0.4117647058823529,0.8235294117647058,0.6176470588235294,1,0,0,6.127058823529412,0.5352342549923195,10.235294117647058,
202350,Daniel,Orton,48,2.9791666666666665,0.5,2.583333333333333,0.5833333333333334,0.375,0.6041666666666666,2.125,1.0416666666666667,0.0208333333333333,0.0,1.5,0.8958333333333334,0,0,1,2.785,0.5348593656493117,10.229166666666666,
1627758,Ron,Baker,91,3.2967032967032965,1.8571428571428568,1.5274725274725274,0.1648351648351648,0.7252747252747253,0.8571428571428571,3.230769230769231,1.164835164835165,1.4395604395604396,0.3846153846153846,0.8241758241758241,0.5824175824175825,1,0,0,3.593406593406593,0.4587155963302752,10.21978021978022,
1629735,Chris,Silva,37,3.4054054054054053,0.5945945945945946,3.108108108108108,0.4864864864864865,0.2432432432432432,0.8378378378378378,1.972972972972973,1.2162162162162162,0.081081081081081,0.0,1.3783783783783785,0.972972972972973,0,1,0,2.5794594594594598,0.6601005867560771,10.202702702702702,
202719,Jeremy,Tyler,92,4.054347826086956,0.2717391304347826,2.9239130434782608,0.4565217391304347,0.25,0.7391304347826086,3.782608695652174,1.7065217391304348,0.0108695652173913,0.0,1.1521739130434785,0.6413043478260869,0,1,0,4.289565217391305,0.4725826069329008,10.195652173913045,
203526,Raul,Neto,249,4.883534136546185,1.8714859437751004,1.2811244979919678,0.0843373493975903,0.5381526104417671,0.9718875502008032,4.156626506024097,1.85140562248996,1.5461847389558232,0.5863453815261044,0.751004016064257,0.5943775100401606,1,0,0,4.48706827309237,0.5441787197479593,10.158634538152612,
1626184,Chasson,Randle,78,5.294871794871795,1.7435897435897436,1.1538461538461535,0.0641025641025641,0.4615384615384615,0.7948717948717948,4.089743589743589,1.6794871794871795,2.102564102564102,0.7948717948717948,1.4230769230769231,1.141025641025641,1,0,0,4.715897435897436,0.5613853849499783,10.153846153846157,
1626148,Anthony,Brown,41,3.926829268292683,0.6829268292682927,2.5121951219512195,0.1463414634146341,0.4634146341463415,0.5121951219512195,4.317073170731708,1.4146341463414631,2.3902439024390243,0.6829268292682927,0.4878048780487805,0.4146341463414634,1,1,0,4.531707317073171,0.4332615715823465,10.134146341463412,
1628463,Tyler,Cavanaugh,45,4.266666666666667,0.6222222222222222,2.933333333333333,0.0888888888888888,0.2,0.3111111111111111,3.555555555555556,1.5555555555555556,2.0444444444444443,0.7333333333333333,0.5111111111111111,0.4222222222222222,0,1,0,3.780444444444444,0.5643075476134494,10.133333333333336,
203485,Lorenzo,Brown,93,3.096774193548387,1.956989247311828,1.6129032258064515,0.1612903225806451,0.6559139784946236,0.7956989247311828,3.612903225806452,1.3010752688172045,1.1290322580645162,0.1827956989247312,0.4408602150537634,0.3118279569892473,1,0,0,3.8068817204301073,0.4067337024065077,10.129032258064514,
203518,Alex,Abrines,172,5.372093023255814,0.5116279069767442,1.441860465116279,0.127906976744186,0.5348837209302325,0.4186046511627907,4.587209302325581,1.7732558139534884,3.4593023255813957,1.2732558139534884,0.627906976744186,0.5523255813953488,1,0,0,4.863488372093023,0.5522880504949075,10.116279069767442,
203546,Ian,Clark,326,5.638036809815951,1.1809815950920246,1.3496932515337423,0.1349693251533742,0.3926380368098159,0.7208588957055214,5.012269938650307,2.1993865030674846,2.1625766871165646,0.7361963190184049,0.6257668711656442,0.5030674846625767,1,0,0,5.287607361963191,0.5331368636005012,10.10276073619632,
203133,Robbie,Hummel,96,3.9479166666666665,0.5208333333333334,2.7604166666666665,0.1145833333333333,0.3333333333333333,0.2916666666666667,3.6354166666666665,1.5208333333333333,1.4583333333333333,0.5,0.46875,0.40625,0,1,0,3.8416666666666655,0.5138286334056399,10.078125,
201858,Cartier,Martin,187,5.358288770053476,0.4919786096256685,1.935828877005348,0.1176470588235294,0.4171122994652406,0.5347593582887701,4.727272727272728,1.8823529411764703,2.689839572192513,1.0213903743315509,0.8128342245989305,0.5721925133689839,0,1,0,5.084919786096257,0.5268803634528016,10.06951871657754,
201986,Nando,De Colo,114,3.973684210526316,1.780701754385965,1.850877192982456,0.1052631578947368,0.5526315789473685,1.0175438596491229,3.456140350877193,1.4824561403508771,1.1842105263157894,0.4298245614035088,0.6929824561403509,0.5789473684210527,1,0,0,3.761052631578948,0.5282675622726001,10.017543859649123,
2446,Rasual,Butler,238,4.903361344537816,0.6302521008403361,1.831932773109244,0.3109243697478991,0.2647058823529412,0.4453781512605042,4.61344537815126,1.831932773109244,2.3403361344537816,0.8319327731092437,0.5714285714285714,0.407563025210084,0,1,0,4.864873949579832,0.5039556415394183,10.008403361344538,
200839,Mike,Harris,23,4.0,0.2608695652173913,1.6521739130434785,0.3478260869565217,0.6956521739130435,0.5217391304347826,2.9130434782608696,1.391304347826087,0.0869565217391304,0.0,1.3478260869565215,1.2173913043478262,0,1,0,3.506086956521739,0.570436507936508,9.999999999999998,
202337,Luke,Babbitt,368,4.934782608695652,0.6059782608695652,2.296195652173913,0.1576086956521739,0.2418478260869565,0.4483695652173913,4.323369565217392,1.763586956521739,2.660326086956522,1.0706521739130437,0.4510869565217391,0.3369565217391304,0,1,0,4.521847826086956,0.545659960097113,9.989130434782608,
1628390,Terrance,Ferguson,189,4.878306878306878,0.7513227513227513,1.380952380952381,0.2275132275132275,0.4814814814814814,0.4708994708994709,4.328042328042328,1.761904761904762,3.0476190476190474,1.031746031746032,0.4285714285714285,0.3227513227513227,1,0,0,4.516613756613757,0.5400402980178998,9.97089947089947,
101249,John,Lucas III,180,5.35,1.761111111111111,1.0888888888888888,0.0111111111111111,0.3666666666666666,0.5888888888888889,5.511111111111111,2.1,2.2555555555555555,0.8111111111111111,0.4444444444444444,0.3388888888888889,1,0,0,5.706666666666667,0.4687499999999999,9.958333333333334,
1626203,Treveon,Graham,180,4.205555555555556,0.8,2.2222222222222223,0.0888888888888888,0.4222222222222222,0.4222222222222222,3.855555555555556,1.477777777777778,2.0,0.6666666666666666,0.8444444444444444,0.5833333333333334,1,1,0,4.227111111111111,0.4974503206813164,9.93888888888889,
2863,Damien,Wilkins,188,4.223404255319149,0.9840425531914894,1.6542553191489362,0.2180851063829787,0.5,0.5585106382978723,3.643617021276596,1.6117021276595744,0.5425531914893617,0.1595744680851064,1.1861702127659577,0.8404255319148937,1,1,0,4.165531914893617,0.5069465726836245,9.936170212765958,
203584,Troy,Daniels,331,6.712990936555891,0.5558912386706949,1.3353474320241692,0.0634441087613293,0.2990936555891239,0.5558912386706949,5.743202416918429,2.305135951661631,4.214501510574018,1.6706948640483383,0.540785498489426,0.43202416918429,1,0,0,5.981148036253776,0.5611791328241807,9.88821752265861,
101113,Ike,Diogu,37,5.648648648648648,0.054054054054054,3.135135135135135,0.081081081081081,0.081081081081081,0.6216216216216216,4.054054054054054,2.2432432432432434,0.0,0.0,1.7297297297297298,1.162162162162162,0,1,0,4.815135135135136,0.5865514144589132,9.837837837837837,
200796,Leon,Powe,30,5.266666666666667,0.2333333333333333,2.1,0.1333333333333333,0.3333333333333333,0.4,3.966666666666667,1.9666666666666663,0.0666666666666666,0.0,2.4,1.3333333333333333,0,1,0,5.022666666666667,0.5242898858508096,9.833333333333334,
2853,Earl,Barron,50,3.04,0.42,3.3,0.28,0.34,0.64,3.84,1.26,0.08,0.04,0.86,0.48,0,1,1,4.2184,0.3603261900246539,9.82,
203898,Tyler,Ennis,185,4.210810810810811,1.9405405405405405,1.351351351351351,0.0972972972972973,0.5297297297297298,0.918918918918919,4.124324324324324,1.7297297297297298,1.1243243243243244,0.3567567567567568,0.5135135135135135,0.3945945945945946,1,0,0,4.35027027027027,0.4839711729622266,9.818918918918918,
2052,DeShawn,Stevenson,176,4.630681818181818,0.9659090909090908,1.8693181818181817,0.0852272727272727,0.3920454545454545,0.4886363636363636,4.3352272727272725,1.5625,3.4204545454545454,1.1988636363636365,0.4659090909090909,0.3068181818181818,1,1,0,4.540227272727273,0.5099614556740252,9.815340909090912,
202690,Jimmer,Fredette,232,6.189655172413793,1.4224137931034482,1.043103448275862,0.0474137931034482,0.4051724137931034,0.961206896551724,5.521551724137931,2.2586206896551726,2.237068965517241,0.8318965517241379,0.956896551724138,0.8405172413793104,1,0,0,5.942586206896551,0.5207880001160531,9.775862068965516,
203561,Brandon,Davies,78,3.6666666666666665,0.7435897435897436,2.4615384615384617,0.1923076923076923,0.5384615384615384,0.8205128205128205,3.3974358974358974,1.3974358974358974,0.5641025641025641,0.1282051282051282,1.1538461538461535,0.7435897435897436,0,1,0,3.905128205128205,0.4694681549573211,9.756410256410255,
2306,Carlos,Arroyo,64,4.84375,1.953125,1.609375,0.015625,0.328125,0.9375,4.265625,1.875,1.078125,0.484375,0.734375,0.609375,1,0,0,4.58875,0.5277853445927541,9.6875,
1628515,Isaiah,Briscoe,38,3.5789473684210527,2.289473684210526,1.947368421052632,0.0526315789473684,0.2894736842105263,0.8157894736842105,3.631578947368421,1.4473684210526316,0.8947368421052632,0.2894736842105263,0.6842105263157895,0.3947368421052631,1,0,0,3.932631578947369,0.4550321199143469,9.671052631578949,
1627816,Alex,Poythress,49,4.020408163265306,0.4897959183673469,2.489795918367347,0.2653061224489796,0.2040816326530612,0.3673469387755102,3.2857142857142856,1.5510204081632653,1.0816326530612246,0.3877551020408163,0.7959183673469388,0.5306122448979592,0,1,0,3.635918367346939,0.5528738212842389,9.632653061224488,
1629121,Jaylen,Adams,33,3.272727272727273,1.9696969696969695,1.818181818181818,0.1515151515151515,0.4242424242424242,0.8484848484848485,3.333333333333333,1.1515151515151516,2.242424242424242,0.7575757575757576,0.2727272727272727,0.2121212121212121,1,0,0,3.4533333333333336,0.4738504738504738,9.56060606060606,
1629164,Brandon,Goodwin,46,4.978260869565218,1.4130434782608696,1.6304347826086956,0.0869565217391304,0.2608695652173913,0.6956521739130435,4.630434782608695,1.7826086956521738,2.0217391304347827,0.6086956521739131,0.8913043478260869,0.8043478260869565,1,0,0,5.022608695652174,0.4955851800554017,9.543478260869566,
202347,Quincy,Pondexter,345,4.663768115942029,0.7623188405797101,1.855072463768116,0.1420289855072463,0.3536231884057971,0.5159420289855072,3.915942028985507,1.655072463768116,1.718840579710145,0.6115942028985507,0.9942028985507246,0.7420289855072464,0,1,0,4.353391304347826,0.5356477042718653,9.540579710144923,
203142,Chris,Copeland,163,6.122699386503068,0.656441717791411,1.6625766871165644,0.1840490797546012,0.1963190184049079,0.7914110429447853,5.251533742331288,2.245398773006135,2.576687116564417,0.9447852760736196,0.9141104294478528,0.6871165644171779,0,1,0,5.653742331288344,0.5414731542167629,9.539877300613496,
1629234,Drew,Eubanks,44,3.363636363636364,0.5,2.7045454545454546,0.5,0.1590909090909091,0.6590909090909091,2.113636363636364,1.318181818181818,0.0227272727272727,0.0227272727272727,0.8863636363636364,0.7045454545454546,0,1,1,2.503636363636364,0.671750181554103,9.488636363636363,
200783,Craig,Smith,94,4.393617021276596,0.5319148936170213,2.4148936170212765,0.1276595744680851,0.3404255319148936,0.6063829787234043,3.24468085106383,1.7340425531914894,0.0638297872340425,0.0,1.2659574468085106,0.925531914893617,0,1,0,3.801702127659575,0.5778486680098499,9.473404255319148,
201953,Eric,Maynor,186,4.080645161290323,2.6559139784946235,1.1774193548387095,0.053763440860215,0.3817204301075269,1.053763440860215,4.053763440860215,1.5376344086021505,1.3225806451612905,0.478494623655914,0.7311827956989247,0.5268817204301075,1,0,0,4.3754838709677415,0.4663078737835447,9.465053763440862,
1629642,Nassir,Little,47,3.6595744680851054,0.4680851063829787,2.276595744680851,0.2978723404255319,0.2765957446808511,0.3191489361702128,3.191489361702128,1.3829787234042554,1.25531914893617,0.2978723404255319,0.9361702127659576,0.5957446808510638,1,1,0,3.6034042553191488,0.5077940481813887,9.436170212765957,
1628410,Edmond,Sumner,54,3.9444444444444446,1.0925925925925926,1.2777777777777777,0.2592592592592592,0.5,0.5555555555555556,3.703703703703704,1.5,1.4259259259259258,0.3888888888888889,0.9629629629629628,0.5555555555555556,1,0,0,4.127407407407407,0.4778356066044509,9.425925925925926,
200780,Solomon,Jones,73,3.0136986301369864,0.5616438356164384,2.602739726027397,0.4931506849315068,0.3150684931506849,0.7945205479452054,2.73972602739726,1.082191780821918,0.0136986301369863,0.0,1.2191780821917808,0.8493150684931506,0,1,0,3.2761643835616434,0.4599431343033953,9.404109589041097,
203108,Bernard,James,83,2.4457831325301207,0.144578313253012,2.5301204819277108,0.7349397590361446,0.2048192771084337,0.4096385542168674,1.843373493975904,0.9156626506024096,0.036144578313253,0.0,0.9036144578313252,0.6144578313253012,0,0,1,2.240963855421686,0.5456989247311829,9.397590361445785,
1628439,Isaiah,Hicks,21,4.380952380952381,0.8571428571428571,2.2857142857142856,0.3333333333333333,0.1428571428571428,0.8095238095238095,3.809523809523809,1.761904761904762,0.4285714285714285,0.0952380952380952,1.0952380952380951,0.7619047619047619,0,1,0,4.291428571428571,0.5104305370616956,9.38095238095238,
201151,Acie,Law,51,4.215686274509804,1.6470588235294117,1.2352941176470589,0.0,0.6274509803921569,0.8431372549019608,3.647058823529412,1.588235294117647,0.7058823529411765,0.1176470588235294,1.2549019607843137,0.9215686274509804,1,0,0,4.19921568627451,0.5019611505416511,9.362745098039216,
1853,Anthony,Carter,54,2.9074074074074074,1.9074074074074077,1.5555555555555556,0.1851851851851851,0.6481481481481481,1.037037037037037,2.925925925925926,1.148148148148148,1.037037037037037,0.3148148148148148,0.3333333333333333,0.2962962962962963,1,0,0,3.0725925925925925,0.4731195756991321,9.361111111111107,
1629033,Theo,Pinson,49,4.1020408163265305,1.5714285714285714,1.836734693877551,0.0816326530612244,0.4693877551020408,1.0408163265306123,4.63265306122449,1.4285714285714286,2.5510204081632653,0.5510204081632653,0.7755102040816326,0.6938775510204082,1,1,0,4.973877551020408,0.4123584441161989,9.336734693877553,
1626191,Chris,McCullough,58,3.3448275862068964,0.2586206896551724,1.9310344827586208,0.3275862068965517,0.5172413793103449,0.3448275862068966,3.155172413793104,1.3448275862068966,0.8448275862068966,0.2586206896551724,0.7241379310344828,0.396551724137931,0,1,0,3.4737931034482763,0.4814373635100257,9.31896551724138,
200760,Rodney,Carney,27,4.703703703703703,0.4074074074074074,1.7777777777777777,0.1851851851851851,0.4444444444444444,0.5925925925925926,4.074074074074074,1.7037037037037035,1.4074074074074074,0.6296296296296297,1.0,0.6666666666666666,0,1,0,4.514074074074075,0.521004266491631,9.314814814814817,
2586,Keith,Bogans,166,4.234939759036145,1.1024096385542168,1.6987951807228916,0.0783132530120482,0.4156626506024096,0.5662650602409639,3.72289156626506,1.463855421686747,3.0120481927710845,1.0843373493975903,0.3433734939759036,0.2228915662650602,1,1,0,3.873975903614458,0.5465882938359147,9.280120481927712,
202724,Charles,Jenkins,101,4.03960396039604,2.099009900990099,0.9801980198019802,0.0792079207920792,0.4752475247524752,0.801980198019802,4.079207920792079,1.7722772277227723,0.2178217821782178,0.0396039603960396,0.6039603960396039,0.4554455445544554,1,0,0,4.344950495049505,0.4648619086683073,9.272277227722771,
204037,Travis,Wear,67,4.08955223880597,0.7014925373134329,2.149253731343284,0.2388059701492537,0.2835820895522388,0.6119402985074627,4.1940298507462686,1.626865671641791,1.1492537313432836,0.417910447761194,0.5074626865671642,0.417910447761194,0,1,0,4.417313432835821,0.4629003919448574,9.23134328358209,
1627846,Abdel,Nader,161,4.546583850931677,0.5217391304347826,1.7826086956521738,0.2608695652173913,0.3602484472049689,0.639751552795031,3.888198757763975,1.639751552795031,1.813664596273292,0.639751552795031,0.8757763975155279,0.6273291925465838,0,1,0,4.273540372670808,0.5319458171036567,9.20807453416149,
1629750,Javonte,Green,46,3.5434782608695654,0.5652173913043478,2.0217391304347827,0.1739130434782608,0.5217391304347826,0.5,2.739130434782609,1.3695652173913044,0.717391304347826,0.1956521739130435,0.9130434782608696,0.6086956521739131,1,0,0,3.1408695652173915,0.5640919158361019,9.206521739130434,
1629048,ga,Bitadze,52,3.230769230769231,0.4038461538461538,1.9807692307692308,0.6730769230769231,0.173076923076923,0.5,2.7884615384615383,1.3076923076923077,0.7692307692307693,0.1538461538461538,0.6346153846153846,0.4615384615384615,0,1,1,3.067692307692308,0.526579739217653,9.192307692307692,
200779,Steve,Novak,249,5.530120481927711,0.2971887550200803,1.4899598393574298,0.1124497991967871,0.2289156626506024,0.1927710843373494,4.240963855421687,1.859437751004016,3.4779116465863456,1.5421686746987953,0.2971887550200803,0.2690763052208835,0,1,0,4.3717269076305225,0.6324869552436246,9.190763052208837,
2567,Brian,Cook,67,4.08955223880597,0.373134328358209,2.373134328358209,0.2388059701492537,0.2686567164179104,0.5373134328358209,4.0,1.537313432835821,1.9253731343283584,0.6567164179104478,0.5074626865671642,0.3582089552238806,0,1,1,4.223283582089552,0.4841673734803506,9.164179104477611,
2427,Roger,Mason Jr.,167,4.81437125748503,0.9580838323353292,1.592814371257485,0.1137724550898203,0.3053892215568862,0.5868263473053892,4.221556886227545,1.7125748502994012,2.413173652694611,0.9461077844311376,0.5209580838323353,0.4431137724550898,1,0,0,4.450778443113773,0.5408459799806263,9.1437125748503,
203919,Jordan,Adams,27,3.740740740740741,0.7037037037037037,1.1111111111111112,0.2592592592592592,0.7037037037037037,0.5925925925925926,3.3703703703703702,1.3703703703703705,0.9629629629629628,0.3703703703703703,1.037037037037037,0.6296296296296297,1,0,0,3.826666666666666,0.4887727448703058,9.12962962962963,
2038,Joel,Przybilla,74,1.635135135135135,0.3108108108108108,4.108108108108108,0.4459459459459459,0.1351351351351351,0.7432432432432432,1.2972972972972974,0.6486486486486487,0.0,0.0,0.6081081081081081,0.3378378378378378,0,0,1,1.5648648648648649,0.5224525043177892,9.10135135135135,
1629660,Ty,Jerome,30,3.4,1.4666666666666666,1.5333333333333334,0.1,0.5,0.6,3.7666666666666666,1.2666666666666666,1.6666666666666667,0.4666666666666667,0.5333333333333333,0.4,1,1,0,4.001333333333333,0.42485838053982,9.1,
1626254,Maurice,Ndour,30,3.2666666666666666,0.2666666666666666,2.1,0.2666666666666666,0.5,0.4,2.8,1.3,0.2333333333333333,0.0333333333333333,0.8666666666666667,0.6333333333333333,0,1,0,3.1813333333333333,0.5134115674769488,9.083333333333332,
201161,Daequan,Cook,144,4.770833333333333,0.375,1.7708333333333333,0.1319444444444444,0.3055555555555556,0.3333333333333333,4.465277777777778,1.6597222222222223,3.2847222222222223,1.1805555555555556,0.375,0.2708333333333333,1,0,0,4.630277777777778,0.5151778750974864,9.072916666666668,
203962,Josh,Huestis,76,2.460526315789474,0.3026315789473684,2.3684210526315788,0.631578947368421,0.2105263157894736,0.3815789473684211,2.6973684210526314,0.9342105263157896,1.644736842105263,0.5131578947368421,0.3289473684210526,0.0789473684210526,1,0,0,2.8421052631578947,0.4328703703703704,9.072368421052632,
201632,Hamed,Haddadi,90,2.5444444444444443,0.2777777777777778,2.7666666666666666,0.7333333333333333,0.1,0.7,2.088888888888889,1.011111111111111,0.0222222222222222,0.0,0.8444444444444444,0.5222222222222223,0,0,1,2.4604444444444447,0.5170700867052023,9.044444444444444,
202343,Elliot,Williams,107,5.018691588785047,0.8785046728971962,1.5046728971962615,0.0560747663551401,0.4205607476635514,0.7289719626168224,4.280373831775701,1.8037383177570092,1.6261682242990654,0.5046728971962616,1.355140186915888,0.9065420560747663,1,0,0,4.876635514018691,0.5145649674204676,9.042056074766355,
203902,Semaj,Christon,62,2.9516129032258065,2.096774193548387,1.403225806451613,0.1129032258064516,0.4354838709677419,0.6935483870967742,3.596774193548387,1.2419354838709675,1.0161290322580645,0.1935483870967742,0.5,0.2741935483870967,1,0,0,3.816774193548387,0.3866632860040568,9.008064516129032,
101121,Joey,Graham,39,5.17948717948718,0.4615384615384615,2.1538461538461537,0.1794871794871795,0.1538461538461538,0.717948717948718,4.589743589743589,2.102564102564102,0.7692307692307693,0.2307692307692307,0.9230769230769232,0.7435897435897436,0,1,0,4.995897435897436,0.5183740505029768,8.999999999999998,
202148,Mickell,Gladness,26,2.1538461538461537,0.1923076923076923,2.230769230769231,0.7692307692307693,0.1538461538461538,0.2692307692307692,2.269230769230769,0.9615384615384616,0.0,0.0,0.4615384615384615,0.2307692307692307,0,0,1,2.4723076923076923,0.4355942750466708,8.942307692307692,
200756,Hilton,Armstrong,59,1.9491525423728813,0.3220338983050847,2.983050847457627,0.423728813559322,0.3728813559322034,0.576271186440678,1.5932203389830508,0.7627118644067796,0.0677966101694915,0.0338983050847457,0.8305084745762712,0.3898305084745763,0,1,1,1.9586440677966104,0.497577016268605,8.940677966101696,
203705,Josh,Magette,24,2.4166666666666665,2.583333333333333,1.0416666666666667,0.0833333333333333,0.4583333333333333,0.5416666666666666,2.5416666666666665,0.8333333333333334,1.0833333333333333,0.375,0.4166666666666667,0.375,1,0,0,2.725,0.4434250764525994,8.9375,
201141,Greg,Oden,23,2.9130434782608696,0.0434782608695652,2.347826086956522,0.5652173913043478,0.3043478260869565,0.5217391304347826,2.130434782608696,1.173913043478261,0.0,0.0,1.0,0.5652173913043478,0,0,1,2.570434782608696,0.5666441136671178,8.934782608695652,
200797,Ryan,Hollins,302,3.6754966887417218,0.2549668874172185,2.304635761589404,0.5397350993377483,0.1788079470198675,0.7417218543046358,2.152317880794702,1.3311258278145697,0.0,0.0,1.576158940397351,1.0132450331125828,0,0,1,2.8458278145695366,0.6457693381736944,8.905629139072847,
202419,Chris,Johnson,67,3.0597014925373136,0.1940298507462686,1.9701492537313432,0.6865671641791045,0.2388059701492537,0.5671641791044776,2.029850746268657,1.1492537313432836,0.0,0.0,1.0895522388059702,0.7611940298507462,0,1,0,2.509253731343284,0.6096835593623602,8.873134328358208,
2768,Chris,Duhon,158,3.132911392405063,2.5443037974683542,1.4050632911392404,0.0759493670886076,0.4493670886075949,1.1518987341772151,2.8797468354430378,1.1455696202531649,1.6582278481012658,0.6075949367088608,0.3734177215189873,0.2341772151898734,1,0,0,3.044050632911392,0.5145958083832336,8.854430379746836,
203949,James Michael,McAdoo,103,3.2427184466019416,0.3592233009708738,1.825242718446602,0.4563106796116505,0.3203883495145631,0.4077669902912621,2.4466019417475726,1.2912621359223302,0.1650485436893204,0.0485436893203883,1.145631067961165,0.6116504854368932,0,1,0,2.950679611650485,0.5494867070281654,8.810679611650487,
2575,Luke,Walton,134,2.373134328358209,1.962686567164179,1.9477611940298507,0.1343283582089552,0.417910447761194,0.8805970149253731,2.701492537313433,0.9925373134328358,0.9029850746268656,0.2611940298507462,0.2238805970149253,0.126865671641791,0,1,0,2.8,0.423773987206823,8.686567164179106,
1629151,Ryan,Broekhoff,54,4.25925925925926,0.5925925925925926,1.962962962962963,0.1481481481481481,0.2037037037037037,0.4074074074074074,3.388888888888889,1.4259259259259258,2.6296296296296298,1.037037037037037,0.4444444444444444,0.3703703703703703,1,1,0,3.5844444444444443,0.5941310188055384,8.685185185185185,
2205,DeSagana,Diop,64,1.046875,0.671875,2.75,0.6875,0.234375,0.59375,1.453125,0.484375,0.015625,0.0,0.28125,0.078125,0,0,1,1.576875,0.3319460959175584,8.6796875,
1629058,Dzanan,Musa,47,4.48936170212766,0.9574468085106383,1.9361702127659572,0.0212765957446808,0.3617021276595745,0.851063829787234,4.1063829787234045,1.553191489361702,1.872340425531915,0.425531914893617,1.319148936170213,0.9574468085106383,1,1,0,4.686808510638298,0.4789358997639368,8.659574468085106,
101214,Jawad,Williams,26,4.0,0.8461538461538461,1.8461538461538465,0.1153846153846153,0.3461538461538461,0.6153846153846154,4.846153846153846,1.5769230769230769,1.7307692307692308,0.5,0.4615384615384615,0.3461538461538461,0,1,0,5.0492307692307685,0.3960999390615479,8.653846153846153,
202346,Dominique,Jones,74,3.324324324324324,1.945945945945946,1.527027027027027,0.1351351351351351,0.3918918918918919,1.0,3.0675675675675675,1.1216216216216215,0.2837837837837837,0.027027027027027,1.445945945945946,1.054054054054054,1,0,0,3.703783783783784,0.4487740805604203,8.641891891891891,
1628414,Sindarius,Thornwell,116,3.077586206896552,0.7758620689655172,1.612068965517241,0.2844827586206896,0.5258620689655172,0.646551724137931,2.5086206896551726,1.0603448275862069,0.6896551724137931,0.2413793103448276,1.0517241379310345,0.7155172413793104,1,0,0,2.971379310344828,0.5178716490658001,8.607758620689655,
1627740,Henry,Ellenson,78,4.1923076923076925,0.5641025641025641,2.4871794871794872,0.0384615384615384,0.1666666666666666,0.5256410256410257,3.9871794871794872,1.4871794871794872,1.7564102564102564,0.6025641025641025,0.7948717948717948,0.6153846153846154,0,1,1,4.336923076923077,0.4833274210713018,8.538461538461538,
201965,Jeff,Ayres,189,3.0899470899470898,0.5185185185185185,2.8253968253968256,0.2645502645502645,0.1587301587301587,0.6349206349206349,2.3968253968253967,1.2857142857142858,0.0264550264550264,0.0105820105820105,0.671957671957672,0.5079365079365079,0,1,1,2.6924867724867725,0.5738091495047948,8.529100529100528,
203199,DeQuan,Jones,61,3.819672131147541,0.2622950819672131,1.721311475409836,0.360655737704918,0.3114754098360656,0.4918032786885246,3.5737704918032787,1.5573770491803278,0.5737704918032787,0.1475409836065573,0.8360655737704918,0.5573770491803278,0,1,0,3.941639344262295,0.4845283646647812,8.5,
202951,Jeremy,Pargo,83,5.0120481927710845,1.867469879518072,1.0602409638554218,0.0240963855421686,0.3493975903614458,1.2048192771084338,5.084337349397591,1.927710843373494,1.4337349397590362,0.4578313253012048,1.0843373493975903,0.6987951807228916,1,0,0,5.56144578313253,0.4506065857885615,8.487951807228916,
1627772,Daniel,Hamilton,22,3.136363636363636,1.3636363636363635,2.3181818181818183,0.0454545454545454,0.3181818181818182,0.8181818181818182,3.1818181818181817,1.2727272727272727,1.2272727272727273,0.4545454545454545,0.2727272727272727,0.1363636363636363,1,1,0,3.3018181818181818,0.4749449339207048,8.477272727272727,
2563,Dahntay,Jones,207,4.502415458937198,0.7198067632850241,1.434782608695652,0.1256038647342995,0.3333333333333333,0.5652173913043478,3.6618357487922704,1.5072463768115942,0.8309178743961353,0.2850241545893719,1.5217391304347827,1.2028985507246377,1,1,0,4.331400966183574,0.5197412447022084,8.439613526570048,
1627852,Nicolas,Brussino,49,3.061224489795918,0.9387755102040816,1.9795918367346936,0.1632653061224489,0.3469387755102041,0.5306122448979592,2.9183673469387754,1.0612244897959184,1.9795918367346936,0.5918367346938775,0.4489795918367347,0.3469387755102041,0,1,0,3.115918367346939,0.4912234739324076,8.418367346938776,
1629744,Matt,Thomas,38,5.0,0.5263157894736842,1.5263157894736843,0.0263157894736842,0.2368421052631578,0.3684210526315789,3.789473684210526,1.8157894736842104,2.526315789473684,1.1842105263157894,0.2631578947368421,0.1842105263157894,1,0,0,3.905263157894737,0.6401617250673854,8.394736842105264,
203098,John,Jenkins,170,5.029411764705882,0.8117647058823529,1.4705882352941178,0.0823529411764705,0.1823529411764705,0.5588235294117647,4.147058823529412,1.8294117647058823,1.876470588235294,0.6882352941176471,0.8058823529411765,0.6823529411764706,1,0,0,4.501647058823529,0.5586190675308383,8.394117647058824,
203158,Kevin,Jones,32,2.96875,0.3125,2.4375,0.15625,0.28125,0.25,3.34375,1.34375,0.0,0.0,0.46875,0.28125,0,1,0,3.55,0.4181338028169014,8.34375,
203103,Perry,Jones III,133,3.669172932330827,0.4060150375939849,1.894736842105263,0.2481203007518796,0.2706766917293233,0.4511278195488721,3.473684210526316,1.466165413533835,0.9172932330827068,0.2706766917293233,0.706766917293233,0.4661654135338345,0,1,0,3.7846616541353386,0.4847425301970756,8.293233082706765,
1627770,Kay,Felder,54,4.074074074074074,1.4259259259259258,1.0740740740740742,0.1481481481481481,0.3888888888888889,0.8518518518518519,4.203703703703703,1.5185185185185186,0.7592592592592593,0.2037037037037037,1.0925925925925926,0.8333333333333334,1,0,0,4.684444444444444,0.4348513598987983,8.268518518518517,
2059,Eduardo,Najera,53,2.39622641509434,0.6037735849056604,1.7735849056603774,0.1886792452830188,0.5660377358490566,0.3773584905660377,2.5660377358490565,0.9433962264150944,1.1886792452830188,0.3584905660377358,0.2830188679245283,0.1509433962264151,0,1,0,2.690566037735849,0.4453015427769986,8.226415094339622,
1626253,Axel,Toupane,25,3.48,0.6,1.28,0.28,0.32,0.24,3.16,1.2,1.76,0.56,0.68,0.52,1,1,0,3.4592,0.5030064754856615,8.22,
1627855,Okaro,White,42,2.8095238095238093,0.5476190476190477,2.261904761904762,0.2619047619047619,0.2619047619047619,0.4523809523809524,2.5,0.9523809523809524,1.119047619047619,0.3809523809523809,0.5952380952380952,0.5238095238095238,0,1,0,2.761904761904762,0.5086206896551724,8.214285714285714,
203948,Johnny,O'Bryant III,145,3.510344827586207,0.4758620689655172,2.427586206896552,0.1310344827586207,0.2206896551724138,0.5310344827586206,3.655172413793104,1.4689655172413794,0.3448275862068966,0.1241379310344827,0.6758620689655173,0.4482758620689655,0,1,0,3.952551724137931,0.4440605806811837,8.210344827586207,
202707,JaJuan,Johnson,31,3.612903225806452,0.1935483870967742,1.8387096774193548,0.4516129032258064,0.1612903225806451,0.4516129032258064,3.838709677419355,1.7096774193548387,0.0,0.0,0.2903225806451613,0.1935483870967742,0,1,0,3.966451612903226,0.4554326610279765,8.20967741935484,
1628409,Alec,Peters,20,4.1,0.6,1.85,0.1,0.1,0.2,3.7,1.4,2.9,0.9,0.5,0.4,0,1,0,3.92,0.5229591836734693,8.175,
204022,Jack,Cooley,23,2.9130434782608696,0.3043478260869565,2.391304347826087,0.1304347826086956,0.3043478260869565,0.2608695652173913,2.130434782608696,0.9565217391304348,0.0,0.0,1.7391304347826086,1.0,0,1,1,2.895652173913044,0.5030030030030029,8.173913043478262,
201041,Walker,Russell,27,3.111111111111111,2.1481481481481484,0.9629629629629628,0.037037037037037,0.6666666666666666,1.2222222222222223,3.4814814814814814,1.2222222222222223,0.4814814814814814,0.1481481481481481,0.8148148148148148,0.5185185185185185,1,0,0,3.84,0.4050925925925926,8.148148148148149,
1499,Tony,Battie,64,2.21875,0.4375,2.59375,0.328125,0.140625,0.25,2.296875,1.0,0.0625,0.03125,0.28125,0.1875,0,0,1,2.420625,0.458301058610896,8.140625,
203197,Diante,Garrett,89,3.235955056179775,1.696629213483146,1.2584269662921348,0.0561797752808988,0.5730337078651685,1.0224719101123596,3.5280898876404496,1.3146067415730338,1.247191011235955,0.4382022471910112,0.247191011235955,0.1685393258426966,1,0,0,3.6368539325842697,0.4448838358872961,8.140449438202246,
1629741,Marko,Guduric,44,3.9318181818181817,1.0227272727272727,1.6590909090909092,0.1818181818181818,0.2727272727272727,0.8181818181818182,3.5681818181818183,1.4090909090909092,1.8863636363636365,0.5681818181818182,0.5909090909090909,0.5454545454545454,1,0,0,3.828181818181818,0.5135359772025647,8.136363636363635,
1627744,Brice,Johnson,20,2.35,0.15,1.7,0.35,0.55,0.3,2.45,1.1,0.05,0.0,0.25,0.15,0,1,0,2.56,0.458984375,8.125,
1629598,Chris,Clemons,31,5.064516129032258,0.7419354838709677,0.935483870967742,0.1612903225806451,0.2580645161290322,0.5806451612903226,4.32258064516129,1.7741935483870968,3.2580645161290325,1.1935483870967742,0.3548387096774194,0.3225806451612903,1,0,0,4.478709677419355,0.5653990204552003,8.096774193548386,
1629611,Terance,Mann,28,2.571428571428572,1.5714285714285714,1.4285714285714286,0.1785714285714285,0.3214285714285714,0.5357142857142857,2.321428571428572,1.0,0.6071428571428571,0.2142857142857142,0.5,0.3571428571428571,1,1,0,2.541428571428572,0.5059021922428331,8.0,
202365,Devin,Ebanks,62,3.612903225806452,0.3870967741935484,1.967741935483871,0.1935483870967742,0.2903225806451613,0.5645161290322581,3.435483870967742,1.3225806451612905,0.5806451612903226,0.1290322580645161,1.1612903225806452,0.8387096774193549,0,1,0,3.9464516129032257,0.4577407225764263,7.951612903225806,
201934,Hasheem,Thabeet,154,1.7857142857142858,0.1038961038961039,2.2857142857142856,0.6168831168831169,0.2857142857142857,0.5194805194805194,1.2337662337662338,0.6818181818181818,0.0,0.0,0.7337662337662337,0.422077922077922,0,0,1,1.5566233766233766,0.5735858501585184,7.941558441558442,
2592,James,Jones,331,4.151057401812689,0.4108761329305136,1.2114803625377644,0.1963746223564954,0.2447129909365558,0.2205438066465256,3.1963746223564957,1.299093655589124,2.5709969788519635,1.0483383685800605,0.6314199395770392,0.5045317220543807,1,1,0,3.4741993957703925,0.5974120838985704,7.907854984894259,
1627777,Georges,Niang,152,4.322368421052632,0.5723684210526315,1.5789473684210529,0.0723684210526315,0.2171052631578947,0.4013157894736842,3.6184210526315783,1.5789473684210529,2.276315789473684,0.881578947368421,0.3421052631578947,0.2828947368421052,0,1,0,3.7689473684210526,0.5734185169669042,7.904605263157894,
2408,Melvin,Ely,31,2.419354838709677,0.4516129032258064,2.419354838709677,0.3870967741935484,0.1290322580645161,0.4516129032258064,1.8387096774193548,1.0,0.0,0.0,0.6774193548387096,0.4193548387096774,0,1,1,2.136774193548387,0.5661231884057971,7.887096774193549,
203545,Miroslav,Raduljica,53,3.5660377358490565,0.4339622641509434,2.1320754716981134,0.2452830188679245,0.1509433962264151,0.5660377358490566,2.5283018867924527,1.339622641509434,0.0,0.0,1.0754716981132075,0.8867924528301887,0,0,1,3.001509433962264,0.5940407342217753,7.867924528301887,
1628388,T.J.,Leaf,136,3.375,0.3014705882352941,2.022058823529412,0.1985294117647058,0.1617647058823529,0.2205882352941176,2.911764705882353,1.4411764705882353,0.6544117647058824,0.2279411764705882,0.4558823529411764,0.2647058823529412,0,1,0,3.1123529411764705,0.5421942921942922,7.86029411764706,
203906,Devyn,Marble,40,2.425,0.725,1.725,0.075,0.55,0.4,2.85,0.875,1.35,0.3,1.0,0.375,0,1,0,3.29,0.3685410334346504,7.800000000000002,
2250,Bobby,Simmons,30,2.6666666666666665,0.4333333333333333,1.8333333333333333,0.1,0.5,0.3333333333333333,3.1,0.9333333333333332,2.1,0.6666666666666666,0.2333333333333333,0.1333333333333333,0,1,0,3.2026666666666666,0.4163197335553705,7.8,
2562,Sasha,Pavlovic,112,2.669642857142857,0.5892857142857143,1.4285714285714286,0.2410714285714285,0.4821428571428571,0.4107142857142857,2.8392857142857144,1.0803571428571428,1.3303571428571428,0.4196428571428571,0.2142857142857142,0.0892857142857142,1,1,0,2.9335714285714287,0.4550158266374483,7.767857142857142,
101183,Shavlik,Randolph,51,2.176470588235294,0.1764705882352941,2.607843137254902,0.2156862745098039,0.3137254901960784,0.3529411764705882,1.9019607843137252,0.8627450980392157,0.0980392156862745,0.0,0.9803921568627452,0.4509803921568627,0,1,0,2.333333333333333,0.4663865546218487,7.764705882352941,
101211,Stephen,Graham,55,3.5454545454545454,0.7272727272727273,2.2363636363636363,0.0181818181818181,0.2545454545454545,0.6909090909090909,3.618181818181818,1.4545454545454546,0.3636363636363636,0.0727272727272727,0.6909090909090909,0.5636363636363636,1,1,0,3.922181818181818,0.4519747821249768,7.7,
202732,DeAndre,Liggins,168,2.0476190476190474,0.7261904761904762,1.5,0.1845238095238095,0.6428571428571429,0.5119047619047619,1.9047619047619049,0.7619047619047619,0.7261904761904762,0.2559523809523809,0.4880952380952381,0.2678571428571428,1,0,0,2.1195238095238094,0.4830375196585037,7.672619047619049,
1715,Jason,Williams,25,2.16,2.08,1.2,0.04,0.44,0.68,2.68,0.88,1.52,0.4,0.0,0.0,1,0,0,2.68,0.4029850746268656,7.64,
1626173,Rashad,Vaughn,132,3.2045454545454546,0.5681818181818182,1.196969696969697,0.2196969696969697,0.4015151515151515,0.3636363636363636,3.621212121212121,1.2196969696969695,2.007575757575758,0.6287878787878788,0.1969696969696969,0.1363636363636363,1,0,0,3.707878787878788,0.4321265119320039,7.609848484848485,
1626175,Jordan,Mickey,60,2.533333333333333,0.2833333333333333,2.1166666666666667,0.45,0.15,0.4666666666666667,2.3,1.0333333333333334,0.2833333333333333,0.0333333333333333,0.7166666666666667,0.4333333333333333,0,1,1,2.615333333333333,0.4843232220239613,7.6,
202374,Solomon,Alabi,24,1.625,0.2083333333333333,2.5416666666666665,0.4583333333333333,0.1666666666666666,0.3333333333333333,2.125,0.6666666666666666,0.0,0.0,0.4166666666666667,0.2916666666666667,0,0,1,2.3083333333333336,0.3519855595667869,7.583333333333333,
2048,Jamaal,Magloire,50,1.5,0.18,3.48,0.24,0.16,0.52,1.34,0.6,0.0,0.0,0.86,0.3,0,0,1,1.7184,0.4364525139664804,7.55,
1629678,Admiral,Schofield,30,3.3,0.5,1.5666666666666669,0.1333333333333333,0.2666666666666666,0.2333333333333333,3.066666666666667,1.1666666666666667,2.033333333333333,0.6333333333333333,0.5,0.3333333333333333,0,1,0,3.286666666666667,0.5020283975659229,7.533333333333333,
1628980,Jacob,Evans,53,3.169811320754717,1.0,1.2452830188679245,0.2830188679245283,0.3018867924528302,0.6792452830188679,3.490566037735849,1.1886792452830188,1.0,0.320754716981132,0.5660377358490566,0.4716981132075472,1,1,0,3.739622641509434,0.4238143289606458,7.518867924528303,
203268,Jorge,Gutierrez,45,3.0444444444444443,1.5333333333333334,1.2,0.0222222222222222,0.4222222222222222,0.7111111111111111,2.355555555555556,1.1777777777777778,0.3777777777777777,0.0666666666666666,0.8,0.6222222222222222,1,0,0,2.7075555555555555,0.5622127380170715,7.499999999999998,
2431,David,Andersen,39,3.435897435897436,0.3333333333333333,2.1538461538461537,0.2307692307692307,0.1282051282051282,0.5641025641025641,3.102564102564102,1.435897435897436,0.5897435897435898,0.2051282051282051,0.5641025641025641,0.358974358974359,0,0,1,3.350769230769231,0.5127027854300581,7.4743589743589745,
1627815,Sheldon,Mac,26,3.4615384615384617,0.5769230769230769,1.3076923076923077,0.0769230769230769,0.3076923076923077,0.1923076923076923,2.8846153846153846,1.1538461538461535,1.1538461538461535,0.2692307692307692,1.0384615384615383,0.8846153846153846,1,1,0,3.3415384615384616,0.5179558011049724,7.442307692307692,
202366,Jerome,Jordan,64,2.8125,0.265625,2.0625,0.328125,0.140625,0.375,1.984375,1.046875,0.0,0.0,0.84375,0.71875,0,0,1,2.355625,0.5969753250198993,7.4296875,
203111,Orlando,Johnson,100,3.29,0.69,1.8,0.14,0.2,0.48,3.26,1.17,1.5,0.47,0.66,0.48,1,0,0,3.5504,0.4633280757097792,7.425,
1629713,Justin,James,28,3.142857142857143,0.6428571428571429,1.1071428571428572,0.3214285714285714,0.2142857142857142,0.25,3.0,1.25,1.0357142857142858,0.3214285714285714,0.6785714285714286,0.3214285714285714,1,1,0,3.2985714285714285,0.4763967085318319,7.410714285714286,
2694,Josh,Powell,55,4.1454545454545455,0.4,2.5454545454545454,0.109090909090909,0.0909090909090909,0.9818181818181818,3.890909090909091,1.7454545454545454,0.0181818181818181,0.0,0.8181818181818182,0.6545454545454545,0,1,0,4.250909090909091,0.4875962360992301,7.399999999999999,
1628400,Semi,Ojeleye,198,3.1161616161616164,0.404040404040404,1.97979797979798,0.0656565656565656,0.2626262626262626,0.3181818181818182,2.737373737373737,1.0707070707070707,1.7222222222222223,0.5858585858585859,0.5656565656565656,0.3888888888888889,0,1,0,2.986262626262626,0.5217494249763226,7.36868686868687,
1627735,Wade,Baldwin IV,55,3.163636363636364,1.4181818181818182,1.2545454545454546,0.1818181818181818,0.3818181818181818,1.0363636363636364,3.0727272727272728,1.0909090909090908,0.6545454545454545,0.1636363636363636,1.0545454545454545,0.8181818181818182,1,0,0,3.5367272727272727,0.4472547809993831,7.354545454545454,
101144,Von,Wafer,89,4.247191011235955,0.7191011235955056,1.0561797752808988,0.0898876404494382,0.3146067415730337,0.6179775280898876,3.550561797752809,1.550561797752809,1.1910112359550562,0.3595505617977528,1.0337078651685394,0.7865168539325843,1,0,0,4.005393258426966,0.5301840215439857,7.292134831460673,
1629035,Carsen,Edwards,36,3.361111111111111,0.6666666666666666,1.3055555555555556,0.1111111111111111,0.3333333333333333,0.4166666666666667,3.555555555555556,1.1666666666666667,2.111111111111111,0.6666666666666666,0.5277777777777778,0.3611111111111111,1,0,0,3.7877777777777775,0.4436784980932825,7.263888888888888,
1627773,AJ,Hammons,20,2.4,0.2,1.8,0.65,0.05,0.5,2.1,0.85,0.5,0.25,1.0,0.45,0,0,1,2.54,0.4724409448818897,7.199999999999999,
1628403,Caleb,Swanigan,74,2.283783783783784,0.7432432432432432,2.945945945945946,0.1486486486486486,0.1891891891891892,0.9864864864864864,2.1621621621621623,0.945945945945946,0.2297297297297297,0.027027027027027,0.5945945945945946,0.3648648648648648,0,1,0,2.423783783783784,0.4711195361284567,7.1959459459459465,
2788,DJ,Mbenga,40,1.475,0.15,2.15,0.675,0.15,0.525,1.225,0.575,0.0,0.0,0.45,0.325,0,0,1,1.423,0.5182712579058327,7.174999999999998,
203508,Sergey,Karasev,92,3.119565217391304,0.9456521739130436,1.5217391304347827,0.0434782608695652,0.3478260869565217,0.6195652173913043,2.641304347826087,1.0434782608695652,1.1956521739130437,0.3369565217391304,0.8260869565217391,0.6956521739130435,1,1,0,3.004782608695652,0.519099985530314,7.146739130434784,
1627850,Marshall,Plumlee,25,2.08,0.48,2.72,0.2,0.16,0.6,1.32,0.68,0.0,0.0,1.32,0.72,0,0,1,1.9008,0.5471380471380471,7.12,
201616,Darnell,Jackson,51,3.6666666666666665,0.2745098039215686,1.843137254901961,0.0588235294117647,0.2352941176470588,0.4509803921568627,3.0588235294117645,1.5098039215686274,0.196078431372549,0.0588235294117647,0.9607843137254902,0.5882352941176471,0,1,0,3.4815686274509803,0.5265825636404595,7.117647058823529,
200764,Renaldo,Balkman,22,2.636363636363636,0.3181818181818182,1.5,0.2272727272727272,0.3636363636363636,0.3181818181818182,2.0454545454545454,1.0,0.5,0.1363636363636363,0.6818181818181818,0.5,0,1,0,2.345454545454545,0.562015503875969,7.090909090909091,
2679,Matt,Carroll,106,3.556603773584906,0.5849056603773585,1.1886792452830188,0.1226415094339622,0.3113207547169811,0.4433962264150943,3.358490566037736,1.330188679245283,0.839622641509434,0.2358490566037736,0.8490566037735849,0.660377358490566,1,0,0,3.7320754716981135,0.4764914054600606,7.066037735849058,
202721,Darius,Morris,123,3.4471544715447155,1.5365853658536586,1.024390243902439,0.016260162601626,0.3577235772357723,0.902439024390244,3.4715447154471546,1.3252032520325203,1.170731707317073,0.3821138211382114,0.6585365853658537,0.4146341463414634,1,0,0,3.7613008130081305,0.4582396679923914,6.979674796747968,
1629738,Vincent,Poirier,21,1.9523809523809523,0.3809523809523809,2.0476190476190474,0.4285714285714285,0.0952380952380952,0.3809523809523809,1.7142857142857142,0.8095238095238095,0.0952380952380952,0.0476190476190476,0.3333333333333333,0.2857142857142857,0,1,1,1.860952380952381,0.5245649948822927,6.928571428571429,
203104,Marquis,Teague,78,2.782051282051282,1.7179487179487178,1.141025641025641,0.1538461538461538,0.2948717948717949,0.9871794871794872,3.1666666666666665,1.0897435897435896,0.5769230769230769,0.1282051282051282,0.717948717948718,0.4743589743589743,1,0,0,3.4825641025641025,0.39942571049919,6.8910256410256405,
203495,Ricky,Ledo,25,4.28,0.84,1.52,0.04,0.28,1.12,4.48,1.48,1.4,0.52,1.04,0.8,1,0,0,4.937600000000001,0.4334089436163318,6.860000000000001,
203950,Jarnell,Stokes,25,2.64,0.28,1.6,0.2,0.28,0.28,1.72,1.0,0.0,0.0,1.2,0.64,0,1,1,2.248,0.5871886120996441,6.82,
1922,Francisco,Elson,65,2.0923076923076924,0.5230769230769231,1.7846153846153847,0.2307692307692307,0.3384615384615385,0.5076923076923077,1.7846153846153847,0.8461538461538461,0.0,0.0,0.4769230769230769,0.4,0,1,1,1.9944615384615385,0.5245294662141314,6.815384615384616,
203464,Brandon,Paul,55,2.672727272727273,0.6727272727272727,1.2363636363636363,0.1272727272727272,0.4545454545454545,0.5272727272727272,2.309090909090909,1.0,0.9818181818181818,0.2727272727272727,0.7818181818181819,0.4,1,0,0,2.653090909090909,0.5037006578947368,6.809090909090909,
711,Jerry,Stackhouse,74,4.081081081081081,0.7027027027027027,0.8513513513513513,0.1216216216216216,0.2297297297297297,0.527027027027027,3.8378378378378377,1.4324324324324325,1.7702702702702702,0.5945945945945946,0.7162162162162162,0.6216216216216216,0,1,0,4.1529729729729725,0.4913445268775218,6.763513513513514,stackje01
203540,Gigi,Datome,52,3.615384615384616,0.3653846153846153,1.4230769230769231,0.1538461538461538,0.1538461538461538,0.3846153846153846,3.576923076923077,1.4807692307692308,1.5192307692307692,0.4807692307692308,0.2115384615384615,0.173076923076923,0,1,0,3.67,0.4925592119052609,6.759615384615384,
1626154,RJ,Hunter,43,3.0232558139534884,0.4186046511627907,1.069767441860465,0.0930232558139534,0.4186046511627907,0.3023255813953488,3.046511627906977,1.1162790697674418,2.0232558139534884,0.5813953488372093,0.2558139534883721,0.2093023255813953,1,0,0,3.1590697674418604,0.4785041224970554,6.697674418604651,
203580,Larry,Drew II,21,3.0,2.619047619047619,0.8571428571428571,0.0,0.2857142857142857,1.3333333333333333,3.9047619047619047,1.2857142857142858,1.6666666666666667,0.3333333333333333,0.1428571428571428,0.0952380952380952,1,0,0,3.967619047619048,0.3780604896783485,6.690476190476192,
1629117,Wenyen,Gabriel,29,2.1724137931034484,0.2758620689655172,1.793103448275862,0.2413793103448276,0.3793103448275862,0.5517241379310345,1.6551724137931034,0.7241379310344828,0.6896551724137931,0.2068965517241379,0.7586206896551724,0.5172413793103449,0,1,0,1.9889655172413796,0.5461165048543689,6.655172413793105,
202351,Lazar,Hayward,66,3.136363636363636,0.5303030303030303,1.3636363636363635,0.1212121212121212,0.2575757575757575,0.4242424242424242,3.060606060606061,1.0606060606060606,1.181818181818182,0.3181818181818182,0.9090909090909092,0.696969696969697,0,1,0,3.4606060606060605,0.4531523642732049,6.643939393939394,
1626202,Joe,Young,122,3.5163934426229506,0.9590163934426228,1.0573770491803278,0.0081967213114754,0.2704918032786885,0.5245901639344263,3.4918032786885247,1.3770491803278688,1.098360655737705,0.3278688524590163,0.5655737704918032,0.4344262295081967,1,0,0,3.7406557377049183,0.4700236655272153,6.60655737704918,
201178,Kyrylo,Fesenko,54,2.111111111111111,0.3518518518518518,2.1666666666666665,0.2962962962962963,0.1111111111111111,0.4629629629629629,1.9444444444444444,0.8518518518518519,0.0185185185185185,0.0,0.9629629629629628,0.4074074074074074,0,0,1,2.368148148148148,0.44573037222396,6.592592592592593,
202952,Malcolm,Thomas,37,2.054054054054054,0.3783783783783784,2.5945945945945947,0.1891891891891892,0.1621621621621621,0.6756756756756757,1.864864864864865,0.8108108108108109,0.2972972972972973,0.027027027027027,0.6756756756756757,0.4054054054054054,0,1,0,2.1621621621621623,0.4749999999999999,6.567567567567567,
201972,Jon,Brockman,94,1.819148936170213,0.2872340425531915,2.734042553191489,0.0425531914893617,0.1914893617021276,0.3617021276595745,1.4680851063829787,0.6595744680851063,0.0106382978723404,0.0,0.7872340425531915,0.5,0,1,0,1.814468085106383,0.5012898686679174,6.563829787234042,
1629641,Romeo,Langford,31,2.548387096774193,0.4193548387096774,1.3225806451612905,0.2580645161290322,0.2580645161290322,0.3548387096774194,2.5806451612903225,0.9032258064516128,0.8709677419354839,0.1612903225806451,0.8064516129032258,0.5806451612903226,1,1,0,2.935483870967742,0.434065934065934,6.516129032258064,
201969,DaJuan,Summers,34,4.235294117647059,0.3823529411764705,1.088235294117647,0.0294117647058823,0.2941176470588235,0.6176470588235294,4.0588235294117645,1.6764705882352942,1.088235294117647,0.4117647058823529,0.8529411764705882,0.4705882352941176,0,1,0,4.434117647058823,0.4775802600159194,6.499999999999999,
202356,Armon,Johnson,41,3.7804878048780486,1.3170731707317074,1.195121951219512,0.024390243902439,0.2439024390243902,1.0731707317073171,3.4878048780487805,1.5853658536585369,0.3658536585365853,0.1463414634146341,0.6829268292682927,0.4634146341463415,1,0,0,3.788292682926829,0.4989698686582539,6.47560975609756,
203491,Peyton,Siva,20,2.55,1.7,0.7,0.05,0.45,0.9,2.8,0.85,1.2,0.3,0.75,0.55,1,0,0,3.13,0.4073482428115015,6.349999999999999,
1628432,Davon,Reed,31,2.419354838709677,0.5161290322580645,1.4516129032258065,0.064516129032258,0.3548387096774194,0.3548387096774194,2.838709677419355,0.8709677419354839,1.3548387096774193,0.4193548387096774,0.3870967741935484,0.2580645161290322,1,0,0,3.0090322580645164,0.4020154373927959,6.338709677419355,
1629126,Deonte,Burton,64,2.796875,0.328125,1.234375,0.28125,0.203125,0.375,3.046875,1.140625,1.171875,0.28125,0.375,0.234375,1,1,0,3.211875,0.4353959914380229,6.328125,
203119,Kim,English,40,2.975,0.65,0.925,0.075,0.4,0.475,2.8,1.05,1.25,0.35,0.725,0.525,1,0,0,3.119,0.4769156781019558,6.2875,
1626151,Aaron,Harrison,35,2.257142857142857,0.4571428571428571,1.2,0.0571428571428571,0.4285714285714285,0.2,2.628571428571429,0.6857142857142857,1.5714285714285714,0.3428571428571428,0.8857142857142857,0.5428571428571428,1,0,0,3.0182857142857142,0.373911397198031,6.285714285714286,
202701,Nolan,Smith,83,3.3373493975903616,1.1686746987951808,1.0,0.0481927710843373,0.3012048192771084,0.8554216867469879,3.5421686746987957,1.313253012048193,0.8795180722891566,0.2289156626506024,0.6746987951807228,0.4819277108433735,1,0,0,3.8390361445783134,0.4346598041677127,6.27710843373494,
1629002,Chimezie,Metu,41,2.609756097560976,0.5609756097560976,1.6341463414634143,0.1951219512195122,0.1951219512195122,0.6097560975609756,2.414634146341464,1.024390243902439,0.0975609756097561,0.0,0.7317073170731707,0.5609756097560976,0,1,1,2.7365853658536583,0.4768270944741533,6.24390243902439,
1629139,Yuta,Watanabe,32,2.34375,0.40625,1.59375,0.0625,0.28125,0.25,2.65625,0.9375,0.75,0.15625,0.5625,0.3125,1,1,0,2.90375,0.4035729659922514,6.21875,
1628476,Derrick,Walton Jr.,40,2.05,1.075,0.8,0.075,0.35,0.175,1.6,0.65,1.025,0.425,0.375,0.325,1,0,0,1.765,0.5807365439093484,6.2125,
1626176,Rakeem,Christmas,28,2.2142857142857144,0.1428571428571428,2.0357142857142856,0.2142857142857142,0.1071428571428571,0.2857142857142857,1.6071428571428572,0.75,0.0,0.0,0.9642857142857144,0.7142857142857143,0,1,0,2.031428571428572,0.5450070323488045,6.196428571428571,
1626177,Dakari,Johnson,27,2.037037037037037,0.2962962962962963,1.2222222222222223,0.2962962962962963,0.2222222222222222,0.1111111111111111,1.4444444444444444,0.8148148148148148,0.0,0.0,0.7407407407407407,0.4074074074074074,0,0,1,1.7703703703703704,0.5753138075313808,6.166666666666667,
202227,Terrel,Harris,40,2.375,0.875,1.925,0.125,0.275,1.025,2.75,0.825,1.175,0.2,0.775,0.525,1,0,0,3.091,0.3841798770624393,6.125000000000001,
203963,Shayne,Whittington,26,2.6153846153846154,0.3461538461538461,1.5769230769230769,0.1153846153846153,0.2307692307692307,0.3846153846153846,2.0384615384615383,0.9230769230769232,0.3076923076923077,0.0384615384615384,0.9615384615384616,0.7307692307692307,0,1,1,2.461538461538461,0.5312500000000001,6.115384615384616,
203315,Toure',Murry,49,2.959183673469388,1.020408163265306,0.9183673469387756,0.0204081632653061,0.4081632653061224,0.7551020408163265,2.7346938775510203,1.183673469387755,0.2448979591836734,0.1020408163265306,0.7959183673469388,0.4897959183673469,0,1,0,3.0848979591836736,0.479624239216724,6.071428571428571,
202809,Cory,Higgins,43,3.813953488372093,0.9534883720930232,0.8837209302325582,0.1395348837209302,0.1860465116279069,0.9069767441860463,4.1395348837209305,1.3488372093023255,0.5581395348837209,0.1162790697674418,1.441860465116279,1.0,1,0,0,4.7739534883720935,0.3994544037412315,6.058139534883721,
203475,Erick,Green,50,3.18,0.84,0.74,0.0,0.26,0.28,3.48,1.32,1.02,0.3,0.28,0.24,1,0,0,3.6032,0.4412744227353463,6.029999999999999,
202354,Dexter,Pittman,47,2.4680851063829787,0.1914893617021276,1.893617021276596,0.1702127659574468,0.1702127659574468,0.4680851063829787,2.3191489361702127,1.0425531914893618,0.0,0.0,0.7021276595744681,0.3829787234042553,0,0,1,2.6280851063829784,0.469559585492228,6.021276595744681,
203934,Lamar,Patterson,40,2.325,1.125,1.425,0.05,0.25,0.675,2.375,0.775,1.375,0.325,0.625,0.45,1,1,0,2.65,0.4386792452830189,6.0,
203117,Doron,Lamb,100,3.45,0.75,0.95,0.01,0.24,0.53,3.23,1.23,1.27,0.5,0.7,0.49,1,0,0,3.538,0.4875635952515546,5.94,
1626199,Darrun,Hilliard,89,3.3146067415730336,0.797752808988764,0.9550561797752808,0.0337078651685393,0.247191011235955,0.5730337078651685,3.101123595505618,1.1685393258426966,1.146067415730337,0.348314606741573,0.8426966292134831,0.6292134831460674,1,0,0,3.4719101123595504,0.4773462783171521,5.921348314606742,
1627824,Guerschon,Yabusele,71,2.436619718309859,0.4366197183098591,1.4788732394366195,0.1690140845070422,0.1690140845070422,0.380281690140845,1.943661971830986,0.8591549295774648,0.9154929577464788,0.2957746478873239,0.6197183098591549,0.4225352112676056,0,1,0,2.216338028169014,0.5496949669547534,5.901408450704225,
202726,Andrew,Goudelock,47,4.191489361702128,0.5106382978723404,0.723404255319149,0.0425531914893617,0.2127659574468085,0.5957446808510638,4.170212765957447,1.6382978723404256,1.7872340425531914,0.6170212765957447,0.3404255319148936,0.2978723404255319,1,0,0,4.32,0.4851260835303388,5.872340425531915,
203263,James,Nunnally,27,2.962962962962963,0.5555555555555556,0.8888888888888888,0.074074074074074,0.2592592592592592,0.2962962962962963,2.962962962962963,1.0,1.851851851851852,0.5925925925925926,0.4814814814814814,0.3703703703703703,0,1,0,3.1748148148148148,0.4666355576294913,5.870370370370369,
202731,Vernon,Macklin,22,2.0,0.2272727272727272,1.5,0.1818181818181818,0.1818181818181818,0.1363636363636363,1.5454545454545454,0.8181818181818182,0.0,0.0,0.6363636363636364,0.3636363636363636,0,1,0,1.8254545454545452,0.547808764940239,5.772727272727273,
203910,Nick,Johnson,26,2.769230769230769,0.4230769230769231,1.5,0.1153846153846153,0.2692307692307692,0.7307692307692307,2.8076923076923075,0.9615384615384616,0.8076923076923077,0.1923076923076923,0.9615384615384616,0.6538461538461539,1,0,0,3.2307692307692304,0.4285714285714286,5.73076923076923,
202933,Julyan,Stone,62,1.2903225806451613,1.2419354838709675,1.2419354838709675,0.1290322580645161,0.2419354838709677,0.4032258064516129,1.0,0.4516129032258064,0.5,0.1612903225806451,0.3225806451612903,0.2258064516129032,1,0,0,1.1419354838709677,0.5649717514124294,5.693548387096774,
203116,Tyshawn,Taylor,53,3.2452830188679247,1.0754716981132075,0.6037735849056604,0.0188679245283018,0.4716981132075472,1.0377358490566038,3.320754716981132,1.169811320754717,0.4716981132075472,0.1698113207547169,1.0754716981132075,0.7358490566037735,1,0,0,3.793962264150944,0.4276904714541476,5.650943396226415,
2073,Brian,Cardinal,93,2.021505376344086,0.6021505376344086,1.0,0.0967741935483871,0.3440860215053763,0.2688172043010752,1.6666666666666667,0.6129032258064516,1.4623655913978495,0.5591397849462365,0.2580645161290322,0.2365591397849462,0,1,0,1.780215053763441,0.5677699927518725,5.650537634408602,
203539,Gal,Mekel,35,2.257142857142857,2.1714285714285717,0.8,0.0285714285714285,0.1714285714285714,0.9428571428571428,3.0285714285714285,0.9428571428571428,0.6571428571428571,0.1428571428571428,0.3428571428571428,0.2285714285714285,1,0,0,3.1794285714285717,0.354960460100647,5.628571428571428,
2767,Royal,Ivey,111,2.5405405405405403,0.4414414414414414,0.8828828828828829,0.036036036036036,0.3873873873873873,0.3063063063063063,2.315315315315315,0.9369369369369368,1.423423423423423,0.5585585585585585,0.2342342342342342,0.1081081081081081,1,0,0,2.418378378378378,0.5252570406794814,5.608108108108109,
200778,James,White,49,2.5510204081632653,0.5918367346938775,0.979591836734694,0.0816326530612244,0.2653061224489796,0.3469387755102041,2.36734693877551,1.020408163265306,0.8367346938775511,0.2857142857142857,0.3877551020408163,0.2244897959183673,1,1,0,2.537959183673469,0.5025731746542297,5.6020408163265305,
436,Juwan,Howard,90,2.2444444444444445,0.4333333333333333,1.9666666666666663,0.0555555555555555,0.1555555555555555,0.5444444444444444,2.2111111111111112,0.9111111111111112,0.0,0.0,0.5111111111111111,0.4222222222222222,0,1,0,2.436,0.4606823572340814,5.6000000000000005,howarju01
204066,John,Holland,21,2.571428571428572,0.238095238095238,1.1428571428571428,0.0952380952380952,0.3333333333333333,0.3809523809523809,2.8095238095238093,0.8095238095238095,1.7142857142857142,0.5238095238095238,0.6190476190476191,0.4285714285714285,1,0,0,3.0819047619047617,0.4171817058096416,5.595238095238094,
1628518,Amile,Jefferson,27,1.5555555555555556,0.2592592592592592,1.5925925925925926,0.2222222222222222,0.1481481481481481,0.1481481481481481,1.0740740740740742,0.5555555555555556,0.0,0.0,0.8148148148148148,0.4444444444444444,0,1,0,1.4325925925925926,0.5429162357807652,5.518518518518519,
204067,Jarell,Eddie,31,2.7096774193548385,0.1612903225806451,1.0,0.032258064516129,0.2258064516129032,0.032258064516129,2.7419354838709675,0.8064516129032258,2.064516129032258,0.5806451612903226,0.5483870967741935,0.5161290322580645,1,1,0,2.9832258064516126,0.4541522491349481,5.419354838709677,
203923,James,Young,91,2.4065934065934065,0.3076923076923077,1.043956043956044,0.0549450549450549,0.2637362637362637,0.1648351648351648,2.3076923076923075,0.8461538461538461,1.5054945054945057,0.4175824175824176,0.5274725274725275,0.2967032967032967,1,1,0,2.53978021978022,0.4737798546209761,5.37912087912088,
204014,Damjan,Rudez,142,3.380281690140845,0.5915492957746479,0.647887323943662,0.0492957746478873,0.2183098591549295,0.4859154929577465,2.901408450704225,1.232394366197183,1.9929577464788728,0.7464788732394366,0.2183098591549295,0.1690140845070422,0,1,0,2.9974647887323944,0.563856780377784,5.338028169014084,
203139,Viacheslav,Kravtsov,42,2.2857142857142856,0.238095238095238,1.4761904761904765,0.238095238095238,0.119047619047619,0.4761904761904761,1.4523809523809523,0.9761904761904762,0.0,0.0,1.0238095238095235,0.3333333333333333,0,0,1,1.9028571428571428,0.6006006006006006,5.333333333333333,
1627781,Malachi,Richardson,68,2.911764705882353,0.3529411764705882,1.0294117647058822,0.0294117647058823,0.2352941176470588,0.3823529411764705,2.75,0.9852941176470588,1.3676470588235294,0.4117647058823529,0.6764705882352942,0.5294117647058824,1,0,0,3.0476470588235296,0.4777070063694267,5.279411764705881,
2215,Jason,Collins,135,1.488888888888889,0.3259259259259259,1.6962962962962962,0.1703703703703703,0.2444444444444444,0.4518518518518518,1.2148148148148148,0.5185185185185185,0.0296296296296296,0.0074074074074074,0.6814814814814815,0.4444444444444444,0,0,1,1.5146666666666666,0.4914906103286385,5.277777777777778,
203146,Maalik,Wayns,26,3.0,1.1153846153846154,0.3461538461538461,0.0,0.3076923076923077,0.5769230769230769,3.4615384615384617,1.0384615384615383,1.1923076923076923,0.2692307692307692,0.7307692307692307,0.6538461538461539,1,0,0,3.7830769230769232,0.3965026433509556,5.26923076923077,
1629017,Khyri,Thomas,33,2.363636363636364,0.3333333333333333,0.6363636363636364,0.1515151515151515,0.303030303030303,0.2121212121212121,2.606060606060606,0.8181818181818182,1.4848484848484849,0.4545454545454545,0.4545454545454545,0.2727272727272727,1,0,0,2.806060606060606,0.4211663066954644,5.212121212121213,
203099,Jared,Cunningham,72,2.736111111111111,0.5277777777777778,0.7777777777777778,0.0277777777777777,0.2777777777777778,0.4444444444444444,2.375,0.8333333333333334,0.8472222222222222,0.2638888888888889,1.1944444444444444,0.8055555555555556,1,0,0,2.900555555555556,0.4716529400497989,5.027777777777777,
1628993,Alize,Johnson,29,1.2413793103448276,0.1379310344827586,1.7241379310344829,0.1379310344827586,0.1379310344827586,0.1379310344827586,1.2758620689655171,0.4482758620689655,0.1724137931034483,0.0689655172413793,0.4827586206896552,0.2758620689655172,0,1,0,1.4882758620689656,0.4170528266913809,4.862068965517242,
201203,Mustafa,Shakur,25,2.08,1.16,0.88,0.12,0.2,0.8,2.48,0.84,0.44,0.04,0.68,0.36,1,0,0,2.7792,0.3742084052964882,4.82,
202091,Dionte,Christmas,31,2.290322580645161,0.2580645161290322,1.2258064516129032,0.0967741935483871,0.064516129032258,0.1935483870967742,2.0,0.7096774193548387,1.0,0.2903225806451613,0.7741935483870968,0.5806451612903226,1,0,0,2.3406451612903227,0.4892502756339581,4.774193548387096,
200809,Chris,Quinn,44,2.0681818181818183,1.1363636363636365,0.6136363636363636,0.0227272727272727,0.1818181818181818,0.4090909090909091,2.4318181818181817,0.8409090909090909,0.9545454545454546,0.25,0.2272727272727272,0.1363636363636363,1,0,0,2.5318181818181817,0.4084380610412927,4.693181818181818,
1627743,Demetrius,Jackson,24,2.0,0.7083333333333334,0.7916666666666666,0.0416666666666666,0.2916666666666667,0.4583333333333333,1.5416666666666667,0.75,0.5833333333333334,0.1666666666666666,0.5,0.3333333333333333,1,0,0,1.7616666666666667,0.5676442762535477,4.666666666666667,
1628499,Antonius,Cleveland,25,1.36,0.12,0.84,0.32,0.32,0.36,1.4,0.48,0.28,0.12,0.44,0.28,1,0,0,1.5936,0.426706827309237,4.640000000000001,
202717,Trey,Thompkins,23,2.347826086956522,0.1304347826086956,1.0434782608695652,0.1304347826086956,0.1304347826086956,0.2608695652173913,2.608695652173913,1.0,0.5217391304347826,0.1304347826086956,0.3043478260869565,0.217391304347826,0,1,0,2.742608695652174,0.4280279010779962,4.630434782608695,
202715,Tyler,Honeycutt,21,1.3333333333333333,0.4285714285714285,1.1428571428571428,0.1904761904761904,0.1904761904761904,0.3333333333333333,1.6666666666666667,0.5238095238095238,0.238095238095238,0.0476190476190476,0.3333333333333333,0.238095238095238,0,1,0,1.8133333333333332,0.3676470588235294,4.547619047619048,
1752,Sean,Marks,27,1.6666666666666667,0.1481481481481481,1.4814814814814814,0.1851851851851851,0.1111111111111111,0.4074074074074074,1.6296296296296295,0.7037037037037037,0.074074074074074,0.074074074074074,0.2962962962962963,0.1851851851851851,0,1,1,1.7599999999999998,0.4734848484848485,4.481481481481482,
1628982,Melvin,Frazier Jr.,26,2.0,0.1538461538461538,0.5769230769230769,0.0769230769230769,0.3846153846153846,0.2307692307692307,2.076923076923077,0.8076923076923077,0.8076923076923077,0.2692307692307692,0.3076923076923077,0.1153846153846153,1,1,0,2.2123076923076925,0.4520166898470097,4.480769230769231,
1629752,Juwan,Morgan,20,1.8,0.3,1.45,0.1,0.05,0.3,1.3,0.75,0.4,0.15,0.2,0.15,0,1,0,1.388,0.648414985590778,4.425000000000001,
1629020,Jarred,Vanderbilt,24,1.5,0.2083333333333333,1.2916666666666667,0.0833333333333333,0.375,0.5833333333333334,1.125,0.5833333333333334,0.0833333333333333,0.0,0.5,0.3333333333333333,0,1,0,1.345,0.5576208178438662,4.416666666666666,
2624,Quinton,Ross,32,1.78125,0.3125,0.9375,0.1875,0.09375,0.21875,1.84375,0.8125,0.09375,0.0,0.4375,0.15625,1,1,0,2.03625,0.4373848987108656,4.34375,
202382,Derrick,Caracter,39,2.025641025641025,0.1794871794871795,1.051282051282051,0.2564102564102564,0.1025641025641025,0.4871794871794871,1.6666666666666667,0.7948717948717948,0.0,0.0,0.5897435897435898,0.4358974358974359,0,1,0,1.9261538461538463,0.525825346112886,4.333333333333333,
203912,C.J.,Wilcox,61,2.1639344262295084,0.4918032786885246,0.4918032786885246,0.0655737704918032,0.2459016393442623,0.2950819672131147,2.2131147540983607,0.819672131147541,0.9344262295081968,0.3114754098360656,0.2622950819672131,0.2131147540983606,1,0,0,2.3285245901639344,0.4646578428611659,4.295081967213116,
2243,Brian,Scalabrine,39,1.2820512820512822,0.5384615384615384,0.717948717948718,0.2564102564102564,0.2051282051282051,0.358974358974359,1.205128205128205,0.5897435897435898,0.3076923076923077,0.0256410256410256,0.1538461538461538,0.0769230769230769,0,1,0,1.2728205128205128,0.5036261079774376,4.294871794871795,
203162,Ben,Hansbrough,27,2.111111111111111,0.7777777777777778,0.6666666666666666,0.074074074074074,0.2592592592592592,0.6666666666666666,1.6666666666666667,0.5555555555555556,0.8518518518518519,0.2222222222222222,1.0,0.7777777777777778,1,0,0,2.106666666666667,0.501054852320675,4.277777777777778,
203893,Russ,Smith,24,2.208333333333333,0.7916666666666666,0.625,0.0416666666666666,0.3333333333333333,0.7916666666666666,1.9583333333333333,0.625,0.6666666666666666,0.125,1.0833333333333333,0.8333333333333334,1,0,0,2.435,0.4534565366187543,4.250000000000001,
203479,Jamaal,Franklin,22,1.9090909090909087,0.4090909090909091,1.1363636363636365,0.1363636363636363,0.1818181818181818,0.6363636363636364,1.8636363636363635,0.7727272727272727,0.5909090909090909,0.2727272727272727,0.0909090909090909,0.0909090909090909,1,0,0,1.903636363636364,0.501432664756447,4.227272727272728,
201619,Sasha,Kaun,21,1.0476190476190477,0.1428571428571428,1.238095238095238,0.238095238095238,0.1904761904761904,0.3333333333333333,0.8095238095238095,0.4285714285714285,0.0,0.0,0.4285714285714285,0.1904761904761904,0,0,1,0.998095238095238,0.5248091603053435,4.166666666666667,
203946,Cameron,Bairstow,31,1.4193548387096775,0.2258064516129032,1.1290322580645162,0.1290322580645161,0.1290322580645161,0.2258064516129032,1.7419354838709675,0.5161290322580645,0.1612903225806451,0.032258064516129,0.4193548387096774,0.3548387096774194,0,1,1,1.9264516129032256,0.3683858004018754,4.03225806451613,
1626259,Malcolm,Miller,48,2.0,0.25,0.7291666666666666,0.1041666666666666,0.125,0.2083333333333333,1.625,0.6666666666666666,1.2708333333333333,0.5,0.2916666666666667,0.1666666666666666,1,1,0,1.7533333333333334,0.5703422053231939,3.96875,
203136,Ognjen,Kuzmic,30,1.1666666666666667,0.2666666666666666,1.2666666666666666,0.1666666666666666,0.1666666666666666,0.4666666666666667,0.8333333333333334,0.4333333333333333,0.0,0.0,0.5,0.3,0,0,1,1.0533333333333337,0.5537974683544303,3.866666666666666,
1627875,Marcus,Georges-Hunt,37,1.972972972972973,0.2702702702702703,0.6486486486486487,0.0,0.1891891891891892,0.1351351351351351,1.4594594594594594,0.6216216216216216,0.4324324324324324,0.1351351351351351,0.8378378378378378,0.5945945945945946,1,0,0,1.828108108108108,0.5396215257244235,3.8378378378378377,
201628,Bobby,Brown,43,2.604651162790698,0.5813953488372093,0.3023255813953488,0.0,0.1162790697674418,0.3255813953488372,2.744186046511628,0.9767441860465116,1.744186046511628,0.5813953488372093,0.0930232558139534,0.0697674418604651,1,0,0,2.785116279069767,0.4676018704074817,3.744186046511628,
202712,Justin,Harper,21,2.142857142857143,0.1904761904761904,0.8571428571428571,0.1428571428571428,0.1428571428571428,0.5714285714285714,2.523809523809524,0.8571428571428571,1.380952380952381,0.3809523809523809,0.1428571428571428,0.0476190476190476,0,1,0,2.5866666666666664,0.4142120765832106,3.714285714285714,
202729,Josh,Selby,35,2.3714285714285714,0.9714285714285714,0.5714285714285714,0.0,0.2571428571428571,1.0285714285714285,2.657142857142857,0.8857142857142857,0.6,0.0857142857142857,0.7142857142857143,0.5142857142857142,1,0,0,2.9714285714285715,0.3990384615384615,3.6571428571428575,
2574,Jason,Kapono,39,1.7692307692307692,0.3846153846153846,0.6410256410256411,0.0256410256410256,0.1282051282051282,0.2051282051282051,2.128205128205128,0.717948717948718,0.8974358974358975,0.2307692307692307,0.1282051282051282,0.1025641025641025,0,1,0,2.1846153846153844,0.4049295774647887,3.512820512820513,
203129,Tornike,Shengelia,37,1.5945945945945943,0.4594594594594595,1.027027027027027,0.054054054054054,0.1351351351351351,0.6216216216216216,1.3783783783783785,0.6216216216216216,0.2162162162162162,0.027027027027027,0.6486486486486487,0.3243243243243243,0,1,0,1.6637837837837837,0.4792072774528915,3.3378378378378377,
202380,Hamady,Ndiaye,28,0.7142857142857143,0.1071428571428571,0.8571428571428571,0.3214285714285714,0.0714285714285714,0.2142857142857142,0.5357142857142857,0.25,0.0,0.0,0.3928571428571428,0.2142857142857142,0,0,1,0.7085714285714285,0.5040322580645161,3.3035714285714284,
1628399,Tyler,Lydon,21,1.0952380952380951,0.2857142857142857,0.8571428571428571,0.0,0.0952380952380952,0.1904761904761904,0.8571428571428571,0.4285714285714285,0.4761904761904761,0.1904761904761904,0.1428571428571428,0.0476190476190476,0,1,0,0.92,0.5952380952380953,2.8095238095238093,
2260,Jarron,Collins,26,0.7307692307692307,0.0769230769230769,0.9230769230769232,0.0384615384615384,0.1538461538461538,0.2692307692307692,0.8076923076923077,0.2307692307692307,0.0,0.0,0.3846153846153846,0.2692307692307692,0,0,1,0.976923076923077,0.374015748031496,2.4615384615384617,
203517,Nemanja,Nedovic,21,1.238095238095238,0.6190476190476191,0.7142857142857143,0.0476190476190476,0.0,0.6190476190476191,1.8571428571428568,0.3809523809523809,0.8571428571428571,0.1428571428571428,0.3809523809523809,0.3333333333333333,1,0,0,2.0247619047619048,0.3057384760112888,2.1904761904761907,
