personId,firstName,lastName,guard,forward,center,gamesPlayed,points,assists,blocks,steals,reboundsTotal,turnovers,fieldGoalsAttempted,fieldGoalsMade,threePointersAttempted,threePointersMade,freeThrowsAttempted,freeThrowsMade,trueShootingAttempts,ts,fantasyPoints
203999,Nikola,Jokic,0,0,1,65,27.676923076923078,10.723076923076922,0.8153846153846154,1.4153846153846155,12.861538461538462,3.7384615384615385,17.415384615384614,9.907692307692308,4.538461538461538,1.7230769230769232,7.384615384615385,6.138461538461539,20.664615384615384,0.6696694460988684,64.50000000000001
1641705,Victor,Wembanyama,0,1,1,64,25.0,3.109375,3.078125,1.03125,11.5,2.421875,16.875,8.640625,5.46875,1.90625,7.03125,5.8125,19.96875,0.6259780907668232,58.5078125
1629029,Luka,Doncic,1,1,0,64,33.484375,8.28125,0.53125,1.640625,7.734375,3.984375,22.765625,10.828125,10.84375,3.96875,10.078125,7.859375,27.2,0.6155215992647058,58.2265625
1628983,Shai,Gilgeous-Alexander,1,0,0,68,31.13235294117647,6.588235294117647,0.7647058823529411,1.3970588235294117,4.294117647058823,2.2205882352941178,19.426470588235293,10.75,4.382352941176471,1.6911764705882353,9.029411764705882,7.9411764705882355,23.39941176470588,0.6652379396163806,51.66176470588236
203507,Giannis,Antetokounmpo,0,1,0,36,27.583333333333332,5.444444444444445,0.6666666666666666,0.9444444444444444,9.777777777777779,3.1944444444444446,16.61111111111111,10.36111111111111,1.25,0.4166666666666667,9.916666666666666,6.444444444444445,20.974444444444444,0.6575462202680511,50.47222222222223
1630178,Tyrese,Maxey,1,0,0,70,28.285714285714285,6.585714285714285,0.7857142857142857,1.8571428571428572,4.142857142857143,2.442857142857143,21.442857142857143,9.914285714285715,8.557142857142857,3.142857142857143,5.957142857142857,5.314285714285714,24.064,0.5877184650455927,50.06428571428572
1630552,Jalen,Johnson,0,1,0,72,22.51388888888889,7.861111111111111,0.4305555555555556,1.2361111111111112,10.277777777777779,3.388888888888889,17.055555555555557,8.333333333333334,4.736111111111111,1.6666666666666667,5.305555555555555,4.180555555555555,19.39,0.5805541229728955,49.61111111111111
1630595,Cade,Cunningham,1,0,0,64,23.921875,9.90625,0.84375,1.4375,5.546875,3.6875,18.578125,8.5625,5.71875,1.953125,5.96875,4.84375,21.204375,0.5640787573319186,48.8515625
203076,Anthony,Davis,0,1,1,20,20.35,2.8,1.65,1.1,11.05,2.05,16.7,8.45,1.85,0.5,4.05,2.95,18.482,0.5505356563142517,48.025
202695,Kawhi,Leonard,0,1,0,65,27.892307692307693,3.6,0.4153846153846154,1.876923076923077,6.3538461538461535,2.046153846153846,19.353846153846153,9.76923076923077,6.846153846153846,2.646153846153846,6.4,5.707692307692308,22.16984615384615,0.6290595680897131,47.9
203954,Joel,Embiid,0,1,1,38,26.86842105263158,3.9473684210526314,1.2105263157894737,0.5526315789473685,7.7105263157894735,2.8684210526315788,18.342105263157894,8.973684210526315,4.184210526315789,1.394736842105263,8.81578947368421,7.526315789473684,22.221052631578946,0.6045712932259593,45.671052631578945
1630578,Alperen,Sengun,0,0,1,72,20.36111111111111,6.180555555555555,1.0694444444444444,1.1805555555555556,8.88888888888889,3.1527777777777777,15.597222222222221,8.097222222222221,1.8194444444444444,0.5555555555555556,5.222222222222222,3.611111111111111,17.895,0.5689050324423334,45.659722222222214
1627759,Jaylen,Brown,1,1,0,71,28.704225352112676,5.126760563380282,0.38028169014084506,1.0140845070422535,6.929577464788732,3.647887323943662,21.732394366197184,10.366197183098592,5.690140845070423,1.971830985915493,7.549295774647887,6.0,25.054084507042255,0.5728452249780756,45.07042253521128
1630162,Anthony,Edwards,1,0,0,61,28.80327868852459,3.7049180327868854,0.8032786885245902,1.360655737704918,4.950819672131147,2.8524590163934427,20.18032786885246,9.868852459016393,8.426229508196721,3.360655737704918,7.163934426229508,5.704918032786885,23.332459016393443,0.6172362430442359,44.73770491803279
1628378,Donovan,Mitchell,1,0,0,70,27.885714285714286,5.685714285714286,0.2857142857142857,1.4857142857142858,4.514285714285714,2.8285714285714287,20.042857142857144,9.685714285714285,8.8,3.2,6.142857142857143,5.314285714285714,22.745714285714286,0.6129883180504961,44.614285714285714
1630567,Scottie,Barnes,1,1,0,80,18.1,5.925,1.45,1.425,7.5,2.625,14.0375,7.1125,2.8,0.85,3.7125,3.025,15.671,0.5774998404696574,44.4875
1628389,Bam,Adebayo,0,1,1,73,20.10958904109589,3.1780821917808217,0.6712328767123288,1.178082191780822,10.027397260273972,1.643835616438356,15.684931506849315,6.931506849315069,5.47945205479452,1.7397260273972603,5.794520547945205,4.506849315068493,18.234520547945205,0.551415349480137,44.02739726027397
1628374,Lauri,Markkanen,0,1,1,42,26.738095238095237,2.119047619047619,0.5,1.0,6.880952380952381,1.5,19.166666666666668,9.142857142857142,7.714285714285714,2.738095238095238,6.380952380952381,5.714285714285714,21.974285714285717,0.6083950938326181,43.23809523809524
1630596,Evan,Mobley,0,0,1,65,18.153846153846153,3.6,1.7384615384615385,0.7384615384615385,9.015384615384615,1.876923076923077,13.215384615384615,7.2153846153846155,3.2153846153846155,0.9538461538461539,4.569230769230769,2.769230769230769,15.225846153846152,0.5961522916498262,43.230769230769226
1627750,Jamal,Murray,1,0,0,75,25.4,7.133333333333334,0.38666666666666666,0.88,4.4,2.28,18.133333333333333,8.76,7.506666666666667,3.2666666666666666,5.2,4.613333333333333,20.421333333333333,0.6218986680595455,43.20666666666667
1626157,Karl-Anthony,Towns,0,1,1,75,20.053333333333335,3.013333333333333,0.5333333333333333,0.8666666666666667,11.853333333333333,2.493333333333333,13.76,6.8933333333333335,4.093333333333334,1.5066666666666666,5.546666666666667,4.76,16.200533333333333,0.6189096655254148,42.966666666666676
1630166,Deni,Avdija,0,1,0,66,24.21212121212121,6.696969696969697,0.6212121212121212,0.7727272727272727,6.878787878787879,3.8333333333333335,16.12121212121212,7.454545454545454,5.954545454545454,1.893939393939394,9.242424242424242,7.409090909090909,20.187878787878788,0.5996697688381867,42.48484848484849
1630581,Josh,Giddey,1,0,0,54,17.01851851851852,9.148148148148149,0.5,1.0185185185185186,8.296296296296296,3.6296296296296298,13.277777777777779,5.944444444444445,5.2407407407407405,1.9074074074074074,4.222222222222222,3.2222222222222223,15.135555555555555,0.5622032985856213,42.0
2544,LeBron,James,0,1,0,60,20.933333333333334,7.2,0.5833333333333334,1.2,6.066666666666666,2.9833333333333334,15.316666666666666,7.883333333333334,4.05,1.2833333333333334,5.266666666666667,3.8833333333333333,17.634,0.5935503383614986,41.99999999999999
201935,James,Harden,1,0,0,70,23.6,7.957142857142857,0.4,1.1285714285714286,4.8,3.5,16.042857142857144,6.957142857142857,8.185714285714285,3.0714285714285716,7.485714285714286,6.614285714285714,19.336571428571432,0.61024261946275,41.85
201142,Kevin,Durant,0,1,0,78,25.974358974358974,4.769230769230769,0.9102564102564102,0.7948717948717948,5.461538461538462,3.1538461538461537,17.641025641025642,9.179487179487179,5.769230769230769,2.3846153846153846,5.987179487179487,5.230769230769231,20.275384615384617,0.6405392417229431,41.83333333333334
1642843,Cooper,Flagg,0,1,0,70,21.042857142857144,4.514285714285714,0.9142857142857143,1.2,6.6571428571428575,2.3,17.057142857142857,7.985714285714286,3.4857142857142858,1.0285714285714285,4.885714285714286,4.042857142857143,19.206857142857142,0.5477954302034989,41.65714285714286
1641708,Amen,Thompson,1,1,0,79,18.265822784810126,5.3164556962025316,0.6075949367088608,1.5063291139240507,7.772151898734177,2.4050632911392404,13.215189873417721,7.050632911392405,1.4683544303797469,0.31645569620253167,4.936708860759493,3.848101265822785,15.387341772151899,0.5935340572556762,41.54430379746835
1631094,Paolo,Banchero,0,1,0,72,22.208333333333332,5.180555555555555,0.5555555555555556,0.7083333333333334,8.38888888888889,3.0833333333333335,16.0,7.347222222222222,3.8194444444444446,1.1666666666666667,8.194444444444445,6.347222222222222,19.605555555555554,0.5663785775007084,41.45138888888889
1627783,Pascal,Siakam,0,1,0,62,23.951612903225808,3.806451612903226,0.4032258064516129,1.1129032258064515,6.629032258064516,2.225806451612903,18.629032258064516,9.016129032258064,4.725806451612903,1.6935483870967742,6.096774193548387,4.225806451612903,21.311612903225807,0.561938061938062,41.21774193548387
1629645,Kevin,Porter Jr.,1,1,0,38,17.394736842105264,7.368421052631579,0.5,2.1842105263157894,5.2105263157894735,2.8947368421052633,13.526315789473685,6.2894736842105265,3.763157894736842,1.2105263157894737,4.105263157894737,3.6052631578947367,15.33263157894737,0.5672456405327475,41.21052631578947
1631105,Jalen,Duren,0,0,1,70,19.5,1.9714285714285715,0.8428571428571429,0.8142857142857143,10.528571428571428,1.8571428571428572,11.471428571428572,7.457142857142857,0.0,0.0,6.142857142857143,4.585714285714285,14.174285714285714,0.6878653497278774,41.16428571428572
1628973,Jalen,Brunson,1,0,0,74,26.04054054054054,6.797297297297297,0.10810810810810811,0.7702702702702703,3.3378378378378377,2.364864864864865,19.93243243243243,9.31081081081081,7.135135135135135,2.635135135135135,5.6891891891891895,4.783783783783784,22.435675675675675,0.5803377824892787,40.02702702702703
1631096,Chet,Holmgren,0,1,1,69,17.115942028985508,1.6666666666666667,1.8985507246376812,0.6231884057971014,8.91304347826087,1.5507246376811594,11.289855072463768,6.2898550724637685,3.5217391304347827,1.2753623188405796,4.115942028985507,3.260869565217391,13.10086956521739,0.6532368688880039,39.971014492753625
1629008,Michael,Porter Jr.,0,1,0,52,24.21153846153846,3.0384615384615383,0.25,1.0576923076923077,7.0576923076923075,2.3461538461538463,18.423076923076923,8.538461538461538,9.326923076923077,3.3846153846153846,4.365384615384615,3.75,20.343846153846155,0.5950580406095208,39.89423076923077
1630530,Trey,Murphy III,0,1,0,66,21.515151515151516,3.787878787878788,0.36363636363636365,1.5,5.712121212121212,1.8181818181818181,15.909090909090908,7.484848484848484,8.56060606060606,3.242424242424242,3.727272727272727,3.303030303030303,17.549090909090907,0.61299903301561,39.583333333333336
201939,Stephen,Curry,1,0,0,43,26.558139534883722,4.72093023255814,0.3953488372093023,1.1395348837209303,3.5813953488372094,2.813953488372093,18.58139534883721,8.69767441860465,11.255813953488373,4.4186046511627906,5.1395348837209305,4.744186046511628,20.842790697674417,0.6371061322859949,39.5232558139535
1642270,Donovan,Clingan,0,0,1,77,12.12987012987013,2.103896103896104,1.6883116883116882,0.5714285714285714,11.584415584415584,1.2337662337662338,8.883116883116884,4.623376623376624,3.1948051948051948,1.0909090909090908,2.6363636363636362,1.7922077922077921,10.043116883116884,0.6038897222365902,39.23376623376623
1642259,Alex,Sarr,0,0,1,48,16.3125,2.7083333333333335,1.9791666666666667,0.8125,7.395833333333333,1.7083333333333333,13.666666666666666,6.583333333333333,3.125,1.0416666666666667,3.0416666666666665,2.1041666666666665,15.004999999999999,0.5435688103965345,39.21875
202710,Jimmy,Butler III,0,1,0,38,20.0,4.868421052631579,0.21052631578947367,1.4473684210526316,5.552631578947368,1.5789473684210527,12.157894736842104,6.315789473684211,2.236842105263158,0.8421052631578947,7.552631578947368,6.526315789473684,15.481052631578947,0.6459509077310125,39.10526315789474
1626164,Devin,Booker,1,0,0,64,26.0625,6.03125,0.28125,0.796875,3.875,3.140625,18.71875,8.53125,5.78125,1.90625,8.125,7.09375,22.29375,0.584524810765349,38.953125
1630559,Austin,Reaves,1,0,0,51,23.274509803921568,5.490196078431373,0.39215686274509803,1.0980392156862746,4.705882352941177,2.9607843137254903,14.941176470588236,7.313725490196078,6.431372549019608,2.3137254901960786,7.2745098039215685,6.333333333333333,18.141960784313724,0.6414551900047556,38.607843137254896
203944,Julius,Randle,0,1,1,79,21.10126582278481,5.037974683544304,0.22784810126582278,1.0886075949367089,6.734177215189874,2.7468354430379747,15.278481012658228,7.341772151898734,4.379746835443038,1.379746835443038,6.2784810126582276,5.037974683544304,18.04101265822785,0.5848137857483652,38.53164556962026
1630163,LaMelo,Ball,1,0,0,72,20.069444444444443,7.138888888888889,0.2361111111111111,1.2083333333333333,4.819444444444445,2.8055555555555554,17.27777777777778,7.027777777777778,10.277777777777779,3.7777777777777777,2.486111111111111,2.236111111111111,18.371666666666666,0.5462064168859052,38.173611111111114
1641718,Keyonte,George,1,0,0,54,23.61111111111111,6.148148148148148,0.25925925925925924,1.0740740740740742,3.685185185185185,3.074074074074074,16.314814814814813,7.444444444444445,6.685185185185185,2.4814814814814814,7.0,6.2407407407407405,19.394814814814815,0.6086964824504449,37.546296296296305
203497,Rudy,Gobert,0,0,1,76,10.907894736842104,1.6842105263157894,1.631578947368421,0.7631578947368421,11.473684210526315,1.394736842105263,6.4605263157894735,4.407894736842105,0.06578947368421052,0.0,3.973684210526316,2.0921052631578947,8.208947368421052,0.664390587933577,37.43421052631579
1628401,Derrick,White,1,0,0,77,16.454545454545453,5.376623376623376,1.2727272727272727,1.1428571428571428,4.402597402597403,1.7402597402597402,14.38961038961039,5.675324675324675,8.311688311688311,2.7142857142857144,2.6493506493506493,2.3896103896103895,15.555324675324675,0.5289039540475554,37.3051948051948
1630700,Dyson,Daniels,1,0,0,76,11.855263157894736,5.907894736842105,0.40789473684210525,1.9605263157894737,6.842105263157895,1.7763157894736843,10.223684210526315,5.2894736842105265,1.5394736842105263,0.2894736842105263,1.605263157894737,0.9868421052631579,10.93,0.5423267684306833,36.90131578947368
1628991,Jaren,Jackson Jr.,0,1,1,48,19.395833333333332,1.9583333333333333,1.4375,1.1041666666666667,5.666666666666667,2.2291666666666665,14.979166666666666,7.125,4.895833333333333,1.75,4.229166666666667,3.3958333333333335,16.84,0.5758857878068091,36.541666666666664
1630168,Onyeka,Okongwu,0,1,1,74,15.175675675675675,3.1216216216216215,1.0675675675675675,1.1081081081081081,7.594594594594595,1.7162162162162162,11.621621621621621,5.581081081081081,5.175675675675675,1.945945945945946,2.72972972972973,2.0675675675675675,12.822702702702703,0.5917502740072507,36.52027027027026
1627742,Brandon,Ingram,0,1,0,77,21.493506493506494,3.688311688311688,0.7142857142857143,0.7532467532467533,5.584415584415584,2.4285714285714284,16.727272727272727,7.974025974025974,4.584415584415584,1.7532467532467533,4.623376623376624,3.792207792207792,18.761558441558442,0.5728070661202791,36.41558441558442
1629627,Zion,Williamson,0,1,0,62,21.0,3.2096774193548385,0.5483870967741935,0.967741935483871,5.693548387096774,2.032258064516129,13.016129032258064,7.806451612903226,0.06451612903225806,0.016129032258064516,7.5,5.370967741935484,16.316129032258065,0.6435349940688019,36.354838709677416
203994,Jusuf,Nurkic,0,0,1,41,10.902439024390244,4.780487804878049,0.5365853658536586,1.2682926829268293,10.365853658536585,2.4634146341463414,8.731707317073171,4.390243902439025,1.7317073170731707,0.6097560975609756,2.7560975609756095,1.5121951219512195,9.94439024390244,0.5481703129598744,35.914634146341456
202331,Paul,George,0,1,0,37,17.324324324324323,3.5945945945945947,0.43243243243243246,1.6756756756756757,5.297297297297297,1.7297297297297298,13.864864864864865,6.081081081081081,6.891891891891892,2.7027027027027026,3.0,2.4594594594594597,15.184864864864865,0.5704471023779011,35.63513513513514
1628386,Jarrett,Allen,0,0,1,56,15.357142857142858,1.7857142857142858,0.8392857142857143,0.9821428571428571,8.5,1.3392857142857142,9.428571428571429,6.017857142857143,0.17857142857142858,0.017857142857142856,4.660714285714286,3.3035714285714284,11.479285714285714,0.668906726401593,35.39285714285714
202696,Nikola,Vucevic,0,0,1,64,15.078125,3.328125,0.640625,0.609375,8.390625,1.328125,12.484375,6.15625,4.234375,1.5625,1.453125,1.203125,13.12375,0.5744594723306982,35.0
1630532,Franz,Wagner,0,1,0,34,20.558823529411764,3.323529411764706,0.3235294117647059,0.9411764705882353,5.205882352941177,1.7058823529411764,14.911764705882353,7.176470588235294,4.088235294117647,1.411764705882353,5.823529411764706,4.794117647058823,17.474117647058822,0.5882649969703091,35.0
1642264,Stephon,Castle,1,0,0,68,16.63235294117647,7.382352941176471,0.27941176470588236,1.1470588235294117,5.3088235294117645,3.1911764705882355,12.0,5.647058823529412,3.588235294117647,1.1911764705882353,5.647058823529412,4.147058823529412,14.48470588235294,0.5741349902534113,34.99264705882353
1628368,De'Aaron,Fox,1,0,0,72,18.555555555555557,6.180555555555555,0.2638888888888889,1.2361111111111112,3.75,2.2777777777777777,14.541666666666666,7.069444444444445,5.486111111111111,1.8194444444444444,3.4166666666666665,2.5972222222222223,16.044999999999998,0.5782348256639315,34.89583333333333
1642845,VJ,Edgecombe,1,0,0,75,15.986666666666666,4.2,0.52,1.4266666666666667,5.64,1.8266666666666667,13.733333333333333,6.013333333333334,5.613333333333333,1.9866666666666666,2.4133333333333336,1.9733333333333334,14.7952,0.5402653112721243,34.879999999999995
1631157,Ryan,Rollins,1,0,0,74,17.31081081081081,5.594594594594595,0.4189189189189189,1.4864864864864864,4.5675675675675675,2.7162162162162162,13.91891891891892,6.5675675675675675,6.121621621621622,2.4864864864864864,2.1216216216216215,1.6891891891891893,14.852432432432433,0.5827601266513811,34.743243243243235
1629638,Nickeil,Alexander-Walker,1,0,0,78,20.82051282051282,3.6666666666666665,0.5384615384615384,1.3076923076923077,3.4358974358974357,2.076923076923077,15.320512820512821,7.0256410256410255,8.064102564102564,3.217948717948718,3.9358974358974357,3.551282051282051,17.052307692307693,0.6104895946108505,34.705128205128204
1627826,Ivica,Zubac,0,0,1,48,14.104166666666666,2.1875,0.8333333333333334,0.375,10.604166666666666,1.7916666666666667,10.041666666666666,6.0,0.0,0.0,2.9583333333333335,2.1041666666666665,11.343333333333334,0.6216940934469585,34.541666666666664
1629630,Ja,Morant,1,0,0,20,19.45,8.05,0.3,1.0,3.25,3.55,16.1,6.6,4.25,1.0,5.85,5.25,18.674,0.5207775516761273,34.5
1630217,Desmond,Bane,1,0,0,82,20.085365853658537,4.121951219512195,0.45121951219512196,1.048780487804878,4.121951219512195,2.0,14.695121951219512,7.109756097560975,5.2073170731707314,2.0365853658536586,4.219512195121951,3.8292682926829267,16.55170731707317,0.6067460434411011,34.451219512195124
1641706,Brandon,Miller,0,1,0,65,20.16923076923077,3.3384615384615386,0.676923076923077,1.0153846153846153,4.907692307692308,2.5076923076923077,16.06153846153846,6.984615384615385,8.2,3.1384615384615384,3.4307692307692306,3.0615384615384613,17.571076923076923,0.5739326865828459,34.29230769230769
1629639,Tyler,Herro,1,0,0,33,20.515151515151516,4.121212121212121,0.36363636363636365,0.696969696969697,4.787878787878788,1.9393939393939394,15.606060606060606,7.484848484848484,6.7272727272727275,2.5454545454545454,3.272727272727273,3.0,17.046060606060607,0.6017563819953068,34.242424242424235
1631114,Jalen,Williams,1,1,0,33,17.060606060606062,5.484848484848484,0.2727272727272727,1.1818181818181819,4.606060606060606,1.9090909090909092,13.515151515151516,6.545454545454546,2.3333333333333335,0.696969696969697,3.909090909090909,3.272727272727273,15.235151515151516,0.5599093006603548,34.1969696969697
1630193,Immanuel,Quickley,1,0,0,70,16.428571428571427,5.928571428571429,0.07142857142857142,1.3142857142857143,4.0285714285714285,1.457142857142857,12.928571428571429,5.728571428571429,6.8,2.5428571428571427,2.9571428571428573,2.4285714285714284,14.229714285714286,0.5772628704521725,33.99285714285714
1628384,OG,Anunoby,1,1,0,67,16.686567164179106,2.1641791044776117,0.7164179104477612,1.5522388059701493,5.2388059701492535,1.835820895522388,12.0,5.8059701492537314,6.074626865671642,2.343283582089552,3.298507462686567,2.7313432835820897,13.451343283582089,0.6202565354400604,33.19402985074627
1631099,Keegan,Murray,0,1,0,23,13.956521739130435,1.6521739130434783,1.565217391304348,1.0434782608695652,5.739130434782608,1.173913043478261,13.043478260869565,5.478260869565218,4.869565217391305,1.3478260869565217,2.130434782608696,1.6521739130434783,13.980869565217391,0.4991292449309616,33.130434782608695
1629628,RJ,Barrett,1,1,0,57,19.263157894736842,3.3157894736842106,0.3333333333333333,0.7368421052631579,5.2631578947368425,1.736842105263158,14.31578947368421,7.035087719298246,4.964912280701754,1.6842105263157894,4.894736842105263,3.508771929824561,16.469473684210527,0.5848140099705995,32.938596491228076
1641824,Matas,Buzelis,0,1,0,77,16.25974025974026,2.051948051948052,1.5064935064935066,0.7142857142857143,5.818181818181818,2.064935064935065,12.506493506493506,5.792207792207792,6.428571428571429,2.2467532467532467,3.090909090909091,2.4285714285714284,13.866493506493505,0.5862960326677407,32.81818181818182
1631095,Jabari,Smith Jr.,0,1,0,77,15.779220779220779,1.8571428571428572,0.922077922077922,0.7272727272727273,6.87012987012987,1.3636363636363635,12.64935064935065,5.688311688311688,6.337662337662338,2.2987012987012987,2.7142857142857144,2.103896103896104,13.843636363636364,0.5699088145896657,32.74025974025974
201566,Russell,Westbrook,1,0,0,64,15.171875,6.65625,0.1875,1.296875,5.4375,3.265625,13.109375,5.59375,5.921875,2.0,2.859375,1.984375,14.3675,0.5279928658430486,32.71875
204001,Kristaps,Porzingis,0,1,1,32,16.65625,2.53125,1.1875,0.5625,5.21875,1.28125,12.125,5.40625,5.0,1.6875,4.9375,4.15625,14.2975,0.5824881972372793,32.71875
1630591,Jalen,Suggs,1,0,0,57,13.789473684210526,5.473684210526316,0.7017543859649122,1.8421052631578947,3.8596491228070176,2.6666666666666665,11.385964912280702,4.947368421052632,6.315789473684211,2.1403508771929824,2.0526315789473686,1.7543859649122806,12.289122807017545,0.5610438556418456,32.631578947368425
1628392,Isaiah,Hartenstein,0,1,1,47,9.191489361702128,3.5319148936170213,0.7659574468085106,1.0212765957446808,9.425531914893616,1.7446808510638299,6.297872340425532,3.9148936170212765,0.14893617021276595,0.0,2.234042553191489,1.3617021276595744,7.280851063829787,0.631209818819404,32.28723404255319
1626181,Norman,Powell,1,0,0,58,21.74137931034483,2.4655172413793105,0.2413793103448276,1.103448275862069,3.5,1.9137931034482758,15.431034482758621,7.258620689655173,7.068965517241379,2.689655172413793,5.482758620689655,4.5344827586206895,17.84344827586207,0.6092258338808797,32.241379310344826
1629023,P.J.,Washington,0,1,0,56,14.160714285714286,1.75,1.0714285714285714,0.9821428571428571,7.035714285714286,1.6785714285714286,11.75,5.285714285714286,4.178571428571429,1.3571428571428572,3.25,2.232142857142857,13.18,0.5372046390635162,32.19642857142858
1630583,Santi,Aldama,0,1,1,43,14.0,2.9302325581395348,0.7209302325581395,0.8604651162790697,6.674418604651163,1.2790697674418605,11.069767441860465,5.3023255813953485,4.651162790697675,1.627906976744186,2.6511627906976742,1.7674418604651163,12.236279069767441,0.5720693325224266,32.17441860465116
203952,Andrew,Wiggins,0,1,0,68,15.367647058823529,2.676470588235294,1.0147058823529411,1.1176470588235294,4.838235294117647,1.5147058823529411,12.073529411764707,5.735294117647059,4.897058823529412,2.0294117647058822,2.3823529411764706,1.8676470588235294,13.121764705882354,0.5855785179540054,32.13970588235294
1630180,Saddiq,Bey,1,1,0,72,17.65277777777778,2.5277777777777777,0.09722222222222222,0.9444444444444444,5.555555555555555,0.9444444444444444,13.430555555555555,6.055555555555555,5.722222222222222,2.0972222222222223,4.097222222222222,3.4444444444444446,15.233333333333333,0.5794128373450037,32.05555555555556
1628970,Miles,Bridges,0,1,0,77,17.064935064935064,3.1948051948051948,0.44155844155844154,0.5974025974025974,5.8441558441558445,1.3896103896103895,13.532467532467532,6.220779220779221,5.779220779220779,1.922077922077922,3.2857142857142856,2.7012987012987013,14.978181818181817,0.5696597648527729,32.0
1629614,Andrew,Nembhard,1,1,0,57,16.94736842105263,7.666666666666667,0.14035087719298245,0.8947368421052632,2.807017543859649,2.4035087719298245,13.210526315789474,5.842105263157895,5.192982456140351,1.8771929824561404,4.105263157894737,3.3859649122807016,15.016842105263159,0.564278704612365,31.99122807017544
1628404,Josh,Hart,1,0,0,66,12.0,4.803030303030303,0.25757575757575757,1.1363636363636365,7.363636363636363,1.9393939393939394,8.969696969696969,4.5606060606060606,3.6666666666666665,1.5151515151515151,1.893939393939394,1.3636363636363635,9.803030303030303,0.6120556414219475,31.9469696969697
1629651,Nic,Claxton,0,0,1,69,11.73913043478261,3.6666666666666665,1.1159420289855073,0.6521739130434783,6.927536231884058,1.391304347826087,8.44927536231884,4.826086956521739,0.2753623188405797,0.043478260869565216,3.318840579710145,2.0434782608695654,9.909565217391304,0.5923130923130924,31.92028985507247
1641709,Ausar,Thompson,1,1,0,73,9.876712328767123,3.1232876712328768,0.9452054794520548,2.0,5.726027397260274,1.5068493150684932,7.904109589041096,4.1506849315068495,0.3287671232876712,0.0821917808219178,2.6164383561643834,1.4931506849315068,9.055342465753425,0.5453527774416072,31.917808219178085
1628969,Mikal,Bridges,1,1,0,82,14.402439024390244,3.707317073170732,0.7560975609756098,1.3048780487804879,3.8048780487804876,1.0121951219512195,11.74390243902439,5.7560975609756095,5.121951219512195,1.9024390243902438,1.1951219512195121,0.9878048780487805,12.269756097560975,0.5869081222915755,31.890243902439025
201942,DeMar,DeRozan,1,1,0,77,18.428571428571427,4.103896103896104,0.2987012987012987,1.0389610389610389,2.935064935064935,1.2467532467532467,13.051948051948052,6.48051948051948,1.9090909090909092,0.6103896103896104,5.597402597402597,4.857142857142857,15.514805194805195,0.5939027656867341,31.844155844155843
1629674,Neemias,Queta,0,0,1,76,10.210526315789474,1.6578947368421053,1.3157894736842106,0.7894736842105263,8.368421052631579,0.9868421052631579,6.565789473684211,4.2894736842105265,0.10526315789473684,0.013157894736842105,2.3026315789473686,1.618421052631579,7.578947368421053,0.6736111111111112,31.69736842105263
1642273,Kyshawn,George,0,1,0,48,14.791666666666666,4.458333333333333,0.8958333333333334,1.0,5.104166666666667,2.6041666666666665,12.020833333333334,5.270833333333333,5.416666666666667,2.0625,2.7291666666666665,2.1875,13.221666666666668,0.5593722425311988,31.510416666666668
1631101,Shaedon,Sharpe,1,0,0,50,20.84,2.64,0.12,1.4,4.34,2.94,17.36,7.84,6.12,2.06,3.94,3.1,19.0936,0.545732601499979,31.51
1642276,Kel'el,Ware,0,0,1,77,11.051948051948052,0.7272727272727273,1.0909090909090908,0.7662337662337663,9.012987012987013,0.8051948051948052,8.428571428571429,4.467532467532467,3.0259740259740258,1.1948051948051948,1.2467532467532467,0.922077922077922,8.977142857142857,0.6155604421040449,31.480519480519483
201950,Jrue,Holiday,1,0,0,53,16.32075471698113,6.0754716981132075,0.11320754716981132,1.0188679245283019,4.622641509433962,2.7547169811320753,13.377358490566039,6.037735849056604,6.830188679245283,2.5849056603773586,1.9811320754716981,1.6603773584905661,14.249056603773585,0.5726959745762712,31.386792452830182
1630202,Payton,Pritchard,1,0,0,79,17.025316455696203,5.1645569620253164,0.12658227848101267,0.7341772151898734,3.949367088607595,1.379746835443038,13.810126582278482,6.405063291139241,7.113924050632911,2.6835443037974684,1.7215189873417722,1.5316455696202531,14.567594936708861,0.584355774912238,31.37974683544304
1642851,Kon,Knueppel,1,1,0,81,18.493827160493826,3.382716049382716,0.2345679012345679,0.7037037037037037,5.333333333333333,1.9876543209876543,13.382716049382717,6.3580246913580245,7.925925925925926,3.3703703703703702,2.7901234567901234,2.4074074074074074,14.61037037037037,0.6329006962752652,31.345679012345677
203468,CJ,McCollum,1,0,0,76,18.736842105263158,3.8552631578947367,0.4605263157894737,0.8421052631578947,3.3157894736842106,1.7763157894736843,15.18421052631579,6.907894736842105,6.7105263157894735,2.513157894736842,3.1184210526315788,2.4078947368421053,16.556315789473683,0.5658517976920877,31.151315789473685
1629636,Darius,Garland,1,0,0,45,18.77777777777778,6.688888888888889,0.17777777777777778,0.9555555555555556,2.3777777777777778,2.888888888888889,14.933333333333334,6.866666666666666,6.844444444444444,2.7111111111111112,2.7111111111111112,2.3333333333333335,16.12622222222222,0.5822125454745894,31.133333333333333
1642852,Derik,Queen,0,0,1,81,11.703703703703704,3.6790123456790123,0.9135802469135802,1.037037037037037,7.061728395061729,2.345679012345679,9.234567901234568,4.37037037037037,1.0864197530864197,0.2839506172839506,3.3703703703703702,2.6790123456790123,10.717530864197531,0.5460074644058425,30.925925925925927
1629675,Naz,Reid,0,1,1,77,13.584415584415584,2.207792207792208,1.0129870129870129,0.987012987012987,6.194805194805195,1.6363636363636365,11.311688311688311,5.1558441558441555,5.818181818181818,2.103896103896104,1.5974025974025974,1.1688311688311688,12.014545454545454,0.5653320650294016,30.915584415584412
1641710,Anthony,Black,1,0,0,64,14.984375,3.6875,0.703125,1.421875,3.8125,2.0625,12.0625,5.390625,4.6875,1.5625,3.609375,2.640625,13.650625,0.5488530744929262,30.609375
203932,Aaron,Gordon,0,1,0,36,16.166666666666668,2.6666666666666665,0.2777777777777778,0.5833333333333334,5.805555555555555,1.0555555555555556,11.055555555555555,5.5,4.361111111111111,1.6944444444444444,4.527777777777778,3.4722222222222223,13.047777777777778,0.6195180107297965,30.208333333333332
1631109,Mark,Williams,0,0,1,60,11.666666666666666,0.9666666666666667,0.9166666666666666,0.9166666666666666,7.95,1.0833333333333333,7.3,4.7,0.016666666666666666,0.016666666666666666,2.9166666666666665,2.25,8.583333333333332,0.6796116504854369,30.208333333333332
1630183,Jaden,McDaniels,0,1,0,73,14.849315068493151,2.7260273972602738,1.0,1.1095890410958904,4.2465753424657535,1.7945205479452055,11.082191780821917,5.712328767123288,3.4246575342465753,1.4109589041095891,2.410958904109589,2.0136986301369864,12.143013698630137,0.6114345020531565,30.15753424657534
1628960,Grayson,Allen,1,0,0,51,16.49019607843137,3.823529411764706,0.2549019607843137,1.3529411764705883,3.0392156862745097,1.6274509803921569,13.07843137254902,5.2745098039215685,8.92156862745098,3.1176470588235294,3.2941176470588234,2.823529411764706,14.527843137254902,0.5675376558872752,29.960784313725494
1631212,Peyton,Watson,1,0,0,54,14.61111111111111,2.0555555555555554,1.1296296296296295,0.9259259259259259,4.888888888888889,1.7222222222222223,10.75925925925926,5.277777777777778,3.6481481481481484,1.5,3.5,2.5555555555555554,12.299259259259259,0.5939833774993978,29.80555555555555
1631170,Jaime,Jaquez Jr.,1,0,0,75,15.36,4.693333333333333,0.28,0.68,5.0,2.026666666666667,12.2,6.1866666666666665,2.44,0.7733333333333333,2.88,2.2133333333333334,13.467199999999998,0.5702744445764525,29.68666666666666
1629028,Deandre,Ayton,0,0,1,72,12.458333333333334,0.8194444444444444,0.9722222222222222,0.5694444444444444,7.986111111111111,1.1527777777777777,8.347222222222221,5.597222222222222,0.0,0.0,1.9583333333333333,1.2638888888888888,9.208888888888888,0.6764297779922781,29.52777777777778
1628415,Dillon,Brooks,1,1,0,56,20.196428571428573,1.7678571428571428,0.16071428571428573,1.0178571428571428,3.625,1.75,17.125,7.446428571428571,6.589285714285714,2.267857142857143,3.607142857142857,3.0357142857142856,18.712142857142858,0.5396610298889186,29.500000000000007
1630200,Tre,Jones,1,0,0,65,14.061538461538461,5.384615384615385,0.16923076923076924,1.1692307692307693,3.1384615384615384,1.4153846153846155,9.492307692307692,5.246153846153846,2.0,0.6307692307692307,3.4923076923076923,2.9384615384615387,11.028923076923077,0.6374846557303873,29.36923076923077
1631097,Bennedict,Mathurin,1,1,0,54,17.574074074074073,2.388888888888889,0.24074074074074073,0.7962962962962963,5.425925925925926,2.185185185185185,12.537037037037036,5.388888888888889,4.407407407407407,1.3888888888888888,6.222222222222222,5.407407407407407,15.274814814814814,0.575263081324863,29.074074074074073
1626167,Myles,Turner,0,1,1,71,11.915492957746478,1.4507042253521127,1.619718309859155,0.704225352112676,5.323943661971831,1.1690140845070423,9.098591549295774,4.0,5.408450704225352,2.0704225352112675,2.492957746478873,1.8450704225352113,10.195492957746477,0.5843509974028845,29.035211267605632
1628976,Wendell,Carter Jr.,0,1,1,78,11.820512820512821,1.9743589743589745,0.6282051282051282,0.7692307692307693,7.397435897435898,1.2820512820512822,8.166666666666666,4.17948717948718,2.8974358974358974,0.9230769230769231,3.2051282051282053,2.5384615384615383,9.576923076923077,0.6171352074966533,28.903846153846157
1641764,Brandin,Podziemski,1,0,0,82,13.817073170731707,3.707317073170732,0.18292682926829268,1.0731707317073171,5.109756097560975,1.5975609756097562,10.560975609756097,4.804878048780488,5.024390243902439,1.8658536585365855,2.9390243902439024,2.341463414634146,11.854146341463414,0.582794946710012,28.871951219512198
1631217,Moussa,Diabate,0,1,0,73,7.876712328767123,1.9315068493150684,0.9863013698630136,0.7671232876712328,8.698630136986301,1.0,4.972602739726027,3.136986301369863,0.0273972602739726,0.0136986301369863,2.410958904109589,1.5890410958904109,6.033424657534247,0.6527563345745163,28.835616438356162
1630230,Naji,Marshall,0,1,0,74,15.243243243243244,3.2567567567567566,0.08108108108108109,1.1081081081081081,4.702702702702703,1.6081081081081081,11.094594594594595,5.662162162162162,2.8783783783783785,0.8378378378378378,4.054054054054054,3.081081081081081,12.878378378378379,0.5918153200419727,28.722972972972972
1626162,Kelly,Oubre Jr.,1,1,0,50,14.1,1.6,0.48,1.36,5.04,1.38,10.88,5.08,4.78,1.72,2.9,2.22,12.156,0.5799605133267521,28.660000000000004
1642271,Kyle,Filipowski,0,0,1,77,11.415584415584416,2.5714285714285716,0.5064935064935064,0.948051948051948,7.1688311688311686,1.6233766233766234,8.532467532467532,4.194805194805195,2.961038961038961,0.961038961038961,2.7532467532467533,2.064935064935065,9.743896103896104,0.5857813083115637,28.5974025974026
1642263,Reed,Sheppard,1,0,0,82,13.536585365853659,3.3780487804878048,0.6585365853658537,1.4878048780487805,2.902439024390244,1.5,11.536585365853659,4.963414634146342,7.024390243902439,2.768292682926829,1.048780487804878,0.8414634146341463,11.998048780487805,0.5641161164416979,28.542682926829265
1641731,Bilal,Coulibaly,1,0,0,56,11.732142857142858,2.5892857142857144,0.9642857142857143,1.3392857142857142,4.339285714285714,1.4464285714285714,9.660714285714286,4.107142857142857,3.642857142857143,1.1607142857142858,3.1607142857142856,2.357142857142857,11.051428571428572,0.530797569803516,28.446428571428577
1631221,Collin,Gillespie,1,0,0,80,12.65,4.6375,0.2,1.2375,4.0875,1.5625,10.525,4.4,7.225,2.9,1.0875,0.95,11.0035,0.574817103648839,28.3625
203924,Jerami,Grant,0,1,0,57,18.596491228070175,2.1403508771929824,0.631578947368421,0.7368421052631579,3.473684210526316,2.087719298245614,12.807017543859649,5.807017543859649,6.140350877192983,2.3859649122807016,5.649122807017544,4.5964912280701755,15.292631578947368,0.6080212922173275,28.315789473684212
1630224,Jalen,Green,1,0,0,32,17.75,2.84375,0.25,1.0625,3.625,2.25,16.0,6.75,7.09375,2.21875,2.71875,2.03125,17.19625,0.5161008940902814,28.203125
1627751,Jakob,Poeltl,0,0,1,46,10.717391304347826,2.0217391304347827,0.6956521739130435,0.8695652173913043,7.021739130434782,1.2391304347826086,6.739130434782608,4.717391304347826,0.0,0.0,2.130434782608696,1.2826086956521738,7.676521739130434,0.6980629814227458,28.065217391304344
202699,Tobias,Harris,0,1,0,63,13.26984126984127,2.492063492063492,0.4126984126984127,0.9206349206349206,5.126984126984127,1.0,10.46031746031746,4.904761904761905,3.5396825396825395,1.3015873015873016,2.492063492063492,2.1587301587301586,11.556825396825397,0.5741127348643006,28.031746031746035
1628978,Donte,DiVincenzo,1,0,0,82,12.195121951219512,3.817073170731707,0.4146341463414634,1.2682926829268293,4.097560975609756,1.4390243902439024,10.182926829268293,4.134146341463414,7.853658536585366,2.975609756097561,1.2804878048780488,0.9512195121951219,10.746341463414634,0.5674080798910577,27.920731707317078
1641739,Toumani,Camara,0,1,0,82,13.414634146341463,2.451219512195122,0.4268292682926829,1.146341463414634,5.134146341463414,1.7560975609756098,10.865853658536585,4.780487804878049,7.219512195121951,2.6707317073170733,1.670731707317073,1.1829268292682926,11.600975609756096,0.5781683626271971,27.573170731707318
1642907,Cedric,Coward,1,0,0,62,13.596774193548388,2.7580645161290325,0.43548387096774194,0.6451612903225806,5.870967741935484,1.6935483870967742,10.451612903225806,4.919354838709677,4.435483870967742,1.5,2.6774193548387095,2.2580645161290325,11.629677419354838,0.5845722844779764,27.475806451612907
1642349,Ajay,Mitchell,1,0,0,57,13.578947368421053,3.6140350877192984,0.3157894736842105,1.2456140350877194,3.3333333333333335,1.4210526315789473,10.350877192982455,5.017543859649122,3.087719298245614,1.0701754385964912,2.8421052631578947,2.473684210526316,11.601403508771929,0.5852286474715703,27.40350877192983
1642875,Maxime,Raynaud,0,0,1,74,12.45945945945946,1.3513513513513513,0.527027027027027,0.5135135135135135,7.513513513513513,1.2702702702702702,9.067567567567568,5.175675675675675,1.0,0.32432432432432434,2.27027027027027,1.7837837837837838,10.066486486486488,0.6188584009021102,27.37837837837838
1629655,Daniel,Gafford,0,1,1,55,9.527272727272727,1.0545454545454545,1.2545454545454546,0.7636363636363637,6.872727272727273,1.1454545454545455,5.745454545454545,3.7636363636363637,0.0,0.0,2.9272727272727272,2.0,7.033454545454545,0.6772825974563127,27.200000000000003
1629011,Mitchell,Robinson,0,1,1,60,5.666666666666667,0.8666666666666667,1.1666666666666667,0.9333333333333333,8.75,0.6833333333333333,3.433333333333333,2.4833333333333334,0.0,0.0,1.7166666666666666,0.7,4.188666666666666,0.6764284577431164,27.125000000000004
1642268,Isaiah,Collier,1,0,0,59,11.661016949152541,7.169491525423729,0.3389830508474576,1.11864406779661,2.542372881355932,2.5084745762711864,8.728813559322035,4.322033898305085,1.694915254237288,0.4576271186440678,3.542372881355932,2.559322033898305,10.287457627118645,0.5667589297482535,27.04237288135593
1630245,Ayo,Dosunmu,1,0,0,69,14.81159420289855,3.608695652173913,0.2608695652173913,0.8405797101449275,3.4347826086956523,1.391304347826087,10.826086956521738,5.594202898550725,4.057971014492754,1.7826086956521738,2.101449275362319,1.8405797101449275,11.75072463768116,0.6302417365564874,27.0
203897,Zach,LaVine,1,0,0,39,19.17948717948718,2.282051282051282,0.2564102564102564,0.717948717948718,2.769230769230769,1.8974358974358974,14.025641025641026,6.717948717948718,6.512820512820513,2.5384615384615383,3.641025641025641,3.2051282051282053,15.627692307692307,0.613637855220844,26.858974358974358
1630173,Precious,Achiuwa,0,1,0,73,10.082191780821917,1.3835616438356164,0.684931506849315,0.8904109589041096,6.739726027397261,0.8904109589041096,8.191780821917808,4.328767123287672,1.3287671232876712,0.3698630136986301,1.904109589041096,1.0547945205479452,9.02958904109589,0.5582863037805692,26.78767123287672
1626171,Bobby,Portis,0,1,0,67,13.656716417910447,1.5671641791044777,0.1791044776119403,0.6119402985074627,6.388059701492537,0.9850746268656716,11.194029850746269,5.462686567164179,4.417910447761194,2.014925373134328,1.0149253731343284,0.7164179104477612,11.640597014925373,0.5865986255000513,26.783582089552237
1630170,Devin,Vassell,1,1,0,67,13.91044776119403,2.4925373134328357,0.373134328358209,0.8507462686567164,4.014925373134329,0.8955223880597015,11.26865671641791,4.925373134328358,6.462686567164179,2.4776119402985075,1.9402985074626866,1.5820895522388059,12.122388059701493,0.5737503078059591,26.776119402985078
1628381,John,Collins,0,1,1,69,13.55072463768116,1.0144927536231885,0.7391304347826086,0.8695652173913043,5.318840579710145,1.3768115942028984,9.55072463768116,5.27536231884058,3.1739130434782608,1.289855072463768,2.2318840579710146,1.710144927536232,10.532753623188407,0.6432660025317849,26.731884057971012
1642847,Jeremiah,Fears,1,0,0,82,14.25609756097561,3.402439024390244,0.36585365853658536,1.1829268292682926,3.658536585365854,2.1707317073170733,12.268292682926829,5.329268292682927,3.731707317073171,1.2317073170731707,3.0,2.3658536585365852,13.588292682926829,0.5245728029867892,26.701219512195117
1642281,Jaylon,Tyson,1,1,0,66,13.212121212121213,2.227272727272727,0.42424242424242425,0.8181818181818182,5.121212121212121,1.5,10.151515151515152,5.0,4.515151515151516,2.015151515151515,1.621212121212121,1.196969696969697,10.864848484848485,0.6080214202041613,26.204545454545453
1631106,Tari,Eason,0,1,0,60,10.45,1.5,0.4666666666666667,1.2,6.266666666666667,1.35,9.666666666666666,4.016666666666667,4.333333333333333,1.55,1.1166666666666667,0.8666666666666667,10.158,0.5143729080527663,26.06666666666667
1642846,Ace,Bailey,0,1,0,72,13.791666666666666,1.8194444444444444,0.6805555555555556,0.8333333333333334,4.194444444444445,1.4861111111111112,12.38888888888889,5.486111111111111,5.527777777777778,1.9027777777777777,1.2222222222222223,0.9166666666666666,12.926666666666668,0.533457968024755,25.895833333333332
1642928,Dylan,Cardwell,0,0,1,44,5.409090909090909,1.4090909090909092,1.5227272727272727,0.6818181818181818,7.545454545454546,0.8863636363636364,4.068181818181818,2.3863636363636362,0.09090909090909091,0.045454545454545456,1.1590909090909092,0.5909090909090909,4.578181818181818,0.590746624305004,25.886363636363633
1629632,Coby,White,1,0,0,50,17.36,4.0,0.1,0.5,3.4,2.56,12.46,5.56,6.36,2.3,4.82,3.94,14.5808,0.5953034127071217,25.74
203110,Draymond,Green,0,1,0,68,8.382352941176471,5.529411764705882,0.6176470588235294,0.8970588235294118,5.514705882352941,2.661764705882353,7.220588235294118,3.014705882352941,4.5588235294117645,1.4852941176470589,1.2352941176470589,0.8676470588235294,7.764117647058824,0.5398136222441094,25.683823529411764
1629057,Robert,Williams III,0,1,1,59,6.728813559322034,1.0169491525423728,1.4745762711864407,0.5932203389830508,7.033898305084746,0.8305084745762712,4.237288135593221,3.0,0.3898305084745763,0.15254237288135594,0.9661016949152542,0.576271186440678,4.662372881355933,0.7216082594154427,25.415254237288135
1630643,Jay,Huff,0,0,1,82,9.548780487804878,1.475609756097561,1.8658536585365855,0.5,3.951219512195122,0.926829268292683,7.451219512195122,3.548780487804878,4.548780487804878,1.451219512195122,1.2073170731707317,1.0,7.982439024390244,0.5981117086286971,25.29878048780488
1630577,Julian,Champagnie,0,1,0,82,11.109756097560975,1.548780487804878,0.4634146341463415,0.7560975609756098,5.7682926829268295,0.8414634146341463,8.402439024390244,3.6707317073170733,6.2439024390243905,2.3780487804878048,1.646341463414634,1.3902439024390243,9.126829268292683,0.6086317477284874,25.28048780487805
1629001,De'Anthony,Melton,1,0,0,49,12.285714285714286,2.5510204081632653,0.40816326530612246,1.5714285714285714,3.2244897959183674,1.8571428571428572,10.775510204081632,4.387755102040816,5.0,1.469387755102041,2.4693877551020407,2.0408163265306123,11.86204081632653,0.5178583717569335,25.153061224489797
1629656,Quentin,Grimes,1,0,0,75,13.413333333333334,3.2533333333333334,0.37333333333333335,0.8533333333333334,3.64,1.7733333333333334,10.066666666666666,4.533333333333333,5.066666666666666,1.6933333333333334,3.16,2.6533333333333333,11.457066666666666,0.5853738013220371,25.113333333333333
1631128,Christian,Braun,1,0,0,44,11.954545454545455,2.727272727272727,0.2727272727272727,0.6818181818181818,4.795454545454546,0.9772727272727273,8.840909090909092,4.590909090909091,3.25,0.9772727272727273,2.2954545454545454,1.7954545454545454,9.850909090909092,0.6067737172388336,25.102272727272727
1630188,Jalen,Smith,0,1,1,53,10.20754716981132,1.2264150943396226,0.7924528301886793,0.4528301886792453,6.69811320754717,1.0,7.622641509433962,3.6792452830188678,4.150943396226415,1.5471698113207548,1.7547169811320755,1.3018867924528301,8.394716981132076,0.6079744673199676,25.07547169811321
1630572,Sandro,Mamukelashvili,0,1,1,80,11.1625,1.8875,0.5125,0.8,4.9375,0.8375,7.8875,4.125,3.7,1.4375,1.975,1.475,8.7565,0.6373836578541654,24.975
1630549,Day'Ron,Sharpe,0,0,1,62,8.709677419354838,2.338709677419355,0.41935483870967744,1.0806451612903225,6.661290322580645,1.7096774193548387,5.741935483870968,3.4516129032258065,0.6290322580645161,0.14516129032258066,2.4516129032258065,1.6612903225806452,6.820645161290323,0.6384790011350737,24.79032258064516
201143,Al,Horford,0,1,1,45,8.266666666666667,2.577777777777778,1.1333333333333333,0.6666666666666666,4.866666666666666,0.9333333333333333,7.2,3.066666666666667,4.555555555555555,1.6444444444444444,0.5777777777777777,0.4888888888888889,7.4542222222222225,0.5544955878845695,24.766666666666666
1629012,Collin,Sexton,1,0,0,68,15.441176470588236,3.2794117647058822,0.14705882352941177,1.1176470588235294,2.2794117647058822,2.073529411764706,10.911764705882353,5.294117647058823,4.102941176470588,1.6470588235294117,3.75,3.2058823529411766,12.561764705882354,0.614610161554671,24.691176470588236
1628398,Kyle,Kuzma,0,1,0,69,12.985507246376812,2.6666666666666665,0.4057971014492754,0.6666666666666666,4.536231884057971,1.7246376811594204,9.985507246376812,4.913043478260869,3.463768115942029,1.2028985507246377,2.6956521739130435,1.9565217391304348,11.171594202898552,0.5811841627315656,24.6304347826087
203083,Andre,Drummond,0,0,1,63,6.396825396825397,1.2698412698412698,0.7777777777777778,0.6031746031746031,8.444444444444445,0.9682539682539683,5.349206349206349,2.5238095238095237,1.4285714285714286,0.5079365079365079,1.3333333333333333,0.8412698412698413,5.935873015873016,0.5388276821050381,24.555555555555554
1630558,Davion,Mitchell,1,0,0,70,9.342857142857143,6.4714285714285715,0.15714285714285714,0.9714285714285714,2.657142857142857,1.542857142857143,7.614285714285714,3.7285714285714286,3.257142857142857,1.2857142857142858,0.9285714285714286,0.6,8.022857142857143,0.5822649572649573,24.464285714285715
1630174,Aaron,Nesmith,1,1,0,45,13.8,1.9111111111111112,0.5111111111111111,0.5777777777777777,4.155555555555556,1.4,11.377777777777778,4.711111111111111,6.155555555555556,2.3333333333333335,2.466666666666667,2.0444444444444443,12.463111111111111,0.5536338349618429,24.455555555555556
1641717,Cason,Wallace,1,0,0,77,8.571428571428571,2.5974025974025974,0.36363636363636365,1.948051948051948,3.090909090909091,0.948051948051948,7.584415584415584,3.272727272727273,3.74025974025974,1.3116883116883118,0.8831168831168831,0.7142857142857143,7.972987012987013,0.537529319781079,24.454545454545453
1630191,Isaiah,Stewart,0,1,1,58,10.017241379310345,1.1379310344827587,1.603448275862069,0.27586206896551724,5.0,1.1551724137931034,6.931034482758621,3.810344827586207,2.0689655172413794,0.6896551724137931,2.2586206896551726,1.706896551724138,7.924827586206897,0.6320163606300583,24.43103448275862
1628963,Marvin,Bagley III,0,1,0,60,10.45,1.4166666666666667,0.7166666666666667,0.4666666666666667,6.1,1.0166666666666666,6.85,4.233333333333333,0.8666666666666667,0.4,2.4,1.5833333333333333,7.906,0.6608904629395396,24.424999999999997
1629661,Cameron,Johnson,0,1,0,54,12.222222222222221,2.4444444444444446,0.3888888888888889,0.7407407407407407,3.814814814814815,0.8703703703703703,8.796296296296296,4.222222222222222,4.7407407407407405,2.037037037037037,2.074074074074074,1.7407407407407407,9.708888888888888,0.6294346532387274,24.38888888888889
1630314,Brandon,Williams,1,0,0,66,13.015151515151516,3.878787878787879,0.30303030303030304,0.9393939393939394,2.893939393939394,1.893939393939394,9.348484848484848,4.409090909090909,2.3484848484848486,0.5454545454545454,4.606060606060606,3.6515151515151514,11.375151515151515,0.5720869518887528,24.356060606060602
1629640,Keldon,Johnson,1,1,0,82,13.182926829268293,1.353658536585366,0.13414634146341464,0.5609756097560976,5.365853658536586,0.8536585365853658,9.71951219512195,5.048780487804878,3.3292682926829267,1.2073170731707317,2.3658536585365852,1.8780487804878048,10.760487804878048,0.6125617661725373,24.335365853658537
1642844,Dylan,Harper,1,0,0,69,11.782608695652174,3.8550724637681157,0.34782608695652173,0.782608695652174,3.391304347826087,1.434782608695652,9.507246376811594,4.797101449275362,2.579710144927536,0.8840579710144928,1.7246376811594204,1.3043478260869565,10.26608695652174,0.5738607487718109,24.304347826086953
1626220,Royce,O'Neale,0,1,0,78,9.807692307692308,2.6666666666666665,0.41025641025641024,1.0769230769230769,4.769230769230769,1.3205128205128205,8.012820512820513,3.371794871794872,6.666666666666667,2.717948717948718,0.48717948717948717,0.34615384615384615,8.227179487179487,0.5960543539238298,24.269230769230766
1641716,Jarace,Walker,0,1,0,76,11.631578947368421,2.526315789473684,0.34210526315789475,0.8289473684210527,5.144736842105263,1.8289473684210527,9.644736842105264,4.0394736842105265,4.684210526315789,1.75,2.4078947368421053,1.8026315789473684,10.70421052631579,0.5433179270331399,24.164473684210527
1630692,Jordan,Goodwin,1,0,0,70,8.7,2.157142857142857,0.2,1.5142857142857142,4.871428571428571,0.9714285714285714,7.928571428571429,3.2714285714285714,4.314285714285714,1.6,0.8,0.5571428571428572,8.28057142857143,0.5253260644537988,24.157142857142855
1642285,Cam,Spencer,1,0,0,72,11.083333333333334,5.555555555555555,0.1527777777777778,0.7222222222222222,2.5416666666666665,1.2916666666666667,7.722222222222222,3.6527777777777777,4.527777777777778,2.0277777777777777,1.8611111111111112,1.75,8.54111111111111,0.6488226876544817,24.145833333333332
203500,Steven,Adams,0,0,1,32,5.84375,1.5,0.625,0.6875,8.625,1.09375,4.34375,2.1875,0.0,0.0,2.53125,1.46875,5.4575,0.5353870819972515,24.09375
1642867,Collin,Murray-Boyles,0,1,0,57,8.491228070175438,1.8596491228070176,0.9298245614035088,0.9122807017543859,5.0,1.0350877192982457,6.0,3.473684210526316,0.8771929824561403,0.2982456140350877,1.894736842105263,1.2456140350877194,6.833684210526315,0.6212774697063053,24.078947368421055
1629111,Jock,Landale,0,0,1,68,10.558823529411764,1.6911764705882353,0.5294117647058824,0.5147058823529411,5.6911764705882355,0.8823529411764706,8.058823529411764,4.147058823529412,2.838235294117647,1.088235294117647,1.8529411764705883,1.1764705882352942,8.874117647058823,0.5949224446506696,24.04411764705882
1630228,Jonathan,Kuminga,0,1,0,36,12.166666666666666,2.3055555555555554,0.3055555555555556,0.6111111111111112,5.611111111111111,1.8611111111111112,9.416666666666666,4.361111111111111,2.9166666666666665,0.9722222222222222,3.4166666666666665,2.4722222222222223,10.92,0.5570818070818071,23.986111111111107
1630541,Moses,Moody,1,0,0,60,12.133333333333333,1.6333333333333333,0.5666666666666667,0.9666666666666667,3.3333333333333335,0.95,9.283333333333333,4.083333333333333,6.283333333333333,2.5166666666666666,1.8833333333333333,1.45,10.112,0.5999472573839663,23.816666666666666
1630703,Scoot,Henderson,1,0,0,30,14.233333333333333,3.7333333333333334,0.3,0.9,2.6666666666666665,2.433333333333333,11.4,4.766666666666667,5.4,1.9,3.3333333333333335,2.8,12.866666666666667,0.5531088082901554,23.76666666666667
1630529,Herbert,Jones,0,1,0,56,8.857142857142858,2.767857142857143,0.48214285714285715,1.5714285714285714,3.392857142857143,1.3035714285714286,8.535714285714286,3.267857142857143,4.625,1.4285714285714286,1.1071428571428572,0.8928571428571429,9.022857142857143,0.4908169727675744,23.705357142857142
1641730,Noah,Clowney,0,1,1,66,12.257575757575758,1.6363636363636365,0.6818181818181818,0.7575757575757576,4.136363636363637,1.5454545454545454,9.56060606060606,3.787878787878788,5.9393939393939394,1.9545454545454546,3.393939393939394,2.727272727272727,11.053939393939395,0.554443774329733,23.583333333333332
1641713,GG,Jackson,0,1,0,55,12.472727272727273,1.4727272727272727,0.8,0.5636363636363636,4.2727272727272725,1.5454545454545454,9.345454545454546,4.636363636363637,3.5090909090909093,1.1636363636363636,2.7454545454545456,2.036363636363636,10.553454545454546,0.5909310178485286,23.454545454545457
1630551,Justin,Champagnie,1,1,0,69,8.652173913043478,1.2173913043478262,0.6231884057971014,0.855072463768116,5.565217391304348,0.6521739130434783,6.695652173913044,3.36231884057971,2.4057971014492754,0.7681159420289855,1.4782608695652173,1.1594202898550725,7.34608695652174,0.5888967803030303,23.434782608695652
1627884,Derrick,Jones Jr.,0,1,0,50,10.08,1.38,1.0,0.9,3.46,0.8,7.58,3.78,3.06,1.1,1.86,1.42,8.3984,0.6001143074871403,23.34
1628436,Luke,Kornet,0,1,1,68,6.529411764705882,1.8529411764705883,0.9558823529411765,0.47058823529411764,6.088235294117647,0.4117647058823529,4.0,2.573529411764706,0.0,0.0,1.6764705882352942,1.3823529411764706,4.737647058823529,0.6890985845542588,23.323529411764707
1641750,Ryan,Kalkbrenner,0,0,1,69,7.550724637681159,0.782608695652174,1.463768115942029,0.463768115942029,5.463768115942029,0.8985507246376812,4.217391304347826,3.1739130434782608,0.07246376811594203,0.0,1.681159420289855,1.2028985507246377,4.9571014492753624,0.7616068296105718,22.833333333333336
204456,T.J.,McConnell,1,0,0,56,9.375,5.125,0.17857142857142858,1.0,2.2142857142857144,1.1428571428571428,8.035714285714286,4.321428571428571,0.8928571428571429,0.2857142857142857,0.5178571428571429,0.44642857142857145,8.26357142857143,0.5672486818221107,22.8125
1629631,De'Andre,Hunter,1,1,0,45,13.666666666666666,2.0,0.13333333333333333,0.6666666666666666,4.111111111111111,1.6666666666666667,11.133333333333333,4.622222222222222,5.466666666666667,1.6666666666666667,3.1777777777777776,2.7555555555555555,12.531555555555554,0.5452901120726344,22.700000000000003
1628989,Kevin,Huerter,1,1,0,69,10.043478260869565,2.579710144927536,0.4782608695652174,0.9130434782608695,3.4782608695652173,1.0434782608695652,8.63768115942029,3.898550724637681,4.7101449275362315,1.4492753623188406,1.0289855072463767,0.7971014492753623,9.090434782608694,0.5524201262674575,22.608695652173914
1641729,Brice,Sensabaugh,0,1,0,75,14.88,1.9066666666666667,0.16,0.72,3.08,1.6533333333333333,11.426666666666666,5.253333333333333,5.8933333333333335,2.16,2.68,2.2133333333333334,12.605866666666666,0.5902013877136573,22.57333333333333
1641796,Pelle,Larsson,1,0,0,70,11.428571428571429,3.3714285714285714,0.22857142857142856,0.7,3.4857142857142858,1.4428571428571428,7.985714285714286,3.9571428571428573,2.742857142857143,0.8857142857142857,3.3,2.6285714285714286,9.437714285714286,0.6054734802615646,22.542857142857144
203471,Dennis,Schroder,1,0,0,70,10.8,4.871428571428571,0.15714285714285714,0.7857142857142857,2.7,1.7714285714285714,8.985714285714286,3.642857142857143,3.257142857142857,1.0714285714285714,2.9285714285714284,2.442857142857143,10.274285714285714,0.5255839822024472,22.385714285714286
1630540,Miles,McBride,1,0,0,41,11.975609756097562,2.5853658536585367,0.21951219512195122,0.8536585365853658,2.4390243902439024,0.8048780487804879,9.853658536585366,4.170731707317073,6.609756097560975,2.731707317073171,1.146341463414634,0.9024390243902439,10.358048780487804,0.5780823208062542,22.195121951219512
203935,Marcus,Smart,1,0,0,62,9.338709677419354,2.9838709677419355,0.3709677419354839,1.403225806451613,2.774193548387097,1.4838709677419355,7.67741935483871,3.032258064516129,4.725806451612903,1.564516129032258,2.0806451612903225,1.7096774193548387,8.592903225806452,0.5433966514002552,22.10483870967742
1642274,Yves,Missi,0,0,1,66,5.712121212121212,1.2727272727272727,1.5303030303030303,0.30303030303030304,5.833333333333333,0.8181818181818182,4.454545454545454,2.4242424242424243,0.015151515151515152,0.0,1.5454545454545454,0.8636363636363636,5.134545454545454,0.5562440982058546,22.068181818181817
1627739,Kris,Dunn,1,0,0,82,7.2682926829268295,3.597560975609756,0.17073170731707318,1.5975609756097562,3.3048780487804876,1.353658536585366,5.817073170731708,2.768292682926829,2.6097560975609757,0.975609756097561,0.9878048780487805,0.7560975609756098,6.251707317073171,0.5813046192259675,21.987804878048784
1630194,Paul,Reed,0,1,0,65,7.753846153846154,1.2307692307692308,0.9230769230769231,0.8769230769230769,4.523076923076923,0.8923076923076924,5.2153846153846155,3.2153846153846155,0.6153846153846154,0.2,1.6923076923076923,1.123076923076923,5.96,0.6504904491481672,21.799999999999997
1629014,Anfernee,Simons,1,0,0,55,14.272727272727273,2.4363636363636365,0.14545454545454545,0.4909090909090909,2.4545454545454546,1.2363636363636363,11.781818181818181,5.181818181818182,6.890909090909091,2.6545454545454548,1.4,1.2545454545454546,12.397818181818181,0.5756144776206958,21.681818181818183
1631230,Dominick,Barlow,0,1,0,71,7.676056338028169,1.2253521126760563,0.7464788732394366,0.8873239436619719,4.788732394366197,0.7887323943661971,5.619718309859155,3.028169014084507,1.1549295774647887,0.29577464788732394,1.8450704225352113,1.323943661971831,6.431549295774648,0.596750175192712,21.654929577464788
1630241,Sam,Merrill,1,0,0,52,12.75,2.4038461538461537,0.1346153846153846,0.6346153846153846,2.5576923076923075,0.8076923076923077,9.307692307692308,4.288461538461538,7.211538461538462,3.0384615384615383,1.3269230769230769,1.1346153846153846,9.891538461538461,0.6444902402986236,21.65384615384615
1642377,Jaylen,Wells,0,1,0,69,12.53623188405797,1.608695652173913,0.13043478260869565,0.8840579710144928,3.1884057971014492,1.0724637681159421,10.115942028985508,4.36231884057971,5.2898550724637685,1.8695652173913044,2.4782608695652173,1.9420289855072463,11.206376811594204,0.5593347472970875,21.644927536231886
1631222,Jake,LaRavia,0,1,0,82,8.21951219512195,1.7682926829268293,0.4634146341463415,1.2682926829268293,3.975609756097561,1.0609756097560976,6.378048780487805,2.926829268292683,2.9634146341463414,0.9512195121951219,1.853658536585366,1.4146341463414633,7.193658536585366,0.5713026378246423,21.64024390243903
1631119,Jaylin,Williams,0,1,0,65,7.2153846153846155,2.4307692307692306,0.6461538461538462,0.47692307692307695,5.507692307692308,1.0307692307692307,5.415384615384616,2.292307692307692,3.9384615384615387,1.5076923076923077,1.4153846153846155,1.123076923076923,6.038153846153847,0.5974826742763962,21.553846153846155
1630167,Obi,Toppin,0,1,0,24,11.625,2.2916666666666665,0.041666666666666664,0.5,4.416666666666667,1.1666666666666667,8.291666666666666,4.166666666666667,4.375,1.5416666666666667,1.9166666666666667,1.75,9.135,0.6362889983579639,21.520833333333336
1642874,Danny,Wolf,0,1,0,57,8.912280701754385,2.2280701754385963,0.5614035087719298,0.5263157894736842,4.9298245614035086,1.280701754385965,7.719298245614035,3.1228070175438596,3.7017543859649122,1.1929824561403508,1.912280701754386,1.4736842105263157,8.560701754385965,0.5205344700385277,21.43859649122807
1642267,Bub,Carrington,1,0,0,82,10.707317073170731,4.646341463414634,0.2073170731707317,0.6341463414634146,3.3658536585365852,2.3292682926829267,9.036585365853659,3.8292682926829267,5.048780487804878,2.0609756097560976,1.353658536585366,0.9878048780487805,9.63219512195122,0.5558087713967386,21.43292682926829
1631108,Max,Christie,1,0,0,77,12.272727272727273,1.9610389610389611,0.35064935064935066,0.6103896103896104,3.2337662337662336,1.2467532467532467,9.415584415584416,4.1558441558441555,5.792207792207792,2.3376623376623376,1.8051948051948052,1.6233766233766234,10.20987012987013,0.6010226925816629,21.415584415584412
1629723,John,Konchar,1,0,0,56,4.428571428571429,2.107142857142857,0.6785714285714286,1.4821428571428572,4.285714285714286,0.625,3.5535714285714284,1.6785714285714286,1.7678571428571428,0.5,0.7857142857142857,0.5714285714285714,3.899285714285714,0.5678695731819016,21.410714285714285
1642345,Oso,Ighodaro,0,1,0,82,6.475609756097561,2.2560975609756095,0.6951219512195121,0.8902439024390244,5.097560975609756,1.2317073170731707,4.463414634146342,2.9146341463414633,0.012195121951219513,0.0,1.4268292682926829,0.6463414634146342,5.0912195121951225,0.6359586087956308,21.384146341463413
1642914,Javon,Small,1,0,0,41,9.658536585365853,3.682926829268293,0.21951219512195122,0.8292682926829268,3.1219512195121952,1.3658536585365855,7.024390243902439,3.268292682926829,3.4634146341463414,1.4634146341463414,2.0,1.6585365853658536,7.904390243902439,0.6109602567267342,21.32926829268293
1629130,Duncan,Robinson,0,1,0,77,12.194805194805195,2.064935064935065,0.2857142857142857,0.5714285714285714,2.6623376623376624,0.7012987012987013,9.064935064935066,4.12987012987013,6.961038961038961,2.857142857142857,1.4285714285714286,1.077922077922078,9.693506493506494,0.6290192926045016,21.311688311688307
1642856,Egor,Demin,1,0,0,52,10.307692307692308,3.326923076923077,0.3269230769230769,0.8076923076923077,3.173076923076923,1.6538461538461537,8.634615384615385,3.4423076923076925,6.1923076923076925,2.3846153846153846,1.25,1.0384615384615385,9.184615384615386,0.5611390284757118,21.28846153846154
201572,Brook,Lopez,0,0,1,75,8.453333333333333,1.2933333333333332,1.16,0.6,3.64,0.8133333333333334,7.226666666666667,3.0933333333333333,4.226666666666667,1.52,0.9866666666666667,0.7466666666666667,7.6608,0.5517265385686438,21.26666666666667
1629673,Jordan,Poole,1,0,0,39,13.435897435897436,3.051282051282051,0.38461538461538464,0.5641025641025641,1.9743589743589745,1.7692307692307692,11.384615384615385,4.230769230769231,7.384615384615385,2.4615384615384617,2.923076923076923,2.5128205128205128,12.670769230769231,0.5301926501537964,21.230769230769234
1631131,Oscar,Tshiebwe,0,1,1,27,7.814814814814815,1.1851851851851851,0.18518518518518517,0.5925925925925926,6.62962962962963,0.7777777777777778,5.37037037037037,3.4074074074074074,0.0,0.0,1.8148148148148149,1.0,6.168888888888889,0.6334053794428435,21.09259259259259
1642258,Zaccharie,Risacher,0,1,0,67,9.567164179104477,1.1343283582089552,0.5373134328358209,0.8805970149253731,3.8358208955223883,0.8656716417910447,8.0,3.6417910447761193,3.8507462686567164,1.4179104477611941,1.3432835820895523,0.8656716417910447,8.591044776119404,0.5568102849200833,20.962686567164177
203501,Tim,Hardaway Jr.,1,1,0,80,13.4875,1.35,0.125,0.525,2.575,0.5375,9.7375,4.35,6.875,2.8,2.45,1.9875,10.8155,0.6235264204151449,20.900000000000002
1641783,Tristan,da Silva,0,1,0,77,9.896103896103897,1.6103896103896105,0.3246753246753247,0.8831168831168831,3.688311688311688,0.8961038961038961,8.051948051948052,3.6233766233766236,4.1688311688311686,1.5584415584415585,1.2337662337662338,1.0909090909090908,8.594805194805195,0.5757026291931098,20.883116883116884
1628370,Malik,Monk,1,0,0,62,12.451612903225806,2.9838709677419355,0.3870967741935484,0.5967741935483871,1.8870967741935485,1.467741935483871,10.193548387096774,4.467741935483871,5.064516129032258,2.0,1.7258064516129032,1.5161290322580645,10.952903225806452,0.568416092360252,20.758064516129032
203937,Kyle,Anderson,1,1,0,43,6.186046511627907,2.9302325581395348,0.6046511627906976,1.0465116279069768,3.488372093023256,0.9069767441860465,4.6976744186046515,2.488372093023256,0.2558139534883721,0.09302325581395349,1.5813953488372092,1.1162790697674418,5.393488372093024,0.5734736115902035,20.6046511627907
1631246,Vince,Williams Jr.,1,0,0,40,7.5,4.15,0.4,0.725,3.875,1.75,7.3,2.575,4.425,1.375,1.25,0.975,7.85,0.47770700636942676,20.5375
1630695,Micah,Potter,0,0,1,47,9.74468085106383,1.4680851063829787,0.3191489361702128,0.46808510638297873,4.957446808510638,1.0,6.23404255319149,3.2127659574468086,3.574468085106383,1.5106382978723405,2.148936170212766,1.8085106382978724,7.179574468085106,0.6786391654812708,20.531914893617017
1630611,Gui,Santos,0,1,0,68,9.191176470588236,2.338235294117647,0.3235294117647059,0.8970588235294118,3.911764705882353,1.5,6.764705882352941,3.3823529411764706,3.264705882352941,1.1470588235294117,1.7647058823529411,1.2794117647058822,7.541176470588235,0.609399375975039,20.448529411764707
1630533,Ziaire,Williams,0,1,0,56,10.232142857142858,1.0714285714285714,0.375,1.3571428571428572,2.392857142857143,1.0535714285714286,7.732142857142857,3.2857142857142856,4.482142857142857,1.5357142857142858,2.5,2.125,8.832142857142857,0.5792559644156895,20.250000000000004
1630543,Isaiah,Jackson,0,1,0,55,6.7272727272727275,0.9454545454545454,0.8909090909090909,0.6545454545454545,5.2727272727272725,1.0545454545454545,4.3090909090909095,2.7454545454545456,0.05454545454545454,0.0,1.9090909090909092,1.2363636363636363,5.149090909090909,0.6532485875706214,20.127272727272725
1629048,Goga,Bitadze,0,1,1,64,5.859375,1.3125,0.953125,0.578125,5.0,0.671875,3.515625,2.375,0.171875,0.03125,1.515625,1.078125,4.1825,0.7004632396891811,20.109375
1629060,Rui,Hachimura,0,1,0,68,11.470588235294118,0.8382352941176471,0.3088235294117647,0.5735294117647058,3.323529411764706,0.6176470588235294,8.779411764705882,4.514705882352941,3.8529411764705883,1.7058823529411764,1.0588235294117647,0.7352941176470589,9.24529411764706,0.6203473945409429,20.00735294117647
1642364,Jamir,Watkins,0,1,0,50,7.36,1.34,0.5,1.08,3.88,0.8,5.92,2.64,3.16,0.94,1.64,1.14,6.6415999999999995,0.5540833534088172,19.909999999999997
1628971,Bruce,Brown,1,1,0,82,7.914634146341464,2.1219512195121952,0.24390243902439024,1.0365853658536586,3.8780487804878048,1.1097560975609757,6.365853658536586,3.024390243902439,1.8048780487804879,0.6951219512195121,1.5365853658536586,1.170731707317073,7.041951219512195,0.5619631476863397,19.81707317073171
1642848,Tre,Johnson,1,0,0,60,12.216666666666667,2.033333333333333,0.3,0.55,2.8333333333333335,1.55,10.783333333333333,4.516666666666667,5.35,1.9166666666666667,1.45,1.2666666666666666,11.421333333333333,0.5348178846602849,19.816666666666666
1642450,Daniss,Jenkins,1,0,0,72,9.319444444444445,3.861111111111111,0.20833333333333334,0.8888888888888888,2.3055555555555554,1.5972222222222223,7.888888888888889,3.2222222222222223,2.7083333333333335,1.0138888888888888,2.236111111111111,1.8611111111111112,8.872777777777777,0.5251706217519254,19.763888888888886
1641842,Ronald,Holland II,0,1,0,78,8.205128205128204,1.2179487179487178,0.34615384615384615,1.1794871794871795,4.038461538461538,1.2307692307692308,6.9743589743589745,3.0128205128205128,2.5384615384615383,0.6410256410256411,1.9102564102564104,1.5384615384615385,7.814871794871795,0.5249688299757201,19.730769230769226
1642363,Nique,Clifford,1,0,0,75,8.6,2.3866666666666667,0.32,0.9066666666666666,3.76,1.5466666666666666,7.946666666666666,3.32,3.08,1.0266666666666666,1.2933333333333332,0.9333333333333333,8.515733333333333,0.5049477046408217,19.633333333333333
1628366,Lonzo,Ball,1,0,0,35,4.571428571428571,3.8857142857142857,0.2571428571428571,1.2857142857142858,4.0,1.4857142857142858,5.0285714285714285,1.5142857142857142,4.2,1.1428571428571428,0.6,0.4,5.292571428571429,0.43187216583891164,19.599999999999998
203114,Khris,Middleton,0,1,0,63,10.158730158730158,2.7936507936507935,0.14285714285714285,0.6507936507936508,3.6666666666666665,1.7142857142857142,8.571428571428571,3.6031746031746033,2.9523809523809526,1.0634920634920635,2.1587301587301586,1.8888888888888888,9.521269841269842,0.5334755934915977,19.5952380952381
1641757,Jordan,Miller,1,0,0,60,9.966666666666667,2.2666666666666666,0.18333333333333332,0.75,3.033333333333333,1.05,6.65,3.533333333333333,1.8333333333333333,0.6333333333333333,2.9166666666666665,2.2666666666666666,7.933333333333334,0.6281512605042017,19.549999999999997
1642269,Devin,Carter,1,0,0,38,8.921052631578947,2.6578947368421053,0.23684210526315788,0.8947368421052632,3.289473684210526,1.4210526315789473,7.684210526315789,3.1842105263157894,3.0,0.7894736842105263,2.473684210526316,1.763157894736842,8.772631578947369,0.5084593232541397,19.52631578947368
1630598,Aaron,Wiggins,1,0,0,65,9.4,1.676923076923077,0.4307692307692308,0.9230769230769231,3.0615384615384613,1.2461538461538462,8.246153846153845,3.5538461538461537,4.153846153846154,1.476923076923077,1.1076923076923078,0.8153846153846154,8.73353846153846,0.5381552987598648,19.430769230769236
1630573,Sam,Hauser,0,1,0,78,9.217948717948717,1.4615384615384615,0.2948717948717949,0.48717948717948717,3.8461538461538463,0.44871794871794873,7.705128205128205,3.230769230769231,6.461538461538462,2.5384615384615383,0.2564102564102564,0.21794871794871795,7.817948717948718,0.5895375532961626,19.41025641025641
1631342,Daeqwon,Plowden,1,1,0,32,10.75,1.28125,0.21875,0.71875,3.03125,0.8125,8.71875,3.75,5.8125,1.9375,1.53125,1.3125,9.3925,0.5722651051370774,19.34375
1629652,Luguentz,Dort,1,0,0,69,8.347826086956522,1.2318840579710144,0.391304347826087,0.8985507246376812,3.550724637681159,0.782608695652174,7.594202898550725,2.927536231884058,5.391304347826087,1.855072463768116,0.8405797101449275,0.6376811594202898,7.964057971014492,0.524093754549425,19.115942028985508
1642347,Jamal,Shead,1,0,0,82,6.646341463414634,5.414634146341464,0.18292682926829268,0.926829268292683,1.7439024390243902,1.3658536585365855,6.146341463414634,2.2560975609756095,3.1951219512195124,1.024390243902439,1.4146341463414633,1.1097560975609757,6.768780487804878,0.4909556068031133,19.091463414634145
1630171,Isaac,Okoro,1,1,0,63,9.26984126984127,1.5873015873015872,0.4603174603174603,0.7301587301587301,2.746031746031746,0.7301587301587301,7.285714285714286,3.3492063492063493,3.507936507936508,1.1587301587301588,1.7777777777777777,1.4126984126984128,8.067936507936508,0.5744865035020068,19.071428571428573
1630198,Isaiah,Joe,1,0,0,71,11.056338028169014,1.323943661971831,0.15492957746478872,0.704225352112676,2.5492957746478875,0.6338028169014085,7.647887323943662,3.4788732394366195,6.028169014084507,2.5492957746478875,1.732394366197183,1.5492957746478873,8.410140845070423,0.6573218113612004,19.035211267605636
202685,Jonas,Valanciunas,0,0,1,65,8.723076923076922,1.2,0.5692307692307692,0.2153846153846154,5.061538461538461,1.123076923076923,6.0,3.4923076923076923,0.4,0.12307692307692308,2.0923076923076924,1.6153846153846154,6.920615384615385,0.6302240796727725,19.00769230769231
1626166,Cameron,Payne,1,0,0,22,7.409090909090909,2.6363636363636362,0.3181818181818182,1.0909090909090908,2.0,0.5,6.7727272727272725,2.5454545454545454,4.409090909090909,1.4545454545454546,1.0,0.8636363636363636,7.212727272727273,0.51361230148727,19.0
1629637,Jaxson,Hayes,0,1,1,66,7.53030303030303,0.8939393939393939,0.7878787878787878,0.4393939393939394,4.106060606060606,0.4696969696969697,3.9696969696969697,3.0,0.045454545454545456,0.045454545454545456,2.272727272727273,1.4848484848484849,4.96969696969697,0.7576219512195121,19.0
201567,Kevin,Love,0,1,1,37,6.702702702702703,1.8108108108108107,0.24324324324324326,0.3783783783783784,5.8108108108108105,0.8108108108108109,5.378378378378378,2.135135135135135,3.8378378378378377,1.4324324324324325,1.1891891891891893,1.0,5.901621621621621,0.5678695731819015,19.0
1641765,Olivier-Maxence,Prosper,0,1,0,53,10.0,0.9622641509433962,0.24528301886792453,0.7547169811320755,3.5283018867924527,0.8867924528301887,6.60377358490566,3.6226415094339623,2.792452830188679,1.1320754716981132,2.150943396226415,1.6226415094339623,7.550188679245283,0.662235105957617,18.962264150943394
1642262,Cody,Williams,0,1,0,67,8.776119402985074,2.044776119402985,0.3880597014925373,0.7611940298507462,2.955223880597015,1.0895522388059702,7.597014925373134,3.5522388059701493,1.955223880597015,0.417910447761194,1.7761194029850746,1.2537313432835822,8.378507462686567,0.5237280889268918,18.69402985074627
203084,Harrison,Barnes,0,1,0,77,9.96103896103896,1.922077922077922,0.15584415584415584,0.6493506493506493,2.779220779220779,0.7922077922077922,7.48051948051948,3.4155844155844157,4.64935064935065,1.8051948051948052,1.5974025974025974,1.3246753246753247,8.183376623376624,0.6086142322097378,18.649350649350648
1627780,Gary,Payton II,1,0,0,73,7.493150684931507,1.6849315068493151,0.2876712328767123,0.9178082191780822,3.6301369863013697,0.8493150684931506,5.684931506849315,3.315068493150685,1.7397260273972603,0.5068493150684932,0.547945205479452,0.3561643835616438,5.926027397260274,0.6322237632917245,18.58904109589041
1641854,Craig,Porter Jr.,1,0,0,64,4.515625,3.203125,0.59375,0.890625,3.4375,0.921875,4.03125,1.8125,1.453125,0.515625,0.625,0.375,4.30625,0.524310595065312,18.5703125
1630696,Dru,Smith,1,0,0,70,5.642857142857143,2.5714285714285716,0.3,1.4285714285714286,2.4714285714285715,0.7857142857142857,4.642857142857143,1.9285714285714286,1.8428571428571427,0.5428571428571428,1.5,1.2428571428571429,5.302857142857143,0.5320581896551724,18.55
1630619,Moussa,Cisse,0,0,1,38,4.473684210526316,0.23684210526315788,1.1842105263157894,0.5,5.684210526315789,0.7894736842105263,3.026315789473684,1.736842105263158,0.0,0.0,2.1315789473684212,1.0,3.9642105263157896,0.564259160913436,18.513157894736842
1642860,Will,Riley,0,1,0,74,10.324324324324325,1.972972972972973,0.13513513513513514,0.7297297297297297,2.864864864864865,1.2702702702702702,8.35135135135135,3.6621621621621623,3.3378378378378377,1.054054054054054,2.4324324324324325,1.945945945945946,9.421621621621622,0.5479059093516925,18.5
1629680,Matisse,Thybulle,1,1,0,30,5.8,0.9,0.5333333333333333,2.0,1.9666666666666666,0.9333333333333333,4.466666666666667,1.9333333333333333,3.1,1.2333333333333334,0.8333333333333334,0.7,4.833333333333334,0.5999999999999999,18.366666666666667
1629731,Dean,Wade,0,1,1,59,5.796610169491525,1.4915254237288136,0.3898305084745763,0.7457627118644068,4.186440677966102,0.2711864406779661,4.711864406779661,2.0677966101694913,3.3220338983050848,1.2033898305084745,0.6440677966101694,0.4576271186440678,4.995254237288135,0.5802117263843648,18.3135593220339
202691,Klay,Thompson,1,0,0,69,11.73913043478261,1.391304347826087,0.3188405797101449,0.4782608695652174,2.072463768115942,0.9130434782608695,10.55072463768116,4.144927536231884,7.63768115942029,2.927536231884058,0.6811594202898551,0.5217391304347826,10.850434782608696,0.5409520756531495,18.297101449275363
1630631,Jose,Alvarado,1,0,0,69,7.391304347826087,3.391304347826087,0.11594202898550725,0.9565217391304348,2.4782608695652173,1.1159420289855073,6.507246376811594,2.710144927536232,4.159420289855072,1.463768115942029,0.6666666666666666,0.5072463768115942,6.800579710144927,0.5434319324865741,18.253623188405797
1641707,Taylor,Hendricks,0,1,0,59,7.423728813559322,0.9322033898305084,0.5084745762711864,0.847457627118644,3.7457627118644066,0.847457627118644,6.016949152542373,2.76271186440678,3.1186440677966103,1.0677966101694916,1.2203389830508475,0.8305084745762712,6.553898305084746,0.5663597806972173,18.16949152542373
1626156,D'Angelo,Russell,1,0,0,26,10.153846153846153,4.0,0.07692307692307693,0.46153846153846156,2.3461538461538463,1.8846153846153846,8.923076923076923,3.6153846153846154,4.3076923076923075,1.2692307692307692,2.3076923076923075,1.6538461538461537,9.938461538461539,0.5108359133126935,18.057692307692307
1627936,Alex,Caruso,1,0,0,56,6.214285714285714,1.9642857142857142,0.30357142857142855,1.2857142857142858,2.767857142857143,0.8571428571428571,5.357142857142857,2.267857142857143,3.232142857142857,0.9464285714285714,0.9107142857142857,0.7321428571428571,5.757857142857143,0.5396352809825085,17.955357142857142
1641989,Elijah,Harkless,1,0,0,26,6.846153846153846,2.8846153846153846,0.23076923076923078,1.1923076923076923,2.0384615384615383,1.0,6.1923076923076925,2.076923076923077,3.3846153846153846,0.8076923076923077,2.4615384615384617,1.8846153846153846,7.275384615384615,0.4705011630365828,17.923076923076923
1631260,AJ,Green,1,0,0,78,10.371794871794872,1.9487179487179487,0.10256410256410256,0.5,2.730769230769231,0.9615384615384616,7.923076923076923,3.358974358974359,7.102564102564102,2.9743589743589745,0.7948717948717948,0.6794871794871795,8.272820512820513,0.6268596578229606,17.878205128205128
1642346,Ryan,Dunn,0,1,0,70,5.814285714285714,1.457142857142857,0.4142857142857143,0.8571428571428571,4.242857142857143,0.8,5.171428571428572,2.342857142857143,2.414285714285714,0.8,0.6714285714285714,0.32857142857142857,5.466857142857143,0.531775896310233,17.849999999999998
1629611,Terance,Mann,1,1,0,63,7.222222222222222,3.015873015873016,0.23809523809523808,0.6507936507936508,3.1746031746031744,1.126984126984127,5.841269841269841,2.6666666666666665,2.4444444444444446,0.8888888888888888,1.2698412698412698,1.0,6.3999999999999995,0.5642361111111112,17.80952380952381
203484,Kentavious,Caldwell-Pope,1,0,0,51,8.392156862745098,2.7254901960784315,0.1568627450980392,0.8431372549019608,2.450980392156863,1.196078431372549,7.176470588235294,2.9411764705882355,3.411764705882353,1.0784313725490196,1.5686274509803921,1.4313725490196079,7.866666666666667,0.5333998005982054,17.764705882352942
1642366,Quinten,Post,0,0,1,67,7.656716417910448,1.4029850746268657,0.5223880597014925,0.3880597014925373,4.014925373134329,0.835820895522388,6.552238805970149,2.8805970149253732,4.134328358208955,1.3880597014925373,0.6417910447761194,0.5074626865671642,6.834626865671642,0.5601415094339622,17.753731343283583
1627747,Caris,LeVert,1,0,0,60,7.383333333333334,2.65,0.6833333333333333,0.85,1.95,1.3666666666666667,6.516666666666667,2.716666666666667,3.0,1.0,1.4,0.95,7.132666666666666,0.5175717356762315,17.683333333333334
1631126,Caleb,Love,1,0,0,49,10.387755102040817,2.510204081632653,0.08163265306122448,0.5510204081632653,2.326530612244898,1.2653061224489797,10.0,3.877551020408163,5.959183673469388,1.8979591836734695,1.0,0.7346938775510204,10.44,0.49749784971459854,17.642857142857142
1630560,Cam,Thomas,1,0,0,42,13.5,2.5714285714285716,0.09523809523809523,0.21428571428571427,1.6904761904761905,1.7619047619047619,10.976190476190476,4.5,4.0,1.2380952380952381,4.023809523809524,3.261904761904762,12.746666666666666,0.5295502092050209,17.607142857142854
1627752,Taurean,Prince,0,1,0,26,9.192307692307692,1.7692307692307692,0.23076923076923078,0.6153846153846154,3.1153846153846154,1.1923076923076923,7.346153846153846,3.3076923076923075,5.384615384615385,2.3461538461538463,0.23076923076923078,0.23076923076923078,7.447692307692307,0.6171245610411072,17.519230769230774
1642849,Nolan,Traore,1,0,0,56,8.910714285714286,3.8035714285714284,0.4107142857142857,0.8035714285714286,1.7678571428571428,2.3035714285714284,8.553571428571429,3.25,3.4285714285714284,1.0892857142857142,1.6785714285714286,1.3214285714285714,9.292142857142858,0.47947574755938194,17.517857142857142
1630568,Luka,Garza,0,0,1,69,8.072463768115941,0.9565217391304348,0.4057971014492754,0.391304347826087,4.072463768115942,0.6666666666666666,5.173913043478261,2.9855072463768115,1.8405797101449275,0.7971014492753623,1.6956521739130435,1.3043478260869565,5.92,0.6817959263611437,17.471014492753625
1631169,Josh,Minott,0,1,0,49,7.428571428571429,0.9387755102040817,0.4897959183673469,0.8979591836734694,3.2244897959183674,0.8775510204081632,5.142857142857143,2.5714285714285716,3.122448979591837,1.3061224489795917,1.2448979591836735,0.9795918367346939,5.6906122448979595,0.6527040596757997,17.46938775510204
1629684,Grant,Williams,0,1,0,36,7.0,1.5555555555555556,0.5,0.4722222222222222,3.9444444444444446,0.8611111111111112,5.083333333333333,2.1666666666666665,3.7222222222222223,1.4444444444444444,1.5,1.2222222222222223,5.743333333333333,0.6094022054556008,17.416666666666668
1631245,Quenton,Jackson,1,0,0,49,9.142857142857142,2.857142857142857,0.12244897959183673,0.6326530612244898,2.326530612244898,1.2653061224489797,6.6938775510204085,3.142857142857143,2.4081632653061225,0.8571428571428571,2.4285714285714284,2.0,7.762448979591837,0.5889157640130402,17.40816326530612
1629750,Javonte,Green,1,0,0,82,6.939024390243903,0.6829268292682927,0.3048780487804878,1.2439024390243902,2.8048780487804876,0.5487804878048781,5.048780487804878,2.2560975609756095,3.0121951219512195,1.146341463414634,1.524390243902439,1.2804878048780488,5.719512195121951,0.6066098081023454,17.26829268292683
1642383,Walter,Clayton Jr.,1,0,0,69,7.797101449275362,4.043478260869565,0.2753623188405797,0.6376811594202898,2.0144927536231885,1.681159420289855,6.681159420289855,2.5652173913043477,3.536231884057971,1.0869565217391304,1.7536231884057971,1.5797101449275361,7.452753623188406,0.523102053515868,17.17391304347826
1641774,Tristan,Vukcevic,0,1,0,49,9.0,1.1224489795918366,0.6530612244897959,0.46938775510204084,3.0,1.2653061224489797,6.469387755102041,3.1020408163265305,2.938775510204082,1.0204081632653061,2.2653061224489797,1.7755102040816326,7.466122448979592,0.6027225016400612,17.142857142857142
1641715,Cam,Whitmore,0,1,0,21,9.19047619047619,0.7142857142857143,0.38095238095238093,0.7142857142857143,2.761904761904762,0.8571428571428571,8.047619047619047,3.6666666666666665,2.6666666666666665,0.7619047619047619,1.4761904761904763,1.0952380952380953,8.697142857142858,0.5283618046430135,17.07142857142857
1642266,Ja'Kobe,Walter,1,0,0,72,7.513888888888889,1.1944444444444444,0.19444444444444445,1.0138888888888888,2.5694444444444446,0.5138888888888888,5.611111111111111,2.5,3.736111111111111,1.5277777777777777,1.25,0.9861111111111112,6.1611111111111105,0.6097835888187557,16.96527777777778
1631165,Keon,Ellis,1,0,0,72,6.666666666666667,1.0,0.625,1.1527777777777777,1.875,0.5694444444444444,5.333333333333333,2.3472222222222223,3.486111111111111,1.2638888888888888,0.9722222222222222,0.7083333333333334,5.761111111111111,0.5785920925747349,16.95138888888889
1630249,Vit,Krejci,1,0,0,65,8.461538461538462,1.5384615384615385,0.27692307692307694,0.7230769230769231,2.276923076923077,0.6307692307692307,6.6,2.953846153846154,5.046153846153846,1.9692307692307693,0.7846153846153846,0.5846153846153846,6.945230769230768,0.6091617933723198,16.923076923076923
1628379,Luke,Kennard,1,0,0,78,8.35897435897436,2.230769230769231,0.10256410256410256,0.7051282051282052,2.3333333333333335,0.7692307692307693,5.67948717948718,3.0256410256410255,3.141025641025641,1.5,0.8846153846153846,0.8076923076923077,6.068717948717949,0.6886935947270576,16.897435897435894
1642942,Jahmai,Mashack,1,0,0,31,6.193548387096774,2.225806451612903,0.45161290322580644,1.1935483870967742,2.6129032258064515,1.5806451612903225,6.290322580645161,2.4838709677419355,2.4193548387096775,0.6129032258064516,1.1290322580645162,0.6129032258064516,6.787096774193548,0.4562737642585551,16.870967741935484
1631200,Kris,Murray,0,1,0,57,5.807017543859649,1.4210526315789473,0.38596491228070173,0.8947368421052632,3.6140350877192984,0.8245614035087719,4.842105263157895,2.263157894736842,2.1403508771929824,0.5964912280701754,1.0,0.6842105263157895,5.282105263157895,0.549687790620433,16.833333333333332
1642948,Ryan,Nembhard,1,0,0,60,6.616666666666666,5.266666666666667,0.03333333333333333,0.4166666666666667,2.216666666666667,1.4166666666666667,6.5,2.7,2.25,0.8,0.5166666666666667,0.4166666666666667,6.727333333333333,0.4917748488752353,16.808333333333337
1631093,Jaden,Ivey,1,0,0,37,8.54054054054054,1.837837837837838,0.3783783783783784,0.6216216216216216,2.4594594594594597,1.1081081081081081,6.918918918918919,3.081081081081081,3.6216216216216215,1.3513513513513513,1.2702702702702702,1.027027027027027,7.477837837837838,0.5710568165389619,16.77027027027027
1641737,Adem,Bona,0,1,0,71,4.845070422535211,0.4507042253521127,1.1549295774647887,0.4225352112676056,4.323943661971831,0.7887323943661971,3.0985915492957745,1.8450704225352113,0.08450704225352113,0.028169014084507043,1.591549295774648,1.1267605633802817,3.7988732394366194,0.6376983538484354,16.739436619718305
1630311,Pat,Spencer,1,0,0,66,7.212121212121212,3.515151515151515,0.07575757575757576,0.7272727272727273,2.393939393939394,1.2878787878787878,6.606060606060606,2.8181818181818183,2.5454545454545454,0.9090909090909091,0.8636363636363636,0.6666666666666666,6.986060606060606,0.5161794048755096,16.712121212121215
1630538,Bones,Hyland,1,0,0,71,8.507042253521126,2.647887323943662,0.23943661971830985,0.6197183098591549,1.7887323943661972,0.9859154929577465,6.591549295774648,2.9859154929577465,4.211267605633803,1.6338028169014085,1.1549295774647887,0.9014084507042254,7.099718309859155,0.5991112521821932,16.626760563380284
1629004,Svi,Mykhailiuk,1,1,0,50,9.38,1.86,0.06,0.52,2.48,0.84,7.24,3.46,4.8,1.96,0.56,0.5,7.486400000000001,0.626469331053644,16.529999999999998
1631323,Simone,Fontecchio,0,1,0,70,8.528571428571428,1.4428571428571428,0.12857142857142856,0.5285714285714286,3.0142857142857142,0.7,6.728571428571429,2.7714285714285714,4.685714285714286,1.7571428571428571,1.457142857142857,1.2285714285714286,7.369714285714286,0.5786229355664108,16.442857142857143
1626172,Kevon,Looney,0,1,0,21,2.8095238095238093,1.619047619047619,0.47619047619047616,0.42857142857142855,5.619047619047619,0.42857142857142855,2.857142857142857,1.1904761904761905,0.6190476190476191,0.09523809523809523,0.47619047619047616,0.3333333333333333,3.066666666666667,0.45807453416149063,16.428571428571427
1631255,Karlo,Matkovic,0,1,1,62,5.67741935483871,0.8064516129032258,0.8709677419354839,0.4032258064516129,3.693548387096774,0.5483870967741935,3.7903225806451615,2.2903225806451615,1.4516129032258065,0.6129032258064516,0.6612903225806451,0.4838709677419355,4.081290322580645,0.6955422067657289,16.427419354838708
1631107,Nikola,Jovic,0,1,0,47,7.319148936170213,2.1702127659574466,0.3617021276595745,0.5531914893617021,3.25531914893617,1.3829787234042554,6.680851063829787,2.4468085106382977,3.5531914893617023,0.9574468085106383,2.148936170212766,1.4680851063829787,7.626382978723404,0.4798571587992412,16.351063829787236
1631159,Leonard,Miller,0,1,0,46,7.8478260869565215,0.8695652173913043,0.32608695652173914,0.3695652173913043,3.9347826086956523,0.782608695652174,5.695652173913044,3.152173913043478,2.152173913043478,0.6956521739130435,1.1521739130434783,0.8478260869565217,6.202608695652175,0.6326230197672787,16.271739130434785
1630165,Killian,Hayes,1,0,0,23,5.521739130434782,3.5217391304347827,0.17391304347826086,0.9130434782608695,2.347826086956522,1.2173913043478262,6.0,1.826086956521739,2.739130434782609,0.7391304347826086,1.2173913043478262,1.1304347826086956,6.535652173913044,0.42243214475784985,16.23913043478261
1641775,Jordan,Walsh,1,0,0,68,5.352941176470588,0.7941176470588235,0.45588235294117646,0.7205882352941176,4.0,0.5147058823529411,3.926470588235294,2.0,1.838235294117647,0.7058823529411765,0.8382352941176471,0.6470588235294118,4.2952941176470585,0.6231169542591071,16.220588235294116
1631172,Ousmane,Dieng,0,1,0,57,7.56140350877193,2.3859649122807016,0.2982456140350877,0.43859649122807015,3.1578947368421053,1.3157894736842106,6.982456140350878,2.9473684210526314,3.245614035087719,1.105263157894737,0.7894736842105263,0.5614035087719298,7.329824561403509,0.5157970320727621,16.19298245614035
1629013,Landry,Shamet,1,0,0,51,9.313725490196079,1.411764705882353,0.17647058823529413,0.6078431372549019,1.803921568627451,0.5882352941176471,7.137254901960785,3.1176470588235294,5.1568627450980395,2.019607843137255,1.4901960784313726,1.0588235294117647,7.792941176470588,0.5975744766505636,16.098039215686274
1631121,Bryce,McGowens,1,0,0,42,8.095238095238095,1.4761904761904763,0.19047619047619047,0.6428571428571429,2.0952380952380953,0.40476190476190477,5.642857142857143,2.7142857142857144,2.2142857142857144,0.9047619047619048,2.261904761904762,1.7619047619047619,6.6380952380952385,0.6097560975609756,15.976190476190478
1629020,Jarred,Vanderbilt,0,1,0,65,4.430769230769231,1.2923076923076924,0.2923076923076923,0.8461538461538461,4.492307692307692,0.8615384615384616,3.6923076923076925,1.7384615384615385,1.523076923076923,0.4461538461538462,0.8615384615384616,0.5076923076923077,4.071384615384615,0.5441354292623942,15.938461538461535
203991,Clint,Capela,0,0,1,75,3.76,0.6666666666666666,0.84,0.48,4.6,0.5466666666666666,3.026666666666667,1.5733333333333333,0.02666666666666667,0.013333333333333334,1.04,0.6,3.4842666666666666,0.539568345323741,15.846666666666668
1642954,Will,Richard,1,0,0,69,6.391304347826087,1.3478260869565217,0.13043478260869565,1.1594202898550725,2.4927536231884058,0.7681159420289855,5.0144927536231885,2.347826086956522,3.072463768115942,1.0289855072463767,0.782608695652174,0.6666666666666666,5.358840579710145,0.5963327563825184,15.77536231884058
1630172,Patrick,Williams,0,1,0,72,7.013888888888889,1.4583333333333333,0.3611111111111111,0.6805555555555556,2.986111111111111,1.0416666666666667,6.638888888888889,2.4722222222222223,3.8055555555555554,1.3194444444444444,1.0416666666666667,0.75,7.097222222222222,0.49412915851272016,15.763888888888888
1641767,Ben,Sheppard,1,0,0,65,7.061538461538461,1.7538461538461538,0.09230769230769231,0.6,3.0,0.6307692307692307,5.953846153846154,2.5846153846153848,3.5692307692307694,1.2923076923076924,0.7846153846153846,0.6,6.299076923076923,0.5605216881594373,15.7
1642461,Spencer,Jones,0,1,0,64,5.5,0.796875,0.453125,0.8125,3.265625,0.484375,4.09375,2.0625,2.25,0.890625,0.796875,0.484375,4.444375,0.6187596681198144,15.6875
1630570,Trendon,Watford,1,1,0,53,6.528301886792453,2.490566037735849,0.41509433962264153,0.3018867924528302,3.30188679245283,1.2075471698113207,5.056603773584905,2.6037735849056602,0.9433962264150944,0.18867924528301888,1.4528301886792452,1.1320754716981132,5.695849056603773,0.5730753941963694,15.669811320754718
1642883,Sion,James,1,0,0,82,5.378048780487805,1.9878048780487805,0.24390243902439024,0.6341463414634146,3.5,0.8048780487804879,4.536585365853658,1.6829268292682926,2.8780487804878048,1.0121951219512195,1.1951219512195121,1.0,5.062439024390244,0.531171709385238,15.512195121951219
1630579,Jericho,Sims,0,0,1,67,4.985074626865671,1.5522388059701493,0.2537313432835821,0.2835820895522388,5.522388059701493,1.1194029850746268,2.7611940298507465,2.1641791044776117,0.0,0.0,1.0597014925373134,0.6567164179104478,3.2274626865671645,0.7722900480947095,15.507462686567166
1631243,Mouhamed,Gueye,0,1,0,77,4.441558441558442,0.8961038961038961,0.5064935064935064,0.7922077922077922,3.5714285714285716,0.42857142857142855,3.7662337662337664,1.7012987012987013,1.6883116883116882,0.5194805194805194,0.8051948051948052,0.5194805194805194,4.120519480519481,0.5389561270801816,15.48051948051948
1630175,Cole,Anthony,1,0,0,35,6.685714285714286,3.4571428571428573,0.3142857142857143,0.5714285714285714,2.4857142857142858,1.8571428571428572,6.6,2.8,2.057142857142857,0.6285714285714286,0.7428571428571429,0.45714285714285713,6.926857142857142,0.48259363141395817,15.428571428571427
1642879,Ben,Saraf,1,0,0,44,7.545454545454546,3.2954545454545454,0.18181818181818182,0.8636363636363636,2.090909090909091,2.25,6.886363636363637,2.727272727272727,2.0454545454545454,0.4318181818181818,2.0,1.6590909090909092,7.766363636363637,0.4857778298021772,15.30681818181818
1641772,Nae'Qwan,Tomlin,0,1,0,64,5.84375,0.828125,0.53125,0.640625,2.90625,0.453125,4.90625,2.34375,1.796875,0.421875,0.953125,0.734375,5.325625,0.5486445252904589,15.2265625
1630208,Nick,Richards,0,0,1,47,5.872340425531915,0.3404255319148936,0.6808510638297872,0.2127659574468085,5.170212765957447,1.2553191489361701,4.276595744680851,2.1914893617021276,0.3829787234042553,0.10638297872340426,2.148936170212766,1.3829787234042554,5.2221276595744675,0.5622555410691005,15.202127659574469
1630557,Corey,Kispert,0,1,0,58,9.172413793103448,1.5862068965517242,0.15517241379310345,0.27586206896551724,2.2758620689655173,0.7758620689655172,6.793103448275862,3.1724137931034484,4.086206896551724,1.5,1.6724137931034482,1.3275862068965518,7.528965517241379,0.6091417055967757,15.137931034482756
1642857,Kasparas,Jakucionis,1,0,0,53,6.188679245283019,2.5849056603773586,0.1320754716981132,0.6226415094339622,2.6037735849056602,0.9433962264150944,4.490566037735849,1.9245283018867925,2.943396226415094,1.2452830188679245,1.2452830188679245,1.0943396226415094,5.038490566037736,0.6141402037147993,15.10377358490566
1627741,Buddy,Hield,1,0,0,51,7.647058823529412,1.392156862745098,0.17647058823529413,0.7647058823529411,2.2745098039215685,0.9411764705882353,6.411764705882353,2.803921568627451,4.1568627450980395,1.4509803921568627,0.7254901960784313,0.5882352941176471,6.730980392156863,0.5680494057329294,15.02941176470588
1630679,Ethan,Thompson,1,0,0,32,6.96875,1.78125,0.28125,0.625,2.15625,0.78125,6.125,2.3125,3.625,1.1875,1.46875,1.15625,6.77125,0.5145837179250508,14.9375
1642277,Johnny,Furphy,1,0,0,35,5.142857142857143,1.1714285714285715,0.2,0.5714285714285714,4.371428571428571,0.8285714285714286,4.257142857142857,2.0,2.0285714285714285,0.6571428571428571,1.0,0.4857142857142857,4.6971428571428575,0.5474452554744526,14.885714285714284
1630536,Sharife,Cooper,1,0,0,41,8.121951219512194,3.024390243902439,0.12195121951219512,0.3902439024390244,2.097560975609756,1.4878048780487805,6.024390243902439,3.097560975609756,1.853658536585366,0.7073170731707317,1.4634146341463414,1.2195121951219512,6.668292682926829,0.6089978054133138,14.878048780487806
1629026,Kenrich,Williams,1,1,0,56,6.482142857142857,1.4107142857142858,0.08928571428571429,0.5535714285714286,3.3392857142857144,0.7678571428571429,5.285714285714286,2.5,2.3035714285714284,0.8928571428571429,0.9285714285714286,0.5892857142857143,5.694285714285714,0.5691796287004516,14.64285714285714
203992,Bogdan,Bogdanovic,1,0,0,23,7.434782608695652,2.217391304347826,0.13043478260869565,0.43478260869565216,2.5652173913043477,1.173913043478261,6.608695652173913,2.5652173913043477,4.130434782608695,1.434782608695652,1.0869565217391304,0.8695652173913043,7.086956521739131,0.5245398773006135,14.521739130434783
1630264,Anthony,Gill,0,1,0,55,5.836363636363636,1.2545454545454546,0.38181818181818183,0.5636363636363636,2.8727272727272726,0.6545454545454545,3.909090909090909,2.4545454545454546,0.8727272727272727,0.3090909090909091,0.8363636363636363,0.6181818181818182,4.2770909090909095,0.6822819248427137,14.5
1631248,Baylor,Scheierman,1,0,0,77,5.545454545454546,1.5064935064935066,0.07792207792207792,0.5454545454545454,3.4935064935064934,0.5974025974025974,4.324675324675325,1.9610389610389611,3.155844155844156,1.2597402597402598,0.4025974025974026,0.36363636363636365,4.501818181818182,0.6159127625201939,14.344155844155843
1642275,Tidjane,Salaun,0,1,0,37,6.0,0.7297297297297297,0.1891891891891892,0.43243243243243246,4.027027027027027,0.7027027027027027,4.297297297297297,2.1621621621621623,2.2432432432432434,0.972972972972973,1.0810810810810811,0.7027027027027027,4.772972972972973,0.6285390713476784,14.216216216216216
1628418,Thomas,Bryant,0,1,1,60,6.166666666666667,0.55,0.45,0.3,3.4166666666666665,0.4666666666666667,4.45,2.25,2.183333333333333,0.7833333333333333,1.1,0.8833333333333333,4.934,0.6249155519524389,14.183333333333334
1642920,Kobe,Sanders,1,0,0,68,7.279411764705882,1.6029411764705883,0.14705882352941177,0.7205882352941176,2.25,1.1911764705882353,5.647058823529412,2.6323529411764706,2.8823529411764706,1.1764705882352942,1.0147058823529411,0.8382352941176471,6.093529411764706,0.5973066898349261,14.147058823529413
1642272,Jared,McCain,1,0,0,67,8.328358208955224,1.3432835820895523,0.07462686567164178,0.5223880597014925,2.044776119402985,0.835820895522388,7.164179104477612,3.044776119402985,3.8358208955223883,1.4776119402985075,0.8805970149253731,0.7611940298507462,7.551641791044776,0.5514269902759111,14.126865671641792
201144,Mike,Conley,1,0,0,54,4.537037037037037,2.9074074074074074,0.25925925925925924,0.6481481481481481,1.7222222222222223,0.6296296296296297,3.9814814814814814,1.3333333333333333,3.074074074074074,1.037037037037037,0.9259259259259259,0.8333333333333334,4.388888888888888,0.5168776371308018,13.85185185185185
1642382,Branden,Carlson,0,0,1,42,5.761904761904762,0.6904761904761905,0.6428571428571429,0.19047619047619047,2.9523809523809526,0.38095238095238093,4.428571428571429,2.3333333333333335,2.0476190476190474,0.7380952380952381,0.6190476190476191,0.35714285714285715,4.700952380952382,0.6128444084278767,13.797619047619047
1628975,Jevon,Carter,1,0,0,53,6.39622641509434,1.6415094339622642,0.18867924528301888,0.7547169811320755,1.679245283018868,0.6792452830188679,5.7924528301886795,2.3207547169811322,4.056603773584905,1.471698113207547,0.3584905660377358,0.2830188679245283,5.950188679245283,0.5374809741248098,13.79245283018868
203903,Jordan,Clarkson,1,0,0,72,8.63888888888889,1.3333333333333333,0.125,0.4166666666666667,1.7638888888888888,0.875,7.305555555555555,3.2916666666666665,2.9722222222222223,0.9722222222222222,1.3055555555555556,1.0833333333333333,7.88,0.5481528482797519,13.701388888888888
1631123,Jamaree,Bouyea,1,0,0,46,5.717391304347826,1.7826086956521738,0.34782608695652173,0.6304347826086957,1.7826086956521738,0.6521739130434783,5.130434782608695,2.347826086956522,1.6956521739130435,0.5,0.7608695652173914,0.5217391304347826,5.465217391304347,0.5230708035003978,13.673913043478262
1629021,Moritz,Wagner,0,1,1,36,6.861111111111111,0.75,0.05555555555555555,0.4166666666666667,3.1944444444444446,0.5277777777777778,5.416666666666667,2.3055555555555554,1.9444444444444444,0.6111111111111112,2.0,1.6388888888888888,6.296666666666667,0.5448208928886535,13.61111111111111
1631213,Tyrese,Martin,0,1,0,46,6.304347826086956,1.6956521739130435,0.13043478260869565,0.5434782608695652,2.5217391304347827,0.8695652173913043,6.021739130434782,2.369565217391304,3.5869565217391304,1.1521739130434783,0.6086956521739131,0.41304347826086957,6.289565217391304,0.5011751693626435,13.58695652173913
1627824,Guerschon,Yabusele,0,1,0,67,5.567164179104478,0.9402985074626866,0.23880597014925373,0.3880597014925373,3.4925373134328357,0.6119402985074627,4.656716417910448,1.8656716417910448,2.925373134328358,1.0298507462686568,1.0746268656716418,0.8059701492537313,5.12955223880597,0.5426559590316574,13.5
1641712,Rayan,Rupert,1,1,0,64,5.1875,1.0625,0.140625,0.859375,2.9375,0.859375,4.890625,1.921875,2.125,0.6875,0.84375,0.65625,5.261875,0.4929326523340064,13.46875
1630526,Jeremiah,Robinson-Earl,0,1,0,22,4.590909090909091,0.6818181818181818,0.045454545454545456,0.4090909090909091,4.681818181818182,0.5454545454545454,4.545454545454546,1.6818181818181819,1.8636363636363635,0.45454545454545453,0.8181818181818182,0.7727272727272727,4.905454545454546,0.4679392142327649,13.363636363636363
203939,Dwight,Powell,0,1,1,63,3.3333333333333335,1.0793650793650793,0.3333333333333333,0.5396825396825397,4.079365079365079,0.6507936507936508,1.6031746031746033,1.0317460317460319,0.1111111111111111,0.031746031746031744,1.7777777777777777,1.2380952380952381,2.3853968253968256,0.6986957678999202,13.261904761904761
1642348,Justin,Edwards,0,1,0,64,6.03125,1.25,0.171875,0.84375,1.46875,0.5625,5.0,2.234375,2.8125,1.046875,0.609375,0.515625,5.268125,0.5724285205836991,13.046875
1629234,Drew,Eubanks,0,1,1,42,5.214285714285714,0.4523809523809524,0.6190476190476191,0.35714285714285715,3.0238095238095237,0.7142857142857143,3.7142857142857144,2.2142857142857144,0.16666666666666666,0.023809523809523808,1.3571428571428572,0.7619047619047619,4.311428571428571,0.6047051027170312,12.904761904761905
1631321,Sidy,Cissoko,1,0,0,75,5.1066666666666665,1.4666666666666666,0.3333333333333333,0.6933333333333334,2.2133333333333334,0.9333333333333333,4.453333333333333,1.7733333333333334,2.64,0.7866666666666666,1.1733333333333333,0.7733333333333333,4.9696,0.5137905129856193,12.866666666666665
1641738,Kobe,Brown,0,1,0,61,5.786885245901639,1.3114754098360655,0.19672131147540983,0.3770491803278688,3.0327868852459017,0.8688524590163934,4.442622950819672,2.081967213114754,2.278688524590164,0.8524590163934426,0.9672131147540983,0.7704918032786885,4.868196721311476,0.5943561422413793,12.86065573770492
1642265,Rob,Dillingham,1,0,0,65,6.292307692307692,2.2,0.09230769230769231,0.7230769230769231,2.0153846153846153,1.5384615384615385,6.338461538461538,2.5076923076923077,2.046153846153846,0.6461538461538462,0.8461538461538461,0.6307692307692307,6.71076923076923,0.46882164144887667,12.800000000000002
1631124,Julian,Strawther,1,0,0,57,7.245614035087719,1.0701754385964912,0.10526315789473684,0.43859649122807015,2.0,0.631578947368421,5.5964912280701755,2.6140350877192984,2.6315789473684212,1.0175438596491229,1.2280701754385965,1.0,6.136842105263158,0.5903373356203545,12.76315789473684
1629006,Josh,Okogie,1,0,0,78,4.5256410256410255,0.8846153846153846,0.20512820512820512,0.8076923076923077,2.5641025641025643,0.5256410256410257,3.769230769230769,1.6025641025641026,2.0641025641025643,0.7948717948717948,0.8846153846153846,0.5256410256410257,4.158461538461538,0.5441484770008632,12.698717948717949
1630623,Tyson,Etienne,1,0,0,24,7.875,1.6666666666666667,0.0,0.4583333333333333,1.125,0.6666666666666666,6.041666666666667,2.4166666666666665,4.5,1.7916666666666667,1.5,1.25,6.701666666666667,0.5875404128326287,12.5625
1642962,Drake,Powell,1,1,0,63,6.476190476190476,1.4444444444444444,0.2222222222222222,0.5714285714285714,1.7619047619047619,0.9523809523809523,5.682539682539683,2.2857142857142856,2.888888888888889,0.8095238095238095,1.2222222222222223,1.0952380952380953,6.22031746031746,0.5205675206695928,12.555555555555554
1629018,Gary,Trent Jr.,1,0,0,65,8.138461538461538,1.2153846153846153,0.046153846153846156,0.5230769230769231,1.0307692307692307,0.6307692307692307,7.276923076923077,2.8153846153846156,5.2615384615384615,1.8923076923076922,0.8,0.6153846153846154,7.628923076923077,0.533395176252319,12.523076923076921
1631132,Christian,Koloko,0,0,1,27,2.7037037037037037,0.6666666666666666,0.8518518518518519,0.5185185185185185,3.0,0.5925925925925926,2.740740740740741,1.1481481481481481,0.3333333333333333,0.037037037037037035,0.5555555555555556,0.37037037037037035,2.9851851851851854,0.45285359801488834,12.500000000000002
1630702,Jaden,Hardy,1,0,0,57,9.175438596491228,1.0175438596491229,0.10526315789473684,0.2807017543859649,1.5087719298245614,1.087719298245614,7.526315789473684,3.192982456140351,4.5964912280701755,1.8245614035087718,1.3157894736842106,0.9649122807017544,8.105263157894736,0.5660173160173161,12.333333333333334
1630604,E.J.,Liddell,0,1,0,26,5.653846153846154,0.9230769230769231,0.38461538461538464,0.23076923076923078,2.6538461538461537,0.5769230769230769,4.269230769230769,2.076923076923077,2.0,0.6923076923076923,1.0,0.8076923076923077,4.7092307692307696,0.6002940215615812,12.326923076923078
1642869,Noah,Penda,1,1,0,59,3.847457627118644,1.1864406779661016,0.3050847457627119,0.5084745762711864,3.169491525423729,0.711864406779661,3.440677966101695,1.3898305084745763,1.576271186440678,0.5084745762711864,0.8135593220338984,0.559322033898305,3.7986440677966105,0.506425129394967,12.211864406779661
1631250,Pete,Nance,0,1,0,47,5.404255319148936,1.0212765957446808,0.2978723404255319,0.2978723404255319,2.6595744680851063,0.5531914893617021,4.127659574468085,2.127659574468085,2.5319148936170213,1.0638297872340425,0.23404255319148937,0.0851063829787234,4.23063829787234,0.6387044860189097,12.202127659574467
1629618,Jalen,Pickett,1,0,0,50,5.2,2.3,0.1,0.26,2.28,0.68,4.64,1.96,2.54,0.98,0.38,0.3,4.8072,0.5408553835912798,12.15
1628997,Caleb,Martin,0,1,0,58,3.913793103448276,1.396551724137931,0.25862068965517243,0.6896551724137931,2.4655172413793105,0.6896551724137931,3.2586206896551726,1.4655172413793103,0.9827586206896551,0.3448275862068966,1.0517241379310345,0.6379310344827587,3.721379310344828,0.5258524833209784,12.120689655172416
1642864,Hugo,Gonzalez,1,0,0,74,3.9054054054054053,0.5405405405405406,0.28378378378378377,0.5675675675675675,3.324324324324324,0.5135135135135135,3.324324324324324,1.5810810810810811,1.5675675675675675,0.5675675675675675,0.35135135135135137,0.17567567567567569,3.478918918918919,0.5612958359229335,12.08108108108108
201587,Nicolas,Batum,1,1,0,74,3.9594594594594597,0.8648648648648649,0.3108108108108108,0.6351351351351351,2.4864864864864864,0.5,3.2162162162162162,1.2972972972972974,3.081081081081081,1.2432432432432432,0.14864864864864866,0.12162162162162163,3.2816216216216216,0.603277878438478,11.770270270270272
1642880,Kam,Jones,1,0,0,37,4.378378378378378,3.2162162162162162,0.0,0.4864864864864865,1.6216216216216217,0.972972972972973,4.5675675675675675,1.837837837837838,2.027027027027027,0.5945945945945946,0.21621621621621623,0.10810810810810811,4.662702702702703,0.469510781358683,11.635135135135135
1641711,Gradey,Dick,1,1,0,76,5.9868421052631575,0.6710526315789473,0.09210526315789473,0.5921052631578947,1.9342105263157894,0.5657894736842105,5.052631578947368,2.1184210526315788,2.4473684210526314,0.7368421052631579,1.1578947368421053,1.013157894736842,5.562105263157894,0.5381813020439061,11.5
1642877,Micah,Peavy,1,1,0,61,4.295081967213115,1.0,0.14754098360655737,0.7049180327868853,1.9180327868852458,0.32786885245901637,4.508196721311475,1.7377049180327868,1.7704918032786885,0.45901639344262296,0.47540983606557374,0.36065573770491804,4.717377049180328,0.45524047817625796,11.426229508196721
1642949,Yanic Konan,Niederhauser,0,0,1,41,4.2926829268292686,0.2926829268292683,0.7317073170731707,0.12195121951219512,2.8536585365853657,0.5609756097560976,2.4390243902439024,1.5609756097560976,0.12195121951219512,0.024390243902439025,1.5121951219512195,1.146341463414634,3.104390243902439,0.6913890634820867,11.304878048780491
1630592,Jalen,Wilson,0,1,0,54,6.351851851851852,0.9259259259259259,0.037037037037037035,0.4074074074074074,2.111111111111111,0.7037037037037037,5.148148148148148,2.037037037037037,2.814814814814815,1.0,1.7777777777777777,1.2777777777777777,5.93037037037037,0.5355358481139146,11.277777777777779
1630534,Ochai,Agbaji,1,0,0,62,5.064516129032258,0.7580645161290323,0.27419354838709675,0.3870967741935484,2.274193548387097,0.5,4.516129032258065,1.967741935483871,2.064516129032258,0.5483870967741935,0.6935483870967742,0.5806451612903226,4.821290322580646,0.5252241402381908,11.258064516129032
1642354,KJ,Simpson,1,0,0,20,4.55,2.15,0.0,0.8,1.85,1.25,4.95,1.7,2.0,0.6,0.9,0.55,5.346,0.4255518144407033,11.25
1626204,Larry,Nance Jr.,0,1,1,35,3.742857142857143,0.9714285714285714,0.17142857142857143,0.6,2.657142857142857,0.5714285714285714,3.5428571428571427,1.4857142857142858,1.8,0.6,0.37142857142857144,0.17142857142857143,3.706285714285714,0.5049337033610855,11.128571428571428
1642854,Asa,Newell,0,1,0,44,5.159090909090909,0.5909090909090909,0.3409090909090909,0.36363636363636365,2.1818181818181817,0.5227272727272727,3.840909090909091,2.0681818181818183,1.7045454545454546,0.6590909090909091,0.6590909090909091,0.36363636363636365,4.130909090909091,0.624449823943662,11.090909090909092
1631133,Jabari,Walker,0,1,0,64,4.3125,0.53125,0.203125,0.359375,3.0,0.421875,3.328125,1.515625,1.484375,0.5,1.0625,0.78125,3.7956250000000002,0.5680882595093034,11.015625
1631207,Dalen,Terry,0,1,0,48,3.6666666666666665,1.375,0.3125,0.6041666666666666,1.7916666666666667,0.5416666666666666,3.2291666666666665,1.4166666666666667,1.375,0.5,0.625,0.3333333333333333,3.5041666666666664,0.5231866825208086,10.999999999999998
1642066,Myron,Gardner,0,1,0,45,3.6222222222222222,0.9777777777777777,0.17777777777777778,0.4444444444444444,2.7111111111111112,0.37777777777777777,2.7333333333333334,1.3111111111111111,1.4222222222222223,0.5777777777777777,0.5777777777777777,0.4222222222222222,2.9875555555555557,0.6062183873847069,10.88888888888889
1631218,Trayce,Jackson-Davis,0,1,0,53,3.4150943396226414,0.7358490566037735,0.4528301886792453,0.32075471698113206,2.7358490566037736,0.41509433962264153,2.339622641509434,1.3396226415094339,0.018867924528301886,0.018867924528301886,1.3962264150943395,0.7169811320754716,2.9539622641509435,0.5780531425651507,10.886792452830187
1642278,Tyler,Kolek,1,0,0,62,4.419354838709677,2.7419354838709675,0.06451612903225806,0.3548387096774194,1.5806451612903225,0.8870967741935484,4.0,1.7419354838709677,1.8387096774193548,0.7096774193548387,0.3225806451612903,0.22580645161290322,4.141935483870967,0.5334890965732088,10.806451612903226
1630544,Tre,Mann,1,0,0,53,5.490566037735849,1.6226415094339623,0.09433962264150944,0.4716981132075472,1.7358490566037736,1.0188679245283019,5.716981132075472,2.056603773584906,2.9245283018867925,0.9433962264150944,0.5094339622641509,0.4339622641509434,5.941132075471699,0.4620807926829268,10.754716981132077
1631204,Marcus,Sasser,1,0,0,38,5.184210526315789,1.9736842105263157,0.10526315789473684,0.5263157894736842,1.0263157894736843,0.8157894736842105,4.657894736842105,1.8157894736842106,2.789473684210526,1.1578947368421053,0.47368421052631576,0.39473684210526316,4.866315789473684,0.5326627730910665,10.578947368421051
1642866,Joan,Beringer,0,1,0,40,3.9,0.3,0.65,0.175,2.3,0.275,2.45,1.625,0.0,0.0,0.925,0.65,2.857,0.6825341267063353,10.549999999999999
1630192,Zeke,Nnaji,0,1,1,52,3.6538461538461537,0.5576923076923077,0.46153846153846156,0.3269230769230769,2.6153846153846154,0.5192307692307693,2.9038461538461537,1.3653846153846154,1.0384615384615385,0.2692307692307692,0.8461538461538461,0.6538461538461539,3.276153846153846,0.5576426391171637,10.528846153846155
1642502,Malevy,Leons,0,1,0,25,3.32,0.92,0.36,0.56,2.12,0.52,2.88,1.28,0.64,0.16,0.76,0.6,3.2144,0.5164260826281732,10.52
1631104,Blake,Wesley,1,0,0,31,4.774193548387097,2.0,0.16129032258064516,0.5161290322580645,1.2580645161290323,1.0,4.0,1.8064516129032258,1.1612903225806452,0.3225806451612903,1.5161290322580645,0.8387096774193549,4.667096774193548,0.5114735969035112,10.370967741935484
1641740,Jaylen,Clark,1,0,0,68,4.044117647058823,0.6323529411764706,0.1323529411764706,0.6911764705882353,1.7647058823529411,0.3382352941176471,3.3529411764705883,1.4558823529411764,1.4852941176470589,0.4852941176470588,0.9852941176470589,0.6470588235294118,3.7864705882352943,0.5340220599658225,10.257352941176471
1628371,Jonathan,Isaac,0,1,0,52,2.576923076923077,0.4230769230769231,0.5961538461538461,0.38461538461538464,2.5384615384615383,0.34615384615384615,2.0961538461538463,0.8846153846153846,0.7307692307692307,0.1346153846153846,1.1153846153846154,0.6730769230769231,2.586923076923077,0.4980672019030628,10.250000000000002
1642868,Carter,Bryant,0,1,0,71,4.197183098591549,0.6619718309859155,0.323943661971831,0.22535211267605634,2.507042253521127,0.4647887323943662,3.732394366197183,1.5211267605633803,2.183098591549296,0.7323943661971831,0.5915492957746479,0.4225352112676056,3.992676056338028,0.5256102723296177,10.218309859154932
1642853,Rasheer,Fleming,0,1,0,55,4.327272727272727,0.2909090909090909,0.38181818181818183,0.4,2.2545454545454544,0.5272727272727272,3.909090909090909,1.5818181818181818,2.3636363636363638,0.8181818181818182,0.6181818181818182,0.34545454545454546,4.181090909090909,0.5174813010958427,10.218181818181817
1643007,Taelon,Peter,1,0,0,38,4.5,1.0526315789473684,0.10526315789473684,0.6842105263157895,1.5526315789473684,0.7105263157894737,4.157894736842105,1.5789473684210527,3.289473684210526,1.0789473684210527,0.42105263157894735,0.2631578947368421,4.3431578947368426,0.5180562287930198,10.144736842105264
1641724,Jett,Howard,1,0,0,55,5.472727272727273,0.8181818181818182,0.2,0.18181818181818182,1.5818181818181818,0.2727272727272727,4.5636363636363635,1.9090909090909092,2.6363636363636362,0.9818181818181818,0.7090909090909091,0.6727272727272727,4.875636363636364,0.5612321002386634,10.054545454545455
1642878,Tyrese,Proctor,1,0,0,50,5.44,1.48,0.0,0.5,1.28,0.8,4.5,1.86,2.62,0.92,0.9,0.8,4.896,0.5555555555555556,9.98
1642950,Lachlan,Olbrich,0,0,1,37,2.4054054054054053,1.135135135135135,0.21621621621621623,0.32432432432432434,3.027027027027027,0.43243243243243246,2.081081081081081,0.972972972972973,0.5135135135135135,0.05405405405405406,1.0810810810810811,0.40540540540540543,2.556756756756757,0.47040169133192383,9.945945945945947
1631288,Jamal,Cain,0,1,0,40,5.375,0.725,0.1,0.275,1.95,0.475,3.8,1.85,1.825,0.7,1.15,0.975,4.306,0.6241291221551324,9.937500000000002
1631199,Ron,Harper Jr.,1,1,0,29,4.241379310344827,0.7586206896551724,0.3103448275862069,0.3448275862068966,1.6551724137931034,0.27586206896551724,3.793103448275862,1.5862068965517242,2.7586206896551726,0.9655172413793104,0.13793103448275862,0.10344827586206896,3.8537931034482757,0.550286327845383,9.93103448275862
1626145,Tyus,Jones,1,0,0,67,2.970149253731343,2.373134328358209,0.04477611940298507,0.5522388059701493,1.1343283582089552,0.373134328358209,3.253731343283582,1.1343283582089552,2.044776119402985,0.5970149253731343,0.13432835820895522,0.1044776119402985,3.3128358208955224,0.4482789691836367,9.873134328358207
1631110,Jeremy,Sochan,0,1,0,44,3.590909090909091,0.9090909090909091,0.1590909090909091,0.38636363636363635,2.4318181818181817,0.4772727272727273,2.9318181818181817,1.4545454545454546,1.0227272727272727,0.25,0.5909090909090909,0.4318181818181818,3.1918181818181814,0.5625178011962404,9.829545454545453
1642863,Khaman,Maluach,0,0,1,46,3.0217391304347827,0.13043478260869565,0.717391304347826,0.10869565217391304,2.891304347826087,0.5434782608695652,2.282608695652174,1.2173913043478262,0.45652173913043476,0.10869565217391304,0.6739130434782609,0.4782608695652174,2.5791304347826087,0.5858057990559676,9.771739130434783
1630182,Josh,Green,1,0,0,58,4.293103448275862,0.8103448275862069,0.10344827586206896,0.603448275862069,1.7586206896551724,0.603448275862069,3.1206896551724137,1.4310344827586208,2.3793103448275863,1.0,0.4827586206896552,0.43103448275862066,3.333103448275862,0.6440099317194289,9.767241379310345
1627827,Dorian,Finney-Smith,0,1,0,37,3.324324324324324,0.972972972972973,0.16216216216216217,0.43243243243243246,2.5135135135135136,0.5945945945945946,3.5675675675675675,1.1891891891891893,2.7027027027027026,0.7297297297297297,0.24324324324324326,0.21621621621621623,3.6745945945945944,0.45233892321270963,9.743243243243244
1628396,Tony,Bradley,0,1,1,40,4.05,0.55,0.175,0.15,2.9,0.45,2.925,1.6,0.1,0.05,1.075,0.8,3.3979999999999997,0.5959387875220719,9.624999999999996
1642352,Keshad,Johnson,0,1,0,32,4.25,0.25,0.25,0.46875,1.9375,0.40625,3.25,1.59375,1.375,0.40625,0.90625,0.65625,3.64875,0.5823912298732442,9.59375
1630639,A.J.,Lawson,1,0,0,24,4.208333333333333,0.2916666666666667,0.16666666666666666,0.5,1.7916666666666667,0.25,3.25,1.4166666666666667,1.875,0.7916666666666666,0.75,0.5833333333333334,3.58,0.5877560521415269,9.499999999999998
1628988,Aaron,Holiday,1,0,0,57,5.473684210526316,1.0526315789473684,0.08771929824561403,0.47368421052631576,1.0175438596491229,0.6666666666666666,4.421052631578948,1.8421052631578947,2.982456140350877,1.1754385964912282,0.7192982456140351,0.6140350877192983,4.737543859649123,0.5776921937490742,9.491228070175438
1641722,Jordan,Hawkins,1,0,0,51,5.0588235294117645,0.8235294117647058,0.19607843137254902,0.2549019607843137,1.7254901960784315,0.6666666666666666,5.03921568627451,1.8431372549019607,2.6470588235294117,0.9215686274509803,0.5294117647058824,0.45098039215686275,5.272156862745098,0.47976792621243675,9.352941176470589
1629216,Gabe,Vincent,1,0,0,53,4.3584905660377355,1.4339622641509433,0.05660377358490566,0.5094339622641509,1.0188679245283019,0.5094339622641509,4.0754716981132075,1.4339622641509433,3.2641509433962264,1.1132075471698113,0.4339622641509434,0.37735849056603776,4.266415094339623,0.5107907305855298,9.283018867924529
203926,Doug,McDermott,0,1,0,29,5.655172413793103,0.7586206896551724,0.13793103448275862,0.20689655172413793,1.2758620689655173,0.4482758620689655,4.793103448275862,1.8620689655172413,4.241379310344827,1.6551724137931034,0.3103448275862069,0.27586206896551724,4.929655172413793,0.5735870173475098,9.189655172413792
1642862,Liam,McNeeley,0,1,0,31,4.258064516129032,0.7741935483870968,0.0967741935483871,0.16129032258064516,2.3548387096774195,0.41935483870967744,3.064516129032258,1.2258064516129032,1.935483870967742,0.7741935483870968,1.2580645161290323,1.032258064516129,3.6180645161290323,0.5884450784593438,9.14516129032258
1631103,Malaki,Branham,0,1,0,28,4.571428571428571,0.8214285714285714,0.10714285714285714,0.35714285714285715,1.5714285714285714,0.5357142857142857,3.25,1.5357142857142858,1.3214285714285714,0.5,1.2142857142857142,1.0,3.7842857142857143,0.604001510003775,8.946428571428573
1641733,Nick,Smith Jr.,1,0,0,30,6.166666666666667,1.0333333333333334,0.06666666666666667,0.3,0.7666666666666667,0.7,5.366666666666666,2.3333333333333335,2.8666666666666667,1.1333333333333333,0.5,0.36666666666666664,5.586666666666666,0.5519093078758951,8.933333333333334
1630545,Terrence,Shannon Jr.,1,1,0,43,5.604651162790698,0.8837209302325582,0.023255813953488372,0.32558139534883723,1.1395348837209303,0.5581395348837209,3.9767441860465116,1.7906976744186047,1.7674418604651163,0.7209302325581395,1.627906976744186,1.302325581395349,4.693023255813953,0.5971258671952429,8.918604651162791
1630811,Keaton,Wallace,1,0,0,53,3.509433962264151,1.7735849056603774,0.09433962264150944,0.4528301886792453,1.0566037735849056,0.5283018867924528,3.2264150943396226,1.2830188679245282,1.9245283018867925,0.7169811320754716,0.33962264150943394,0.22641509433962265,3.3758490566037733,0.5197853789403086,8.88679245283019
1630574,Ariel,Hukporti,0,0,1,54,2.1666666666666665,0.5370370370370371,0.48148148148148145,0.16666666666666666,2.9444444444444446,0.5925925925925926,1.4814814814814814,0.8333333333333334,0.07407407407407407,0.018518518518518517,0.6111111111111112,0.48148148148148145,1.7503703703703704,0.6189166314007617,8.796296296296296
1642859,Jase,Richardson,1,0,0,54,4.425925925925926,1.0740740740740742,0.037037037037037035,0.35185185185185186,1.1666666666666667,0.46296296296296297,3.4814814814814814,1.6481481481481481,1.462962962962963,0.5185185185185185,0.8518518518518519,0.6111111111111112,3.8562962962962963,0.5738570879754129,8.416666666666666
203482,Kelly,Olynyk,0,1,1,41,3.2439024390243905,1.1951219512195121,0.07317073170731707,0.36585365853658536,1.853658536585366,0.5853658536585366,2.341463414634146,1.146341463414634,1.146341463414634,0.2926829268292683,0.926829268292683,0.6585365853658537,2.7492682926829266,0.5899574166075231,8.402439024390246
203914,Gary,Harris,1,0,0,48,2.6666666666666665,1.0625,0.1875,0.5625,1.2708333333333333,0.3958333333333333,2.1666666666666665,0.9583333333333334,1.4166666666666667,0.5833333333333334,0.1875,0.16666666666666666,2.2491666666666665,0.5928121526491293,8.375
203486,Mason,Plumlee,0,1,1,20,1.55,1.0,0.0,0.5,2.65,0.6,0.7,0.55,0.0,0.0,0.7,0.45,1.008,0.7688492063492064,7.824999999999998
1628467,Maxi,Kleber,0,1,0,43,2.0,0.627906976744186,0.2558139534883721,0.4186046511627907,1.9534883720930232,0.3953488372093023,1.697674418604651,0.7674418604651163,0.6046511627906976,0.13953488372093023,0.6046511627906976,0.32558139534883723,1.963720930232558,0.5092373282804359,7.779069767441861
1642261,Dalton,Knecht,0,1,0,54,4.222222222222222,0.3888888888888889,0.2037037037037037,0.2037037037037037,1.3888888888888888,0.42592592592592593,3.537037037037037,1.6111111111111112,2.0555555555555554,0.7037037037037037,0.4074074074074074,0.2962962962962963,3.7162962962962967,0.568068566872633,7.666666666666665
1631120,JD,Davison,1,0,0,28,2.4642857142857144,1.25,0.21428571428571427,0.21428571428571427,1.2142857142857142,0.25,2.2857142857142856,0.8571428571428571,1.1428571428571428,0.2857142857142857,0.6785714285714286,0.4642857142857143,2.584285714285714,0.47678275290215594,7.374999999999999
1642885,Mohamed,Diawara,0,1,0,69,3.5652173913043477,0.7681159420289855,0.08695652173913043,0.2463768115942029,1.3623188405797102,0.43478260869565216,3.0869565217391304,1.3043478260869565,1.8840579710144927,0.6956521739130435,0.34782608695652173,0.2608695652173913,3.2399999999999998,0.5501878690284487,7.22463768115942
1641747,DaRon,Holmes II,0,1,0,25,3.72,0.64,0.24,0.04,1.4,0.48,2.44,1.24,1.8,0.8,0.56,0.44,2.6864,0.6923764145324599,6.94
1630587,Isaiah,Livers,0,1,0,36,1.8055555555555556,0.5833333333333334,0.2222222222222222,0.3611111111111111,1.6944444444444444,0.3333333333333333,1.7777777777777777,0.6111111111111112,1.1111111111111112,0.3333333333333333,0.3333333333333333,0.25,1.9244444444444444,0.46911085450346424,6.888888888888888
1629599,Amir,Coffey,1,1,0,46,3.239130434782609,0.5869565217391305,0.10869565217391304,0.1956521739130435,1.2391304347826086,0.1956521739130435,2.4565217391304346,1.1956521739130435,1.065217391304348,0.3695652173913043,0.6086956521739131,0.4782608695652174,2.7243478260869565,0.5944781359719119,6.804347826086956
1641763,Julian,Phillips,0,1,0,48,2.9166666666666665,0.20833333333333334,0.14583333333333334,0.4583333333333333,1.0208333333333333,0.22916666666666666,2.5208333333333335,1.0625,1.3541666666666667,0.4166666666666667,0.4791666666666667,0.375,2.731666666666667,0.533862111043319,6.718749999999999
1641748,Andre,Jackson Jr.,1,0,0,48,2.3541666666666665,0.8958333333333334,0.08333333333333333,0.3958333333333333,1.5,0.6458333333333334,2.4791666666666665,0.8125,1.25,0.3125,0.6666666666666666,0.4166666666666667,2.7725,0.4245566576495341,6.572916666666665
1642964,Brooks,Barnhizer,1,0,0,40,1.7,0.55,0.125,0.275,1.95,0.25,1.775,0.675,0.6,0.175,0.25,0.175,1.885,0.4509283819628647,6.550000000000001
1642355,Bronny,James,1,0,0,42,2.9047619047619047,1.2142857142857142,0.09523809523809523,0.4523809523809524,0.5476190476190477,0.5952380952380952,2.738095238095238,1.119047619047619,1.3571428571428572,0.5238095238095238,0.16666666666666666,0.14285714285714285,2.8114285714285714,0.5165989159891599,6.547619047619047
1631166,Drew,Timme,0,1,0,27,3.4074074074074074,0.8518518518518519,0.0,0.2222222222222222,1.2222222222222223,0.48148148148148145,2.4444444444444446,1.4074074074074074,0.9259259259259259,0.4074074074074074,0.3333333333333333,0.18518518518518517,2.591111111111111,0.657518582046884,6.444444444444444
1642358,AJ,Johnson,1,0,0,48,3.3333333333333335,0.9791666666666666,0.0625,0.22916666666666666,1.1458333333333333,0.625,3.6666666666666665,1.1875,1.1875,0.25,0.8333333333333334,0.7083333333333334,4.033333333333333,0.4132231404958678,6.437500000000001
1630256,Jae'Sean,Tate,0,1,0,46,2.8043478260869565,0.5434782608695652,0.06521739130434782,0.21739130434782608,1.5869565217391304,0.34782608695652173,2.369565217391304,1.2173913043478262,0.6956521739130435,0.21739130434782608,0.2391304347826087,0.15217391304347827,2.474782608695652,0.5665846802529867,6.434782608695652
1642353,Cam,Christie,1,0,0,55,2.8363636363636364,0.5636363636363636,0.05454545454545454,0.2909090909090909,1.4181818181818182,0.4,2.5272727272727273,0.9636363636363636,0.8909090909090909,0.21818181818181817,0.9090909090909091,0.6909090909090909,2.9272727272727272,0.484472049689441,6.390909090909091
1641755,Kevin,McCullar Jr.,1,0,0,21,2.380952380952381,0.9523809523809523,0.0,0.42857142857142855,1.3333333333333333,0.5714285714285714,2.238095238095238,0.9523809523809523,1.1428571428571428,0.38095238095238093,0.23809523809523808,0.09523809523809523,2.342857142857143,0.5081300813008129,6.380952380952381
1641871,Duop,Reath,0,0,1,32,2.9375,0.3125,0.25,0.15625,1.1875,0.21875,2.3125,1.03125,1.71875,0.71875,0.1875,0.15625,2.395,0.6132567849686847,6.375
1642367,Jonathan,Mogbo,0,1,0,40,1.525,0.625,0.2,0.275,1.7,0.35,1.1,0.65,0.025,0.0,0.35,0.225,1.254,0.6080542264752791,6.212499999999999
1642873,Amari,Williams,0,1,1,22,1.3636363636363635,0.45454545454545453,0.45454545454545453,0.13636363636363635,1.8181818181818181,0.5,0.9090909090909091,0.45454545454545453,0.0,0.0,0.6363636363636364,0.45454545454545453,1.189090909090909,0.573394495412844,6.136363636363637
1641816,Hunter,Tyson,0,1,0,21,2.1904761904761907,0.8095238095238095,0.047619047619047616,0.09523809523809523,1.7142857142857142,0.23809523809523808,2.4761904761904763,0.6666666666666666,1.5714285714285714,0.3333333333333333,0.6190476190476191,0.5238095238095238,2.7485714285714287,0.3984753984753985,6.071428571428572
1626192,Pat,Connaughton,1,0,0,42,2.619047619047619,0.42857142857142855,0.023809523809523808,0.2619047619047619,1.4523809523809523,0.2619047619047619,2.0238095238095237,0.9047619047619048,1.2380952380952381,0.5,0.47619047619047616,0.30952380952380953,2.2333333333333334,0.5863539445628998,6.059523809523808
1642419,Jamison,Battle,0,1,0,61,3.1475409836065573,0.39344262295081966,0.04918032786885246,0.11475409836065574,1.459016393442623,0.3114754098360656,2.377049180327869,1.2131147540983607,1.3934426229508197,0.5737704918032787,0.22950819672131148,0.14754098360655737,2.478032786885246,0.6350886477904207,5.959016393442623
1642918,Alijah,Martin,1,0,0,23,2.217391304347826,0.5217391304347826,0.17391304347826086,0.34782608695652173,0.9130434782608695,0.34782608695652173,2.1739130434782608,0.6956521739130435,0.9130434782608695,0.17391304347826086,0.8260869565217391,0.6521739130434783,2.537391304347826,0.43694311172035644,5.7608695652173925
1629162,Jordan,McLaughlin,1,0,0,44,2.022727272727273,0.8636363636363636,0.045454545454545456,0.45454545454545453,0.7272727272727273,0.3409090909090909,1.7954545454545454,0.75,0.9090909090909091,0.38636363636363635,0.1590909090909091,0.13636363636363635,1.8654545454545455,0.5421539961013646,5.7272727272727275
1630214,Xavier,Tillman,0,1,0,30,1.4666666666666666,0.43333333333333335,0.16666666666666666,0.3,1.4333333333333333,0.26666666666666666,1.5333333333333334,0.6666666666666666,0.6,0.1,0.13333333333333333,0.03333333333333333,1.592,0.4606365159128978,5.6000000000000005
204060,Joe,Ingles,1,1,0,27,1.5185185185185186,1.2592592592592593,0.07407407407407407,0.3333333333333333,0.7037037037037037,0.5185185185185185,1.0,0.5925925925925926,0.5925925925925926,0.25925925925925924,0.07407407407407407,0.07407407407407407,1.0325925925925925,0.7352941176470589,5.055555555555556
203648,Thanasis,Antetokounmpo,0,1,0,34,1.3823529411764706,0.4411764705882353,0.17647058823529413,0.38235294117647056,0.8823529411764706,0.29411764705882354,0.9411764705882353,0.4411764705882353,0.11764705882352941,0.0,0.8823529411764706,0.5,1.3294117647058823,0.5199115044247787,5.014705882352941
1642905,Hansen,Yang,0,0,1,43,2.2093023255813953,0.5116279069767442,0.23255813953488372,0.06976744186046512,1.5348837209302326,0.7441860465116279,2.3255813953488373,0.7209302325581395,0.9767441860465116,0.11627906976744186,0.7906976744186046,0.6511627906976745,2.6734883720930234,0.4131871955462769,5.0
1642876,Adou,Thiero,1,0,0,25,1.88,0.4,0.08,0.28,1.12,0.36,1.24,0.64,0.12,0.04,0.88,0.56,1.6272,0.5776794493608652,4.880000000000001
1642404,Chaz,Lanier,1,0,0,34,2.3529411764705883,0.5,0.0,0.20588235294117646,0.6764705882352942,0.08823529411764706,2.6176470588235294,0.8235294117647058,1.9705882352941178,0.5588235294117647,0.17647058823529413,0.14705882352941177,2.695294117647059,0.4364906154517678,4.76470588235294
1642959,Chris,Youngblood,1,0,0,34,2.088235294117647,0.35294117647058826,0.08823529411764706,0.11764705882352941,0.8235294117647058,0.058823529411764705,1.8529411764705883,0.6470588235294118,1.588235294117647,0.5294117647058824,0.29411764705882354,0.2647058823529412,1.9823529411764707,0.526706231454006,4.5588235294117645
1630322,Lindy,Waters III,0,1,0,40,2.375,0.475,0.025,0.15,0.725,0.175,2.2,0.825,1.975,0.675,0.075,0.05,2.233,0.5317957904164801,4.5249999999999995
1628502,Nigel,Hayes-Davis,0,1,0,27,1.2592592592592593,0.25925925925925924,0.07407407407407407,0.2962962962962963,1.2222222222222223,0.2962962962962963,1.7037037037037037,0.5555555555555556,0.5925925925925926,0.07407407407407407,0.14814814814814814,0.07407407407407407,1.768888888888889,0.3559463986599665,4.370370370370369
201145,Jeff,Green,0,1,0,30,2.2333333333333334,0.26666666666666666,0.06666666666666667,0.06666666666666667,0.8333333333333334,0.13333333333333333,2.2666666666666666,0.8333333333333334,1.4666666666666666,0.4,0.16666666666666666,0.16666666666666666,2.34,0.47720797720797725,4.15
1642359,Pacome,Dadiet,0,1,0,29,1.6551724137931034,0.41379310344827586,0.034482758620689655,0.10344827586206896,0.9310344827586207,0.10344827586206896,1.6551724137931034,0.5517241379310345,1.103448275862069,0.2413793103448276,0.3793103448275862,0.3103448275862069,1.8220689655172413,0.45420136260408783,4.017241379310345
1630548,Johnny,Juzang,1,0,0,21,2.0476190476190474,0.2857142857142857,0.047619047619047616,0.09523809523809523,0.8095238095238095,0.23809523809523808,1.8095238095238095,0.7619047619047619,1.1428571428571428,0.2857142857142857,0.38095238095238093,0.23809523809523808,1.977142857142857,0.5178227360308285,3.7857142857142856
202687,Bismack,Biyombo,0,0,1,25,0.92,0.2,0.08,0.16,1.04,0.32,0.6,0.36,0.0,0.0,0.28,0.2,0.7232,0.6360619469026549,3.1
202066,Garrett,Temple,1,1,0,22,0.7727272727272727,0.4090909090909091,0.09090909090909091,0.18181818181818182,0.4090909090909091,0.3181818181818182,0.6818181818181818,0.18181818181818182,0.5454545454545454,0.13636363636363635,0.4090909090909091,0.2727272727272727,0.8618181818181818,0.4483122362869198,2.454545454545455
