personId,firstName,lastName,gamesPlayed,points,assists,reboundsTotal,blocks,steals,turnovers,fieldGoalsAttempted,fieldGoalsMade,threePointersAttempted,threePointersMade,freeThrowsAttempted,freeThrowsMade,guard,forward,center,trueShootingAttempts,ts,fantasyPoints,br_id
203999,Nikola,Jokic,425,26.865882352941178,9.265882352941176,12.364705882352942,0.7576470588235295,1.44,3.4,17.512941176470587,10.230588235294118,3.543529411764706,1.343529411764706,6.143529411764706,5.061176470588236,0,0,1,20.216094117647057,0.6644676809624016,61.30235294117648,
203507,Giannis,Antetokounmpo,361,29.861495844875343,6.047091412742383,11.490304709141274,1.0914127423822717,1.0138504155124657,3.390581717451524,18.925207756232687,11.005540166204986,2.3795013850415514,0.6731301939058172,10.822714681440443,7.177285318559557,0,1,0,23.68720221606648,0.6303297361268986,57.80747922437672,
1641705,Victor,Wembanyama,177,23.45762711864407,3.564971751412429,11.05084745762712,3.4971751412429377,1.1412429378531073,3.0847457627118646,17.192090395480225,8.338983050847459,6.344632768361582,2.180790960451977,5.627118644067797,4.598870056497175,0,1,1,19.668022598870056,0.5963392354448416,57.76553672316384,
1629029,Luka,Doncic,375,30.842666666666663,8.576,8.514666666666667,0.5226666666666666,1.3733333333333333,3.994666666666667,21.890666666666668,10.418666666666669,9.402666666666669,3.3946666666666667,8.693333333333333,6.610666666666667,1,1,0,25.715733333333336,0.5996847584876702,56.07333333333334,
203954,Joel,Embiid,277,30.335740072202167,4.097472924187725,10.234657039711191,1.4548736462093863,0.9638989169675092,3.249097472924188,19.28158844765343,9.92057761732852,3.487364620938628,1.2418772563176896,10.884476534296027,9.252707581227437,0,1,1,24.070758122743683,0.6301367808506809,55.01083032490975,
203076,Anthony,Davis,273,24.124542124542124,3.1575091575091574,11.252747252747254,2.0805860805860807,1.164835164835165,2.117216117216117,17.227106227106226,9.227106227106226,1.8644688644688645,0.4835164835164835,6.710622710622711,5.186813186813187,0,1,1,20.17978021978022,0.5977404575718631,54.48717948717949,
1628983,Shai,Gilgeous-Alexander,376,29.5718085106383,6.1063829787234045,4.909574468085107,0.8670212765957447,1.5319148936170213,2.5106382978723403,19.742021276595743,10.175531914893616,4.35904255319149,1.574468085106383,8.75,7.64627659574468,1,0,0,23.592021276595744,0.6267332536694249,50.67021276595745,
2544,LeBron,James,350,25.748571428571427,7.457142857142857,7.537142857142857,0.6428571428571429,1.12,3.454285714285714,18.86285714285714,9.751428571428573,5.911428571428571,2.105714285714286,5.52,4.14,0,1,0,21.29165714285714,0.6046633959914548,48.38285714285714,
1628369,Jayson,Tatum,371,27.2533692722372,4.889487870619946,8.283018867924529,0.5795148247978437,1.0700808625336926,2.7601078167115904,20.27493261455525,9.299191374663073,8.789757412398922,3.164420485175202,6.509433962264151,5.490566037735849,1,1,0,23.13908355795148,0.5889033851315146,48.09029649595688,
1627734,Domantas,Sabonis,369,19.18157181571816,6.612466124661246,12.78048780487805,0.4607046070460704,0.9051490514905148,3.116531165311653,12.831978319783198,7.457994579945799,1.7181571815718155,0.6016260162601627,5.008130081300813,3.663956639566396,0,1,1,15.035555555555556,0.6378737302005003,47.50135501355014,
201142,Kevin,Durant,348,27.353448275862068,5.077586206896552,6.416666666666667,1.1522988505747127,0.8275862068965517,3.2586206896551726,18.474137931034484,9.744252873563218,5.531609195402299,2.272988505747126,6.359195402298851,5.591954022988506,0,1,0,21.272183908045974,0.6429393520219594,45.9971264367816,
1626157,Karl-Anthony,Towns,358,22.818435754189945,3.5195530726256985,10.53631284916201,0.8044692737430168,0.8603351955307262,2.82122905027933,15.768156424581006,8.044692737430168,5.0,1.9832402234636872,5.611731843575419,4.745810055865922,0,1,1,18.23731843575419,0.6255973386266725,44.918994413407816,
202695,Kawhi,Leonard,269,24.695167286245358,3.907063197026022,6.304832713754647,0.5539033457249071,1.6059479553903346,1.884758364312268,17.635687732342006,9.026022304832711,5.394052044609666,2.171003717472119,5.096654275092937,4.472118959107807,0,1,0,19.8782156133829,0.621161571203088,44.88289962825278,
202681,Kyrie,Irving,247,26.307692307692307,5.388663967611336,4.886639676113361,0.5951417004048583,1.279352226720648,2.194331983805668,19.88663967611336,9.757085020242917,7.550607287449393,3.020242914979757,4.133603238866397,3.7732793522267207,1,0,0,21.705425101214576,0.6060165185666002,44.82995951417004,
201935,James,Harden,383,21.61618798955613,9.365535248041777,6.088772845953002,0.6214099216710183,1.2323759791122717,3.6971279373368144,15.02088772845953,6.4255874673629245,7.5744125326370755,2.751958224543081,6.877284595300261,6.013054830287206,1,0,0,18.046892950391644,0.5988894611658633,44.81853785900783,
203081,Damian,Lillard,280,27.007142857142856,7.2214285714285715,4.453571428571428,0.2535714285714285,0.9571428571428572,2.935714285714285,18.810714285714287,8.285714285714286,9.839285714285714,3.6035714285714286,7.460714285714285,6.832142857142857,1,0,0,22.09342857142857,0.6112030726654338,43.49107142857142,
1628389,Bam,Adebayo,413,19.242130750605327,3.8958837772397095,9.699757869249394,0.8135593220338984,1.2179176755447942,2.2711864406779663,14.150121065375302,7.271186440677966,1.665859564164649,0.5423728813559322,5.3559322033898304,4.157384987893463,0,1,1,16.506731234866827,0.5828570925647766,43.219128329297824,
201939,Stephen,Curry,367,27.28882833787466,5.730245231607629,4.888283378746594,0.3405994550408719,1.0735694822888284,3.0381471389645776,19.534059945504087,9.024523160762945,11.71117166212534,4.732970027247957,4.893732970027248,4.506811989100817,1,0,0,21.687302452316075,0.6291429835009373,42.79700272479564,
1628378,Donovan,Mitchell,382,26.42408376963351,5.2539267015706805,4.471204188481676,0.3141361256544502,1.4293193717277486,2.667539267015707,19.9869109947644,9.196335078534032,9.096858638743456,3.369109947643979,5.465968586387435,4.662303664921466,1,0,0,22.391937172774867,0.5900356803823367,42.65052356020942,
1629027,Trae,Young,353,25.688385269121813,10.240793201133144,3.2691218130311617,0.1501416430594901,1.065155807365439,4.178470254957508,18.543909348441925,8.06515580736544,7.441926345609065,2.640226628895184,7.858356940509915,6.917847025495751,1,0,0,22.001586402266287,0.5837848416802291,42.45750708215297,
1630595,Cade,Cunningham,268,22.529850746268657,7.955223880597015,5.451492537313433,0.667910447761194,1.1343283582089552,3.776119402985074,18.61567164179105,8.384328358208956,5.686567164179104,1.9328358208955223,4.567164179104478,3.828358208955224,1,0,0,20.625223880597016,0.5461722713095832,42.296641791044784,
1627749,Dejounte,Murray,328,19.65548780487805,6.823170731707317,6.414634146341464,0.2652439024390244,1.646341463414634,2.432926829268293,17.08231707317073,7.768292682926829,5.0182926829268295,1.6859756097560976,3.0213414634146343,2.432926829268293,1,0,0,18.41170731707317,0.5337768916913948,42.29268292682927,
202696,Nikola,Vucevic,434,18.474654377880185,3.403225806451613,10.502304147465438,0.7557603686635944,0.7880184331797235,1.663594470046083,15.433179723502304,7.652073732718894,4.642857142857143,1.6589861751152073,1.852534562211981,1.5115207373271888,0,0,1,16.248294930875577,0.5685105562299341,42.18087557603687,
202710,Jimmy,Butler III,323,20.730650154798763,5.547987616099071,5.826625386996904,0.3374613003095975,1.6222910216718267,1.7337461300309598,13.207430340557275,6.674922600619195,2.003095975232198,0.6408668730650154,7.857585139318886,6.739938080495356,0,1,0,16.664767801857586,0.6219903691813804,42.1640866873065,
1627783,Pascal,Siakam,411,22.367396593673966,4.484184914841849,7.386861313868613,0.5036496350364964,1.0048661800486618,2.0875912408759123,17.111922141119223,8.48661800486618,3.895377128953771,1.3527980535279804,5.386861313868613,4.041362530413625,0,1,0,19.482141119221414,0.574048726389881,42.03284671532846,
1642843,Cooper,Flagg,70,21.042857142857144,4.514285714285714,6.6571428571428575,0.9142857142857144,1.2,2.3,17.057142857142857,7.985714285714286,3.4857142857142858,1.0285714285714285,4.885714285714286,4.042857142857143,0,1,0,19.206857142857142,0.5477954302034989,41.65714285714286,
1629627,Zion,Williamson,246,24.052845528455286,4.239837398373984,6.443089430894309,0.6504065040650406,1.0365853658536586,2.6504065040650406,15.552845528455284,9.207317073170731,0.3414634146341463,0.1056910569105691,7.857723577235772,5.532520325203252,0,1,0,19.010243902439026,0.6326285357488046,41.524390243902445,
203497,Rudy,Gobert,427,13.320843091334895,1.4098360655737705,12.484777517564403,1.8805620608899296,0.7142857142857143,1.5573770491803278,7.522248243559719,5.098360655737705,0.0444964871194379,0.0,4.925058548009368,3.1241217798594847,0,0,1,9.689274004683842,0.6874015062890954,41.42740046838407,
204001,Kristaps,Porzingis,287,20.43205574912892,2.2125435540069684,7.59581881533101,1.56794425087108,0.7073170731707317,1.5609756097560976,14.480836236933795,7.003484320557491,5.435540069686411,2.013937282229965,5.195121951219512,4.411149825783972,0,1,1,16.766689895470382,0.6093049933084513,41.123693379790936,
1630567,Scottie,Barnes,352,17.460227272727273,5.170454545454546,7.480113636363637,1.0795454545454546,1.244318181818182,2.3920454545454546,14.267045454545457,6.795454545454546,3.394886363636364,1.0170454545454546,3.684659090909091,2.852272727272727,1,1,0,15.888295454545457,0.5494682334766159,40.94744318181819,
203944,Julius,Randle,409,22.09046454767726,4.970660146699267,8.792176039119804,0.2982885085574572,0.7799511002444988,3.063569682151589,16.86308068459658,7.728606356968215,5.603911980440098,1.9168704156479217,6.007334963325183,4.71638141809291,0,1,1,19.50630806845966,0.5662389948458776,40.92053789731052,
1628368,De'Aaron,Fox,394,23.54568527918782,6.1395939086294415,4.109137055837564,0.3781725888324873,1.4289340101522845,2.649746192893401,18.251269035533,8.751269035532994,5.733502538071066,1.898477157360406,5.439086294416244,4.144670050761421,1,0,0,20.644467005076145,0.5702662430906623,40.84771573604061,
1626164,Devin,Booker,391,26.40409207161125,5.797953964194374,4.350383631713555,0.3043478260869565,0.90537084398977,2.81074168797954,19.50383631713555,9.250639386189258,6.375959079283888,2.227621483375959,6.485933503836317,5.675191815856778,1,0,0,22.35764705882353,0.590493534541927,40.84398976982097,
1630163,LaMelo,Ball,298,20.70805369127517,7.352348993288591,5.711409395973154,0.3120805369127516,1.4093959731543624,3.1812080536912752,17.473154362416107,7.308724832214765,8.812080536912752,3.221476510067114,3.389261744966443,2.8691275167785237,1,0,0,18.964429530201343,0.5459709098630428,40.827181208053695,
1630162,Anthony,Edwards,438,24.54337899543379,4.134703196347032,5.242009132420091,0.634703196347032,1.3242009132420092,2.872146118721461,19.004566210045663,8.60958904109589,8.054794520547945,2.9771689497716896,5.417808219178082,4.34703196347032,1,0,0,21.38840182648402,0.5737543925568843,40.69977168949772,
1629630,Ja,Morant,260,23.607692307692307,7.461538461538462,4.823076923076923,0.2846153846153846,1.0653846153846154,3.4153846153846152,18.18846153846154,8.430769230769231,4.684615384615385,1.4423076923076923,6.861538461538461,5.303846153846154,1,0,0,21.207538461538466,0.5565872802849494,40.60384615384616,
1627759,Jaylen,Brown,390,24.846153846153847,3.948717948717949,6.233333333333333,0.3948717948717948,1.1256410256410256,2.833333333333333,19.3,9.28974358974359,6.402564102564103,2.2512820512820517,5.253846153846154,4.015384615384615,1,1,0,21.61169230769231,0.574831287906831,40.534615384615385,
1630596,Evan,Mobley,330,16.742424242424242,3.0424242424242425,8.918181818181818,1.5757575757575757,0.806060606060606,1.896969696969697,12.26969696969697,6.703030303030303,2.087878787878788,0.6454545454545455,3.996969696969697,2.690909090909091,0,0,1,14.028363636363636,0.5967347538320632,40.41666666666666,
1631094,Paolo,Banchero,265,22.36603773584905,4.80377358490566,7.411320754716981,0.569811320754717,0.8075471698113208,2.962264150943396,17.00377358490566,7.618867924528302,4.384905660377359,1.3849056603773584,7.724528301886792,5.743396226415094,0,1,0,20.40256603773585,0.5481182537157738,40.27358490566037,
1631096,Chet,Holmgren,179,16.51396648044693,2.0279329608938546,8.324022346368714,2.1675977653631286,0.6368715083798883,1.5977653631284916,11.29608938547486,6.06145251396648,3.8547486033519553,1.4245810055865922,3.787709497206704,2.9664804469273744,0,1,1,12.96268156424581,0.6369811060543373,40.064245810055866,
1630169,Tyrese,Haliburton,327,17.35474006116208,8.761467889908257,3.623853211009174,0.599388379204893,1.474006116207951,2.140672782874618,13.18960244648318,6.2782874617737,6.480122324159021,2.529051987767584,2.6574923547400613,2.2691131498470947,1,0,0,14.358899082568808,0.6043200095413344,39.944954128440365,
202331,Paul,George,289,21.529411764705884,4.522491349480969,5.85121107266436,0.4463667820069204,1.5778546712802768,2.754325259515571,16.685121107266436,7.56401384083045,7.508650519031142,2.9273356401384083,4.003460207612457,3.4740484429065743,0,1,0,18.44664359861592,0.5835590537001883,39.67820069204152,
1627832,Fred,VanVleet,314,18.20700636942675,6.789808917197452,4.022292993630574,0.6019108280254777,1.627388535031847,1.9490445859872607,15.277070063694268,6.057324840764331,8.707006369426752,3.168789808917197,3.359872611464968,2.923566878980892,1,0,0,16.755414012738854,0.5433171139663955,39.44426751592357,
1628991,Jaren,Jackson Jr.,336,19.63095238095238,1.6220238095238095,5.872023809523809,1.988095238095238,1.1101190476190477,1.9702380952380956,14.93154761904762,6.913690476190476,5.098214285714286,1.738095238095238,5.0625,4.065476190476191,0,1,1,17.15904761904762,0.5720291946494976,39.32440476190476,
1627750,Jamal,Murray,313,22.009584664536742,6.198083067092652,4.095846645367412,0.4153354632587859,1.095846645367412,2.1884984025559104,16.884984025559106,8.012779552715655,6.527156549520766,2.6996805111821085,3.779552715654952,3.2843450479233227,1,0,0,18.54798722044729,0.5933146384819964,39.11821086261981,
1630578,Alperen,Sengun,353,16.804532577903682,4.481586402266289,8.60056657223796,0.9036827195467422,1.0424929178470257,2.5524079320113318,12.71671388101983,6.583569405099151,1.3937677053824362,0.3966005665722379,4.645892351274788,3.2407932011331444,0,0,1,14.760906515580736,0.5692242735961309,39.10764872521247,
201942,DeMar,DeRozan,440,23.161363636363635,5.079545454545454,4.2,0.3954545454545454,0.9931818181818182,1.7772727272727271,16.71818181818182,8.24090909090909,2.220454545454545,0.7204545454545455,6.861363636363636,5.959090909090909,1,1,0,19.737181818181817,0.5867444463380146,39.08068181818181,
1627742,Brandon,Ingram,314,22.44904458598726,4.990445859872612,5.369426751592357,0.5923566878980892,0.7261146496815286,2.7261146496815285,17.32484076433121,8.222929936305732,4.589171974522293,1.7006369426751593,5.1050955414012735,4.302547770700637,0,1,0,19.57108280254777,0.5735258700930138,37.81050955414013,
1628386,Jarrett,Allen,398,14.71356783919598,1.9396984924623115,9.92211055276382,1.1130653266331658,0.7889447236180904,1.4447236180904524,9.045226130653266,5.9120603015075375,0.1507537688442211,0.0226130653266331,3.987437185929648,2.8668341708542715,0,0,1,10.79969849246231,0.6812027136435971,37.22487437185929,
1641708,Amen,Thompson,209,14.325358851674642,4.043062200956938,7.569377990430622,0.8325358851674641,1.3923444976076556,1.990430622009569,10.440191387559809,5.655502392344498,1.2679425837320577,0.277511961722488,3.7559808612440193,2.736842105263158,1,1,0,12.092822966507176,0.5923083010208119,36.662679425837325,
203078,Bradley,Beal,261,22.440613026819925,4.862068965517241,4.130268199233717,0.4789272030651341,1.0,2.697318007662836,17.20689655172414,8.402298850574713,5.042145593869732,1.842911877394636,4.455938697318008,3.793103448275862,1,0,0,19.167509578544063,0.5853815524354751,36.450191570881216,
201566,Russell,Westbrook,419,16.064439140811455,7.26491646778043,6.673031026252984,0.350835322195704,1.18854415274463,3.460620525059666,13.735083532219573,6.071599045346062,3.909307875894988,1.2315035799522671,4.035799522673031,2.6897374701670644,1,0,0,15.510835322195703,0.5178457125975529,36.207637231503575,
1628973,Jalen,Brunson,425,22.275294117647057,5.898823529411764,3.4635294117647057,0.1129411764705882,0.8094117647058824,2.023529411764706,16.59294117647059,8.07764705882353,5.16,2.014117647058824,4.92235294117647,4.105882352941176,1,0,0,18.75877647058824,0.5937299309625109,35.96117647058823,
1630178,Tyrese,Maxey,382,21.138743455497384,4.801047120418848,3.2041884816753927,0.418848167539267,1.0837696335078535,1.6047120418848169,16.397905759162303,7.575916230366492,6.274869109947644,2.3717277486910997,4.146596858638744,3.615183246073298,1,0,0,18.22240837696335,0.5800205718751437,35.94764397905759,
1630581,Josh,Giddey,330,14.55151515151515,6.606060606060606,7.654545454545454,0.5,0.906060606060606,2.827272727272727,12.442424242424243,5.724242424242425,3.7696969696969695,1.2787878787878788,2.387878787878788,1.824242424242424,1,0,0,13.49309090909091,0.5392209705528306,35.91212121212121,
203468,CJ,McCollum,380,20.86315789473684,4.692105263157894,4.015789473684211,0.4710526315789474,0.9263157894736842,1.9026315789473685,17.29736842105263,7.815789473684211,7.760526315789473,3.05,2.8684210526315788,2.181578947368421,1,0,0,18.559473684210527,0.5620622181890366,35.709210526315786,
1631114,Jalen,Williams,245,18.07755102040816,4.457142857142857,4.616326530612245,0.5591836734693878,1.3591836734693878,1.8285714285714283,13.779591836734694,7.012244897959183,3.5020408163265304,1.3183673469387756,3.379591836734694,2.7346938775510203,1,1,0,15.26661224489796,0.59206164178466,35.70408163265306,
1629028,Deandre,Ayton,357,15.453781512605042,1.4005602240896358,9.901960784313726,0.9047619047619048,0.6722689075630253,1.557422969187675,11.296918767507004,6.8767507002801125,0.2941176470588235,0.0700280112044818,2.210084033613445,1.630252100840336,0,0,1,12.26935574229692,0.6297715151957919,35.600840336134446,
203897,Zach,LaVine,336,23.81547619047619,4.148809523809524,4.3898809523809526,0.2886904761904761,0.7678571428571429,2.6547619047619047,17.172619047619047,8.407738095238095,7.223214285714286,2.907738095238096,4.821428571428571,4.092261904761905,1,0,0,19.294047619047618,0.6171715925217499,35.54017857142857,
1628970,Miles,Bridges,352,18.32386363636364,3.303977272727273,6.7414772727272725,0.6477272727272727,0.75,1.786931818181818,14.545454545454543,6.798295454545454,5.892045454545454,2.0056818181818183,3.272727272727273,2.721590909090909,0,1,0,15.985454545454544,0.5731417766151047,35.409090909090914,
1626167,Myles,Turner,365,14.802739726027395,1.3397260273972602,6.575342465753424,2.202739726027397,0.6602739726027397,1.4575342465753425,10.531506849315068,5.249315068493151,4.69041095890411,1.7315068493150685,3.347945205479452,2.572602739726028,0,1,1,12.004602739726026,0.6165443391575834,35.21232876712329,
1628374,Lauri,Markkanen,318,20.443396226415093,1.6257861635220126,6.833333333333333,0.4465408805031446,0.7327044025157232,1.371069182389937,14.81132075471698,6.968553459119497,7.292452830188679,2.748427672955975,4.270440251572327,3.757861635220126,0,1,1,16.690314465408804,0.6124329253587363,35.10691823899371,
1631105,Jalen,Duren,274,13.572992700729928,2.051094890510949,10.332116788321168,0.9197080291970804,0.6824817518248175,1.7591240875912408,8.379562043795621,5.474452554744525,0.0182481751824817,0.0,3.671532846715329,2.624087591240876,0,0,1,9.995036496350366,0.6789866503081821,35.03832116788321,
1642845,VJ,Edgecombe,75,15.986666666666666,4.2,5.64,0.52,1.4266666666666667,1.8266666666666669,13.733333333333333,6.013333333333334,5.613333333333333,1.9866666666666664,2.4133333333333336,1.9733333333333332,1,0,0,14.7952,0.5402653112721243,34.879999999999995,
1642259,Alex,Sarr,114,14.298245614035087,2.5350877192982457,6.850877192982456,1.719298245614035,0.7105263157894737,1.7017543859649122,12.894736842105264,5.5701754385964914,4.2368421052631575,1.3245614035087718,2.692982456140351,1.8333333333333333,0,0,1,14.079649122807018,0.5077628529419094,34.69298245614036,
1631117,Walker,Kessler,200,9.515,1.195,9.285,2.365,0.49,1.13,6.06,4.14,0.29,0.08,2.12,1.155,0,0,1,6.9928,0.6803426381420891,34.395,
203994,Jusuf,Nurkic,306,11.859477124183009,3.316993464052288,9.875816993464053,0.8006535947712419,1.0065359477124185,2.261437908496732,8.928104575163399,4.5816993464052285,1.4934640522875815,0.4738562091503268,3.434640522875817,2.2222222222222223,0,0,1,10.439346405228758,0.5680181815905135,34.3545751633987,
1627751,Jakob,Poeltl,358,11.829608938547484,2.474860335195531,8.64804469273743,1.4022346368715084,0.8240223463687151,1.5446927374301676,8.248603351955307,5.229050279329609,0.0139664804469273,0.0055865921787709,2.393854748603352,1.3659217877094971,0,0,1,9.30189944134078,0.6358706097150819,34.32960893854748,
1629636,Darius,Garland,364,19.857142857142858,7.156593406593407,2.75,0.1291208791208791,1.2115384615384617,2.9972527472527477,15.717032967032967,7.230769230769231,6.337912087912088,2.4945054945054945,3.348901098901099,2.901098901098901,1,0,0,17.19054945054945,0.5775598655023844,34.08516483516483,
201950,Jrue,Holiday,372,15.919354838709678,5.852150537634409,4.731182795698925,0.4731182795698925,1.2365591397849462,2.282258064516129,12.704301075268818,6.096774193548387,5.338709677419355,2.086021505376344,1.9973118279569888,1.6397849462365592,1,0,0,13.583118279569891,0.5859977992922903,34.068548387096776,
1630552,Jalen,Johnson,251,14.314741035856574,4.091633466135458,7.46215139442231,0.5776892430278885,0.9920318725099602,1.9840637450199203,11.163346613545816,5.54183266932271,3.1593625498007967,1.0597609561752988,2.904382470119522,2.1713147410358564,0,1,0,12.441274900398406,0.5752923695705081,33.95617529880478,
1629639,Tyler,Herro,338,20.40532544378698,4.337278106508876,5.106508875739645,0.2159763313609467,0.7396449704142012,2.322485207100592,16.393491124260354,7.420118343195266,7.3698224852071,2.804733727810651,3.1420118343195265,2.760355029585799,1,0,0,17.775976331360944,0.5739579380454973,33.748520710059175,
1630532,Franz,Wagner,319,19.282131661442005,3.6300940438871474,4.877742946708464,0.3448275862068966,1.012539184952978,1.924764890282132,14.946708463949845,7.100313479623824,4.45141065830721,1.4482758620689655,4.263322884012539,3.633228840125392,0,1,0,16.82257053291536,0.5731030113297555,33.623824451410655,
1626174,Christian,Wood,221,15.846153846153848,1.7647058823529411,8.06787330316742,0.9728506787330315,0.6063348416289592,1.669683257918552,11.39366515837104,5.755656108597285,4.185520361990951,1.5656108597285068,4.081447963800905,2.769230769230769,0,1,0,13.18950226244344,0.6007108354374795,33.57239819004525,
101108,Chris,Paul,344,12.168604651162791,8.305232558139535,3.988372093023256,0.252906976744186,1.4098837209302326,1.8459302325581397,9.729651162790695,4.5145348837209305,3.813953488372093,1.4069767441860466,1.988372093023256,1.7325581395348837,1,0,0,10.60453488372093,0.573745326154892,33.56831395348837,
1629008,Michael,Porter Jr.,338,18.57396449704142,1.7603550295857988,6.760355029585799,0.5443786982248521,0.6863905325443787,1.393491124260355,14.097633136094675,6.93491124260355,7.047337278106509,2.801775147928994,2.3402366863905324,1.9023668639053253,0,1,0,15.12733727810651,0.6139204856601943,33.49112426035503,
1628384,OG,Anunoby,346,16.658959537572255,2.1878612716763004,5.028901734104046,0.7312138728323699,1.5780346820809248,1.6907514450867052,12.933526011560694,6.130057803468208,5.956647398843931,2.257225433526012,2.661849710982659,2.1416184971098264,1,1,0,14.104739884393064,0.5905447273084931,33.339595375722546,
1626179,Terry,Rozier,329,18.288753799392097,4.382978723404255,4.130699088145897,0.3100303951367781,1.0729483282674772,1.6382978723404256,15.519756838905774,6.70516717325228,7.246200607902735,2.580547112462006,2.74468085106383,2.297872340425532,1,0,0,16.72741641337386,0.5466700101029924,33.31458966565349,
1642270,Donovan,Clingan,144,9.51388888888889,1.6597222222222223,9.854166666666666,1.6666666666666667,0.5416666666666666,1.1597222222222223,7.069444444444445,3.7222222222222223,2.048611111111111,0.6805555555555556,2.1319444444444446,1.3888888888888888,0,0,1,8.0075,0.5940611232525064,33.298611111111114,
203991,Clint,Capela,401,10.24438902743142,0.9925187032418952,10.109725685785536,1.28428927680798,0.628428927680798,0.8154613466334164,7.571072319201995,4.488778054862843,0.0149625935162094,0.0024937655860349,2.2344139650872816,1.2643391521197007,0,0,1,8.554214463840399,0.5987919212649844,32.917705735660846,
1629651,Nic,Claxton,363,10.84022038567493,2.1267217630854,7.760330578512397,1.6446280991735538,0.7272727272727273,1.1763085399449036,7.476584022038567,4.658402203856749,0.1432506887052341,0.0275482093663911,2.68870523415978,1.4958677685950412,0,0,1,8.65961432506887,0.6259066500394472,32.80578512396694,
202699,Tobias,Harris,411,15.805352798053528,2.878345498783455,6.138686131386861,0.6374695863746959,0.8953771289537713,1.3333333333333333,12.508515815085158,6.099756690997567,3.7420924574209247,1.3746958637469586,2.56934306569343,2.231143552311436,0,1,0,13.639026763990268,0.5794164448662419,32.79562043795621,
1630217,Desmond,Bane,391,18.25063938618926,3.80306905370844,4.4961636828644505,0.3810741687979539,1.0025575447570332,1.867007672634271,13.969309462915602,6.631713554987212,6.069053708439898,2.473145780051151,2.8209718670076724,2.5140664961636827,1,0,0,15.210537084398975,0.5999340879589462,32.5,
1641706,Brandon,Miller,163,19.12883435582822,2.96319018404908,4.631901840490798,0.6380368098159509,0.9693251533742332,2.245398773006135,15.779141104294478,6.815950920245399,7.987730061349693,2.9938650306748467,2.895705521472393,2.503067484662577,0,1,0,17.05325153374233,0.5608559258619698,32.46012269938651,
1628401,Derrick,White,414,14.76328502415459,4.678743961352657,3.939613526570049,1.0434782608695652,0.9033816425120772,1.5144927536231885,11.751207729468598,5.067632850241546,6.760869565217392,2.4347826086956523,2.5072463768115942,2.1932367149758454,1,0,0,12.8543961352657,0.5742504303120044,32.44927536231884,
1629628,RJ,Barrett,385,19.56103896103896,3.4233766233766234,5.592207792207792,0.2831168831168831,0.6363636363636364,2.1766233766233767,15.748051948051948,7.127272727272727,5.01038961038961,1.748051948051948,5.025974025974026,3.5584415584415585,1,1,0,17.959480519480522,0.5445881059817193,32.40909090909091,
1628404,Josh,Hart,396,11.452020202020202,4.318181818181818,8.13888888888889,0.2752525252525252,1.1313131313131313,1.7196969696969695,8.669191919191919,4.27020202020202,3.305555555555556,1.1515151515151516,2.3156565656565657,1.7601010101010102,1,0,0,9.688080808080809,0.5910365751939278,32.324494949494955,
1627826,Ivica,Zubac,414,12.084541062801932,1.6545893719806763,9.702898550724637,1.067632850241546,0.4420289855072464,1.432367149758454,7.973429951690822,5.036231884057971,0.0144927536231884,0.002415458937198,2.8091787439613527,2.0096618357487923,0,0,1,9.209468599033816,0.6560932877315931,32.29468599033816,
203924,Jerami,Grant,318,19.38993710691824,2.4371069182389937,3.955974842767296,0.8584905660377359,0.8050314465408805,1.8962264150943395,14.525157232704403,6.367924528301887,5.767295597484277,2.169811320754717,5.411949685534591,4.484276729559748,0,1,0,16.90641509433962,0.5734491019746143,31.84119496855346,
1628381,John,Collins,361,15.445983379501383,1.3407202216066485,7.17174515235457,0.925207756232687,0.6814404432132964,1.4238227146814404,11.119113573407205,5.944598337950138,3.3462603878116344,1.2271468144044322,2.8781163434903045,2.329639889196676,0,1,1,12.385484764542936,0.6235518299501694,31.793628808864263,
1627763,Malcolm,Brogdon,220,17.036363636363635,4.9363636363636365,4.5,0.2727272727272727,0.7318181818181818,1.7363636363636363,13.445454545454544,6.140909090909091,4.990909090909091,1.940909090909091,3.272727272727273,2.8136363636363635,1,0,0,14.885454545454545,0.572248686942714,31.73636363636364,
1628969,Mikal,Bridges,478,16.65062761506276,3.1506276150627617,4.060669456066946,0.6171548117154811,1.0920502092050208,1.292887029288703,12.912133891213388,6.301255230125523,5.276150627615063,1.9874476987447696,2.437238493723849,2.0606694560669454,1,1,0,13.984518828451884,0.595323579570954,31.718619246861927,
1631109,Mark,Williams,160,11.98125,1.20625,8.30625,1.08125,0.79375,1.19375,7.64375,4.8375,0.03125,0.00625,3.01875,2.3,0,0,1,8.972,0.6677022960320999,31.3625,
1642851,Kon,Knueppel,81,18.493827160493822,3.382716049382716,5.333333333333333,0.2345679012345679,0.7037037037037037,1.9876543209876545,13.382716049382717,6.3580246913580245,7.925925925925926,3.3703703703703702,2.7901234567901234,2.4074074074074074,1,1,0,14.61037037037037,0.6329006962752652,31.34567901234568,
203110,Draymond,Green,369,8.24390243902439,6.67479674796748,6.7289972899729,0.8672086720867209,1.2330623306233062,2.745257452574526,6.677506775067751,3.124661246612466,2.6775067750677506,0.8617886178861789,1.5962059620596205,1.132791327913279,0,1,0,7.379837398373984,0.5585422817608955,31.26016260162601,
202685,Jonas,Valanciunas,437,13.311212814645309,1.9267734553775744,9.28604118993135,0.7093821510297483,0.4050343249427917,1.6864988558352405,9.546910755148742,5.345537757437071,1.1327231121281465,0.3752860411899313,2.7688787185354693,2.244851258581236,0,0,1,10.765217391304349,0.6182509990647054,31.21510297482837,
203952,Andrew,Wiggins,376,16.50531914893617,2.3085106382978724,4.656914893617022,0.8191489361702128,0.9654255319148936,1.5,13.27659574468085,6.180851063829787,5.079787234042553,1.9680851063829787,3.029255319148936,2.175531914893617,0,1,0,14.609468085106382,0.5648843288744548,31.091755319148938,
1628398,Kyle,Kuzma,397,16.818639798488665,3.0579345088161207,6.463476070528968,0.5566750629722922,0.5818639798488665,2.302267002518892,14.08816120906801,6.415617128463476,5.55919395465995,1.871536523929471,2.959697732997481,2.115869017632242,0,1,0,15.390428211586904,0.5463993453355155,31.050377833753146,
1642852,Derik,Queen,81,11.703703703703704,3.679012345679012,7.061728395061729,0.9135802469135802,1.037037037037037,2.345679012345679,9.234567901234568,4.37037037037037,1.0864197530864197,0.2839506172839506,3.3703703703703702,2.6790123456790123,0,0,1,10.717530864197531,0.5460074644058425,30.925925925925927,
1629645,Kevin,Porter Jr.,258,15.2015503875969,5.465116279069767,4.449612403100775,0.3062015503875969,1.2868217054263569,2.7790697674418605,12.430232558139537,5.449612403100775,4.937984496124031,1.7209302325581397,3.387596899224806,2.581395348837209,1,1,0,13.92077519379845,0.546002294267672,30.887596899224803,
1630224,Jalen,Green,334,19.8622754491018,3.317365269461078,4.200598802395209,0.2874251497005988,0.8053892215568862,2.3473053892215567,16.479041916167663,6.949101796407185,7.389221556886228,2.5179640718562872,4.338323353293413,3.446107784431138,1,0,0,18.38790419161677,0.5400907912647601,30.815868263473057,
1626156,D'Angelo,Russell,332,16.569277108433734,5.993975903614458,2.966867469879518,0.3855421686746988,0.9427710843373494,2.310240963855421,13.436746987951809,5.804216867469879,6.933734939759036,2.5451807228915664,2.963855421686747,2.415662650602409,1,0,0,14.740843373493975,0.5620193054295499,30.70331325301205,
1629023,P.J.,Washington,384,13.403645833333334,2.1979166666666665,6.075520833333333,1.0338541666666667,0.9895833333333334,1.6197916666666667,11.143229166666666,4.986979166666667,4.888020833333333,1.71875,2.3932291666666665,1.7109375,0,1,0,12.19625,0.5494986505414916,30.667968750000004,
1642264,Stephon,Castle,147,15.523809523809524,5.612244897959184,4.36734693877551,0.272108843537415,1.034013605442177,2.619047619047619,12.054421768707485,5.394557823129252,3.870748299319728,1.1700680272108843,4.891156462585034,3.564625850340136,1,0,0,14.206530612244896,0.5463617383975943,30.47959183673469,
1631095,Jabari,Smith Jr.,285,13.75438596491228,1.4736842105263157,7.280701754385965,0.856140350877193,0.6105263157894737,1.2421052631578948,11.31578947368421,4.943859649122807,5.333333333333333,1.849122807017544,2.536842105263158,2.017543859649123,0,1,0,12.432,0.5531847637110795,30.268421052631577,
1626162,Kelly,Oubre Jr.,356,15.758426966292134,1.401685393258427,5.148876404494382,0.5393258426966292,1.2275280898876404,1.2275280898876404,13.002808988764045,5.806179775280899,5.561797752808989,1.8174157303370784,3.182584269662921,2.3286516853932584,1,1,0,14.40314606741573,0.5470480856242395,30.196629213483146,
202322,John,Wall,74,16.33783783783784,6.121621621621622,2.9864864864864864,0.581081081081081,0.9324324324324323,2.9864864864864864,14.391891891891891,5.824324324324325,4.837837837837838,1.5135135135135136,4.378378378378378,3.175675675675676,1,0,0,16.318378378378377,0.5005962436649112,30.08108108108108,
203114,Khris,Middleton,316,15.927215189873415,4.7025316455696204,4.7215189873417724,0.2025316455696202,0.9367088607594936,2.2848101265822787,12.5126582278481,5.734177215189874,4.756329113924051,1.7753164556962024,3.04746835443038,2.6835443037974684,0,1,0,13.853544303797468,0.5748426121359977,30.0506329113924,
1626171,Bobby,Portis,401,13.668329177057355,1.43142144638404,8.037406483790523,0.4014962593516209,0.685785536159601,1.0947630922693268,11.209476309226932,5.5361596009975065,3.648379052369077,1.4987531172069826,1.43142144638404,1.0972568578553616,0,1,0,11.83930174563591,0.5772438894927079,30.03117206982544,
203932,Aaron,Gordon,349,14.73352435530086,3.025787965616046,5.925501432664756,0.5644699140401146,0.6532951289398281,1.5358166189111748,10.458452722063038,5.532951289398281,3.037249283667622,1.0859598853868195,3.707736389684814,2.5816618911174785,0,1,0,12.089856733524355,0.6093341170224867,29.959885386819483,
1629057,Robert,Williams III,232,7.969827586206897,1.512931034482759,7.754310344827586,1.7198275862068966,0.75,0.9525862068965516,4.939655172413793,3.556034482758621,0.1293103448275862,0.043103448275862,1.2241379310344829,0.8146551724137931,0,1,1,5.4782758620689656,0.7274029080380185,29.8448275862069,
1627732,Ben,Simmons,164,8.902439024390244,6.213414634146342,6.274390243902439,0.5487804878048781,1.195121951219512,2.408536585365854,6.7317073170731705,3.737804878048781,0.073170731707317,0.0182926829268292,2.3902439024390243,1.4085365853658536,1,1,0,7.783414634146341,0.571885184256706,29.79268292682927,
1628976,Wendell,Carter Jr.,373,12.171581769436996,2.1126005361930296,8.131367292225201,0.6300268096514745,0.6648793565683646,1.4638069705093837,8.855227882037534,4.512064343163539,2.798927613941019,0.903485254691689,3.0536193029490617,2.2439678284182305,0,1,1,10.19882037533512,0.5967151749663526,29.78954423592493,
1642276,Kel'el,Ware,141,10.25531914893617,0.8226950354609929,8.27659574468085,1.099290780141844,0.6950354609929078,0.8439716312056738,7.8936170212765955,4.26241134751773,2.4397163120567376,0.900709219858156,1.1560283687943262,0.8297872340425532,0,0,1,8.4022695035461,0.610270781281653,29.393617021276597,
1629011,Mitchell,Robinson,265,7.10188679245283,0.7018867924528301,8.562264150943395,1.5169811320754718,0.9509433962264152,0.7433962264150943,4.407547169811321,3.071698113207548,0.0,0.0,2.033962264150944,0.958490566037736,0,1,1,5.302490566037736,0.6696746278003929,29.383018867924527,
201572,Brook,Lopez,389,12.367609254498715,1.3059125964010283,5.048843187660668,1.8149100257069408,0.5604113110539846,1.0334190231362468,9.41388174807198,4.647814910025707,4.5115681233933165,1.6426735218508997,1.7609254498714653,1.429305912596401,0,0,1,10.188688946015423,0.6069283948125347,29.334190231362467,
1630700,Dyson,Daniels,264,9.469696969696969,3.992424242424242,5.098484848484849,0.4507575757575757,1.8636363636363635,1.518939393939394,8.227272727272727,4.034090909090909,2.102272727272727,0.6325757575757576,1.2840909090909092,0.7689393939393939,1,0,0,8.792272727272726,0.5385238415275121,29.32575757575757,
1641744,Zach,Edey,77,9.87012987012987,1.0,8.7012987012987,1.3766233766233766,0.5584415584415584,1.4805194805194806,6.896103896103896,4.064935064935065,0.7402597402597403,0.2467532467532467,2.064935064935065,1.4935064935064934,0,0,1,7.804675324675324,0.632321618743344,29.2012987012987,
1630559,Austin,Reaves,323,15.811145510835914,4.445820433436532,3.9226006191950464,0.3219814241486068,0.7956656346749226,1.9226006191950464,10.696594427244582,5.157894736842105,5.003095975232198,1.8297213622291024,4.241486068111455,3.6656346749226008,1,0,0,12.562848297213623,0.629281876879097,28.989164086687307,
1630166,Deni,Avdija,421,13.296912114014251,3.4085510688836105,6.344418052256532,0.4703087885985748,0.7957244655581948,2.004750593824228,9.850356294536818,4.546318289786223,3.845605700712589,1.2779097387173397,3.7933491686460807,2.926365795724465,0,1,0,11.519429928741094,0.5771514821596476,28.98099762470308,
1631099,Keegan,Murray,253,13.308300395256918,1.458498023715415,5.569169960474309,0.8102766798418972,0.8735177865612648,0.8102766798418972,11.221343873517789,5.023715415019763,6.130434782608695,2.241106719367589,1.2687747035573125,1.0197628458498025,0,1,0,11.779604743083004,0.5648873916194669,28.96442687747036,
1630530,Trey,Murphy III,315,15.35873015873016,2.253968253968254,4.279365079365079,0.4444444444444444,1.0095238095238095,1.0603174603174603,11.304761904761904,5.190476190476191,6.717460317460318,2.5682539682539685,2.742857142857143,2.4095238095238094,0,1,0,12.511619047619048,0.6137786844482335,28.85396825396825,
1641709,Ausar,Thompson,191,9.534031413612563,2.450261780104712,5.68586387434555,0.8429319371727748,1.612565445026178,1.382198952879581,7.75392670157068,3.968586387434555,0.9581151832460733,0.1989528795811518,2.3141361256544504,1.3979057591623036,1,1,0,8.772146596858638,0.5434263614009119,28.795811518324605,
1630168,Onyeka,Okongwu,376,10.752659574468083,1.6382978723404256,6.875,1.074468085106383,0.7579787234042553,1.0930851063829787,7.319148936170213,4.194148936170213,1.61968085106383,0.574468085106383,2.36968085106383,1.7898936170212767,0,1,1,8.361808510638298,0.6429625577282732,28.66622340425532,
202330,Gordon,Hayward,191,14.87434554973822,3.701570680628272,4.518324607329843,0.3141361256544502,0.9267015706806284,1.7539267015706803,11.638743455497382,5.465968586387435,3.486910994764398,1.356020942408377,3.167539267015707,2.586387434554974,0,1,0,13.032460732984292,0.5706652739836092,28.659685863874344,
1628366,Lonzo,Ball,160,10.525,4.65625,4.44375,0.55,1.4875,1.8625,9.3875,3.7125,6.60625,2.43125,0.875,0.66875,1,0,0,9.7725,0.5385008953696598,28.6,
201143,Al,Horford,326,9.677914110429448,2.7975460122699385,6.392638036809816,1.039877300613497,0.6319018404907976,0.8006134969325154,7.947852760736196,3.6533742331288335,4.610429447852761,1.7730061349693251,0.7116564417177914,0.598159509202454,0,1,1,8.260981595092025,0.5857605418331427,28.549079754601227,
1641718,Keyonte,George,191,17.319371727748692,5.293193717277487,3.3821989528795813,0.1518324607329843,0.7172774869109948,2.7539267015706805,13.403141361256544,5.544502617801047,6.696335078534031,2.329842931937173,4.554973821989528,3.900523560209424,1,0,0,15.407329842931937,0.5620497485388066,28.30104712041885,
203506,Victor,Oladipo,83,14.457831325301203,3.9156626506024095,3.746987951807229,0.3253012048192771,1.3012048192771084,2.240963855421686,12.674698795180722,5.180722891566265,5.867469879518072,1.963855421686747,2.8433734939759034,2.132530120481928,1,0,0,13.92578313253012,0.5191029900332227,27.975903614457835,
1641726,Dereck,Lively II,94,8.563829787234043,1.627659574468085,7.053191489361702,1.4893617021276595,0.6276595744680851,1.0638297872340423,5.191489361702128,3.787234042553192,0.0,0.0,1.7234042553191489,0.9893617021276596,0,0,1,5.949787234042553,0.7196752968101846,27.925531914893615,
1630180,Saddiq,Bey,360,14.755555555555556,1.9777777777777776,5.297222222222223,0.1666666666666666,0.8583333333333333,0.9611111111111112,11.916666666666666,4.963888888888889,6.219444444444444,2.202777777777778,3.111111111111111,2.625,1,1,0,13.285555555555554,0.55532324161579,27.84583333333333,
1626181,Norman,Powell,363,18.53168044077135,1.8732782369146008,3.077134986225895,0.2782369146005509,0.9614325068870524,1.5757575757575757,13.209366391184574,6.308539944903581,5.953168044077135,2.43801652892562,4.209366391184573,3.4765840220385678,1,0,0,15.061487603305784,0.6152008662379373,27.764462809917354,
1627747,Caris,LeVert,368,13.502717391304348,4.059782608695652,3.535326086956522,0.5,1.0054347826086956,1.6195652173913044,11.375,4.980978260869565,4.399456521739131,1.5326086956521738,2.682065217391304,2.0081521739130435,1,0,0,12.555108695652171,0.5377379725904058,27.67798913043478,
1629640,Keldon,Johnson,430,15.397674418604652,2.0348837209302326,5.437209302325582,0.2302325581395349,0.6627906976744186,1.2534883720930232,12.1,5.730232558139535,4.372093023255814,1.5302325581395348,3.13953488372093,2.4069767441860463,1,1,0,13.481395348837207,0.5710712437467657,27.67093023255814,
1629012,Collin,Sexton,323,18.343653250773997,3.9226006191950464,2.609907120743034,0.1455108359133126,0.8699690402476781,2.291021671826625,13.390092879256963,6.464396284829721,4.0,1.5541795665634677,4.597523219814241,3.860681114551084,1,0,0,15.413003095975233,0.5950707054475334,27.62229102167183,
1629673,Jordan,Poole,389,17.72236503856041,3.879177377892031,2.719794344473008,0.3084832904884318,0.87146529562982,2.4087403598971724,13.951156812339333,5.951156812339332,7.55012853470437,2.652956298200514,3.5784061696658096,3.167095115681234,1,0,0,15.525655526992288,0.5707445011822211,27.523136246786628,
1642907,Cedric,Coward,62,13.596774193548388,2.7580645161290325,5.870967741935484,0.4354838709677419,0.6451612903225806,1.6935483870967742,10.451612903225806,4.919354838709677,4.435483870967742,1.5,2.677419354838709,2.2580645161290325,1,0,0,11.629677419354838,0.5845722844779764,27.475806451612907,
1642875,Maxime,Raynaud,74,12.45945945945946,1.351351351351351,7.513513513513513,0.527027027027027,0.5135135135135135,1.2702702702702702,9.067567567567568,5.175675675675675,1.0,0.3243243243243243,2.27027027027027,1.7837837837837838,0,0,1,10.066486486486488,0.6188584009021102,27.37837837837838,
1630170,Devin,Vassell,364,14.063186813186814,2.593406593406593,3.821428571428572,0.4258241758241758,1.021978021978022,1.0631868131868132,11.788461538461538,5.217032967032967,5.675824175824176,2.107142857142857,1.8846153846153848,1.521978021978022,1,1,0,12.617692307692309,0.5572804626331421,27.350274725274726,
1631106,Tari,Eason,217,10.3963133640553,1.3225806451612905,6.271889400921659,0.6359447004608295,1.3548387096774193,1.216589861751152,9.023041474654375,4.0691244239631335,3.046082949308756,1.0691244239631337,1.576036866359447,1.1889400921658986,0,1,0,9.716497695852532,0.5349825466686903,27.317972350230413,
1641764,Brandin,Podziemski,217,11.700460829493087,3.640552995391705,5.350230414746544,0.1935483870967742,1.0,1.336405529953917,9.534562211981568,4.313364055299539,4.354838709677419,1.6359447004608294,1.903225806451613,1.4377880184331795,1,0,0,10.371981566820278,0.5640417288689841,27.28801843317973,
202689,Kemba,Walker,89,14.96629213483146,4.067415730337078,3.337078651685393,0.2359550561797752,0.8539325842696629,1.5730337078651686,12.393258426966293,5.134831460674158,6.51685393258427,2.3258426966292136,2.707865168539326,2.3707865168539324,1,0,0,13.584719101123596,0.5508502613643882,27.28651685393259,
1630591,Jalen,Suggs,265,12.626415094339622,3.7849056603773583,3.4452830188679244,0.6226415094339622,1.4452830188679244,2.320754716981132,10.58490566037736,4.475471698113208,5.169811320754717,1.7056603773584906,2.486792452830189,1.969811320754717,1,0,0,11.679094339622642,0.5405562592085196,27.101886792452824,
1630193,Immanuel,Quickley,389,14.398457583547556,4.131105398457583,3.501285347043702,0.1208226221079691,0.8431876606683805,1.3161953727506426,11.323907455012854,4.812339331619537,5.796915167095116,2.1696658097686377,3.0591259640102826,2.6041131105398456,1,0,0,12.669922879177378,0.5682140973095808,27.0706940874036,
203935,Marcus,Smart,292,11.455479452054794,4.934931506849315,3.150684931506849,0.3356164383561644,1.5342465753424657,2.0513698630136985,9.486301369863014,3.8904109589041096,5.263698630136986,1.7602739726027397,2.441780821917808,1.914383561643836,1,0,0,10.560684931506849,0.5423644170028408,26.96061643835617,
1629655,Daniel,Gafford,386,9.764248704663212,1.1088082901554404,6.137305699481865,1.5259067357512954,0.5569948186528497,1.005181347150259,5.72020725388601,4.025906735751295,0.0025906735751295,0.0,2.510362694300518,1.712435233160622,0,1,1,6.824766839378238,0.7153540138781336,26.954663212435232,
1629632,Coby,White,403,15.779156327543424,4.047146401985112,3.650124069478908,0.173697270471464,0.6625310173697271,1.8957816377171213,12.528535980148884,5.516129032258065,6.416873449131514,2.3771712158808933,2.7444168734491314,2.369727047146402,1,0,0,13.7360794044665,0.5743689979839729,26.87841191066997,
1628392,Isaiah,Hartenstein,371,7.695417789757412,2.3773584905660377,7.309973045822103,0.967654986522911,0.8140161725067385,1.2398921832884098,5.393530997304582,3.2183288409703503,0.2749326145552561,0.0673854447439353,1.7654986522911051,1.1913746630727762,0,1,1,6.170350404312669,0.623580290057662,26.8733153638814,
203083,Andre,Drummond,364,8.258241758241759,1.1236263736263736,8.802197802197803,0.7060439560439561,0.9148351648351648,1.3956043956043955,6.362637362637362,3.381868131868132,0.3461538461538461,0.0961538461538461,2.3956043956043955,1.3983516483516485,0,0,1,7.416703296703297,0.5567326497955314,26.83928571428572,
1642847,Jeremiah,Fears,82,14.25609756097561,3.402439024390244,3.658536585365854,0.3658536585365853,1.1829268292682926,2.1707317073170733,12.268292682926829,5.329268292682927,3.731707317073171,1.2317073170731707,3.0,2.365853658536585,1,0,0,13.588292682926827,0.5245728029867892,26.70121951219512,
203915,Spencer,Dinwiddie,300,13.003333333333334,5.15,3.183333333333333,0.2566666666666666,0.76,1.4666666666666666,10.246666666666666,4.283333333333333,4.966666666666667,1.7166666666666666,3.4033333333333333,2.72,1,0,0,11.744133333333332,0.5536097455750957,26.636666666666667,
1642273,Kyshawn,George,116,11.20689655172414,3.3017241379310347,4.568965517241379,0.8017241379310345,1.0,1.913793103448276,9.68103448275862,3.931034482758621,5.293103448275862,1.836206896551724,1.9310344827586208,1.5086206896551724,0,1,0,10.530689655172417,0.5321064867873866,26.392241379310345,
203500,Steven,Adams,265,6.562264150943396,2.181132075471698,8.913207547169812,0.7245283018867924,0.7509433962264151,1.362264150943396,4.758490566037736,2.70566037735849,0.0264150943396226,0.0,2.4037735849056605,1.150943396226415,0,0,1,5.816150943396226,0.5641414927852175,26.381132075471697,
1628978,Donte,DiVincenzo,400,11.7325,3.3075,4.3025,0.3,1.2475,1.495,9.6925,4.0725,6.7625,2.6175,1.255,0.97,1,0,0,10.2447,0.572613156070944,26.347500000000004,
202691,Klay,Thompson,315,16.81904761904762,2.092063492063492,3.2984126984126982,0.4158730158730159,0.6222222222222222,1.3587301587301588,14.371428571428572,6.076190476190476,8.80952380952381,3.463492063492064,1.3523809523809525,1.2031746031746031,1,0,0,14.966476190476191,0.5618907017588515,26.33968253968254,
200746,LaMarcus,Aldridge,73,13.136986301369864,1.2465753424657535,5.1506849315068495,1.0410958904109588,0.3424657534246575,0.9726027397260274,10.32876712328767,5.36986301369863,1.726027397260274,0.6164383561643836,2.041095890410959,1.7808219178082192,0,1,1,11.226849315068494,0.5850700375811411,26.321917808219176,
203992,Bogdan,Bogdanovic,312,14.205128205128204,2.9711538461538463,3.358974358974359,0.2692307692307692,0.967948717948718,1.2628205128205128,11.698717948717947,5.102564102564102,6.865384615384615,2.6474358974358974,1.544871794871795,1.3525641025641026,1,0,0,12.378461538461538,0.5737840749026432,26.12339743589744,
1641731,Bilal,Coulibaly,175,10.805714285714286,2.5485714285714285,4.485714285714286,0.8114285714285714,1.2,1.6457142857142857,9.034285714285714,3.8457142857142856,3.4514285714285715,1.08,2.7657142857142856,2.0342857142857143,1,0,0,10.2512,0.5270463109545364,26.11142857142857,
1629675,Naz,Reid,449,12.10467706013363,1.5033407572383073,5.173719376391982,0.9287305122494433,0.6971046770601337,1.2984409799554566,9.46770601336303,4.585746102449889,4.146993318485523,1.5412026726057906,1.9064587973273943,1.3919821826280625,0,1,1,10.306547884187085,0.5872323689828941,26.026726057906465,
1631097,Bennedict,Mathurin,257,16.30739299610895,1.910505836575876,4.708171206225681,0.245136186770428,0.6653696498054474,1.9260700389105057,11.988326848249027,5.311284046692607,4.003891050583658,1.3346303501945525,5.182879377431907,4.350194552529183,1,1,0,14.268793774319066,0.5714355836251186,26.02529182879377,
1628415,Dillon,Brooks,370,15.778378378378378,2.0891891891891894,3.3945945945945946,0.227027027027027,0.9648648648648648,1.4297297297297298,13.848648648648648,5.845945945945946,5.8108108108108105,2.0432432432432432,2.472972972972973,2.0432432432432432,1,1,0,14.936756756756756,0.5281728368255347,25.91216216216216,
1642846,Ace,Bailey,72,13.791666666666666,1.8194444444444444,4.194444444444445,0.6805555555555556,0.8333333333333334,1.4861111111111112,12.38888888888889,5.486111111111111,5.527777777777778,1.9027777777777777,1.2222222222222223,0.9166666666666666,0,1,0,12.926666666666668,0.533457968024755,25.89583333333333,
1642928,Dylan,Cardwell,44,5.409090909090909,1.4090909090909092,7.545454545454546,1.5227272727272727,0.6818181818181818,0.8863636363636364,4.068181818181818,2.386363636363636,0.0909090909090909,0.0454545454545454,1.1590909090909092,0.5909090909090909,0,0,1,4.578181818181818,0.590746624305004,25.886363636363637,
1641739,Toumani,Camara,226,10.964601769911503,2.0398230088495577,5.292035398230088,0.5088495575221239,1.1991150442477876,1.4690265486725664,8.93362831858407,4.013274336283186,4.907079646017699,1.8097345132743363,1.5486725663716814,1.1283185840707963,0,1,0,9.61504424778761,0.5701794753796595,25.85619469026549,
1642271,Kyle,Filipowski,148,10.45945945945946,2.27027027027027,6.675675675675675,0.4121621621621621,0.8175675675675675,1.5202702702702702,7.864864864864865,3.885135135135135,2.9864864864864864,0.9932432432432432,2.371621621621621,1.695945945945946,0,0,1,8.908378378378378,0.5870574315099664,25.75675675675676,
201144,Mike,Conley,387,11.02842377260982,5.255813953488372,2.736434108527132,0.2299741602067183,1.129198966408269,1.3695090439276485,8.61498708010336,3.695090439276486,5.0671834625323,2.054263565891473,1.8578811369509045,1.583979328165375,1,0,0,9.432454780361756,0.584599875080814,25.71447028423773,
1631093,Jaden,Ivey,215,14.81860465116279,3.9953488372093022,3.525581395348837,0.3813953488372093,0.772093023255814,2.544186046511628,12.074418604651164,5.176744186046512,4.637209302325582,1.6465116279069767,3.753488372093024,2.818604651162791,1,0,0,13.725953488372094,0.5398023774347018,25.625581395348835,
200768,Kyle,Lowry,269,10.62453531598513,5.338289962825279,3.7472118959107807,0.3159851301115242,0.9591078066914498,1.8698884758364311,8.189591078066915,3.449814126394052,5.096654275092937,1.884758364312268,2.152416356877324,1.8401486988847584,1,0,0,9.136654275092935,0.581423735433891,25.61338289962825,
1641824,Matas,Buzelis,157,12.356687898089172,1.5095541401273886,4.624203821656051,1.21656050955414,0.535031847133758,1.484076433121019,9.668789808917197,4.445859872611465,4.847133757961784,1.713375796178344,2.203821656050956,1.751592356687898,0,1,0,10.638471337579617,0.5807548615767795,25.59554140127389,
1629014,Anfernee,Simons,354,16.858757062146893,3.638418079096045,2.6638418079096047,0.1299435028248587,0.5649717514124294,1.7598870056497176,13.7090395480226,5.966101694915254,7.522598870056497,2.903954802259887,2.26271186440678,2.022598870056497,1,0,0,14.704632768361584,0.5732464498678306,25.572033898305087,
1631101,Shaedon,Sharpe,230,15.695652173913045,2.2043478260869565,3.965217391304348,0.2434782608695652,0.8391304347826087,1.8782608695652172,13.004347826086956,5.878260869565217,5.28695652173913,1.7695652173913043,2.782608695652174,2.1695652173913045,1,0,0,14.228695652173911,0.55154922691438,25.523913043478263,
203471,Dennis,Schroder,412,13.150485436893204,5.235436893203883,2.9271844660194173,0.1723300970873786,0.8640776699029126,2.0145631067961167,10.810679611650484,4.563106796116505,3.944174757281553,1.3567961165048543,3.1601941747572817,2.66747572815534,1,0,0,12.20116504854369,0.5389028582341333,25.510922330097088,
1629661,Cameron,Johnson,334,13.479041916167663,2.161676646706587,4.017964071856287,0.3203592814371258,0.8473053892215568,0.9670658682634732,10.089820359281438,4.631736526946108,5.931137724550898,2.3532934131736525,2.18562874251497,1.8622754491017963,0,1,0,11.051497005988026,0.6098287819679237,25.48502994011976,
1630529,Herbert,Jones,291,9.810996563573884,2.508591065292096,3.711340206185567,0.6632302405498282,1.5532646048109966,1.309278350515464,7.797250859106529,3.5532646048109964,3.171821305841924,1.1030927835051547,1.951890034364261,1.6013745704467357,0,1,0,8.656082474226803,0.566711130166897,25.388316151202748,
1642274,Yves,Missi,138,7.420289855072464,1.3043478260869563,7.057971014492754,1.434782608695652,0.4057971014492754,0.9782608695652174,5.601449275362318,3.0434782608695654,0.0144927536231884,0.0,2.2028985507246377,1.3333333333333333,0,0,1,6.570724637681159,0.5646477568485597,25.369565217391305,
202683,Enes,Freedom,107,8.728971962616823,0.8598130841121495,8.925233644859814,0.5794392523364486,0.3551401869158878,0.9158878504672896,6.149532710280374,3.644859813084112,0.0841121495327102,0.02803738317757,1.794392523364486,1.411214953271028,0,0,1,6.939065420560747,0.628973170994505,25.31308411214953,
1627741,Buddy,Hield,443,13.57336343115124,2.5823927765237022,3.860045146726862,0.345372460496614,0.9051918735891648,1.4762979683972912,11.36117381489842,4.81941309255079,7.695259593679458,2.959367945823928,1.1534988713318284,0.9751693002257336,1,0,0,11.868713318284424,0.5718127596123123,25.28668171557562,
202711,Bojan,Bogdanovic,257,17.95330739299611,1.9649805447470816,3.704280155642024,0.0700389105058365,0.556420233463035,1.8754863813229568,13.29182879377432,6.097276264591439,6.287937743190661,2.4863813229571985,3.801556420233463,3.272373540856031,0,1,0,14.964513618677044,0.599862710224968,25.212062256809336,
1629001,De'Anthony,Melton,291,10.518900343642612,2.6323024054982818,3.790378006872852,0.5051546391752577,1.4639175257731958,1.422680412371134,9.0446735395189,3.72852233676976,5.0,1.838487972508591,1.5360824742268042,1.2233676975945018,1,0,0,9.720549828178694,0.5410650904308724,25.18384879725086,
203903,Jordan,Clarkson,367,15.907356948228882,3.0653950953678475,3.310626702997275,0.1689373297002724,0.6811989100817438,1.9455040871934608,13.550408719346049,5.754768392370572,6.482288828337874,2.1416893732970026,2.6866485013623977,2.256130790190736,1,0,0,14.732534059945504,0.5398717180460305,24.980926430517705,
203937,Kyle,Anderson,385,8.11948051948052,3.5246753246753246,4.535064935064935,0.6987012987012987,1.0233766233766233,1.0831168831168831,6.6,3.14025974025974,1.5636363636363635,0.5532467532467532,1.774025974025974,1.2857142857142858,1,1,0,7.380571428571428,0.5500577155888399,24.931168831168836,
1628370,Malik,Monk,389,14.105398457583547,3.8508997429305913,2.879177377892031,0.3933161953727506,0.6838046272493573,1.8277634961439588,11.359897172236504,5.071979434447301,5.60668380462725,2.038560411311054,2.2622107969151672,1.922879177377892,1,0,0,12.355269922879176,0.5708251841371561,24.853470437017997,
1630191,Isaiah,Stewart,361,8.78393351800554,1.296398891966759,6.770083102493075,1.1772853185595569,0.3850415512465374,1.1551246537396125,6.650969529085873,3.4293628808864267,1.7950138504155124,0.6177285318559557,1.778393351800554,1.3074792243767313,0,1,1,7.433462603878117,0.5908372710063052,24.822714681440445,
1630183,Jaden,McDaniels,436,11.130733944954128,1.7454128440366972,4.1995412844036695,0.8692660550458715,0.9472477064220184,1.2545871559633028,8.931192660550458,4.36697247706422,3.493119266055046,1.2545871559633028,1.474770642201835,1.1422018348623852,0,1,0,9.580091743119263,0.5809304463576033,24.805045871559635,
1630583,Santi,Aldama,275,10.341818181818182,2.058181818181818,5.458181818181818,0.6181818181818182,0.6654545454545454,0.9745454545454544,8.403636363636364,3.883636363636364,4.090909090909091,1.4145454545454546,1.6872727272727273,1.16,0,1,1,9.146036363636364,0.5653715866982617,24.80181818181818,
203496,Robert,Covington,214,7.467289719626168,1.3317757009345794,5.163551401869159,1.0373831775700937,1.280373831775701,0.8411214953271028,6.172897196261682,2.5841121495327104,4.102803738317757,1.5514018691588785,0.9205607476635514,0.7476635514018691,0,1,0,6.577943925233645,0.567600591043419,24.799065420560748,
1631170,Jaime,Jaquez Jr.,212,12.056603773584904,3.297169811320755,4.3915094339622645,0.2547169811320754,0.8773584905660378,1.6886792452830188,9.575471698113208,4.683962264150943,2.3254716981132075,0.7452830188679245,2.5,1.9433962264150944,1,0,0,10.675471698113208,0.5646871686108165,24.74056603773585,
202355,Hassan,Whiteside,101,8.188118811881187,0.4554455445544554,7.01980198019802,1.4752475247524752,0.3069306930693069,0.9207920792079208,5.485148514851486,3.376237623762376,0.0099009900990099,0.0,2.435643564356436,1.4356435643564356,0,0,1,6.556831683168317,0.6243959893694128,24.68811881188119,
1629634,Brandon,Clarke,251,9.741035856573705,1.3107569721115535,5.354581673306773,0.7888446215139442,0.7649402390438247,0.6613545816733067,6.9282868525896415,4.163346613545817,0.5099601593625498,0.1115537848605577,1.9123505976095616,1.302788844621514,0,1,0,7.769721115537848,0.6268587837144908,24.631474103585656,
1629631,De'Andre,Hunter,304,15.164473684210526,1.5361842105263157,4.0,0.2796052631578947,0.6842105263157895,1.361842105263158,11.56578947368421,5.259868421052632,4.907894736842105,1.8026315789473684,3.411184210526316,2.8421052631578947,1,1,0,13.06671052631579,0.5802712799701935,24.60032894736842,
201937,Ricky,Rubio,135,8.874074074074073,5.725925925925926,3.214814814814815,0.1259259259259259,1.2814814814814814,1.7185185185185186,8.051851851851852,2.9851851851851854,3.4814814814814814,1.0814814814814817,2.1333333333333333,1.8222222222222224,1,0,0,8.990518518518519,0.4935240417888804,24.477777777777774,
1630175,Cole,Anthony,350,11.965714285714286,3.757142857142857,4.091428571428572,0.4114285714285714,0.6771428571428572,1.8571428571428568,10.154285714285717,4.268571428571429,3.74,1.282857142857143,2.5542857142857143,2.145714285714286,1,0,0,11.27817142857143,0.530481131693081,24.378571428571423,
203482,Kelly,Olynyk,337,10.109792284866469,3.1839762611275964,5.192878338278931,0.4421364985163205,0.8605341246290801,1.768545994065282,7.062314540059347,3.5311572700296736,2.9525222551928785,1.0712166172106825,2.4154302670623147,1.9762611275964392,0,1,1,8.125103857566765,0.6221331112864114,24.348664688427306,
1630590,Scotty,Pippen Jr.,116,10.155172413793103,4.258620689655173,3.034482758620689,0.3879310344827586,1.3793103448275863,1.922413793103448,7.801724137931035,3.724137931034482,2.810344827586207,1.103448275862069,2.2241379310344827,1.603448275862069,1,0,0,8.780344827586207,0.5782900679417193,24.31896551724138,
1642844,Dylan,Harper,69,11.782608695652174,3.855072463768116,3.391304347826087,0.3478260869565217,0.782608695652174,1.434782608695652,9.507246376811594,4.797101449275362,2.579710144927536,0.8840579710144928,1.7246376811594204,1.3043478260869563,1,0,0,10.26608695652174,0.5738607487718109,24.304347826086957,
203486,Mason,Plumlee,348,7.25,2.534482758620689,7.258620689655173,0.6120689655172413,0.5948275862068966,1.2327586206896552,4.465517241379311,2.8477011494252875,0.0545977011494252,0.0,2.5689655172413794,1.5545977011494252,0,1,1,5.595862068965517,0.647800098595021,24.30172413793104,
1629614,Andrew,Nembhard,259,11.28957528957529,5.289575289575289,2.741312741312741,0.1428571428571428,1.003861003861004,1.8223938223938223,9.382239382239382,4.289575289575289,3.4787644787644787,1.196911196911197,1.864864864864865,1.5135135135135136,1,1,0,10.20277992277992,0.5532597671919229,24.27799227799228,
2546,Carmelo,Anthony,138,13.355072463768115,1.2463768115942029,3.63768115942029,0.6521739130434783,0.6739130434782609,0.8695652173913043,10.869565217391305,4.681159420289855,5.231884057971015,2.0434782608695654,2.2681159420289854,1.9492753623188408,0,1,0,11.867536231884058,0.5626724959089465,24.246376811594203,
203084,Harrison,Barnes,451,13.592017738359202,1.9711751662971173,4.290465631929046,0.1574279379157428,0.6430155210643016,1.0110864745011086,9.314855875831483,4.463414634146342,4.529933481152994,1.7893569844789357,3.476718403547672,2.8758314855875837,0,1,0,10.84461197339246,0.626671464673313,24.164079822616404,
204456,T.J.,McConnell,373,9.176943699731904,5.35656836461126,2.900804289544236,0.2198391420911528,1.193029490616622,1.5656836461126005,7.670241286863271,4.134048257372654,0.7533512064343163,0.2680965147453083,0.8150134048257373,0.6407506702412868,1,0,0,8.028847184986596,0.5714982168854933,24.083109919571047,
1642867,Collin,Murray-Boyles,57,8.491228070175438,1.8596491228070176,5.0,0.9298245614035088,0.912280701754386,1.0350877192982455,6.0,3.473684210526316,0.8771929824561403,0.2982456140350877,1.894736842105263,1.2456140350877194,0,1,0,6.833684210526315,0.6212774697063053,24.07894736842105,
1630703,Scoot,Henderson,158,13.49367088607595,4.955696202531645,2.9873417721518987,0.2215189873417721,0.9050632911392406,2.9240506329113924,11.544303797468354,4.6645569620253164,4.60126582278481,1.5759493670886076,3.2278481012658227,2.588607594936709,1,0,0,12.964556962025316,0.5204061706697911,24.06645569620253,
1642268,Isaiah,Collier,129,9.976744186046512,6.689922480620155,2.9612403100775198,0.2790697674418604,0.992248062015504,2.751937984496124,8.217054263565892,3.736434108527132,2.062015503875969,0.5193798449612403,2.813953488372093,1.984496124031008,1,0,0,9.455193798449612,0.5275801003509002,24.034883720930235,
202339,Eric,Bledsoe,125,11.224,3.944,3.408,0.344,0.992,1.84,9.584,4.032,4.144,1.376,2.496,1.784,1,0,0,10.68224,0.5253579773530646,23.916,
1629652,Luguentz,Dort,393,12.040712468193384,1.6310432569974556,3.964376590330789,0.4376590330788804,0.9516539440203562,1.10941475826972,10.150127226463104,4.106870229007634,5.852417302798982,2.0916030534351147,2.198473282442748,1.7353689567430026,1,0,0,11.117455470737912,0.5415228556518874,23.772264631043257,
1628989,Kevin,Huerter,414,11.601449275362318,2.780193236714976,3.3309178743961354,0.3502415458937198,0.929951690821256,1.1014492753623188,9.79951690821256,4.403381642512077,5.630434782608695,2.0458937198067635,0.9903381642512076,0.748792270531401,1,1,0,10.235265700483092,0.5667390380893944,23.685990338164256,
203115,Will,Barton,182,11.71978021978022,3.120879120879121,3.8626373626373622,0.3681318681318681,0.7307692307692307,1.489010989010989,10.263736263736265,4.335164835164835,4.763736263736264,1.7637362637362637,1.620879120879121,1.2857142857142858,1,0,0,10.976923076923075,0.5338372209430373,23.612637362637365,
1628963,Marvin,Bagley III,270,10.948148148148148,0.9666666666666668,6.155555555555556,0.5481481481481482,0.437037037037037,0.9962962962962963,8.207407407407407,4.45925925925926,1.351851851851852,0.4259259259259259,2.3777777777777778,1.6037037037037036,0,1,0,9.253629629629629,0.5915596682783133,23.57962962962963,
1629647,Darius,Bazley,176,10.0625,1.369318181818182,5.670454545454546,0.7727272727272727,0.6534090909090909,1.4034090909090908,8.818181818181818,3.6818181818181817,3.5,1.0511363636363635,2.4431818181818183,1.6477272727272727,0,1,0,9.89318181818182,0.5085573167930163,23.519886363636367,
1628449,Chris,Boucher,321,9.666666666666666,0.5482866043613707,5.482866043613707,0.9501557632398754,0.5358255451713395,0.5825545171339563,7.034267912772585,3.451713395638629,2.94392523364486,0.9906542056074766,2.283489096573209,1.7725856697819315,0,1,0,8.039003115264798,0.6012354099173809,23.492211838006224,
1629018,Gary,Trent Jr.,400,13.955,1.5175,2.33,0.15,1.1575,0.75,11.8375,4.9475,6.57,2.5275,1.8575,1.5325,1,0,0,12.6548,0.5513718114865506,23.45625,
1626220,Royce,O'Neale,452,8.289823008849558,2.7168141592920354,5.123893805309734,0.4867256637168141,0.9203539823008848,1.1371681415929205,6.933628318584071,2.900442477876106,5.212389380530974,2.0398230088495577,0.5929203539823009,0.4491150442477876,0,1,0,7.194513274336283,0.5761211837929593,23.404867256637168,
1628960,Grayson,Allen,373,12.032171581769436,2.453083109919571,3.3324396782841825,0.3083109919571045,0.9142091152815014,1.1045576407506703,8.93833780160858,3.96514745308311,6.053619302949062,2.455764075067024,1.903485254691689,1.646112600536193,1,0,0,9.775871313672925,0.6154014918824044,23.391420911528147,
1631110,Jeremy,Sochan,223,9.852017937219731,2.412556053811659,5.394618834080718,0.4349775784753363,0.7309417040358744,1.4618834080717489,8.417040358744394,3.9551569506726456,2.1838565022421523,0.6143497757847534,1.8251121076233183,1.3273542600896862,0,1,0,9.220089686098657,0.5342690945877592,23.30269058295964,
203457,Nerlens,Noel,105,4.219047619047619,0.7523809523809524,5.6571428571428575,1.7333333333333334,1.0952380952380951,0.9333333333333332,3.038095238095238,1.7333333333333334,0.0761904761904762,0.0095238095238095,1.0476190476190477,0.7428571428571429,0,1,1,3.499047619047619,0.6028851388132825,23.28095238095238,
1626149,Montrezl,Harrell,197,11.081218274111675,1.2741116751269037,5.16751269035533,0.5939086294416244,0.467005076142132,0.9187817258883249,6.939086294416244,4.355329949238579,0.1675126903553299,0.0203045685279187,3.314720812182741,2.350253807106599,0,1,1,8.39756345177665,0.6597877073359447,23.1497461928934,
1630228,Jonathan,Kuminga,288,12.586805555555555,1.8576388888888888,4.28125,0.4201388888888889,0.6493055555555556,1.4652777777777777,9.364583333333334,4.690972222222222,2.4652777777777777,0.8229166666666666,3.399305555555556,2.3819444444444446,0,1,0,10.860277777777778,0.5794881960252705,23.142361111111114,
1628971,Bruce,Brown,400,9.4075,2.3575,4.3925,0.4425,0.975,1.1025,7.505,3.6775,1.9475,0.6925,1.765,1.36,1,1,0,8.2816,0.5679759949768162,22.997499999999995,
1630200,Tre,Jones,357,9.473389355742295,4.857142857142857,2.8599439775910365,0.1260504201680672,0.9159663865546218,1.145658263305322,7.285714285714286,3.6666666666666665,1.6274509803921569,0.5070028011204482,1.9439775910364143,1.6330532212885154,1,0,0,8.141064425770308,0.5818274405097785,22.925770308123248,
1630245,Ayo,Dosunmu,345,11.205797101449276,3.353623188405797,3.028985507246377,0.3681159420289855,0.8376811594202899,1.3768115942028984,8.704347826086957,4.408695652173913,3.2840579710144926,1.2521739130434784,1.4115942028985506,1.136231884057971,1,0,0,9.32544927536232,0.6008180823552814,22.84927536231884,
1641750,Ryan,Kalkbrenner,69,7.550724637681159,0.782608695652174,5.463768115942029,1.463768115942029,0.463768115942029,0.8985507246376812,4.217391304347826,3.1739130434782608,0.072463768115942,0.0,1.681159420289855,1.2028985507246377,0,0,1,4.957101449275362,0.7616068296105718,22.833333333333336,
1631157,Ryan,Rollins,151,11.099337748344372,3.4834437086092715,3.066225165562914,0.3377483443708609,1.0529801324503312,1.8344370860927155,8.801324503311259,4.185430463576159,3.8543046357615895,1.576158940397351,1.4304635761589404,1.152317880794702,1,0,0,9.430728476821193,0.5884666161062891,22.817880794701992,
1628365,Markelle,Fultz,155,9.903225806451612,4.116129032258065,3.0129032258064514,0.3225806451612903,1.0903225806451613,1.7161290322580645,8.787096774193548,4.238709677419354,0.9419354838709676,0.2774193548387096,1.464516129032258,1.1483870967741936,1,0,0,9.431483870967742,0.525008892658768,22.816129032258058,
1629060,Rui,Hachimura,350,12.468571428571428,1.14,4.405714285714286,0.3228571428571428,0.5885714285714285,0.8085714285714286,9.7,4.888571428571429,3.237142857142857,1.3057142857142856,1.8628571428571428,1.3857142857142857,0,1,0,10.519657142857142,0.5926320249437788,22.81571428571429,
1627736,Malik,Beasley,352,13.798295454545457,1.6079545454545454,3.25,0.1107954545454545,0.7670454545454546,0.9318181818181818,11.724431818181818,4.889204545454546,8.201704545454545,3.2045454545454546,1.0795454545454546,0.8153409090909091,1,0,0,12.199431818181818,0.5655302501047925,22.732954545454547,
1628380,Zach,Collins,230,9.439130434782609,2.365217391304348,5.404347826086957,0.6739130434782609,0.4869565217391304,1.5869565217391304,7.139130434782609,3.5869565217391304,2.0782608695652174,0.7086956521739131,1.9956521739130435,1.556521739130435,0,1,1,8.017217391304348,0.588678713204191,22.56304347826087,
201567,Kevin,Love,273,9.743589743589745,1.967032967032967,6.406593406593407,0.2014652014652014,0.3846153846153846,1.0842490842490842,7.644688644688645,3.183150183150183,5.003663003663004,1.835164835164835,1.8644688644688645,1.5421245421245422,0,1,1,8.465054945054945,0.5755183992799529,22.47985347985348,
203501,Tim,Hardaway Jr.,415,13.946987951807229,1.7132530120481928,3.0650602409638554,0.1253012048192771,0.5759036144578313,0.7590361445783133,11.274698795180722,4.708433734939759,7.125301204819277,2.6867469879518078,2.272289156626506,1.843373493975904,1,1,0,12.274506024096384,0.5681282784181927,22.401204819277112,
1626158,Richaun,Holmes,216,8.74074074074074,1.0416666666666667,5.787037037037037,0.8796296296296297,0.3657407407407407,0.8657407407407407,5.75462962962963,3.643518518518519,0.1388888888888889,0.0462962962962962,1.787037037037037,1.4074074074074074,0,1,1,6.540925925925926,0.6681577531779961,22.233796296296298,
1627739,Kris,Dunn,259,7.038610038610039,3.7142857142857135,3.343629343629344,0.3243243243243243,1.4555984555984556,1.277992277992278,5.996138996138996,2.799227799227799,2.305019305019305,0.8223938223938224,0.8108108108108109,0.6177606177606177,1,0,0,6.352895752895753,0.5539686398444148,22.18918918918919,
202326,DeMarcus,Cousins,89,8.9438202247191,1.651685393258427,5.98876404494382,0.5056179775280899,0.7752808988764045,1.6741573033707866,7.067415730337078,3.134831460674157,2.8876404494382024,0.9438202247191012,2.3146067415730336,1.7303370786516854,0,0,1,8.085842696629213,0.553054304930243,22.179775280898877,
1642267,Bub,Carrington,163,10.300613496932517,4.54601226993865,3.754601226993865,0.2269938650306748,0.6441717791411042,2.0306748466257667,9.104294478527608,3.748466257668712,5.024539877300613,1.883435582822086,1.2024539877300613,0.9202453987730062,1,0,0,9.633374233128835,0.5346316486651721,22.174846625766875,
1627936,Alex,Caruso,344,7.148255813953488,2.927325581395349,3.188953488372093,0.5523255813953488,1.4796511627906976,1.1511627906976745,5.770348837209302,2.5406976744186047,3.1540697674418605,1.1424418604651163,1.2093023255813953,0.9244186046511628,1,0,0,6.302441860465116,0.5671020829873988,22.14825581395349,
1630165,Killian,Hayes,235,7.846808510638298,5.046808510638298,2.902127659574468,0.4170212765957446,1.1319148936170214,1.9234042553191488,8.093617021276597,3.042553191489361,2.8595744680851065,0.8,1.2085106382978723,0.9617021276595744,1,0,0,8.62536170212766,0.4548683743142439,22.11914893617021,
1628977,Hamidou,Diallo,168,10.5,1.369047619047619,4.434523809523809,0.3392857142857143,0.9940476190476192,1.2261904761904765,8.172619047619047,4.172619047619048,1.1666666666666667,0.3333333333333333,2.9047619047619047,1.8214285714285716,1,0,0,9.450714285714286,0.555513566623838,22.08630952380953,
1631221,Collin,Gillespie,134,9.634328358208956,3.5522388059701493,3.1791044776119404,0.1567164179104477,0.9925373134328358,1.1567164179104477,7.970149253731344,3.3656716417910446,5.268656716417911,2.1343283582089554,0.9029850746268656,0.7686567164179104,1,0,0,8.367462686567164,0.5757019014662339,22.01492537313433,
1642349,Ajay,Mitchell,94,10.77659574468085,2.893617021276596,2.765957446808511,0.2340425531914893,1.0212765957446808,1.1702127659574468,8.287234042553191,4.0212765957446805,2.5319148936170213,0.8936170212765957,2.1382978723404253,1.8404255319148937,1,0,0,9.228085106382975,0.5839020566263949,21.946808510638306,
1629020,Jarred,Vanderbilt,341,6.0175953079178885,1.498533724340176,6.363636363636363,0.4281524926686217,1.0879765395894427,0.9736070381231672,4.44574780058651,2.434017595307918,0.7771260997067448,0.2287390029325513,1.4545454545454546,0.9208211143695014,0,1,0,5.0857478005865095,0.5916136174923887,21.928152492668623,
1629658,Jaylen,Hoard,26,8.423076923076923,1.5769230769230769,5.730769230769231,0.3846153846153846,0.7307692307692307,0.9615384615384616,6.846153846153846,3.3846153846153846,1.3846153846153846,0.3461538461538461,2.1153846153846154,1.3076923076923077,0,1,0,7.776923076923077,0.5415430267062314,21.923076923076927,
1642263,Reed,Sheppard,134,9.992537313432836,2.626865671641791,2.3582089552238807,0.5298507462686567,1.171641791044776,1.1940298507462686,8.843283582089553,3.664179104477612,5.358208955223881,2.0522388059701493,0.7611940298507462,0.6119402985074627,1,0,0,9.178208955223882,0.5443620515822681,21.888059701492534,
1641713,GG,Jackson,130,12.261538461538462,1.3,4.023076923076923,0.5615384615384615,0.5384615384615384,1.3846153846153846,9.807692307692308,4.384615384615385,4.407692307692308,1.523076923076923,2.646153846153846,1.9692307692307691,0,1,0,10.972,0.5587649681707283,21.876923076923077,
1628964,Mo,Bamba,257,7.186770428015564,0.8793774319066148,5.704280155642024,1.2178988326848248,0.3735408560311284,0.7937743190661478,5.7587548638132295,2.758754863813229,2.4941634241245136,0.906614785992218,1.0817120622568093,0.7626459143968871,0,0,1,6.234708171206226,0.5763517899046383,21.84046692607004,
1629638,Nickeil,Alexander-Walker,406,11.305418719211822,2.6305418719211824,2.773399014778325,0.4458128078817734,0.8325123152709359,1.354679802955665,9.253694581280788,3.992610837438424,5.0073891625615765,1.8719211822660096,1.7807881773399017,1.4482758620689655,1,0,0,10.037241379310345,0.5631735997958343,21.815270935960587,
203095,Evan,Fournier,180,12.372222222222222,2.2111111111111112,2.466666666666667,0.2722222222222222,0.9444444444444444,1.227777777777778,10.483333333333333,4.35,6.344444444444444,2.3666666666666667,1.7055555555555555,1.3055555555555556,1,1,0,11.233777777777776,0.5506705966133882,21.8,
1641717,Cason,Wallace,224,7.830357142857143,2.1785714285714284,2.8794642857142856,0.4375,1.5401785714285714,0.7857142857142857,6.65625,3.0669642857142856,3.2098214285714284,1.1875,0.6339285714285714,0.5089285714285714,1,0,0,6.935178571428572,0.5645389705693025,21.756696428571427,
1629674,Neemias,Queta,182,7.126373626373627,1.0879120879120878,5.6923076923076925,0.9505494505494504,0.5054945054945055,0.7362637362637363,4.681318681318682,3.010989010989011,0.0604395604395604,0.0054945054945054,1.554945054945055,1.098901098901099,0,0,1,5.365494505494506,0.6640929013230655,21.64835164835165,
1630173,Precious,Achiuwa,389,8.06426735218509,1.038560411311054,5.861182519280206,0.6580976863753213,0.622107969151671,0.9562982005141388,6.717223650385604,3.3239074550128533,1.2596401028277635,0.3804627249357326,1.7352185089974292,1.0359897172236503,0,1,0,7.480719794344472,0.5390034364261168,21.62210796915167,
1629656,Quentin,Grimes,310,11.306451612903226,2.3451612903225807,3.270967741935484,0.3032258064516129,0.8032258064516129,1.280645161290323,8.783870967741935,3.916129032258064,5.225806451612903,1.9064516129032256,1.9774193548387096,1.5677419354838709,1,0,0,9.653935483870969,0.5855876928011976,21.59516129032257,
203484,Kentavious,Caldwell-Pope,419,10.243436754176612,2.1336515513126493,2.653937947494033,0.4033412887828162,1.162291169451074,1.0525059665871122,8.164677804295943,3.596658711217184,4.315035799522673,1.6539379474940334,1.5966587112171835,1.39618138424821,1,0,0,8.867207637231504,0.5776021704491624,21.58233890214797,
201976,Patrick,Beverley,231,7.233766233766234,3.2294372294372296,3.6103896103896105,0.6536796536796536,0.8658008658008658,1.0,6.008658008658009,2.467532467532468,3.4588744588744587,1.2121212121212122,1.432900432900433,1.0865800865800863,1,0,0,6.639134199134199,0.5447823478782504,21.571428571428573,
1642258,Zaccharie,Risacher,142,11.147887323943662,1.1830985915492958,3.6971830985915495,0.5140845070422535,0.7816901408450704,1.056338028169014,9.26056338028169,4.232394366197183,4.23943661971831,1.528169014084507,1.6830985915492958,1.1549295774647887,0,1,0,10.00112676056338,0.5573315682739973,21.5387323943662,
1641710,Anthony,Black,204,9.794117647058824,2.7549019607843137,2.965686274509804,0.5490196078431373,1.0196078431372548,1.5735294117647058,7.936274509803922,3.5098039215686274,2.8480392156862746,0.9754901960784312,2.4754901960784315,1.7990196078431373,1,0,0,9.025490196078431,0.5425809254833804,21.502450980392155,
1630560,Cam,Thomas,253,15.039525691699604,2.158102766798419,2.4466403162055337,0.1422924901185771,0.4822134387351778,1.494071146245059,12.039525691699604,5.24505928853755,4.177865612648222,1.4189723320158103,3.6798418972332017,3.130434782608696,1,0,0,13.658656126482214,0.5505492470280469,21.45652173913044,
1642874,Danny,Wolf,57,8.912280701754385,2.2280701754385963,4.9298245614035086,0.5614035087719298,0.5263157894736842,1.280701754385965,7.719298245614035,3.12280701754386,3.701754385964912,1.1929824561403508,1.912280701754386,1.4736842105263157,0,1,0,8.560701754385965,0.5205344700385277,21.43859649122807,
1631212,Peyton,Watson,220,8.804545454545455,1.3636363636363635,3.5681818181818183,1.1363636363636365,0.6454545454545455,0.968181818181818,6.831818181818182,3.2818181818181817,2.2545454545454544,0.8181818181818182,2.036363636363636,1.4227272727272726,1,0,0,7.727818181818182,0.5696656706585418,21.39318181818182,
1630230,Naji,Marshall,365,10.2,2.4904109589041097,4.0,0.1616438356164383,0.8493150684931506,1.2931506849315069,8.005479452054795,3.775342465753425,2.663013698630137,0.7945205479452054,2.3945205479452056,1.8547945205479448,0,1,0,9.059068493150685,0.5629717894125617,21.393150684931506,
202694,Marcus,Morris Sr.,221,11.93212669683258,1.4479638009049771,3.891402714932127,0.3031674208144796,0.5384615384615384,0.9592760180995475,9.855203619909505,4.366515837104072,4.502262443438914,1.8144796380090495,1.665158371040724,1.3846153846153846,0,1,0,10.587873303167422,0.5634808027624876,21.38914027149321,
1642914,Javon,Small,41,9.658536585365852,3.682926829268293,3.1219512195121952,0.2195121951219512,0.8292682926829268,1.3658536585365857,7.024390243902439,3.268292682926829,3.463414634146341,1.4634146341463414,2.0,1.6585365853658536,1,0,0,7.904390243902439,0.6109602567267342,21.32926829268293,
202692,Alec,Burks,293,11.030716723549489,2.034129692832765,3.580204778156997,0.2252559726962457,0.7064846416382252,0.9283276450511946,8.515358361774744,3.4470989761092152,4.744027303754266,1.918088737201365,2.6689419795221845,2.218430034129693,1,0,0,9.689692832764504,0.5691984727446919,21.322525597269625,
1627827,Dorian,Finney-Smith,368,8.71195652173913,1.5679347826086956,4.475543478260869,0.4456521739130434,0.8777173913043478,0.8858695652173914,7.290760869565218,3.1847826086956523,4.861413043478261,1.7934782608695652,0.7635869565217391,0.5489130434782609,0,1,0,7.626739130434783,0.5711455690790411,21.298913043478255,
1631217,Moussa,Diabate,174,6.017241379310345,1.1724137931034482,6.522988505747127,0.6954022988505747,0.6551724137931034,0.8333333333333334,4.017241379310345,2.4367816091954024,0.057471264367816,0.0114942528735632,1.8045977011494247,1.132183908045977,0,1,0,4.811264367816092,0.6253284915667257,21.29597701149425,
1642856,Egor,Demin,52,10.307692307692308,3.326923076923077,3.173076923076923,0.3269230769230769,0.8076923076923077,1.6538461538461535,8.634615384615385,3.4423076923076925,6.1923076923076925,2.3846153846153846,1.25,1.0384615384615383,1,0,0,9.184615384615386,0.5611390284757118,21.28846153846154,
1626145,Tyus,Jones,433,8.448036951501155,4.7390300230946885,2.1963048498845263,0.0969976905311778,0.8960739030023095,0.8013856812933026,7.399538106235566,3.2886836027713624,3.355658198614319,1.2771362586605082,0.7090069284064665,0.5935334872979214,1,0,0,7.711501154734411,0.547755669226254,21.22055427251732,
203109,Jae,Crowder,203,8.275862068965518,1.7142857142857142,4.334975369458128,0.354679802955665,0.9605911330049262,0.7093596059113301,6.965517241379311,2.8423645320197046,4.802955665024631,1.7586206896551724,1.0788177339901477,0.8325123152709359,0,1,0,7.440197044334975,0.5561587965782993,21.192118226600986,
2730,Dwight,Howard,129,6.62015503875969,0.7441860465116279,7.255813953488372,0.7596899224806202,0.4961240310077519,1.2325581395348837,4.046511627906977,2.4186046511627906,0.2713178294573643,0.1007751937984496,2.75968992248062,1.682170542635659,0,1,1,5.26077519379845,0.6291995756218319,21.17829457364341,
203487,Michael,Carter-Williams,35,8.314285714285715,3.8857142857142857,4.114285714285714,0.5142857142857142,0.7428571428571429,2.085714285714286,8.114285714285714,3.1714285714285717,1.8285714285714283,0.4571428571428571,2.4857142857142858,1.5142857142857142,1,0,0,9.208,0.4514707707583468,21.17142857142857,
1626172,Kevon,Looney,392,5.211734693877551,1.9464285714285716,6.75765306122449,0.5076530612244898,0.5127551020408163,0.6198979591836735,3.8418367346938775,2.196428571428572,0.096938775510204,0.0204081632653061,1.3035714285714286,0.798469387755102,0,1,0,4.415408163265306,0.5901758683644935,21.10969387755102,
1630188,Jalen,Smith,316,8.85759493670886,0.8987341772151899,5.604430379746836,0.7215189873417721,0.2974683544303797,0.7943037974683544,6.64240506329114,3.3132911392405062,2.882911392405063,0.9778481012658228,1.6613924050632911,1.2531645569620251,0,1,1,7.3734177215189876,0.6006437768240342,21.0996835443038,
1631128,Christian,Braun,276,9.61231884057971,1.855072463768116,3.949275362318841,0.3659420289855072,0.7137681159420289,0.7717391304347826,7.043478260869565,3.699275362318841,2.253623188405797,0.8188405797101449,1.8405797101449275,1.394927536231884,1,0,0,7.853333333333333,0.6119897394257031,21.094202898550726,
1628372,Dennis,Smith Jr.,166,7.084337349397591,3.975903614457832,2.8072289156626504,0.3795180722891566,1.2530120481927711,1.355421686746988,6.614457831325301,2.765060240963856,1.813253012048193,0.4819277108433735,1.5060240963855422,1.072289156626506,1,0,0,7.27710843373494,0.4867549668874172,21.07831325301205,
1626204,Larry,Nance Jr.,263,6.699619771863118,1.8631178707224332,5.057034220532319,0.4106463878326996,0.988593155893536,0.8250950570342205,5.068441064638783,2.6958174904942966,1.6159695817490494,0.6045627376425855,1.0190114068441063,0.7034220532319392,0,1,1,5.51680608365019,0.6072009483637968,21.02661596958175,
1630692,Jordan,Goodwin,210,7.138095238095239,2.4095238095238094,4.252380952380952,0.3238095238095238,1.1285714285714286,0.9761904761904762,6.6761904761904765,2.7285714285714286,2.9095238095238094,1.0047619047619047,0.9142857142857144,0.6761904761904762,1,0,0,7.078476190476191,0.5042112911038158,20.988095238095237,
1626195,Willy,Hernangomez,133,8.1203007518797,1.0977443609022557,6.406015037593985,0.4135338345864661,0.4511278195488721,0.9323308270676692,5.74436090225564,3.082706766917293,0.2481203007518796,0.0601503759398496,2.5413533834586466,1.894736842105263,0,1,1,6.862556390977444,0.5916381803839075,20.96992481203008,
203490,Otto,Porter Jr.,113,7.646017699115045,1.4601769911504423,4.95575221238938,0.336283185840708,0.8849557522123894,0.5929203539823009,6.230088495575221,2.814159292035398,3.1769911504424777,1.168141592920354,1.008849557522124,0.8495575221238938,0,1,0,6.673982300884956,0.5728227431844701,20.969026548672566,
1631246,Vince,Williams Jr.,127,8.070866141732283,3.133858267716536,4.330708661417323,0.4645669291338583,0.7401574803149606,1.5669291338582678,6.858267716535433,2.748031496062992,3.9606299212598426,1.2834645669291338,1.6220472440944882,1.2913385826771653,1,0,0,7.571968503937008,0.5329437211430473,20.95275590551181,
1626196,Josh,Richardson,236,10.34322033898305,2.2838983050847457,2.860169491525424,0.3686440677966102,0.9110169491525424,1.1440677966101696,8.694915254237289,3.745762711864407,4.233050847457627,1.5381355932203389,1.4618644067796611,1.3135593220338984,1,0,0,9.33813559322034,0.5538161357654958,20.88983050847457,
1630549,Day'Ron,Sharpe,248,7.056451612903226,1.5,5.903225806451613,0.6370967741935484,0.6330645161290323,1.2379032258064515,5.116935483870968,2.8870967741935485,0.4677419354838709,0.1290322580645161,1.75,1.153225806451613,0,0,1,5.886935483870968,0.5993314885339325,20.766129032258064,
201565,Derrick,Rose,126,10.88095238095238,3.452380952380953,2.3095238095238093,0.3015873015873015,0.6746031746031746,1.3412698412698412,9.523809523809524,4.26984126984127,2.571428571428572,0.9523809523809524,1.5634920634920637,1.3888888888888888,1,0,0,10.211746031746031,0.5327664998290174,20.746031746031747,
1628984,Devonte',Graham,226,10.473451327433628,3.756637168141593,2.1327433628318584,0.1592920353982301,0.7654867256637168,1.1371681415929205,8.938053097345133,3.3008849557522124,6.45575221238938,2.2787610619469025,1.9557522123893805,1.592920353982301,1,0,0,9.79858407079646,0.5344369784328601,20.732300884955748,
201152,Thaddeus,Young,206,7.388349514563107,2.558252427184466,4.368932038834951,0.3300970873786408,0.9951456310679612,1.194174757281553,6.019417475728155,3.320388349514563,0.6504854368932039,0.174757281553398,0.9854368932038836,0.5728155339805825,0,1,0,6.453009708737864,0.5724731441639335,20.691747572815533,
1630202,Payton,Pritchard,419,10.66109785202864,3.052505966587112,2.973747016706444,0.1097852028639618,0.5727923627684964,0.9212410501193318,8.577565632458233,3.926014319809069,5.236276849642005,2.0692124105011933,0.8496420047732697,0.7398568019093079,1,0,0,8.951408114558472,0.5954983682784805,20.588305489260144,
1630577,Julian,Champagnie,251,9.354581673306772,1.346613545816733,4.159362549800797,0.4581673306772908,0.6852589641434262,0.8167330677290837,7.354581673306773,3.1274900398406373,5.274900398406374,1.9721115537848608,1.3227091633466137,1.1274900398406376,0,1,0,7.936573705179282,0.5893337616963175,20.55378486055777,
1630543,Isaiah,Jackson,212,7.132075471698113,0.7735849056603774,4.533018867924528,1.2028301886792452,0.6037735849056604,0.8915094339622641,4.702830188679245,2.85377358490566,0.1698113207547169,0.0330188679245283,2.0943396226415096,1.3915094339622642,0,1,0,5.624339622641509,0.6340367003254052,20.535377358490564,
1626153,Delon,Wright,275,6.134545454545455,3.0836363636363635,2.9709090909090907,0.3236363636363636,1.3563636363636364,0.7490909090909091,5.058181818181819,2.247272727272727,1.9854545454545451,0.7054545454545454,1.1490909090909092,0.9345454545454546,1,0,0,5.563781818181819,0.5512927766594337,20.43818181818181,
202704,Reggie,Jackson,319,11.278996865203762,3.567398119122257,2.489028213166144,0.128526645768025,0.6238244514106583,1.4733542319749215,10.33228840125392,4.282131661442007,4.470219435736677,1.5956112852664577,1.322884012539185,1.1191222570532915,1,0,0,10.91435736677116,0.5167045793984514,20.42633228840125,
1641730,Noah,Clowney,135,10.088888888888889,1.2296296296296296,3.962962962962963,0.6074074074074074,0.6074074074074074,1.2074074074074077,8.118518518518519,3.2074074074074077,5.0814814814814815,1.6888888888888889,2.474074074074074,1.9851851851851847,0,1,1,9.20711111111111,0.547885692218575,20.322222222222223,
1642285,Cam,Spencer,97,9.31958762886598,4.474226804123711,2.195876288659794,0.1237113402061855,0.6288659793814433,1.0206185567010309,6.577319587628866,3.061855670103093,3.896907216494845,1.7010309278350515,1.577319587628866,1.4948453608247425,1,0,0,7.271340206185567,0.6408438722849203,20.29381443298969,
1630314,Brandon,Williams,138,10.847826086956522,3.210144927536232,2.4347826086956523,0.2608695652173913,0.8043478260869565,1.6594202898550725,8.26086956521739,3.724637681159421,2.427536231884058,0.6811594202898551,3.5072463768115942,2.717391304347826,1,0,0,9.804057971014492,0.5532314333017976,20.257246376811597,
1629622,Max,Strus,314,10.44267515923567,2.343949044585987,3.5191082802547773,0.2101910828025477,0.5254777070063694,0.9681528662420382,8.59235668789809,3.6687898089171975,6.292993630573249,2.321656050955414,0.961783439490446,0.7834394904458599,1,1,0,9.015541401273886,0.5791485333182614,20.24363057324841,
1630172,Patrick,Williams,344,9.026162790697674,1.4651162790697674,3.8430232558139537,0.6191860465116279,0.811046511627907,1.2383720930232558,7.65406976744186,3.3459302325581395,3.2819767441860463,1.247093023255814,1.427325581395349,1.087209302325581,0,1,0,8.282093023255813,0.5449203942380592,20.232558139534888,
1642377,Jaylen,Wells,148,11.405405405405403,1.662162162162162,3.2972972972972974,0.1148648648648648,0.7094594594594594,0.9662162162162162,9.283783783783784,3.972972972972973,5.114864864864865,1.804054054054054,2.0675675675675675,1.6554054054054057,0,1,0,10.193513513513514,0.5594442676848022,20.20945945945946,
1628420,Monte,Morris,268,9.242537313432836,3.582089552238806,2.4738805970149254,0.1977611940298507,0.6455223880597015,0.753731343283582,7.623134328358209,3.578358208955224,3.044776119402985,1.167910447761194,1.1156716417910448,0.917910447761194,1,0,0,8.114029850746268,0.5695405047457877,20.19216417910448,
1630610,DeJon,Jarreau,20,6.55,3.1,4.75,0.5,0.8,1.75,6.65,2.5,2.15,0.4,1.7,1.15,1,0,0,7.398000000000001,0.4426872127602054,20.025,
1628367,Josh,Jackson,113,10.230088495575222,1.7433628318584071,3.495575221238938,0.6106194690265486,0.6991150442477876,1.672566371681416,8.91150442477876,3.68141592920354,3.424778761061947,0.9734513274336284,2.6106194690265485,1.893805309734513,1,1,0,10.060176991150442,0.5084447572132302,19.982300884955755,
1642364,Jamir,Watkins,50,7.36,1.34,3.88,0.5,1.08,0.8,5.92,2.64,3.16,0.94,1.64,1.14,0,1,0,6.6416,0.5540833534088172,19.91,
1631131,Oscar,Tshiebwe,48,7.083333333333333,0.8541666666666666,6.395833333333333,0.1458333333333333,0.6458333333333334,0.625,4.833333333333333,2.9791666666666665,0.0,0.0,1.7916666666666667,1.125,0,1,1,5.621666666666666,0.630002964719834,19.875,
1630197,Aleksej,Pokusevski,167,7.502994011976048,1.9520958083832336,4.652694610778443,0.8143712574850299,0.562874251497006,1.526946107784431,7.383233532934132,2.8862275449101795,3.3652694610778444,1.0239520958083832,1.0059880239520955,0.7065868263473054,0,1,0,7.825868263473054,0.4793713463716218,19.865269461077848,
1642848,Tre,Johnson,60,12.216666666666669,2.033333333333333,2.833333333333333,0.3,0.55,1.55,10.783333333333331,4.516666666666667,5.35,1.9166666666666667,1.45,1.2666666666666666,1,0,0,11.421333333333331,0.5348178846602849,19.816666666666663,
1629048,Goga,Bitadze,321,5.937694704049845,1.308411214953271,4.697819314641745,1.0903426791277258,0.4922118380062305,0.7538940809968847,4.124610591900312,2.355140186915888,0.7383177570093458,0.1744548286604361,1.5700934579439252,1.0529595015576323,0,1,1,4.815451713395639,0.6165252044301832,19.76947040498442,
1629660,Ty,Jerome,213,10.230046948356808,3.2347417840375585,2.173708920187793,0.107981220657277,0.784037558685446,1.0985915492957747,7.953051643192488,3.723004694835681,3.746478873239437,1.4694835680751173,1.5305164319248827,1.3145539906103287,1,1,0,8.626478873239437,0.5929445315221178,19.71361502347418,
1628998,Cody,Martin,213,6.394366197183099,2.286384976525821,3.835680751173709,0.4553990610328638,1.0375586854460097,0.9483568075117372,5.619718309859155,2.446009389671361,2.220657276995305,0.704225352112676,1.2065727699530515,0.7981220657276995,0,1,0,6.150610328638498,0.5198155837811431,19.65258215962441,
1642363,Nique,Clifford,75,8.6,2.3866666666666667,3.76,0.32,0.9066666666666666,1.5466666666666666,7.946666666666666,3.32,3.08,1.0266666666666666,1.2933333333333332,0.9333333333333332,1,0,0,8.515733333333333,0.5049477046408217,19.633333333333333,
1630164,James,Wiseman,149,9.033557046979864,0.7516778523489933,5.557046979865772,0.6912751677852349,0.2013422818791946,1.221476510067114,6.825503355704698,3.8053691275167782,0.4093959731543624,0.1073825503355704,1.9261744966442955,1.3154362416107384,0,0,1,7.673020134228188,0.5886571968371702,19.6241610738255,
1628464,Daniel,Theis,215,7.409302325581395,1.2883720930232558,4.683720930232558,0.7534883720930232,0.4697674418604651,0.8418604651162791,5.660465116279069,2.972093023255814,1.744186046511628,0.5488372093023256,1.2976744186046512,0.916279069767442,0,1,1,6.231441860465116,0.5945094643816803,19.57674418604651,
201586,Serge,Ibaka,111,7.972972972972973,1.1441441441441442,5.126126126126126,0.7837837837837838,0.1981981981981982,0.8828828828828829,6.441441441441442,3.2432432432432434,2.09009009009009,0.7387387387387387,0.990990990990991,0.7477477477477478,0,1,0,6.877477477477478,0.579643699240241,19.540540540540537,
2772,Trevor,Ariza,54,7.0,1.5185185185185186,4.185185185185185,0.4444444444444444,0.8148148148148148,0.5925925925925926,6.296296296296297,2.4444444444444446,4.018518518518518,1.2962962962962965,1.148148148148148,0.8148148148148148,0,1,0,6.801481481481482,0.5145937704203877,19.40740740740741,
1630551,Justin,Champagnie,186,7.10752688172043,0.956989247311828,4.666666666666667,0.510752688172043,0.7688172043010753,0.6290322580645161,5.553763440860215,2.7419354838709675,2.349462365591398,0.8118279569892473,1.0698924731182795,0.8118279569892473,1,1,0,6.024516129032258,0.5898836296137645,19.40322580645161,
201568,Danilo,Gallinari,162,10.48148148148148,1.376543209876543,3.783950617283951,0.1604938271604938,0.4444444444444444,0.6296296296296297,7.648148148148148,3.314814814814815,3.8950617283950617,1.4938271604938271,2.6049382716049383,2.3580246913580245,0,1,0,8.79432098765432,0.5959232950557318,19.382716049382715,
201980,Danny,Green,144,7.506944444444445,1.3125,3.0069444444444446,0.6666666666666666,1.1041666666666667,0.8472222222222222,6.354166666666667,2.583333333333333,5.145833333333333,2.0416666666666665,0.3819444444444444,0.2986111111111111,1,0,0,6.522222222222222,0.5754897785349233,19.375000000000004,
201569,Eric,Gordon,261,11.82375478927203,2.3065134099616857,1.7777777777777777,0.367816091954023,0.6666666666666666,1.3754789272030652,9.11111111111111,4.091954022988506,5.306513409961686,2.0114942528735638,2.0383141762452106,1.628352490421456,1,0,0,10.007969348659003,0.5907169765091421,19.337164750957854,
1629676,Isaiah,Roby,147,7.884353741496598,1.469387755102041,4.523809523809524,0.5306122448979592,0.7210884353741497,1.272108843537415,6.170068027210885,2.993197278911565,1.8231292517006803,0.6394557823129252,1.8639455782312928,1.2585034013605445,0,1,0,6.990204081632654,0.563957335824672,19.336734693877556,
1630631,Jose,Alvarado,293,8.003412969283277,3.21160409556314,2.273037542662116,0.1774744027303754,1.1331058020477816,1.0955631399317407,7.102389078498294,2.9283276450511946,3.931740614334471,1.3686006825938566,1.0273037542662116,0.7781569965870307,1,0,0,7.554402730375426,0.5297184473037444,19.281569965870304,
1627824,Guerschon,Yabusele,137,8.328467153284672,1.54014598540146,4.591240875912408,0.291970802919708,0.6131386861313869,0.9343065693430656,6.386861313868613,2.970802919708029,3.4306569343065694,1.2627737226277371,1.532846715328467,1.124087591240876,0,1,0,7.061313868613139,0.58972503617945,19.27737226277372,
1629130,Duncan,Robinson,409,11.381418092909536,1.9926650366748169,2.5794621026894866,0.1858190709046454,0.5550122249388753,0.9755501222493888,9.0,3.880195599022005,7.080684596577017,2.765281173594132,1.019559902200489,0.8557457212713936,0,1,0,9.448606356968217,0.6022802550407818,19.25183374083129,
1629659,Talen,Horton-Tucker,295,9.298305084745763,2.8135593220338984,2.647457627118644,0.3593220338983051,0.7627118644067796,1.3932203389830509,8.030508474576271,3.4338983050847456,2.7288135593220337,0.8169491525423729,2.0983050847457627,1.6135593220338984,1,0,0,8.953762711864407,0.5192400884392889,19.19152542372881,
1641729,Brice,Sensabaugh,177,11.932203389830509,1.734463276836158,3.067796610169492,0.1468926553672316,0.6384180790960452,1.5706214689265536,9.3954802259887,4.220338983050848,5.214689265536723,1.9774011299435028,1.7796610169491525,1.5141242937853108,0,1,0,10.178531073446328,0.5861456483126111,19.135593220338983,
1626159,Justise,Winslow,102,6.352941176470588,2.2745098039215685,4.5588235294117645,0.4705882352941176,0.7843137254901961,1.2647058823529411,6.519607843137255,2.5980392156862746,1.6176470588235294,0.3823529411764705,1.2647058823529411,0.7745098039215687,1,1,0,7.076078431372549,0.4489026823320771,19.09313725490196,
203082,Terrence,Ross,172,10.86046511627907,1.8546511627906976,2.75,0.25,0.6395348837209303,1.1162790697674418,9.505813953488373,3.918604651162791,4.569767441860465,1.5174418604651163,1.755813953488372,1.505813953488372,1,1,0,10.278372093023256,0.5283164015657171,19.093023255813957,
1630208,Nick,Richards,298,7.130872483221476,0.5738255033557047,5.842281879194631,0.8456375838926175,0.2281879194630872,0.9899328859060402,4.453020134228188,2.75503355704698,0.0771812080536912,0.0201342281879194,2.218120805369128,1.6006711409395973,0,0,1,5.428993288590604,0.6567398506650843,19.07046979865772,
1628407,Dwayne,Bacon,72,10.944444444444445,1.2916666666666667,3.111111111111111,0.0694444444444444,0.625,0.6388888888888888,10.083333333333334,4.055555555555555,2.875,0.8194444444444444,2.4444444444444446,2.013888888888889,1,1,0,11.158888888888889,0.4903913173354575,19.04861111111111,
1641707,Taylor,Hendricks,102,7.294117647058823,0.8725490196078431,4.127450980392157,0.6274509803921569,0.8137254901960784,0.7745098039215687,6.009803921568627,2.696078431372549,3.294117647058824,1.1666666666666667,1.0294117647058822,0.7352941176470589,0,1,0,6.462745098039216,0.5643203883495146,19.009803921568626,
1628997,Caleb,Martin,348,7.767241379310345,1.6235632183908046,3.770114942528736,0.4022988505747126,0.853448275862069,0.9683908045977012,6.462643678160919,2.8879310344827585,2.5919540229885056,0.9051724137931034,1.5172413793103448,1.0862068965517242,0,1,0,7.130229885057471,0.5446697725404221,18.943965517241377,
1629611,Terance,Mann,426,8.605633802816902,2.136150234741784,3.6971830985915495,0.2323943661971831,0.596244131455399,0.8661971830985915,6.619718309859155,3.291079812206573,2.375586854460094,0.8826291079812206,1.448356807511737,1.1408450704225352,1,1,0,7.256995305164319,0.5929198959721558,18.937793427230048,
1630174,Aaron,Nesmith,328,9.557926829268292,1.1768292682926829,3.417682926829268,0.4024390243902439,0.6463414634146342,0.8810975609756098,7.423780487804878,3.3536585365853657,4.036585365853658,1.5518292682926829,1.554878048780488,1.298780487804878,1,1,0,8.107926829268292,0.5894186658644808,18.882621951219512,
201188,Marc,Gasol,52,5.038461538461538,2.0961538461538463,4.134615384615385,1.1153846153846154,0.5,1.0192307692307692,3.730769230769231,1.6923076923076923,2.3461538461538463,0.9615384615384616,0.9615384615384616,0.6923076923076923,0,0,1,4.153846153846154,0.6064814814814814,18.807692307692307,
200794,Paul,Millsap,89,6.932584269662922,1.4269662921348314,4.224719101123595,0.550561797752809,0.6853932584269663,0.7865168539325843,5.797752808988764,2.651685393258427,2.0,0.6404494382022472,1.3707865168539326,0.9887640449438202,0,1,0,6.400898876404495,0.541532088189861,18.780898876404493,
1629022,Lonnie,Walker IV,260,11.288461538461538,1.6653846153846157,2.4,0.2807692307692307,0.55,0.9730769230769232,9.873076923076924,4.157692307692308,4.861538461538461,1.7038461538461538,1.573076923076923,1.2692307692307692,1,1,0,10.56523076923077,0.5342269272213647,18.763461538461534,
1642281,Jaylon,Tyson,113,9.194690265486726,1.6902654867256637,3.84070796460177,0.2743362831858407,0.5929203539823009,1.106194690265487,7.247787610619469,3.4867256637168142,3.150442477876106,1.353982300884956,1.15929203539823,0.8672566371681416,1,1,0,7.757876106194691,0.5926035772951268,18.747787610619472,
203087,Jeremy,Lamb,92,8.402173913043478,1.4565217391304348,3.097826086956522,0.4891304347826087,0.7065217391304348,0.6413043478260869,6.771739130434782,2.75,3.239130434782609,1.1630434782608696,1.9673913043478264,1.7391304347826086,1,1,0,7.637391304347826,0.5500683137879996,18.733695652173918,
1629680,Matisse,Thybulle,304,5.101973684210527,1.0986842105263157,2.151315789473684,0.805921052631579,1.6644736842105263,0.5723684210526315,4.345394736842105,1.9144736842105263,2.6151315789473686,0.9078947368421052,0.5197368421052632,0.3651315789473684,1,1,0,4.574078947368421,0.5577050312113454,18.713815789473685,
1630231,Kenyon,Martin Jr.,307,8.63843648208469,1.208469055374593,4.061889250814332,0.4723127035830619,0.4690553745928338,0.7980456026058632,6.328990228013029,3.449511400651466,1.8436482084690555,0.6058631921824105,1.6840390879478828,1.1335504885993486,0,1,0,7.069967426710098,0.610924772400575,18.71335504885993,
1641715,Cam,Whitmore,118,10.567796610169491,0.8135593220338984,3.2457627118644066,0.3220338983050847,0.635593220338983,0.9067796610169492,8.771186440677965,3.957627118644068,3.8728813559322033,1.3559322033898304,1.8220338983050848,1.2966101694915255,0,1,0,9.572881355932203,0.5519652974504249,18.67372881355932,
1631107,Nikola,Jovic,152,8.368421052631579,2.1907894736842106,3.657894736842105,0.3026315789473684,0.631578947368421,1.1644736842105263,6.848684210526316,2.9078947368421053,3.782894736842105,1.2894736842105263,1.6710526315789471,1.263157894736842,0,1,0,7.583947368421053,0.5517193518165099,18.54934210526316,
1629643,Chuma,Okeke,194,6.371134020618556,1.5,3.8711340206185567,0.4432989690721649,0.9175257731958762,0.6752577319587629,6.030927835051546,2.329896907216495,3.634020618556701,1.1597938144329898,0.7010309278350515,0.5515463917525774,0,1,0,6.339381443298969,0.5025043908150654,18.520618556701034,
1630619,Moussa,Cisse,38,4.473684210526316,0.2368421052631578,5.684210526315789,1.1842105263157894,0.5,0.7894736842105263,3.026315789473684,1.736842105263158,0.0,0.0,2.131578947368421,1.0,0,0,1,3.9642105263157896,0.564259160913436,18.51315789473684,
1642860,Will,Riley,74,10.324324324324325,1.972972972972973,2.864864864864865,0.1351351351351351,0.7297297297297297,1.2702702702702702,8.35135135135135,3.6621621621621614,3.3378378378378377,1.054054054054054,2.4324324324324325,1.945945945945946,0,1,0,9.421621621621622,0.5479059093516925,18.5,
201933,Blake,Griffin,142,7.28169014084507,2.1549295774647885,4.28169014084507,0.2676056338028169,0.5140845070422535,0.8098591549295775,6.014084507042254,2.605633802816901,2.9295774647887325,0.9225352112676056,1.5845070422535212,1.147887323943662,0,1,0,6.711267605633803,0.5424973767051416,18.443661971830984,
1630643,Jay,Huff,172,7.534883720930233,1.0,2.8430232558139537,1.2616279069767442,0.3604651162790697,0.6802325581395349,5.575581395348837,2.744186046511628,3.4651162790697674,1.2151162790697674,1.005813953488372,0.8313953488372093,0,0,1,6.018139534883721,0.6260143751449108,18.427325581395348,
1631222,Jake,LaRavia,218,7.412844036697248,1.7522935779816513,3.559633027522936,0.3532110091743119,0.9495412844036696,1.0825688073394495,5.770642201834862,2.5458715596330275,2.8073394495412844,0.9862385321100916,1.7660550458715596,1.334862385321101,0,1,0,6.547706422018348,0.5660641726215497,18.42660550458716,
1629021,Moritz,Wagner,305,9.563934426229508,1.2360655737704918,4.029508196721311,0.2557377049180327,0.5245901639344263,1.0786885245901638,6.511475409836065,3.3868852459016394,2.3311475409836064,0.7672131147540984,2.514754098360656,2.0229508196721318,0,1,1,7.6179672131147536,0.6277222097887651,18.42622950819672,
1629684,Grant,Williams,342,7.935672514619883,1.5614035087719298,3.932748538011696,0.5233918128654971,0.5526315789473685,1.0584795321637428,5.973684210526316,2.716374269005848,3.5292397660818717,1.368421052631579,1.4473684210526316,1.1345029239766082,0,1,0,6.610526315789474,0.6002300070771408,18.36403508771929,
1641783,Tristan,da Silva,151,8.57615894039735,1.5695364238410596,3.5033112582781456,0.2847682119205298,0.6688741721854304,0.8278145695364238,7.304635761589404,3.165562913907285,3.708609271523178,1.3245033112582782,1.0463576158940395,0.9205298013245032,0,1,0,7.765033112582782,0.5522293862791252,18.34437086092715,
200752,Rudy,Gay,174,8.362068965517242,1.1551724137931034,4.068965517241379,0.4425287356321839,0.5114942528735632,0.8563218390804598,7.442528735632184,3.045977011494253,3.5172413793103448,1.2011494252873562,1.3218390804597702,1.0689655172413792,1,1,0,8.024137931034483,0.5210571551353674,18.301724137931032,
1631119,Jaylin,Williams,226,5.743362831858407,2.008849557522124,4.765486725663717,0.4867256637168141,0.4690265486725664,0.7566371681415929,4.491150442477876,1.9424778761061947,2.893805309734513,1.1327433628318584,0.9424778761061948,0.7256637168141593,0,1,0,4.905840707964601,0.5853596940616207,18.214601769911503,
1641716,Jarace,Walker,182,8.04945054945055,1.879120879120879,3.7527472527472527,0.3406593406593406,0.7252747252747253,1.2857142857142858,6.6098901098901095,2.868131868131868,3.274725274725274,1.2637362637362637,1.434065934065934,1.0494505494505495,0,1,0,7.240879120879121,0.5558337886238087,18.18956043956044,
202324,Derrick,Favors,107,5.373831775700935,0.6448598130841121,5.233644859813084,0.7476635514018691,0.4579439252336448,0.4205607476635514,3.97196261682243,2.3271028037383177,0.1682242990654205,0.0186915887850467,0.9813084112149532,0.7009345794392523,0,1,0,4.40373831775701,0.6101443123938879,18.172897196261683,
1642450,Daniss,Jenkins,79,8.582278481012658,3.556962025316456,2.1265822784810124,0.189873417721519,0.810126582278481,1.4683544303797469,7.3164556962025316,2.9746835443037973,2.556962025316456,0.9367088607594936,2.0632911392405062,1.6962025316455696,1,0,0,8.224303797468353,0.5217632210798498,18.170886075949365,
1642345,Oso,Ighodaro,143,5.496503496503497,1.7902097902097902,4.475524475524476,0.6013986013986014,0.7062937062937062,0.9790209790209792,3.867132867132867,2.4615384615384617,0.0209790209790209,0.0,1.167832167832168,0.5734265734265734,0,1,0,4.380979020979021,0.6273145192184906,18.16783216783217,
1631218,Trayce,Jackson-Davis,179,6.279329608938547,1.2402234636871508,4.441340782122905,0.7653631284916201,0.3854748603351955,0.6312849162011173,4.223463687150838,2.670391061452514,0.0279329608938547,0.0055865921787709,1.6983240223463687,0.9329608938547486,0,1,0,4.970726256983241,0.6316310016184139,18.14245810055866,
1626166,Cameron,Payne,332,8.55722891566265,3.5,2.048192771084337,0.2228915662650602,0.641566265060241,1.108433734939759,7.4879518072289155,3.165662650602409,3.52710843373494,1.322289156626506,1.0602409638554218,0.9036144578313252,1,0,0,7.954457831325301,0.5378888855230075,18.12048192771084,
1627884,Derrick,Jones Jr.,370,7.813513513513514,0.8324324324324325,3.216216216216216,0.6945945945945946,0.7081081081081081,0.6918918918918919,5.835135135135135,2.935135135135136,2.35945945945946,0.8081081081081081,1.5756756756756756,1.135135135135135,0,1,0,6.5284324324324325,0.5984218718950786,18.113513513513517,
1630256,Jae'Sean,Tate,337,7.537091988130563,1.827893175074184,3.8100890207715135,0.3204747774480712,0.7359050445103857,1.059347181008902,6.068249258160237,2.9910979228486645,1.7537091988130564,0.5459940652818991,1.4510385756676558,1.0089020771513353,0,1,0,6.706706231454006,0.5619071216197083,18.10089020771513,
1631255,Karlo,Matkovic,103,6.466019417475728,0.9223300970873788,4.203883495145631,0.9029126213592232,0.4563106796116505,0.7475728155339806,4.456310679611651,2.6407766990291264,1.4660194174757282,0.5631067961165048,0.8252427184466019,0.6213592233009708,0,1,1,4.819417475728155,0.6708299758259468,18.09708737864078,
1630194,Paul,Reed,316,5.591772151898734,0.9082278481012658,4.139240506329114,0.7784810126582279,0.7911392405063291,0.6867088607594937,4.215189873417722,2.3860759493670884,0.4588607594936709,0.1424050632911392,0.981012658227848,0.6772151898734177,0,1,0,4.646835443037975,0.6016752928357396,18.068037974683545,
1628379,Luke,Kennard,371,9.533692722371969,2.3234501347708894,2.733153638814016,0.091644204851752,0.5983827493261455,0.9164420485175202,7.010781671159029,3.3638814016172507,4.431266846361186,2.035040431266846,0.8571428571428571,0.77088948787062,1,0,0,7.387924528301887,0.6452213125519898,18.045822102425877,
1630171,Isaac,Okoro,395,8.30632911392405,1.6,2.787341772151899,0.3873417721518987,0.7772151898734178,0.779746835443038,6.432911392405063,2.992405063291139,2.853164556962025,0.9898734177215188,1.7949367088607595,1.3316455696202532,1,1,0,7.222683544303797,0.5750168246312602,17.986075949367088,
1630558,Davion,Mitchell,367,7.956403269754769,3.9400544959128063,1.9564032697547684,0.1880108991825613,0.6948228882833788,1.237057220708447,6.980926430517712,3.1580381471389645,3.010899182561308,1.0708446866485013,0.8310626702997275,0.5694822888283378,1,0,0,7.346594005449591,0.5415028558712262,17.858310626703,
1630557,Corey,Kispert,347,10.714697406340058,1.5043227665706052,2.7146974063400577,0.2017291066282421,0.4322766570605187,0.8904899135446686,8.152737752161384,3.847262247838617,5.0,1.8904899135446689,1.4092219020172911,1.1296829971181557,0,1,0,8.772795389048992,0.6106774939556395,17.79827089337176,
203925,Joe,Harris,173,10.017341040462428,1.4739884393063585,2.7803468208092488,0.1791907514450867,0.5202312138728323,0.7109826589595376,7.572254335260116,3.630057803468208,5.173410404624278,2.3352601156069364,0.5722543352601156,0.4219653179190751,1,1,0,7.824046242774567,0.6401637164218801,17.77456647398844,
201587,Nicolas,Batum,412,5.883495145631068,1.550970873786408,3.657766990291262,0.5339805825242718,0.7912621359223301,0.6116504854368932,4.621359223300971,2.0436893203883497,3.563106796116505,1.4368932038834952,0.4781553398058252,0.3592233009708738,1,1,0,4.831747572815534,0.6088371812646935,17.774271844660195,
1631165,Keon,Ellis,218,6.706422018348624,1.279816513761468,2.1788990825688077,0.6192660550458715,1.18348623853211,0.6743119266055045,4.963302752293578,2.31651376146789,3.3944954128440368,1.389908256880734,0.8807339449541285,0.6834862385321101,1,0,0,5.350825688073395,0.6266716960427954,17.756880733944953,
1626168,Trey,Lyles,295,7.823728813559322,1.071186440677966,4.488135593220339,0.3559322033898305,0.4067796610169492,0.7389830508474576,5.894915254237288,2.664406779661017,3.16271186440678,1.1152542372881356,1.7864406779661015,1.3796610169491526,0,1,0,6.680949152542373,0.5855252476051307,17.735593220338984,
1630598,Aaron,Wiggins,336,8.761904761904763,1.4136904761904765,3.175595238095238,0.2678571428571428,0.7232142857142857,0.9404761904761904,6.9375,3.3720238095238093,2.943452380952381,1.113095238095238,1.1547619047619049,0.9047619047619048,1,0,0,7.445595238095238,0.5883951841133301,17.72916666666667,
1642347,Jamal,Shead,157,6.86624203821656,4.840764331210191,1.643312101910828,0.1592356687898089,0.8535031847133758,1.4585987261146496,6.420382165605096,2.477707006369427,3.089171974522293,0.9936305732484076,1.178343949044586,0.9171974522292994,1,0,0,6.938853503184713,0.4947677620708647,17.72611464968153,
1631342,Daeqwon,Plowden,38,10.18421052631579,1.131578947368421,2.8421052631578947,0.1842105263157894,0.6052631578947368,0.7894736842105263,8.0,3.5789473684210527,5.342105263157895,1.868421052631579,1.3421052631578947,1.1578947368421053,1,1,0,8.590526315789473,0.5927582404117143,17.72368421052632,
1631126,Caleb,Love,49,10.387755102040815,2.510204081632653,2.326530612244898,0.0816326530612244,0.5510204081632653,1.2653061224489797,10.0,3.877551020408163,5.959183673469388,1.8979591836734693,1.0,0.7346938775510204,1,0,0,10.44,0.4974978497145985,17.642857142857142,
1627752,Taurean,Prince,342,8.567251461988304,1.58187134502924,3.02046783625731,0.3333333333333333,0.7134502923976608,1.0175438596491229,6.815789473684211,3.0497076023391814,4.046783625730995,1.652046783625731,1.0087719298245614,0.8157894736842105,0,1,0,7.2596491228070175,0.5900596101176092,17.622807017543856,
1630553,Keon,Johnson,156,8.48076923076923,2.0064102564102564,2.75,0.3141025641025641,0.8461538461538461,1.3461538461538465,8.006410256410257,3.032051282051282,3.7884615384615374,1.2243589743589745,1.5576923076923077,1.1923076923076923,1,0,0,8.691794871794873,0.4878606407457666,17.564102564102562,
1629134,Kendrick,Nunn,126,10.412698412698411,1.8888888888888888,2.2857142857142856,0.1666666666666666,0.6349206349206349,1.1587301587301588,8.793650793650794,4.047619047619048,4.309523809523809,1.5952380952380951,0.8015873015873016,0.7222222222222222,1,0,0,9.146349206349209,0.5692270313421957,17.563492063492067,
1630533,Ziaire,Williams,264,8.761363636363637,1.193181818181818,3.037878787878788,0.2803030303030303,0.8371212121212122,1.0113636363636365,7.295454545454546,3.083333333333333,4.0606060606060606,1.306818181818182,1.5643939393939394,1.2878787878787878,0,1,0,7.983787878787879,0.5486971704021407,17.554924242424242,
1641774,Tristan,Vukcevic,93,9.021505376344086,1.1505376344086022,3.3118279569892475,0.6451612903225806,0.4193548387096774,1.2258064516129032,6.612903225806452,3.150537634408602,2.989247311827957,1.043010752688172,2.129032258064516,1.6774193548387095,0,1,0,7.549677419354839,0.5974762148920413,17.521505376344084,
1628021,David,Nwaba,76,6.697368421052632,0.868421052631579,3.539473684210526,0.5394736842105263,0.7631578947368421,0.5,5.184210526315789,2.513157894736842,1.4736842105263157,0.4210526315789473,1.7763157894736843,1.25,1,1,0,5.96578947368421,0.5613145125716807,17.519736842105264,
1642849,Nolan,Traore,56,8.910714285714286,3.803571428571429,1.7678571428571428,0.4107142857142857,0.8035714285714286,2.3035714285714284,8.553571428571429,3.25,3.4285714285714284,1.0892857142857142,1.6785714285714286,1.3214285714285714,1,0,0,9.292142857142858,0.4794757475593819,17.517857142857142,
1628470,Torrey,Craig,282,6.294326241134752,1.1595744680851063,4.290780141843972,0.5531914893617021,0.5638297872340425,0.7163120567375887,5.3120567375886525,2.4078014184397163,2.854609929078014,1.053191489361702,0.5780141843971631,0.425531914893617,0,1,0,5.5663829787234045,0.5653874576357567,17.50531914893617,
1642366,Quinten,Post,109,7.825688073394495,1.3761467889908257,3.8256880733944953,0.4862385321100917,0.3853211009174312,0.8165137614678899,6.541284403669724,2.8990825688073394,4.18348623853211,1.5229357798165135,0.6422018348623854,0.5045871559633027,0,0,1,6.823853211009174,0.5734068297929551,17.48165137614679,
1630538,Bones,Hyland,255,9.211764705882352,2.627450980392157,2.062745098039216,0.2352941176470588,0.6549019607843137,1.196078431372549,7.72156862745098,3.172549019607843,4.643137254901961,1.7215686274509805,1.380392156862745,1.1450980392156862,1,0,0,8.328941176470588,0.5529973444827391,17.415686274509806,
1628371,Jonathan,Isaac,187,4.935828877005347,0.5133689839572193,3.877005347593583,0.962566844919786,0.7165775401069518,0.4117647058823529,4.005347593582887,1.786096256684492,1.625668449197861,0.4866310160427807,1.3155080213903745,0.8770053475935828,0,1,0,4.584171122994652,0.5383556530259904,17.414438502673796,
201609,Goran,Dragic,129,9.255813953488373,3.5348837209302326,2.441860465116279,0.1240310077519379,0.5038759689922481,1.6666666666666667,8.069767441860465,3.395348837209302,3.503875968992248,1.2325581395348837,1.550387596899225,1.2325581395348837,1,0,0,8.751937984496124,0.5287865367581931,17.399224806201552,
203920,Khem,Birch,142,5.436619718309859,1.0704225352112675,4.584507042253521,0.5704225352112676,0.5845070422535211,0.5704225352112676,4.309859154929577,2.147887323943662,0.4788732394366197,0.0985915492957746,1.443661971830986,1.0422535211267605,0,0,1,4.945070422535211,0.5497009399031615,17.397887323943664,
203516,James,Ennis III,48,7.791666666666667,1.3541666666666667,3.7083333333333335,0.1875,0.7083333333333334,0.7916666666666666,5.5625,2.625,2.333333333333333,1.0,1.9166666666666667,1.5416666666666667,0,1,0,6.405833333333334,0.6081696370495642,17.385416666666668,
1641796,Pelle,Larsson,125,8.408,2.408,2.688,0.184,0.648,1.0,6.096,2.928,2.296,0.752,2.336,1.8,1,0,0,7.12384,0.5901311652142665,17.38,
1642346,Ryan,Dunn,144,6.375,1.1041666666666667,3.9166666666666665,0.4791666666666667,0.7222222222222222,0.6666666666666666,5.826388888888889,2.5625,3.0069444444444446,0.9583333333333334,0.5972222222222222,0.2916666666666667,0,1,0,6.089166666666667,0.5234706445873819,17.378472222222225,
1626224,Cedi,Osman,270,9.103703703703705,2.0,2.592592592592593,0.1518518518518518,0.6481481481481481,0.9074074074074074,7.596296296296296,3.259259259259259,4.451851851851852,1.5740740740740742,1.4296296296296296,1.011111111111111,0,1,0,8.225333333333333,0.553394211199366,17.37777777777778,
1629723,John,Konchar,339,4.35693215339233,1.5250737463126844,4.150442477876106,0.4660766961651917,0.9233038348082596,0.5339233038348082,3.551622418879056,1.6519174041297937,1.864306784660767,0.6430678466076696,0.56047197640118,0.4100294985250737,1,0,0,3.798230088495575,0.5735476856166511,17.359882005899703,
1630167,Obi,Toppin,379,8.596306068601583,1.2401055408970976,3.469656992084433,0.337730870712401,0.445910290237467,0.7387862796833773,6.37730870712401,3.300791556728232,3.002638522427441,1.0659630606860158,1.1794195250659631,0.9287598944591028,0,1,0,6.8962532981530345,0.6232591594992501,17.317941952506597,
1628436,Luke,Kornet,315,5.038095238095238,1.2444444444444445,4.234920634920635,0.8507936507936508,0.3365079365079365,0.346031746031746,3.2825396825396824,2.0984126984126985,0.2571428571428571,0.0603174603174603,0.9936507936507936,0.780952380952381,0,1,1,3.719746031746032,0.6772095722527566,17.314285714285713,
1642266,Ja'Kobe,Walter,124,7.983870967741935,1.346774193548387,2.782258064516129,0.1935483870967742,0.935483870967742,0.7016129032258065,6.42741935483871,2.7338709677419355,3.6693548387096775,1.4112903225806452,1.3951612903225807,1.1048387096774193,1,0,0,7.041290322580646,0.566932380428807,17.29032258064516,
1629234,Drew,Eubanks,376,5.904255319148936,0.9654255319148936,4.50531914893617,0.8377659574468085,0.3776595744680851,0.8430851063829787,3.976063829787234,2.390957446808511,0.1542553191489361,0.0531914893617021,1.523936170212766,1.069148936170213,0,1,1,4.646595744680851,0.6353312880626403,17.285904255319146,
1627780,Gary,Payton II,272,6.573529411764706,1.2683823529411764,3.2169117647058822,0.3014705882352941,1.0183823529411764,0.6654411764705882,4.790441176470588,2.8198529411764706,1.5404411764705883,0.5294117647058824,0.6213235294117647,0.4044117647058823,1,0,0,5.063823529411764,0.6490677818435268,17.25,
1628418,Thomas,Bryant,258,7.465116279069767,0.689922480620155,4.263565891472868,0.5503875968992248,0.3178294573643411,0.562015503875969,5.174418604651163,2.883720930232558,1.6395348837209305,0.5658914728682171,1.4147286821705427,1.131782945736434,0,1,1,5.796899224806202,0.6438887403048943,17.244186046511626,
1629026,Kenrich,Williams,361,6.731301939058172,1.7534626038781165,3.853185595567867,0.1800554016620498,0.7091412742382271,0.7423822714681441,5.54016620498615,2.7202216066481992,2.249307479224377,0.8725761772853186,0.7257617728531855,0.4182825484764543,1,1,0,5.859501385041551,0.5743920426610188,17.213296398891963,
1630273,Freddie,Gillespie,29,4.551724137931035,0.4827586206896552,4.586206896551724,1.0,0.5517241379310345,0.5862068965517241,3.655172413793104,1.827586206896552,0.0344827586206896,0.0,1.3793103448275863,0.896551724137931,0,0,1,4.2620689655172415,0.5339805825242718,17.189655172413794,
202362,Lance,Stephenson,46,8.347826086956522,3.5869565217391304,2.760869565217391,0.0869565217391304,0.5217391304347826,1.565217391304348,7.021739130434782,3.1956521739130435,1.9565217391304348,0.5869565217391305,1.7391304347826086,1.3695652173913044,0,1,0,7.78695652173913,0.5360134003350083,17.17391304347826,
1642383,Walter,Clayton Jr.,69,7.797101449275362,4.043478260869565,2.0144927536231885,0.2753623188405797,0.6376811594202898,1.681159420289855,6.681159420289855,2.565217391304348,3.536231884057971,1.0869565217391304,1.7536231884057971,1.579710144927536,1,0,0,7.452753623188406,0.523102053515868,17.17391304347826,
203552,Seth,Curry,297,9.94949494949495,2.0,2.0841750841750843,0.1414141414141414,0.6026936026936027,0.9393939393939394,7.8047138047138045,3.67003367003367,4.0,1.7104377104377104,1.0101010101010102,0.898989898989899,1,0,0,8.24915824915825,0.6030612244897959,17.173400673400675,
1630177,Theo,Maledon,172,7.9476744186046515,2.9593023255813957,2.7906976744186047,0.1976744186046511,0.7558139534883721,1.6162790697674418,7.22093023255814,2.703488372093023,3.395348837209302,1.058139534883721,1.872093023255814,1.4825581395348837,1,0,0,8.044651162790698,0.4939725948196115,17.15406976744186,
1629637,Jaxson,Hayes,359,6.894150417827298,0.7158774373259053,3.98050139275766,0.6657381615598886,0.4596100278551532,0.6518105849582173,4.094707520891365,2.7103064066852367,0.3147632311977716,0.0891364902506963,1.9721448467966571,1.384401114206128,0,1,1,4.962451253481895,0.6946315505860163,17.136490250696376,
1630696,Dru,Smith,107,5.289719626168225,2.233644859813084,2.308411214953271,0.3177570093457944,1.308411214953271,0.7476635514018691,4.336448598130841,1.8598130841121496,1.822429906542056,0.616822429906542,1.1495327102803738,0.9532710280373832,1,0,0,4.8422429906542055,0.5462055122365476,17.112149532710283,
1629052,Oshae,Brissett,210,7.1,0.8666666666666667,4.142857142857143,0.3476190476190476,0.5619047619047619,0.6,5.547619047619048,2.3380952380952382,2.5761904761904764,0.8809523809523809,2.2142857142857144,1.542857142857143,1,1,0,6.521904761904762,0.5443195093457944,17.052380952380954,
201580,JaVale,McGee,204,6.759803921568627,0.5245098039215687,4.705882352941177,0.8774509803921569,0.284313725490196,1.107843137254902,4.857843137254902,2.877450980392157,0.2205882352941176,0.0490196078431372,1.4558823529411764,0.9558823529411764,0,1,1,5.498431372549019,0.6147029455816276,17.03676470588235,
1641737,Adem,Bona,129,5.27906976744186,0.4573643410852713,4.27906976744186,1.1705426356589148,0.4341085271317829,0.9069767441860463,3.193798449612403,2.062015503875969,0.0542635658914728,0.0155038759689922,1.6511627906976745,1.1395348837209305,0,1,0,3.92031007751938,0.6732974768646681,16.988372093023255,
203200,Justin,Holiday,245,7.922448979591837,1.4448979591836737,2.3346938775510204,0.4163265306122449,0.7551020408163265,0.6530612244897959,6.861224489795919,2.7877551020408164,4.942857142857143,1.836734693877551,0.6489795918367347,0.5102040816326531,1,1,0,7.1467755102040815,0.5542673733266322,16.971428571428568,
201599,DeAndre,Jordan,248,4.979838709677419,0.9596774193548387,5.685483870967742,0.7096774193548387,0.2701612903225806,0.9758064516129032,3.1129032258064515,2.177419354838709,0.0080645161290322,0.0040322580645161,1.2661290322580645,0.6209677419354839,0,0,1,3.67,0.6784521402830271,16.91532258064516,
1630570,Trendon,Watford,266,7.650375939849624,2.0150375939849625,3.601503759398496,0.3458646616541353,0.462406015037594,1.2067669172932332,5.661654135338346,2.9398496240601504,1.1541353383458646,0.3759398496240601,1.8345864661654132,1.394736842105263,1,1,0,6.468872180451128,0.5913222372030313,16.894736842105264,
1629669,Jaylen,Nowell,188,9.351063829787234,1.9202127659574468,2.297872340425532,0.175531914893617,0.5106382978723404,0.7659574468085106,8.106382978723405,3.606382978723404,3.1808510638297878,1.0319148936170213,1.4148936170212767,1.1063829787234043,1,0,0,8.728936170212766,0.5356359381855409,16.890957446808514,
1642942,Jahmai,Mashack,31,6.193548387096774,2.225806451612903,2.6129032258064515,0.4516129032258064,1.1935483870967742,1.5806451612903225,6.290322580645161,2.4838709677419355,2.419354838709677,0.6129032258064516,1.1290322580645162,0.6129032258064516,1,0,0,6.787096774193548,0.4562737642585551,16.870967741935484,
2738,Andre,Iguodala,102,4.078431372549019,2.696078431372549,3.313725490196078,0.5882352941176471,0.8627450980392157,1.0196078431372548,3.764705882352941,1.4509803921568627,2.5980392156862746,0.7647058823529411,0.5980392156862745,0.4117647058823529,1,1,0,4.0278431372549015,0.5062798169603739,16.857843137254903,
1642948,Ryan,Nembhard,60,6.616666666666666,5.266666666666667,2.216666666666667,0.0333333333333333,0.4166666666666667,1.4166666666666667,6.5,2.7,2.25,0.8,0.5166666666666667,0.4166666666666667,1,0,0,6.727333333333333,0.4917748488752353,16.808333333333337,
1630544,Tre,Mann,233,8.553648068669528,2.1416309012875536,2.587982832618026,0.1502145922746781,0.7253218884120172,1.184549356223176,8.004291845493562,3.218884120171674,3.721030042918455,1.2832618025751072,1.0472103004291846,0.8326180257510729,1,0,0,8.465064377682403,0.505232310531546,16.781115879828327,
1631230,Dominick,Barlow,165,5.739393939393939,1.006060606060606,3.872727272727273,0.6181818181818182,0.5696969696969697,0.5151515151515151,4.3090909090909095,2.2848484848484847,0.7393939393939394,0.1878787878787878,1.4,0.9818181818181818,0,1,0,4.925090909090909,0.5826688324473321,16.778787878787877,
1631243,Mouhamed,Gueye,115,4.8,0.8695652173913043,3.730434782608696,0.6521739130434783,0.8173913043478261,0.4260869565217391,4.113043478260869,1.791304347826087,1.8782608695652172,0.5478260869565217,0.9565217391304348,0.6695652173913044,0,1,0,4.533913043478261,0.5293440736478711,16.726086956521737,
1629750,Javonte,Green,296,6.097972972972973,0.7331081081081081,3.20945945945946,0.4155405405405405,1.0,0.5168918918918919,4.429054054054054,2.1722972972972974,1.962837837837838,0.706081081081081,1.3344594594594594,1.0472972972972974,1,0,0,5.0162162162162165,0.6078259698275862,16.6402027027027,
1630267,Facundo,Campazzo,136,5.426470588235294,3.389705882352941,1.8602941176470589,0.2720588235294117,1.088235294117647,1.0514705882352942,4.588235294117647,1.6911764705882353,3.088235294117647,1.0073529411764706,1.2573529411764706,1.036764705882353,1,0,0,5.141470588235293,0.5277158057319377,16.639705882352942,
1641787,Tosan,Evbuomwan,50,7.36,1.42,3.64,0.3,0.6,0.96,5.84,2.6,2.18,0.72,1.96,1.44,0,1,0,6.7024,0.5490570541895441,16.629999999999995,
1629002,Chimezie,Metu,207,6.811594202898551,0.8309178743961353,4.043478260869565,0.4202898550724637,0.6183574879227053,0.8357487922705314,5.251207729468599,2.632850241545894,1.7053140096618358,0.5169082125603864,1.2995169082125604,1.0289855072463767,0,1,1,5.822995169082126,0.584887502488883,16.606280193236717,
1630572,Sandro,Mamukelashvili,263,7.095057034220532,1.2509505703422052,3.768060836501901,0.3460076045627376,0.4372623574144487,0.6007604562737643,5.315589353612167,2.634980988593156,2.5247148288973382,0.9239543726235742,1.2281368821292775,0.9011406844106464,0,1,1,5.855969581749049,0.6057969508869439,16.55513307984791,
1641842,Ronald,Holland II,159,7.30817610062893,1.1132075471698113,3.352201257861635,0.2767295597484276,0.8867924528301887,1.0566037735849056,6.037735849056604,2.7169811320754715,2.19496855345912,0.5408805031446541,1.7044025157232705,1.3333333333333333,0,1,0,6.787672955974843,0.538341796078722,16.547169811320753,
203957,Dante,Exum,76,7.842105263157895,2.8289473684210527,2.5657894736842106,0.131578947368421,0.4868421052631579,0.9736842105263158,5.855263157894737,2.960526315789474,2.171052631578948,0.986842105263158,1.2105263157894737,0.9342105263157896,1,0,0,6.387894736842106,0.613825492296284,16.460526315789476,
1629629,Cam,Reddish,190,7.8578947368421055,1.0736842105263158,2.363157894736842,0.3210526315789473,1.0105263157894735,0.9421052631578948,6.7368421052631575,2.7157894736842105,3.1157894736842104,0.968421052631579,1.763157894736842,1.4578947368421054,1,1,0,7.512631578947368,0.5229788426509738,16.455263157894734,
1641771,Jalen,Slawson,22,4.681818181818182,1.7272727272727273,2.909090909090909,0.6818181818181818,0.9545454545454546,0.8636363636363636,3.772727272727273,1.7272727272727273,1.9090909090909087,0.6818181818181818,0.7727272727272727,0.5454545454545454,0,1,0,4.112727272727273,0.5691865605658708,16.454545454545457,
203210,JaMychal,Green,182,6.972527472527473,0.8956043956043956,4.1923076923076925,0.3901098901098901,0.5164835164835165,0.8901098901098901,5.236263736263736,2.571428571428572,2.379120879120879,0.8461538461538461,1.1923076923076923,0.9835164835164836,0,1,1,5.760879120879121,0.6051617579734473,16.450549450549453,
203473,Dewayne,Dedmon,121,6.066115702479339,0.7024793388429752,5.008264462809917,0.5537190082644629,0.3471074380165289,0.8925619834710744,4.181818181818182,2.371900826446281,0.7520661157024794,0.2644628099173554,1.4545454545454546,1.0578512396694215,0,0,1,4.821818181818181,0.6290278349101879,16.450413223140497,
203901,Elfrid,Payton,134,6.522388059701493,3.4029850746268657,2.82089552238806,0.1940298507462686,0.7089552238805971,1.5298507462686568,6.82089552238806,2.8059701492537314,0.9029850746268656,0.2462686567164179,1.0895522388059702,0.664179104477612,1,0,0,7.300298507462687,0.4467206411514557,16.41044776119403,
203493,Reggie,Bullock,255,7.643137254901961,1.196078431372549,3.215686274509804,0.1686274509803921,0.6235294117647059,0.5137254901960784,6.329411764705882,2.647058823529412,4.91764705882353,1.8901960784313725,0.5529411764705883,0.4588235294117647,1,1,0,6.572705882352941,0.5814300374692729,16.40196078431373,
203382,Aron,Baynes,53,6.113207547169812,0.8867924528301887,5.150943396226415,0.4150943396226415,0.320754716981132,0.8679245283018868,5.735849056603773,2.5283018867924527,1.9433962264150944,0.5094339622641509,0.7735849056603774,0.5471698113207547,0,1,1,6.07622641509434,0.5030431002359955,16.377358490566042,
1626192,Pat,Connaughton,351,6.584045584045584,1.376068376068376,3.6552706552706553,0.2279202279202279,0.5783475783475783,0.5185185185185185,5.387464387464387,2.3447293447293447,3.7663817663817674,1.3703703703703705,0.6894586894586895,0.5242165242165242,1,0,0,5.690826210826211,0.5784788833930753,16.319088319088316,
1629650,Moses,Brown,149,5.684563758389261,0.1610738255033557,5.268456375838926,0.5906040268456376,0.3557046979865771,0.6711409395973155,3.926174496644296,2.2684563758389262,0.0,0.0,2.093959731543624,1.1476510067114094,0,0,1,4.84751677852349,0.586337708367946,16.27181208053691,
202357,Nemanja,Bjelica,108,6.25,2.111111111111111,3.898148148148149,0.287037037037037,0.5185185185185185,1.1111111111111112,4.981481481481482,2.305555555555556,2.1666666666666665,0.75,1.2222222222222223,0.8888888888888888,0,1,0,5.519259259259259,0.5661991678969266,16.26388888888889,
1631108,Max,Christie,254,8.208661417322835,1.4645669291338583,2.81496062992126,0.3188976377952756,0.5393700787401575,0.905511811023622,6.47244094488189,2.795275590551181,3.6653543307086616,1.4173228346456692,1.3818897637795275,1.2007874015748032,1,0,0,7.080472440944882,0.5796690465069727,16.250000000000004,
1642348,Justin,Edwards,108,7.694444444444445,1.3796296296296295,2.240740740740741,0.25,0.9166666666666666,0.7870370370370371,6.462962962962963,2.9166666666666665,3.425925925925926,1.2592592592592593,0.7870370370370371,0.6018518518518519,0,1,0,6.809259259259259,0.5649986401958118,16.217592592592595,
1642272,Jared,McCain,90,10.11111111111111,1.6666666666666667,2.1444444444444444,0.0555555555555555,0.5555555555555556,1.0333333333333334,8.377777777777778,3.6666666666666665,4.333333333333333,1.6666666666666667,1.2777777777777777,1.1111111111111112,1,0,0,8.940000000000001,0.5654983842903305,16.205555555555556,
202687,Bismack,Biyombo,248,4.471774193548387,0.9758064516129032,4.560483870967742,0.9879032258064516,0.3064516129032258,0.8951612903225806,3.318548387096774,1.9435483870967745,0.0040322580645161,0.0,1.2943548387096775,0.5846774193548387,0,0,1,3.888064516129032,0.5750642993445616,16.163306451612907,
101150,Lou,Williams,122,9.040983606557376,2.7049180327868854,1.8442622950819672,0.0737704918032786,0.6147540983606558,1.2377049180327868,7.918032786885246,3.19672131147541,2.2540983606557377,0.8688524590163934,2.057377049180328,1.778688524590164,1,0,0,8.82327868852459,0.5123369625803574,16.143442622950822,
1629731,Dean,Wade,327,5.507645259938838,1.125382262996942,3.730886850152905,0.3577981651376147,0.6574923547400612,0.3669724770642202,4.529051987767584,1.941896024464832,3.3547400611620795,1.2324159021406729,0.5688073394495413,0.3914373088685015,0,1,1,4.779327217125382,0.576194620050677,16.119266055045873,
1641989,Elijah,Harkless,36,5.833333333333333,2.305555555555556,2.055555555555556,0.1944444444444444,1.1388888888888888,0.8055555555555556,5.444444444444445,1.805555555555556,3.138888888888889,0.7777777777777778,1.9444444444444444,1.4444444444444444,1,0,0,6.3,0.4629629629629629,16.097222222222225,
1628467,Maxi,Kleber,266,5.12781954887218,1.2255639097744362,4.011278195488722,0.6804511278195489,0.4135338345864661,0.6466165413533834,4.184210526315789,1.755639097744361,2.8045112781954886,0.9774436090225564,0.8796992481203008,0.6390977443609023,0,1,0,4.571278195488722,0.5608737129510839,16.065789473684212,
202329,Al-Farouq,Aminu,23,4.434782608695652,1.3478260869565215,4.782608695652174,0.391304347826087,0.8260869565217391,1.2173913043478262,4.304347826086956,1.6521739130434785,1.608695652173913,0.3478260869565217,0.9565217391304348,0.782608695652174,0,1,0,4.725217391304348,0.4692675745307324,16.065217391304348,
1630573,Sam,Hauser,328,7.783536585365853,1.0182926829268293,3.0792682926829267,0.2560975609756097,0.4512195121951219,0.3628048780487805,6.201219512195122,2.734756097560976,5.210365853658536,2.143292682926829,0.198170731707317,0.1707317073170731,0,1,0,6.288414634146341,0.6188790846504412,16.03353658536585,
1641711,Gradey,Dick,187,9.288770053475936,1.1443850267379678,2.502673796791444,0.1016042780748663,0.679144385026738,0.9251336898395722,7.844919786096256,3.283422459893048,3.989304812834225,1.374331550802139,1.5614973262032086,1.3475935828877006,1,1,0,8.531978609625668,0.5443502895680298,16.032085561497325,
203469,Cody,Zeller,127,6.0,1.2283464566929134,4.897637795275591,0.2440944881889764,0.3543307086614173,0.7795275590551181,4.196850393700787,2.322834645669291,0.2913385826771653,0.0393700787401574,1.858267716535433,1.31496062992126,0,1,1,5.014488188976378,0.5982664405502167,16.023622047244096,
1627761,DeAndre',Bembry,105,5.495238095238095,1.6476190476190475,2.933333333333333,0.4095238095238095,0.9714285714285714,0.9714285714285714,4.276190476190476,2.295238095238095,0.8476190476190476,0.2761904761904762,0.961904761904762,0.6285714285714286,1,1,0,4.699428571428571,0.5846708819714657,15.94761904761905,
1629111,Jock,Landale,284,6.714788732394366,1.1549295774647887,3.880281690140845,0.4295774647887324,0.3309859154929577,0.7007042253521126,5.070422535211268,2.6232394366197185,1.5211267605633805,0.5105633802816901,1.3274647887323945,0.9577464788732394,0,0,1,5.654507042253521,0.5937554487259321,15.90845070422535,
203107,Tomas,Satoransky,113,5.707964601769912,4.026548672566372,2.371681415929204,0.168141592920354,0.6106194690265486,1.2566371681415929,4.601769911504425,2.1327433628318584,1.5132743362831858,0.4690265486725664,1.176991150442478,0.9734513274336284,1,0,0,5.119646017699115,0.5574569591371085,15.9070796460177,
1629667,Jalen,McDaniels,232,6.879310344827586,1.1939655172413792,3.280172413793104,0.3448275862068966,0.6681034482758621,0.875,5.75,2.5732758620689653,2.211206896551724,0.7025862068965517,1.331896551724138,1.0301724137931034,0,1,0,6.33603448275862,0.5428719148820377,15.892241379310349,
1642354,KJ,Simpson,56,6.660714285714286,2.767857142857143,2.607142857142857,0.1071428571428571,0.8928571428571429,1.4464285714285714,7.142857142857143,2.4642857142857144,3.0357142857142856,0.8035714285714286,1.2142857142857142,0.9285714285714286,1,0,0,7.677142857142858,0.433801637513956,15.830357142857142,
1630541,Moses,Moody,307,8.06514657980456,1.0358306188925082,2.482084690553746,0.3452768729641693,0.5928338762214984,0.6482084690553745,6.299674267100977,2.794788273615635,3.739413680781759,1.4039087947882736,1.3811074918566777,1.0716612377850163,1,0,0,6.907361563517916,0.5838080507035877,15.798045602605864,
1629003,Shake,Milton,293,8.242320819112628,2.48122866894198,2.218430034129693,0.1911262798634812,0.4539249146757679,1.0375426621160408,6.843003412969283,3.0750853242320817,2.21160409556314,0.764505119453925,1.5972696245733788,1.3276450511945392,1,0,0,7.54580204778157,0.5461527327990158,15.796928327645055,
1642954,Will,Richard,69,6.391304347826087,1.3478260869565215,2.4927536231884058,0.1304347826086956,1.1594202898550725,0.7681159420289855,5.0144927536231885,2.347826086956522,3.072463768115942,1.0289855072463767,0.782608695652174,0.6666666666666666,1,0,0,5.358840579710145,0.5963327563825184,15.77536231884058,
1630540,Miles,McBride,262,7.50763358778626,1.9809160305343512,1.7251908396946565,0.1603053435114503,0.7709923664122137,0.5114503816793893,6.572519083969466,2.687022900763359,3.99618320610687,1.4923664122137406,0.8206106870229007,0.6412213740458015,1,0,0,6.933587786259542,0.5413960145326434,15.76908396946565,
200765,Rajon,Rondo,84,5.095238095238095,4.392857142857143,2.595238095238096,0.119047619047619,0.7976190476190477,1.75,4.654761904761905,1.9404761904761905,2.107142857142857,0.7976190476190477,0.5119047619047619,0.4166666666666667,1,0,0,4.88,0.5220530835284933,15.744047619047617,
1630526,Jeremiah,Robinson-Earl,212,6.033018867924528,0.9952830188679244,4.4245283018867925,0.1792452830188679,0.5188679245283019,0.6320754716981132,5.2075471698113205,2.259433962264151,2.429245283018868,0.8066037735849056,0.8726415094339622,0.7075471698113207,0,1,0,5.591509433962264,0.539480344187616,15.691037735849056,
204060,Joe,Ingles,268,6.615671641791045,3.2611940298507465,2.4776119402985075,0.1082089552238805,0.5708955223880597,1.1305970149253732,5.052238805970149,2.2686567164179103,3.779850746268657,1.5559701492537314,0.6268656716417911,0.5223880597014925,1,1,0,5.3280597014925375,0.6208330998935515,15.679104477611943,
1629056,Terence,Davis,156,8.173076923076923,1.2243589743589745,2.4871794871794872,0.2371794871794871,0.717948717948718,0.9551282051282052,6.980769230769231,2.9615384615384617,4.230769230769231,1.5128205128205128,0.9102564102564102,0.7371794871794872,1,0,0,7.381282051282051,0.5536353214992878,15.650641025641024,
1629646,Charles,Bassey,122,4.540983606557377,0.7786885245901639,4.311475409836065,0.860655737704918,0.3852459016393442,0.7622950819672131,3.0901639344262297,1.9672131147540983,0.0983606557377049,0.0245901639344262,0.8852459016393442,0.5819672131147541,0,1,1,3.479672131147541,0.6525016489211345,15.635245901639344,
1630695,Micah,Potter,109,6.504587155963303,1.0,4.238532110091743,0.3302752293577982,0.3761467889908257,0.7798165137614679,4.522935779816514,2.220183486238532,2.706422018348624,1.055045871559633,1.201834862385321,1.0091743119266054,0,0,1,5.051743119266055,0.6437963097486561,15.628440366972477,
1642262,Cody,Williams,116,7.0344827586206895,1.6810344827586208,2.6724137931034484,0.3620689655172414,0.6293103448275862,1.0,6.543103448275862,2.7586206896551726,2.25,0.5431034482758621,1.3706896551724137,0.9741379310344828,0,1,0,7.146206896551724,0.4921829762594094,15.5301724137931,
1630214,Xavier,Tillman,287,4.919860627177701,1.1254355400696865,3.526132404181185,0.4494773519163763,0.7665505226480837,0.6167247386759582,4.125435540069686,2.083623693379791,0.8885017421602788,0.2125435540069686,0.9442508710801394,0.5400696864111498,0,1,0,4.540905923344948,0.5417267732727664,15.52787456445993,
1642883,Sion,James,82,5.378048780487805,1.9878048780487805,3.5,0.2439024390243902,0.6341463414634146,0.8048780487804879,4.536585365853658,1.6829268292682926,2.8780487804878048,1.0121951219512195,1.195121951219512,1.0,1,0,0,5.062439024390244,0.531171709385238,15.51219512195122,
202684,Tristan,Thompson,196,5.005102040816326,0.8877551020408163,5.255102040816326,0.3979591836734694,0.3061224489795918,0.7653061224489796,3.989795918367347,2.107142857142857,0.0510204081632653,0.0051020408163265,1.6122448979591837,0.7857142857142857,0,1,1,4.699183673469388,0.532550160687918,15.505102040816324,
1630534,Ochai,Agbaji,257,7.291828793774319,1.140077821011673,2.715953307392996,0.3891050583657587,0.5525291828793775,0.7315175097276264,6.260700389105058,2.801556420233463,3.1439688715953307,1.0622568093385214,0.8326848249027238,0.6264591439688716,1,0,0,6.627081712062257,0.5501538317010733,15.379377431906612,
202709,Cory,Joseph,263,6.422053231939164,2.9391634980988592,2.0456273764258555,0.1939163498098859,0.6349809885931559,0.9429657794676806,5.258555133079848,2.311787072243346,2.32319391634981,0.8669201520912547,1.1216730038022813,0.9315589353612168,1,0,0,5.752091254752852,0.5582363828662084,15.328897338403038,
1642879,Ben,Saraf,44,7.545454545454546,3.2954545454545454,2.090909090909091,0.1818181818181818,0.8636363636363636,2.25,6.886363636363637,2.727272727272727,2.0454545454545454,0.4318181818181818,2.0,1.6590909090909092,1,0,0,7.766363636363637,0.4857778298021772,15.30681818181818,
1631323,Simone,Fontecchio,256,7.9609375,1.203125,2.9296875,0.19921875,0.48828125,0.80859375,6.59375,2.7421875,4.16796875,1.51953125,1.15625,0.95703125,0,1,0,7.1025,0.5604320661738824,15.29296875,
1630241,Sam,Merrill,222,8.09009009009009,1.6711711711711712,2.054054054054054,0.1171171171171171,0.527027027027027,0.4864864864864865,6.387387387387387,2.7117117117117115,5.333333333333333,2.121621621621621,0.6126126126126126,0.545045045045045,1,0,0,6.656936936936937,0.6076435879391544,15.281531531531533,
1627777,Georges,Niang,383,8.73107049608355,1.156657963446475,2.8407310704960835,0.1749347258485639,0.3733681462140992,0.825065274151436,7.026109660574413,3.130548302872062,4.83289817232376,1.9373368146214096,0.6240208877284595,0.5326370757180157,0,1,0,7.300678851174935,0.5979629205767909,15.270234986945166,
1630611,Gui,Santos,147,6.35374149659864,1.7210884353741496,3.312925170068027,0.2312925170068027,0.6122448979591837,1.0272108843537415,4.72108843537415,2.312925170068027,2.394557823129252,0.8299319727891157,1.217687074829932,0.8979591836734694,0,1,0,5.25687074829932,0.6043273461359283,15.224489795918368,
1628402,Frank,Jackson,93,10.21505376344086,0.989247311827957,1.881720430107527,0.1075268817204301,0.4516129032258064,0.7741935483870968,8.376344086021506,3.5268817204301075,4.623655913978495,1.5806451612903225,1.924731182795699,1.5806451612903225,1,0,0,9.223225806451614,0.5537679537399738,15.209677419354838,
203145,Kent,Bazemore,106,5.783018867924528,1.339622641509434,2.811320754716981,0.3962264150943396,0.8867924528301887,0.9716981132075472,5.009433962264151,2.0849056603773586,2.490566037735849,0.981132075471698,0.8962264150943396,0.6320754716981132,1,1,0,5.40377358490566,0.5350907821229051,15.198113207547168,
203967,Dario,Saric,187,6.973262032085562,1.572192513368984,3.834224598930481,0.1176470588235294,0.4438502673796791,1.074866310160428,5.502673796791444,2.46524064171123,2.390374331550802,0.8609625668449198,1.4224598930481285,1.181818181818182,0,1,1,6.128556149732621,0.568915570137168,15.179144385026737,
1631245,Quenton,Jackson,89,7.50561797752809,2.359550561797753,1.9101123595505616,0.1348314606741573,0.6404494382022472,0.9213483146067416,5.53932584269663,2.595505617977528,1.9101123595505616,0.651685393258427,2.056179775280899,1.6629213483146068,1,0,0,6.444044943820225,0.5823685311758962,15.1685393258427,
200782,P.J.,Tucker,228,4.618421052631579,1.2412280701754386,4.258771929824562,0.2543859649122807,0.6666666666666666,0.6929824561403509,3.8640350877192975,1.7017543859649122,2.1359649122807016,0.8289473684210527,0.5043859649122807,0.3859649122807017,0,1,0,4.085964912280702,0.5651567196221553,15.166666666666664,
1641772,Nae'Qwan,Tomlin,69,5.942028985507246,0.7971014492753623,3.0,0.5072463768115942,0.5942028985507246,0.4492753623188406,5.0144927536231885,2.36231884057971,1.8115942028985508,0.4202898550724637,1.0434782608695652,0.7971014492753623,0,1,0,5.4736231884057975,0.54278754501165,15.14492753623188,
1642269,Devin,Carter,74,6.445945945945946,1.9189189189189189,2.716216216216216,0.1756756756756756,0.7432432432432432,0.972972972972973,5.662162162162162,2.27027027027027,2.364864864864865,0.6486486486486487,1.864864864864865,1.2567567567567568,1,0,0,6.482702702702703,0.4971650129242057,15.128378378378375,
1642275,Tidjane,Salaun,96,5.958333333333333,1.0520833333333333,4.40625,0.21875,0.4583333333333333,0.8645833333333334,5.197916666666667,2.0104166666666665,2.9791666666666665,0.96875,1.3958333333333333,0.96875,0,1,0,5.812083333333334,0.5125815470643056,15.124999999999998,
1630537,Chris,Duarte,171,7.818713450292398,1.350877192982456,2.6783625730994154,0.1578947368421052,0.6023391812865497,0.8947368421052632,6.883040935672515,2.801169590643275,3.2923976608187133,1.152046783625731,1.304093567251462,1.064327485380117,1,0,0,7.456842105263158,0.5242643829600351,15.1140350877193,
1629312,Haywood,Highsmith,215,5.465116279069767,1.083720930232558,3.172093023255814,0.3953488372093023,0.7255813953488373,0.6139534883720931,4.590697674418605,2.0651162790697675,2.6186046511627907,0.9953488372093025,0.5441860465116279,0.3395348837209302,0,1,0,4.830139534883721,0.5657306833063708,15.1046511627907,
1642857,Kasparas,Jakucionis,53,6.188679245283019,2.5849056603773586,2.60377358490566,0.1320754716981132,0.6226415094339622,0.9433962264150944,4.490566037735849,1.9245283018867925,2.943396226415094,1.2452830188679245,1.2452830188679245,1.0943396226415094,1,0,0,5.038490566037736,0.6141402037147993,15.10377358490566,
203939,Dwight,Powell,392,5.301020408163265,1.096938775510204,3.8979591836734695,0.3979591836734694,0.5051020408163265,0.6581632653061225,2.857142857142857,1.9362244897959184,0.1989795918367347,0.0586734693877551,1.89030612244898,1.3698979591836735,0,1,1,3.688877551020408,0.7185140106774363,15.089285714285715,
1630198,Isaiah,Joe,383,8.313315926892951,1.1775456919060052,2.1488250652741514,0.1488250652741514,0.5535248041775457,0.5143603133159269,6.302872062663186,2.744125326370757,4.87467362924282,1.9765013054830287,0.9921671018276762,0.8485639686684073,1,0,0,6.739425587467363,0.6167673950100728,15.083550913838122,
203526,Raul,Neto,181,6.850828729281768,2.4419889502762437,1.856353591160221,0.0718232044198895,0.8011049723756906,0.861878453038674,5.513812154696133,2.596685082872928,1.801104972375691,0.6132596685082873,1.2541436464088398,1.0441988950276244,1,0,0,6.065635359116023,0.5647247422304805,15.066298342541437,
201588,George,Hill,130,6.361538461538461,2.330769230769231,2.315384615384616,0.1307692307692307,0.7,0.8153846153846154,4.907692307692308,2.2384615384615385,2.376923076923077,0.8153846153846154,1.2846153846153847,1.0692307692307692,1,0,0,5.472923076923077,0.5811828863776914,15.023076923076928,
1626169,Stanley,Johnson,138,5.5144927536231885,1.710144927536232,2.920289855072464,0.2753623188405797,0.8043478260869565,0.8840579710144928,4.391304347826087,1.963768115942029,2.0434782608695654,0.6956521739130435,1.2173913043478262,0.8913043478260869,1,1,0,4.926956521739131,0.5596246617249088,15.010869565217387,
1629626,Bol,Bol,192,6.265625,0.625,3.59375,0.765625,0.2760416666666667,0.875,4.671875,2.552083333333333,1.4895833333333333,0.4895833333333333,0.890625,0.671875,0,1,1,5.06375,0.6186744013823747,15.010416666666664,
1629670,Jordan,Nwora,204,7.666666666666667,1.0588235294117647,3.230392156862745,0.2549019607843137,0.4509803921568627,0.9803921568627452,6.573529411764706,2.843137254901961,3.093137254901961,1.161764705882353,1.0147058823529411,0.8186274509803921,0,1,0,7.02,0.5460588793922128,14.963235294117643,
1630249,Vit,Krejci,200,6.535,1.845,2.385,0.29,0.59,0.72,5.075,2.33,3.555,1.405,0.62,0.47,1,0,0,5.3478,0.6109989154418639,14.96,
201949,James,Johnson,150,5.166666666666667,1.7,2.88,0.5666666666666667,0.56,0.8,4.693333333333333,2.1266666666666665,1.5,0.38,0.9466666666666668,0.5333333333333333,0,1,0,5.109866666666667,0.50555787496086,14.943333333333335,
1642367,Jonathan,Mogbo,103,4.368932038834951,1.6601941747572817,3.679611650485437,0.4077669902912621,0.6407766990291263,0.8155339805825242,3.883495145631068,1.766990291262136,0.6893203883495146,0.1650485436893204,0.9320388349514565,0.6699029126213593,0,1,0,4.293592233009709,0.508773516642547,14.941747572815537,
1630679,Ethan,Thompson,32,6.96875,1.78125,2.15625,0.28125,0.625,0.78125,6.125,2.3125,3.625,1.1875,1.46875,1.15625,1,0,0,6.77125,0.5145837179250508,14.9375,
1630181,R.J.,Hampton,163,7.07361963190184,1.883435582822086,2.852760736196319,0.1963190184049079,0.5521472392638037,1.1288343558282208,6.251533742331288,2.552147239263804,2.4171779141104293,0.8159509202453987,1.6993865030674846,1.1533742331288344,1,0,0,6.999263803680981,0.5053116892223547,14.91411042944785,
1631200,Kris,Murray,185,5.356756756756757,1.237837837837838,3.3027027027027027,0.3243243243243243,0.745945945945946,0.7837837837837838,4.956756756756757,2.108108108108108,2.281081081081081,0.5891891891891892,0.918918918918919,0.5513513513513514,0,1,0,5.361081081081082,0.4995966928816293,14.881081081081078,
201145,Jeff,Green,335,8.047761194029851,1.0985074626865672,2.665671641791045,0.3134328358208955,0.3164179104477612,0.6746268656716418,5.767164179104477,2.8298507462686566,2.388059701492537,0.835820895522388,1.943283582089552,1.5522388059701493,0,1,0,6.62220895522388,0.6076341933971621,14.864179104477612,
1630527,Brandon,Boston Jr.,144,7.645833333333333,1.2222222222222223,2.270833333333333,0.2083333333333333,0.6875,0.8263888888888888,6.868055555555555,2.826388888888889,2.305555555555556,0.7569444444444444,1.5833333333333333,1.2361111111111112,1,0,0,7.564722222222222,0.5053611427312452,14.81597222222222,
203933,T.J.,Warren,57,7.315789473684211,0.9473684210526316,2.754385964912281,0.2280701754385964,0.4912280701754385,0.4912280701754385,6.350877192982456,3.1052631578947367,1.5263157894736843,0.4210526315789473,0.8596491228070176,0.6842105263157895,0,1,0,6.729122807017544,0.5435916153926375,14.76315789473684,
1631241,Javon,Freeman-Liberty,22,6.954545454545454,1.818181818181818,3.1818181818181817,0.1818181818181818,0.4545454545454545,1.1363636363636365,5.636363636363637,2.5,1.9090909090909087,0.4545454545454545,1.6363636363636365,1.5,1,0,0,6.356363636363636,0.5470537757437071,14.727272727272725,
1628408,PJ,Dozier,88,5.806818181818182,1.5454545454545454,3.0,0.3295454545454545,0.5568181818181818,0.7386363636363636,5.556818181818182,2.227272727272727,2.4431818181818183,0.75,0.9659090909090908,0.6022727272727273,1,1,0,5.9818181818181815,0.4853723404255319,14.693181818181817,
201988,Patty,Mills,249,8.586345381526105,1.85140562248996,1.497991967871486,0.108433734939759,0.5662650602409639,0.8112449799196787,7.389558232931727,2.983935742971888,5.188755020080321,1.9518072289156627,0.7630522088353414,0.6666666666666666,1,0,0,7.725301204819278,0.5557288417550426,14.686746987951803,
1630625,Dalano,Banton,216,6.791666666666667,2.0,2.226851851851852,0.375,0.5509259259259259,1.1064814814814814,6.217592592592593,2.4953703703703702,2.412037037037037,0.7268518518518519,1.4675925925925926,1.0740740740740742,0,1,0,6.863333333333333,0.4947790189412336,14.622685185185189,
1630215,Jared,Butler,143,6.909090909090909,2.9160839160839163,1.5174825174825175,0.2027972027972027,0.6503496503496503,1.1748251748251748,5.8321678321678325,2.629370629370629,2.4335664335664338,0.8321678321678322,1.0,0.8181818181818182,1,0,0,6.272167832167833,0.550773759086652,14.62237762237762,
1641757,Jordan,Miller,104,7.336538461538462,1.6346153846153846,2.355769230769231,0.1538461538461538,0.5961538461538461,0.8653846153846154,5.211538461538462,2.644230769230769,1.4423076923076923,0.4519230769230769,2.0384615384615383,1.5961538461538465,1,0,0,6.108461538461539,0.6005226042060194,14.591346153846157,
1641778,Leaky,Black,39,4.487179487179487,1.1794871794871795,3.1538461538461537,0.4871794871794871,0.6410256410256411,0.5128205128205128,3.923076923076923,1.6666666666666667,1.8974358974358971,0.717948717948718,0.5897435897435898,0.4358974358974359,0,1,0,4.182564102564102,0.5364149092692497,14.474358974358976,
203914,Gary,Harris,294,7.074829931972789,1.3945578231292517,1.7142857142857142,0.2210884353741496,0.7857142857142857,0.6496598639455783,5.833333333333333,2.496598639455782,3.45578231292517,1.3333333333333333,0.9047619047619048,0.7482993197278912,1,0,0,6.231428571428571,0.5676731949084081,14.465986394557822,
202397,Ish,Smith,190,4.936842105263158,3.4473684210526314,2.1842105263157894,0.2421052631578947,0.5473684210526316,1.068421052631579,5.278947368421052,2.236842105263158,0.7157894736842105,0.2578947368421053,0.3421052631578947,0.2052631578947368,1,0,0,5.429473684210526,0.4546335789065529,14.405263157894735,
1631133,Jabari,Walker,246,5.7560975609756095,0.7154471544715447,4.154471544715447,0.2113821138211382,0.4308943089430894,0.6300813008130082,4.58130081300813,2.1219512195121952,1.4390243902439024,0.4674796747967479,1.4146341463414631,1.0447154471544715,0,1,0,5.203739837398373,0.5530731493922445,14.369918699186991,
1630237,Anthony,Lamb,87,6.298850574712644,1.3908045977011494,3.2873563218390807,0.2873563218390804,0.3908045977011494,0.8390804597701149,4.988505747126437,2.2298850574712645,3.126436781609196,1.103448275862069,0.9310344827586208,0.735632183908046,0,1,0,5.398160919540231,0.5834256025892172,14.35057471264368,
1629006,Josh,Okogie,351,5.358974358974359,1.0085470085470083,2.6381766381766383,0.376068376068376,0.8319088319088319,0.6695156695156695,4.185185185185185,1.735042735042735,1.9658119658119655,0.6581196581196581,1.709401709401709,1.2307692307692308,1,0,0,4.937321937321937,0.5427005193306405,14.32193732193732,
1630592,Jalen,Wilson,175,7.462857142857143,1.3714285714285714,2.942857142857143,0.0628571428571428,0.4171428571428571,0.7771428571428571,6.154285714285714,2.4685714285714284,3.36,1.1428571428571428,1.7542857142857142,1.3828571428571428,0,1,0,6.926171428571428,0.5387433172727872,14.3,
1628966,Keita,Bates-Diop,199,6.185929648241206,0.964824120603015,3.1256281407035176,0.2763819095477386,0.5226130653266332,0.6180904522613065,4.698492462311558,2.336683417085427,1.3768844221105527,0.4924623115577889,1.3316582914572863,1.020100502512563,0,1,0,5.284422110552764,0.5852985926207684,14.281407035175882,
1631213,Tyrese,Martin,121,6.892561983471074,1.6694214876033058,2.8677685950413223,0.1239669421487603,0.4958677685950413,0.9586776859504132,6.322314049586777,2.5371900826446283,3.7520661157024793,1.2644628099173554,0.7272727272727273,0.5537190082644629,0,1,0,6.642314049586777,0.5188374060618125,14.260330578512397,
1630240,Saben,Lee,133,5.2105263157894735,2.8421052631578947,1.954887218045113,0.2180451127819548,0.706766917293233,0.924812030075188,4.225563909774436,1.7744360902255638,0.9699248120300752,0.2631578947368421,1.9097744360902256,1.3984962406015038,1,0,0,5.065864661654135,0.5142780812158632,14.25563909774436,
1628425,Sterling,Brown,104,5.538461538461538,1.0384615384615383,3.6634615384615374,0.1826923076923076,0.5288461538461539,0.6153846153846154,4.75,2.0096153846153846,2.9711538461538463,1.1442307692307692,0.4423076923076923,0.375,1,1,0,4.944615384615385,0.5600497822028625,14.20673076923077,
1630209,Omer,Yurtseven,115,5.017391304347826,0.7565217391304347,4.765217391304348,0.3565217391304348,0.2521739130434782,0.7913043478260869,4.113043478260869,2.1565217391304348,0.391304347826087,0.0782608695652174,0.9565217391304348,0.6260869565217392,0,0,1,4.533913043478261,0.5533179900268508,14.152173913043478,
1642920,Kobe,Sanders,68,7.279411764705882,1.6029411764705883,2.25,0.1470588235294117,0.7205882352941176,1.1911764705882353,5.647058823529412,2.6323529411764706,2.8823529411764706,1.1764705882352942,1.0147058823529411,0.8382352941176471,1,0,0,6.093529411764706,0.5973066898349261,14.147058823529411,
1630182,Josh,Green,340,6.338235294117647,1.4147058823529413,2.5205882352941176,0.1470588235294117,0.7470588235294118,0.8558823529411764,4.923529411764706,2.367647058823529,2.429411764705882,0.9470588235294116,0.9323529411764706,0.6558823529411765,1,0,0,5.333764705882353,0.5941615016432494,14.105882352941178,
1629013,Landry,Shamet,313,8.124600638977636,1.4345047923322685,1.6517571884984026,0.1437699680511182,0.5207667731629393,0.65814696485623,6.654952076677317,2.7507987220447285,4.5495207667731625,1.7220447284345048,1.1118210862619808,0.9009584664536742,1,0,0,7.144153354632588,0.5686188576641683,14.095846645367414,
1629007,Jontay,Porter,35,3.914285714285714,1.7428571428571429,2.742857142857143,0.6,0.6571428571428571,0.8,3.4,1.3714285714285714,1.9428571428571428,0.6571428571428571,0.6571428571428571,0.5142857142857142,0,1,1,3.689142857142857,0.5305142503097894,14.071428571428571,
1631204,Marcus,Sasser,162,7.055555555555555,2.7098765432098766,1.4135802469135803,0.1234567901234567,0.6234567901234568,1.0802469135802468,5.938271604938271,2.592592592592593,3.0,1.1790123456790125,0.808641975308642,0.691358024691358,1,0,0,6.294074074074074,0.5604919383311757,14.067901234567902,
201961,Wayne,Ellington,88,8.284090909090908,1.1022727272727273,1.8409090909090908,0.1590909090909091,0.4659090909090909,0.5909090909090909,6.534090909090909,2.8068181818181817,5.5227272727272725,2.25,0.5227272727272727,0.4204545454545454,1,0,0,6.764090909090909,0.6123580404542706,14.017045454545457,
203463,Ben,McLemore,117,9.068376068376068,0.8376068376068376,1.735042735042735,0.1623931623931624,0.5213675213675214,0.8290598290598291,7.726495726495727,3.0,5.957264957264957,2.11965811965812,1.205128205128205,0.9487179487179488,1,0,0,8.256752136752137,0.5491491035567885,14.004273504273502,
1630613,Duane,Washington Jr.,78,9.192307692307692,1.8974358974358971,1.5256410256410255,0.0897435897435897,0.4102564102564102,1.1666666666666667,8.756410256410257,3.423076923076923,4.17948717948718,1.551282051282051,1.0897435897435896,0.7948717948717948,1,0,0,9.235897435897437,0.4976401998889505,13.993589743589745,
1627814,Damion,Lee,219,6.972602739726027,1.1232876712328768,2.867579908675799,0.0958904109589041,0.5159817351598174,0.7123287671232876,5.401826484018265,2.3926940639269407,3.036529680365297,1.182648401826484,1.1141552511415524,1.004566210045662,1,1,0,5.892054794520549,0.5916953408351157,13.981735159817353,
203488,Mike,Muscala,189,6.444444444444445,0.7195767195767195,3.105820105820106,0.3915343915343915,0.2645502645502645,0.4179894179894179,5.068783068783069,2.2063492063492065,3.417989417989418,1.3015873015873016,0.8994708994708994,0.7301587301587301,0,1,1,5.464550264550264,0.5896591789310612,13.970899470899472,
1631367,Jacob,Gilyard,36,4.083333333333333,3.5277777777777777,1.1944444444444444,0.1388888888888889,0.9166666666666666,0.7222222222222222,3.6666666666666665,1.4166666666666667,3.083333333333333,1.2222222222222223,0.0277777777777777,0.0277777777777777,1,0,0,3.678888888888889,0.554968287526427,13.944444444444445,
1641854,Craig,Porter Jr.,162,4.54320987654321,2.345679012345679,2.4074074074074074,0.4135802469135802,0.5802469135802469,0.8580246913580247,3.740740740740741,1.808641975308642,1.0802469135802468,0.4074074074074074,0.7654320987654321,0.5185185185185185,1,0,0,4.077530864197531,0.5571030640668524,13.9320987654321,
1626161,Willie,Cauley-Stein,73,4.301369863013699,0.6164383561643836,3.780821917808219,0.6301369863013698,0.3698630136986301,0.4931506849315068,2.9726027397260277,1.7945205479452055,0.1780821917808219,0.0273972602739726,1.095890410958904,0.684931506849315,0,0,1,3.454794520547945,0.6225218080888185,13.91095890410959,
203995,Vasilije,Micic,99,6.848484848484849,3.868686868686869,1.7676767676767675,0.0707070707070707,0.4545454545454545,1.7575757575757576,6.404040404040404,2.525252525252525,2.767676767676768,0.8585858585858586,1.1313131313131313,0.9393939393939394,1,0,0,6.901818181818181,0.4961362838075167,13.88888888888889,
1628391,D.J.,Wilson,40,5.575,0.75,3.25,0.475,0.4,0.6,4.725,2.075,2.275,0.8,0.875,0.625,0,1,0,5.109999999999999,0.5454990215264188,13.875,
1626163,Frank,Kaminsky,91,5.428571428571429,1.362637362637363,3.087912087912088,0.3076923076923077,0.3076923076923077,0.3956043956043956,4.241758241758242,2.065934065934066,1.4615384615384617,0.5384615384615384,1.054945054945055,0.7582417582417582,0,1,1,4.705934065934066,0.5767793760508126,13.774725274725274,
201952,Jeff,Teague,55,6.745454545454545,2.4,1.6,0.2181818181818181,0.6181818181818182,1.1636363636363636,5.163636363636364,2.2363636363636363,1.490909090909091,0.6545454545454545,1.9090909090909087,1.6181818181818182,1,0,0,6.003636363636364,0.5617807389460933,13.763636363636362,
1629642,Nassir,Little,183,6.098360655737705,0.7923497267759563,3.1038251366120218,0.4262295081967213,0.3169398907103825,0.5792349726775956,4.890710382513661,2.2185792349726774,2.4863387978142075,0.8469945355191257,1.0874316939890711,0.8142076502732241,1,1,0,5.369180327868852,0.56790425012213,13.756830601092895,
1641722,Jordan,Hawkins,167,7.952095808383233,1.0119760479041915,2.215568862275449,0.2395209580838323,0.3592814371257485,0.7724550898203593,7.3053892215568865,2.7245508982035926,4.401197604790419,1.526946107784431,1.1796407185628743,0.9760479041916168,1,0,0,7.824431137724551,0.5081580800195916,13.6437125748503,
1641767,Ben,Sheppard,182,5.703296703296704,1.379120879120879,2.527472527472528,0.1208791208791208,0.6043956043956044,0.4285714285714285,4.934065934065934,2.065934065934066,3.2032967032967035,1.098901098901099,0.5714285714285714,0.4725274725274725,1,0,0,5.185494505494506,0.5499279477833346,13.607142857142858,
1631115,Orlando,Robinson,111,4.711711711711712,1.2522522522522523,3.90990990990991,0.3243243243243243,0.3333333333333333,0.7477477477477478,3.846846846846847,1.81981981981982,0.6756756756756757,0.2342342342342342,1.117117117117117,0.8378378378378378,0,0,1,4.338378378378378,0.5430268294708863,13.590090090090092,
1629216,Gabe,Vincent,318,6.861635220125786,2.0,1.5,0.110062893081761,0.7232704402515723,0.9308176100628932,6.2421383647798745,2.462264150943396,4.154088050314465,1.4088050314465408,0.6320754716981132,0.5283018867924528,1,0,0,6.520251572327044,0.5261787174936337,13.583333333333334,
202340,Avery,Bradley,89,6.370786516853933,1.0449438202247192,2.168539325842697,0.1348314606741573,0.8314606741573034,0.7415730337078652,5.853932584269663,2.3820224719101124,3.49438202247191,1.2921348314606742,0.3707865168539326,0.3146067415730337,1,0,0,6.017078651685393,0.5293919928293995,13.573033707865168,
1629117,Wenyen,Gabriel,119,5.0588235294117645,0.5378151260504201,3.8739495798319328,0.4705882352941176,0.3529411764705882,0.7142857142857143,3.798319327731092,2.0252100840336134,0.8571428571428571,0.2689075630252101,1.2436974789915969,0.7394957983193278,0,1,0,4.345546218487395,0.5820699257425742,13.542016806722687,
1627745,Damian,Jones,171,5.181286549707602,0.7485380116959064,3.2222222222222223,0.6432748538011696,0.3040935672514619,0.7076023391812866,3.08187134502924,2.0058479532163744,0.3801169590643274,0.1403508771929824,1.3976608187134505,1.0292397660818713,0,0,1,3.696842105263158,0.7007719564667173,13.511695906432749,
203090,Maurice,Harkless,83,4.951807228915663,0.8072289156626506,2.421686746987952,0.5301204819277109,0.7108433734939759,0.6385542168674698,4.168674698795181,1.8313253012048192,2.2289156626506026,0.6506024096385542,0.8554216867469879,0.6385542168674698,1,1,0,4.545060240963855,0.5447460502597816,13.481927710843372,
1631260,AJ,Green,232,7.504310344827586,1.3448275862068966,2.125,0.0818965517241379,0.396551724137931,0.5991379310344828,5.814655172413793,2.478448275862069,5.086206896551724,2.1336206896551726,0.4827586206896552,0.4137931034482758,1,0,0,6.027068965517241,0.622550562119175,13.424568965517242,
1641765,Olivier-Maxence,Prosper,138,6.1231884057971016,0.8188405797101449,2.8115942028985508,0.1666666666666666,0.5289855072463768,0.5,4.507246376811594,2.1739130434782608,1.7463768115942029,0.6086956521739131,1.644927536231884,1.1666666666666667,0,1,0,5.231014492753623,0.5852773314124232,13.351449275362318,
1629004,Svi,Mykhailiuk,277,7.223826714801444,1.4873646209386282,2.064981949458484,0.111913357400722,0.5342960288808665,0.8953068592057761,6.184115523465704,2.6137184115523464,3.96028880866426,1.4368231046931408,0.7148014440433214,0.5595667870036101,1,1,0,6.498628158844765,0.5557962802479834,13.346570397111911,
1629308,Juan,Toscano-Anderson,181,4.204419889502763,1.9116022099447516,3.0331491712707184,0.2983425414364641,0.585635359116022,0.9060773480662984,3.303867403314917,1.6740331491712708,1.2430939226519335,0.4088397790055249,0.6906077348066298,0.4475138121546961,0,1,0,3.607734806629834,0.5826952526799388,13.345303867403317,
1628972,Troy,Brown Jr.,231,5.216450216450217,1.077922077922078,3.238095238095238,0.1255411255411255,0.5541125541125541,0.5411255411255411,4.662337662337662,1.9264069264069263,2.6623376623376624,0.948051948051948,0.4978354978354978,0.4155844155844156,1,1,0,4.881385281385281,0.5343206810925861,13.326839826839826,
1629717,Armoni,Brooks,83,6.662650602409639,1.1686746987951808,2.2289156626506026,0.2048192771084337,0.4939759036144578,0.6144578313253012,6.289156626506024,2.3012048192771086,5.240963855421687,1.7469879518072289,0.4216867469879518,0.3132530120481928,1,0,0,6.474698795180723,0.5145143282471157,13.325301204819278,
201959,Taj,Gibson,209,3.889952153110048,0.6698564593301436,3.617224880382775,0.6076555023923444,0.3923444976076555,0.507177033492823,2.9043062200956937,1.5502392344497609,0.4545454545454545,0.1531100478468899,0.8564593301435407,0.6363636363636364,0,1,0,3.281148325358852,0.5927729818012132,13.30622009569378,
202722,Davis,Bertans,198,7.383838383838384,0.6868686868686869,2.015151515151515,0.2272727272727272,0.4393939393939394,0.404040404040404,5.787878787878788,2.287878787878788,5.040404040404041,1.904040404040404,1.0252525252525253,0.904040404040404,0,1,0,6.2389898989899,0.5917495062008225,13.295454545454549,
1631223,David,Roddy,165,6.230303030303031,1.0606060606060606,2.993939393939394,0.2242424242424242,0.4242424242424242,0.8121212121212121,5.66060606060606,2.387878787878788,2.587878787878788,0.7878787878787878,0.9636363636363636,0.6666666666666666,0,1,0,6.084606060606061,0.5119725885493446,13.28181818181818,
1641871,Duop,Reath,143,6.258741258741258,0.7132867132867133,2.629370629370629,0.4195804195804196,0.3356643356643357,0.5104895104895105,5.062937062937063,2.300699300699301,2.769230769230769,1.0,0.8461538461538461,0.6573426573426573,0,0,1,5.435244755244756,0.5757552364777931,13.272727272727272,
203926,Doug,McDermott,312,8.884615384615385,1.0576923076923077,1.891025641025641,0.0833333333333333,0.2211538461538461,0.6314102564102564,6.971153846153846,3.2916666666666665,4.112179487179487,1.6794871794871795,0.8012820512820513,0.6217948717948718,0,1,0,7.323717948717948,0.6065645514223196,13.262820512820516,
1631103,Malaki,Branham,211,8.023696682464456,1.5924170616113744,1.990521327014218,0.0947867298578199,0.3649289099526066,1.004739336492891,7.0,3.104265402843602,2.976303317535545,1.033175355450237,0.9289099526066352,0.7819905213270142,0,1,0,7.40872037914692,0.5415035439215987,13.227488151658768,
1630205,Lamar,Stevens,215,5.683720930232558,0.641860465116279,2.9395348837209303,0.3441860465116279,0.4790697674418605,0.5813953488372093,4.865116279069768,2.2511627906976743,1.2,0.3441860465116279,1.1534883720930234,0.8372093023255814,0,1,0,5.372651162790698,0.5289493732252926,13.186046511627906,
1631113,Kennedy,Chandler,45,5.4,2.933333333333333,1.6666666666666667,0.1555555555555555,0.5111111111111111,0.9111111111111112,4.888888888888889,2.1333333333333333,1.1777777777777778,0.3777777777777777,1.2444444444444445,0.7555555555555555,1,0,0,5.436444444444445,0.4966481360366253,13.144444444444444,
1641741,Ricky,Council IV,104,6.778846153846154,1.0865384615384617,2.5,0.1346153846153846,0.3846153846153846,0.5480769230769231,5.528846153846154,2.2211538461538463,2.355769230769231,0.6442307692307693,2.1538461538461537,1.6923076923076923,1,1,0,6.476538461538462,0.5233386780687689,13.139423076923077,
1631100,AJ,Griffin,90,7.5777777777777775,0.8666666666666667,1.8888888888888888,0.1555555555555555,0.4777777777777778,0.5555555555555556,6.488888888888889,2.9444444444444446,3.2333333333333334,1.2222222222222223,0.5222222222222223,0.4666666666666667,0,1,0,6.718666666666667,0.5639346431170206,13.133333333333336,
1631124,Julian,Strawther,167,7.341317365269461,1.1377245508982037,1.8982035928143712,0.1736526946107784,0.4790419161676646,0.6946107784431138,6.119760479041916,2.634730538922156,3.317365269461078,1.155688622754491,1.1317365269461075,0.9161676646706588,1,0,0,6.617724550898203,0.5546708168952912,13.116766467065869,
1631248,Baylor,Scheierman,108,5.0,1.3796296296296295,3.092592592592593,0.074074074074074,0.5462962962962963,0.5370370370370371,4.101851851851852,1.7592592592592593,3.009259259259259,1.1388888888888888,0.3981481481481481,0.3425925925925926,1,0,0,4.277037037037037,0.5845167994457914,13.11574074074074,
203476,Gorgui,Dieng,111,4.801801801801802,1.2162162162162162,3.3063063063063063,0.3873873873873873,0.3693693693693693,0.7567567567567568,3.5315315315315314,1.648648648648649,1.9189189189189189,0.7207207207207207,0.954954954954955,0.7837837837837838,0,0,1,3.951711711711712,0.6075597300747766,13.099099099099098,
203085,Austin,Rivers,152,6.203947368421052,1.618421052631579,1.8355263157894737,0.0789473684210526,0.7171052631578947,0.743421052631579,5.289473684210527,2.2434210526315788,3.3092105263157894,1.1644736842105263,0.75,0.5526315789473685,1,0,0,5.619473684210527,0.5520043083263089,13.082236842105264,
1642461,Spencer,Jones,84,4.5,0.6666666666666666,2.6904761904761907,0.4047619047619047,0.6785714285714286,0.4285714285714285,3.523809523809524,1.7023809523809523,1.9166666666666667,0.6904761904761905,0.6428571428571429,0.4047619047619047,0,1,0,3.806666666666666,0.5910683012259195,13.01190476190476,
1631197,Jared,Rhoden,43,5.604651162790698,0.7906976744186046,2.604651162790698,0.3720930232558139,0.3953488372093023,0.4186046511627907,4.511627906976744,2.0930232558139537,2.046511627906977,0.6511627906976745,0.9069767441860463,0.7674418604651163,1,0,0,4.910697674418604,0.5706573214623982,12.930232558139537,
1630563,Joshua,Primo,54,5.851851851851852,1.8333333333333333,2.333333333333333,0.4814814814814814,0.3888888888888889,1.3333333333333333,5.518518518518518,2.037037037037037,2.7777777777777777,0.8333333333333334,1.2592592592592593,0.9444444444444444,1,0,0,6.072592592592592,0.4818248353256892,12.916666666666666,
1630846,Olivier,Sarr,49,4.836734693877551,0.6122448979591837,3.489795918367347,0.6122448979591837,0.1836734693877551,0.6326530612244898,3.183673469387755,1.816326530612245,0.9183673469387756,0.3673469387755102,1.1428571428571428,0.8367346938775511,0,0,1,3.6865306122448978,0.6560008857395926,12.908163265306122,
1629599,Amir,Coffey,325,6.836923076923077,1.16,2.0092307692307694,0.1415384615384615,0.4430769230769231,0.5169230769230769,5.135384615384615,2.36,2.5323076923076924,0.9753846153846154,1.36,1.1415384615384616,1,1,0,5.733784615384615,0.5961963637924743,12.895384615384614,
1628410,Edmond,Sumner,104,7.4423076923076925,1.125,1.6634615384615383,0.1923076923076923,0.6057692307692307,0.9615384615384616,5.288461538461538,2.605769230769231,1.6730769230769231,0.625,1.8365384615384612,1.6057692307692308,1,0,0,6.0965384615384615,0.6103715853889344,12.89423076923077,
1627863,Danuel,House Jr.,162,5.888888888888889,1.1358024691358024,2.4074074074074074,0.2901234567901234,0.4320987654320987,0.6790123456790124,4.685185185185185,1.9938271604938271,2.635802469135802,0.9135802469135802,1.3703703703703705,0.9876543209876544,1,1,0,5.2881481481481485,0.5568006723630761,12.734567901234568,
201577,Robin,Lopez,156,6.576923076923077,0.8461538461538461,2.91025641025641,0.4679487179487179,0.1282051282051282,0.935897435897436,4.596153846153846,2.782051282051282,0.2243589743589743,0.0705128205128205,1.3525641025641026,0.9423076923076924,0,0,1,5.191282051282051,0.6334584609305542,12.724358974358973,
1630528,Josh,Christopher,150,6.553333333333334,1.54,1.7733333333333334,0.2066666666666666,0.6866666666666666,1.1866666666666668,5.72,2.5733333333333333,1.9266666666666667,0.5266666666666666,1.1933333333333334,0.88,1,0,0,6.245066666666666,0.5246808147230881,12.723333333333334,
1627788,Furkan,Korkmaz,191,6.481675392670157,1.3403141361256543,1.8848167539267016,0.1256544502617801,0.5549738219895288,0.6649214659685864,5.654450261780105,2.25130890052356,3.25130890052356,1.099476439790576,1.162303664921466,0.8795811518324608,1,1,0,6.16586387434555,0.5256096732558929,12.712041884816756,
1627756,Denzel,Valentine,85,5.588235294117647,1.3647058823529412,2.8117647058823527,0.0823529411764705,0.4470588235294118,0.6352941176470588,5.670588235294118,2.117647058823529,3.4,1.1647058823529413,0.2,0.188235294117647,1,0,0,5.758588235294118,0.4852087930048214,12.7,
1629617,Reggie,Perry,35,4.857142857142857,0.7142857142857143,3.4285714285714284,0.3428571428571428,0.4285714285714285,0.7428571428571429,4.485714285714286,2.057142857142857,1.0571428571428572,0.2,0.8,0.5428571428571428,0,1,1,4.837714285714286,0.502008032128514,12.67142857142857,
1630702,Jaden,Hardy,230,8.447826086956521,1.3347826086956522,1.6869565217391305,0.0956521739130434,0.3565217391304348,1.082608695652174,7.078260869565217,3.008695652173913,3.608695652173913,1.3956521739130434,1.3652173913043475,1.0347826086956522,1,0,0,7.67895652173913,0.5500634144131902,12.62391304347826,
1631123,Jamaree,Bouyea,62,5.096774193548387,1.7258064516129032,1.7741935483870968,0.3225806451612903,0.6129032258064516,0.7419354838709677,4.596774193548387,2.096774193548387,1.5483870967741935,0.4354838709677419,0.6935483870967742,0.4677419354838709,1,0,0,4.901935483870968,0.5198736509607791,12.60483870967742,
202954,Brad,Wanamaker,84,4.988095238095238,2.7261904761904763,1.7142857142857142,0.2023809523809523,0.5952380952380952,1.119047619047619,4.476190476190476,1.7023809523809523,1.2142857142857142,0.238095238095238,1.5,1.3452380952380951,1,0,0,5.136190476190476,0.485583163359911,12.601190476190478,
203458,Alex,Len,218,4.091743119266055,0.8899082568807339,3.197247706422018,0.6972477064220184,0.2614678899082568,0.7293577981651376,2.876146788990826,1.6605504587155964,0.2752293577981651,0.073394495412844,1.1192660550458715,0.6972477064220184,0,0,1,3.3686238532110093,0.6073315540062094,12.59862385321101,
1626184,Chasson,Randle,41,6.487804878048781,1.804878048780488,2.0,0.1219512195121951,0.5365853658536586,1.1219512195121952,5.780487804878049,2.2439024390243905,3.1707317073170733,1.0731707317073171,1.170731707317073,0.926829268292683,1,0,0,6.29560975609756,0.5152642181930885,12.585365853658535,
1630548,Johnny,Juzang,122,6.852459016393443,0.8442622950819673,2.2131147540983607,0.1147540983606557,0.4016393442622951,0.4672131147540984,5.901639344262295,2.4754098360655736,3.885245901639344,1.3934426229508197,0.6475409836065574,0.5081967213114754,1,0,0,6.186557377049181,0.553818432349356,12.56967213114754,
1642962,Drake,Powell,63,6.476190476190476,1.4444444444444444,1.761904761904762,0.2222222222222222,0.5714285714285714,0.9523809523809524,5.682539682539683,2.2857142857142856,2.888888888888889,0.8095238095238095,1.2222222222222223,1.0952380952380951,1,1,0,6.22031746031746,0.5205675206695928,12.555555555555554,
1630311,Pat,Spencer,111,5.207207207207207,2.5675675675675675,1.8738738738738736,0.072072072072072,0.5585585585585585,0.9369369369369368,4.873873873873874,2.063063063063063,1.7297297297297298,0.5855855855855856,0.6486486486486487,0.4954954954954955,1,0,0,5.159279279279279,0.5046448278270588,12.51801801801802,
1630623,Tyson,Etienne,31,7.870967741935484,1.6774193548387095,1.1612903225806452,0.032258064516129,0.4516129032258064,0.7741935483870968,6.354838709677419,2.419354838709677,4.903225806451613,1.8064516129032255,1.4838709677419355,1.2258064516129032,1,0,0,7.007741935483871,0.5615908672436015,12.516129032258064,
1629604,CJ,Elleby,86,4.732558139534884,1.127906976744186,3.011627906976744,0.2558139534883721,0.4767441860465116,0.6976744186046512,4.348837209302325,1.697674418604651,1.8604651162790695,0.5116279069767442,1.1511627906976745,0.8255813953488372,1,1,0,4.855348837209302,0.4873551106427819,12.47674418604651,
1628396,Tony,Bradley,161,4.37888198757764,0.577639751552795,3.677018633540373,0.4968944099378882,0.2111801242236025,0.5652173913043478,3.0683229813664594,1.875776397515528,0.093167701863354,0.0372670807453416,0.8509316770186336,0.5900621118012422,0,1,1,3.442732919254658,0.6359601645377788,12.46273291925466,
1630579,Jericho,Sims,251,3.1553784860557768,0.8286852589641435,4.47410358565737,0.4183266932270916,0.250996015936255,0.6772908366533864,1.8804780876494025,1.3944223107569722,0.0039840637450199,0.0,0.6095617529880478,0.3665338645418327,0,0,1,2.1486852589641434,0.7342579544611733,12.432270916334662,
1628975,Jevon,Carter,362,5.558011049723757,1.6049723756906078,1.6215469613259668,0.2209944751381215,0.574585635359116,0.574585635359116,5.099447513812155,2.046961325966851,3.334254143646409,1.2513812154696131,0.2734806629834254,0.212707182320442,1,0,0,5.219779005524862,0.5323990770338068,12.430939226519335,
1629726,Garrison,Mathews,307,6.550488599348534,0.7263843648208469,1.768729641693811,0.2019543973941368,0.5276872964169381,0.4006514657980456,4.644951140065147,1.8827361563517917,3.957654723127036,1.50814332247557,1.5342019543973942,1.276872964169381,1,0,0,5.32,0.615647424750802,12.410423452768732,
1630201,Malachi,Flynn,210,5.552380952380952,1.9333333333333331,1.7666666666666666,0.1047619047619047,0.5619047619047619,0.6904761904761905,5.171428571428572,2.0047619047619047,2.6476190476190475,0.8809523809523809,0.8857142857142857,0.6619047619047619,1,0,0,5.561142857142857,0.4992122208521715,12.38809523809524,
1631172,Ousmane,Dieng,163,5.496932515337424,1.521472392638037,2.539877300613497,0.2208588957055214,0.3926380368098159,0.8404907975460123,5.0,2.122699386503068,2.576687116564417,0.8098159509202454,0.6134969325153374,0.4417177914110429,0,1,0,5.269938650306749,0.5215366705471478,12.36196319018405,
1630568,Luka,Garza,187,6.208556149732621,0.6363636363636364,2.828877005347594,0.213903743315508,0.2620320855614973,0.5133689839572193,4.278074866310161,2.262032085561497,1.5133689839572193,0.5561497326203209,1.5508021390374331,1.1283422459893049,0,0,1,4.960427807486632,0.6258085381630013,12.28342245989305,
1628422,Damyean,Dotson,48,6.5,1.9166666666666667,1.9791666666666667,0.0833333333333333,0.3333333333333333,0.875,6.1875,2.520833333333333,3.333333333333333,0.9583333333333334,0.75,0.5,1,0,0,6.5175,0.4986574606827771,12.260416666666668,
1629672,Eric,Paschall,97,7.371134020618556,0.8969072164948454,2.4123711340206184,0.1237113402061855,0.2164948453608247,0.7216494845360825,5.494845360824742,2.701030927835052,1.6701030927835052,0.5979381443298969,1.855670103092784,1.3711340206185567,0,1,0,6.311340206185567,0.5839594903626266,12.25257731958763,
1642869,Noah,Penda,59,3.847457627118644,1.1864406779661016,3.169491525423729,0.3050847457627119,0.5084745762711864,0.711864406779661,3.440677966101695,1.3898305084745763,1.576271186440678,0.5084745762711864,0.8135593220338984,0.559322033898305,1,1,0,3.7986440677966105,0.506425129394967,12.21186440677966,
1627737,Marquese,Chriss,36,4.638888888888889,0.5277777777777778,3.2222222222222223,0.3888888888888889,0.3611111111111111,0.5277777777777778,4.111111111111111,1.8611111111111112,0.8333333333333334,0.25,1.0277777777777777,0.6666666666666666,0,1,0,4.563333333333333,0.5082785488190895,12.208333333333334,
1630587,Isaiah,Livers,129,4.945736434108527,0.8372093023255814,2.37984496124031,0.3720930232558139,0.5193798449612403,0.5658914728682171,4.286821705426356,1.7054263565891472,2.945736434108527,1.0310077519379846,0.6434108527131783,0.5038759689922481,0,1,0,4.569922480620154,0.5411181978558828,12.205426356589149,
201571,D.J.,Augustin,112,6.535714285714286,2.633928571428572,1.4464285714285714,0.0178571428571428,0.4017857142857143,1.0803571428571428,5.044642857142857,2.044642857142857,3.4017857142857144,1.3482142857142858,1.2232142857142858,1.0982142857142858,1,0,0,5.582857142857143,0.5853377686796315,12.174107142857142,
1629641,Romeo,Langford,108,5.287037037037037,0.7777777777777778,2.3796296296296298,0.3148148148148148,0.4814814814814814,0.5185185185185185,4.712962962962963,2.083333333333333,1.5185185185185186,0.4629629629629629,1.0185185185185186,0.6574074074074074,1,1,0,5.161111111111111,0.5121994976677431,12.171296296296296,
1630647,Eugene,Omoruyi,84,5.75,0.75,2.4166666666666665,0.0952380952380952,0.6428571428571429,0.6428571428571429,4.714285714285714,2.142857142857143,1.619047619047619,0.4523809523809524,1.5238095238095235,1.011904761904762,0,1,0,5.384761904761905,0.5339140431552883,12.166666666666666,
1630586,Usman,Garuba,105,2.628571428571429,0.780952380952381,3.780952380952381,0.4095238095238095,0.5238095238095238,0.5238095238095238,2.1619047619047618,1.0095238095238095,0.7619047619047619,0.2761904761904762,0.5333333333333333,0.3333333333333333,0,1,0,2.3965714285714284,0.5484024797329519,12.157142857142857,
1641733,Nick,Smith Jr.,135,7.733333333333333,1.725925925925926,1.6074074074074074,0.1037037037037037,0.2592592592592592,1.0148148148148148,7.288888888888889,2.903703703703704,3.851851851851852,1.4296296296296296,0.562962962962963,0.4962962962962963,1,0,0,7.536592592592592,0.5130523667243277,12.155555555555551,
1642864,Hugo,Gonzalez,74,3.905405405405405,0.5405405405405406,3.324324324324324,0.2837837837837837,0.5675675675675675,0.5135135135135135,3.324324324324324,1.5810810810810811,1.5675675675675675,0.5675675675675675,0.3513513513513513,0.1756756756756756,1,0,0,3.478918918918919,0.5612958359229335,12.08108108108108,
1642261,Dalton,Knecht,130,7.061538461538461,0.6461538461538462,2.1769230769230767,0.1384615384615384,0.2615384615384615,0.4538461538461538,5.638461538461539,2.607692307692308,3.3846153846153846,1.2538461538461538,0.7846153846153846,0.5923076923076923,0,1,0,5.9836923076923085,0.590065305702679,11.988461538461538,
1641727,Dariq,Whitehead,28,7.678571428571429,0.8571428571428571,2.0357142857142856,0.0714285714285714,0.3571428571428571,0.8928571428571429,6.928571428571429,2.75,4.892857142857143,1.8571428571428568,0.5,0.3214285714285714,1,1,0,7.148571428571429,0.53707034372502,11.946428571428571,
1642382,Branden,Carlson,75,4.8533333333333335,0.5733333333333334,2.3866666666666667,0.64,0.1733333333333333,0.3066666666666666,3.773333333333333,1.88,2.026666666666667,0.7066666666666667,0.5866666666666667,0.3866666666666666,0,0,1,4.031466666666667,0.6019314724169864,11.933333333333334,
1631254,Kenneth,Lofton Jr.,37,5.783783783783784,1.4324324324324325,2.324324324324324,0.1621621621621621,0.2972972972972973,0.6756756756756757,4.45945945945946,2.27027027027027,1.027027027027027,0.3513513513513513,1.4324324324324325,0.8918918918918919,0,1,0,5.08972972972973,0.5681818181818182,11.905405405405409,
1629610,DaQuan,Jeffries,94,5.095744680851064,0.8297872340425532,2.265957446808511,0.351063829787234,0.4574468085106383,0.5425531914893617,4.585106382978723,1.9361702127659572,2.542553191489361,0.8404255319148937,0.4787234042553192,0.3829787234042553,1,1,0,4.795744680851064,0.5312777284826975,11.888297872340424,
1627854,Bryn,Forbes,170,8.547058823529412,0.8058823529411765,1.2941176470588236,0.0470588235294117,0.3294117647058823,0.6588235294117647,6.770588235294118,3.0058823529411764,4.011764705882353,1.7058823529411764,0.9588235294117649,0.8294117647058824,1,0,0,7.192470588235294,0.5941671028526564,11.885294117647058,
203524,Solomon,Hill,84,3.869047619047619,1.0357142857142858,2.821428571428572,0.1547619047619047,0.6428571428571429,0.5119047619047619,3.7857142857142856,1.3095238095238095,2.6785714285714284,0.8333333333333334,0.5476190476190477,0.4166666666666667,0,1,0,4.026666666666666,0.4804280983916746,11.821428571428571,
1641998,Trey,Jemison III,74,3.77027027027027,0.6486486486486487,3.45945945945946,0.6081081081081081,0.2972972972972973,0.9054054054054054,2.972972972972973,1.648648648648649,0.0,0.0,0.7972972972972973,0.4729729729729729,0,0,1,3.323783783783784,0.5671653927467881,11.743243243243246,
1630204,Ashton,Hagans,21,3.809523809523809,2.571428571428572,2.142857142857143,0.4285714285714285,0.5238095238095238,1.4761904761904765,3.380952380952381,1.380952380952381,1.1904761904761905,0.3809523809523809,0.8095238095238095,0.6666666666666666,1,1,0,3.737142857142857,0.509683995922528,11.738095238095235,
1630536,Sharife,Cooper,53,6.415094339622642,2.4339622641509435,1.7169811320754718,0.0943396226415094,0.3018867924528302,1.2452830188679245,4.9245283018867925,2.452830188679245,1.5471698113207548,0.5660377358490566,1.1320754716981132,0.9433962264150944,1,0,0,5.422641509433962,0.5915100904662491,11.735849056603774,
1628988,Aaron,Holiday,384,5.872395833333333,1.65625,1.4010416666666667,0.140625,0.546875,0.7682291666666666,4.966145833333333,2.109375,2.4166666666666665,0.9322916666666666,0.84375,0.7213541666666666,1,0,0,5.337395833333333,0.5501180741232264,11.671874999999998,
1631132,Christian,Koloko,121,2.8181818181818183,0.5289256198347108,2.8264462809917354,0.7933884297520661,0.3553719008264462,0.3884297520661157,2.3801652892561984,1.165289256198347,0.2066115702479339,0.0165289256198347,0.7272727272727273,0.4710743801652892,0,0,1,2.7001652892561983,0.5218535749265426,11.669421487603309,
1627823,Juancho,Hernangomez,134,4.686567164179104,0.5970149253731343,3.194029850746269,0.1716417910447761,0.3656716417910448,0.4328358208955223,3.873134328358209,1.6567164179104477,2.2686567164179103,0.7164179104477612,1.0970149253731345,0.6567164179104478,0,1,0,4.355820895522388,0.5379660087719298,11.656716417910449,
1631159,Leonard,Miller,75,5.466666666666667,0.64,2.8266666666666667,0.2266666666666666,0.28,0.52,3.96,2.1866666666666665,1.4533333333333334,0.4533333333333333,0.84,0.64,0,1,0,4.3296,0.6313131313131313,11.653333333333336,
1642880,Kam,Jones,37,4.378378378378378,3.216216216216216,1.6216216216216215,0.0,0.4864864864864865,0.972972972972973,4.567567567567568,1.837837837837838,2.027027027027027,0.5945945945945946,0.2162162162162162,0.1081081081081081,1,0,0,4.662702702702703,0.469510781358683,11.635135135135137,
202693,Markieff,Morris,154,5.12987012987013,1.0649350649350648,2.883116883116883,0.2012987012987013,0.2857142857142857,0.7077922077922078,4.837662337662338,1.9350649350649352,2.5779220779220777,0.8441558441558441,0.525974025974026,0.4155844155844156,0,1,0,5.069090909090909,0.505995080959213,11.584415584415584,
1630288,Jeff,Dowtin Jr.,87,4.793103448275862,1.6781609195402298,1.3908045977011494,0.1954022988505747,0.5172413793103449,0.3448275862068966,4.011494252873563,1.896551724137931,1.3103448275862069,0.4942528735632184,0.6896551724137931,0.5057471264367817,1,0,0,4.314942528735632,0.5554075652637188,11.557471264367814,
1629139,Yuta,Watanabe,177,4.598870056497175,0.7005649717514124,2.5028248587570623,0.3333333333333333,0.4180790960451977,0.4463276836158192,3.7231638418079096,1.6271186440677967,2.169491525423729,0.8248587570621468,0.751412429378531,0.519774011299435,1,1,0,4.053785310734464,0.5672315754264688,11.516949152542372,
1642877,Micah,Peavy,61,4.295081967213115,1.0,1.9180327868852456,0.1475409836065573,0.7049180327868853,0.3278688524590163,4.508196721311475,1.7377049180327868,1.7704918032786885,0.4590163934426229,0.4754098360655737,0.360655737704918,1,1,0,4.717377049180328,0.4552404781762579,11.42622950819672,
203585,Rodney,McGruder,99,5.525252525252525,0.9292929292929292,2.090909090909091,0.0909090909090909,0.4545454545454545,0.4242424242424242,4.515151515151516,1.9898989898989896,2.696969696969697,1.1111111111111112,0.5656565656565656,0.4343434343434343,1,0,0,4.764040404040404,0.5798914426257314,11.38888888888889,
202066,Garrett,Temple,215,4.362790697674418,1.2883720930232558,1.8744186046511628,0.2883720930232558,0.5953488372093023,0.627906976744186,4.06046511627907,1.5674418604651164,2.2837209302325583,0.7348837209302326,0.641860465116279,0.4930232558139535,1,1,0,4.342883720930232,0.5022919076382641,11.386046511627905,
1628426,Sasha,Vezenkov,38,5.421052631578948,0.4736842105263157,2.236842105263158,0.131578947368421,0.5,0.3157894736842105,4.526315789473684,2.026315789473684,2.8421052631578947,1.0526315789473684,0.3947368421052631,0.3157894736842105,0,1,0,4.7,0.5767077267637178,11.381578947368425,
1628981,Bruno,Fernando,161,3.9130434782608696,0.6956521739130435,3.1739130434782608,0.5279503105590062,0.2484472049689441,0.7267080745341615,2.739130434782609,1.5341614906832295,0.0745341614906832,0.0062111801242236,1.2422360248447204,0.8385093167701864,0,1,1,3.2857142857142856,0.5954631379962193,11.369565217391305,
1629103,Kelan,Martin,61,5.377049180327869,0.6229508196721312,2.180327868852459,0.3114754098360656,0.3770491803278688,0.4918032786885246,5.065573770491803,2.1639344262295084,2.2131147540983607,0.7540983606557377,0.3770491803278688,0.2950819672131147,0,1,0,5.231475409836065,0.5139132614690399,11.352459016393444,
1627789,Timothe,Luwawu-Cabarrot,106,5.632075471698113,1.028301886792453,1.990566037735849,0.1132075471698113,0.4811320754716981,0.5943396226415094,5.113207547169812,1.9245283018867925,3.4056603773584904,1.1226415094339623,0.7924528301886793,0.660377358490566,1,1,0,5.46188679245283,0.5155796600801437,11.349056603773583,
1630678,Terry,Taylor,88,5.125,0.7045454545454546,2.909090909090909,0.1818181818181818,0.2386363636363636,0.4431818181818182,3.7954545454545454,2.1931818181818183,0.75,0.2159090909090909,0.7613636363636364,0.5227272727272727,0,1,0,4.130454545454546,0.620391768460438,11.34090909090909,
1627846,Abdel,Nader,38,5.105263157894737,0.6842105263157895,2.3421052631578947,0.3421052631578947,0.4736842105263157,0.7894736842105263,3.973684210526316,1.8157894736842104,1.5,0.5789473684210527,1.236842105263158,0.8947368421052632,0,1,0,4.517894736842106,0.565004659832246,11.328947368421051,
1630184,Kira,Lewis Jr.,128,5.3359375,1.8203125,1.3203125,0.109375,0.53125,0.6484375,5.1484375,2.0390625,1.90625,0.5625,0.8203125,0.6953125,1,0,0,5.509375,0.4842597844583097,11.3125,
1642949,Yanic Konan,Niederhauser,41,4.2926829268292686,0.2926829268292683,2.8536585365853657,0.7317073170731707,0.1219512195121951,0.5609756097560976,2.4390243902439024,1.5609756097560976,0.1219512195121951,0.024390243902439,1.5121951219512195,1.146341463414634,0,0,1,3.104390243902439,0.6913890634820867,11.304878048780491,
1630535,Greg,Brown III,65,4.092307692307692,0.6461538461538462,2.507692307692308,0.5076923076923077,0.4615384615384615,0.7076923076923077,3.4923076923076923,1.476923076923077,1.0923076923076922,0.3230769230769231,1.323076923076923,0.8153846153846154,0,1,0,4.074461538461539,0.5021900015103458,11.284615384615384,
1626208,Keifer,Sykes,30,6.0,2.066666666666667,1.5,0.1333333333333333,0.4,1.1,6.333333333333333,2.3,3.0,0.9,0.5666666666666667,0.5,1,0,0,6.582666666666666,0.4557423536560664,11.283333333333337,
1629635,Sekou,Doumbouya,58,5.155172413793103,0.8103448275862069,2.5689655172413794,0.1896551724137931,0.4655172413793103,0.7931034482758621,5.0,1.9310344827586208,2.0172413793103448,0.4655172413793103,1.1724137931034482,0.8275862068965517,0,1,0,5.515862068965517,0.4673043260815204,11.258620689655173,
1641775,Jordan,Walsh,129,3.5736434108527133,0.6046511627906976,2.798449612403101,0.3333333333333333,0.5116279069767442,0.4263565891472868,2.8294573643410854,1.3333333333333333,1.4651162790697674,0.5038759689922481,0.5503875968992248,0.4031007751937984,1,0,0,3.0716279069767443,0.5817181506157885,11.205426356589149,
1630243,Trevelin,Queen,62,4.129032258064516,1.064516129032258,1.7258064516129032,0.3387096774193548,0.7258064516129032,0.6935483870967742,3.983870967741936,1.4838709677419355,2.1451612903225805,0.5806451612903226,0.6774193548387096,0.5806451612903226,1,0,0,4.281935483870968,0.482145547687208,11.185483870967744,
1631166,Drew,Timme,36,5.583333333333333,1.1944444444444444,2.7222222222222223,0.0277777777777777,0.2777777777777778,0.7777777777777778,4.666666666666667,2.305555555555556,1.6666666666666667,0.5555555555555556,0.6944444444444444,0.4166666666666667,0,1,0,4.972222222222222,0.5614525139664804,11.125,
203118,Mike,Scott,51,4.176470588235294,0.7843137254901961,2.3529411764705883,0.2745098039215686,0.4705882352941176,0.3725490196078431,4.137254901960785,1.4901960784313726,3.0392156862745097,1.03921568627451,0.2352941176470588,0.1568627450980392,0,1,0,4.240784313725491,0.49241723691511,11.117647058823527,
1629164,Brandon,Goodwin,82,4.865853658536586,2.268292682926829,1.6585365853658536,0.0121951219512195,0.5121951219512195,0.8780487804878049,4.597560975609756,1.804878048780488,1.9268292682926829,0.6219512195121951,0.9878048780487804,0.6341463414634146,1,0,0,5.03219512195122,0.4834722760759984,11.097560975609756,
1629162,Jordan,McLaughlin,300,3.44,2.4,1.3233333333333333,0.1,0.7033333333333334,0.5733333333333334,2.9433333333333334,1.2766666666666666,1.4333333333333331,0.54,0.45,0.3466666666666667,1,0,0,3.1413333333333333,0.5475382003395586,11.091666666666663,
1642854,Asa,Newell,44,5.159090909090909,0.5909090909090909,2.1818181818181817,0.3409090909090909,0.3636363636363636,0.5227272727272727,3.840909090909091,2.0681818181818183,1.7045454545454546,0.6590909090909091,0.6590909090909091,0.3636363636363636,0,1,0,4.130909090909091,0.624449823943662,11.090909090909092,
1631121,Bryce,McGowens,154,5.694805194805195,1.077922077922078,1.8051948051948048,0.1558441558441558,0.4025974025974026,0.5974025974025974,4.324675324675325,1.8896103896103893,1.7467532467532467,0.6038961038961039,1.7012987012987013,1.3116883116883118,1,0,0,5.073246753246753,0.5612584476756093,11.05844155844156,
202335,Patrick,Patterson,38,5.184210526315789,0.7631578947368421,1.973684210526316,0.2105263157894736,0.3684210526315789,0.2894736842105263,4.342105263157895,1.894736842105263,2.9473684210526314,1.0526315789473684,0.4473684210526316,0.3421052631578947,0,1,0,4.538947368421052,0.5710807050092764,11.026315789473683,
200755,JJ,Redick,44,7.431818181818182,1.1590909090909092,1.4545454545454546,0.0681818181818181,0.25,0.8181818181818182,6.068181818181818,2.409090909090909,4.045454545454546,1.5,1.181818181818182,1.1136363636363635,1,0,0,6.588181818181818,0.56402649372154,10.988636363636363,
1630811,Keaton,Wallace,83,4.180722891566265,2.108433734939759,1.2650602409638554,0.1686746987951807,0.6144578313253012,0.6987951807228916,3.963855421686747,1.5662650602409638,2.1927710843373496,0.7710843373493976,0.3493975903614458,0.2771084337349397,1,0,0,4.117590361445783,0.5076661985018726,10.975903614457833,
1642265,Rob,Dillingham,114,5.508771929824562,2.1140350877192984,1.587719298245614,0.0614035087719298,0.5877192982456141,1.3421052631578947,5.464912280701754,2.245614035087719,1.8157894736842104,0.5877192982456141,0.6140350877192983,0.4298245614035088,1,0,0,5.735087719298246,0.4802691954726216,10.973684210526317,
1630556,Kessler,Edwards,158,4.006329113924051,0.6962025316455697,2.4430379746835444,0.3354430379746835,0.4493670886075949,0.4683544303797468,3.5822784810126582,1.5316455696202531,1.8481012658227849,0.6645569620253164,0.3544303797468354,0.2784810126582278,0,1,0,3.738227848101266,0.5358594067452255,10.917721518987342,
1631288,Jamal,Cain,115,5.165217391304348,0.6347826086956522,2.130434782608696,0.1565217391304348,0.4782608695652174,0.4695652173913043,3.860869565217391,1.826086956521739,1.6956521739130437,0.6086956521739131,1.1565217391304348,0.9043478260869564,0,1,0,4.369739130434782,0.5910212528854574,10.91304347826087,
202734,E'Twaun,Moore,27,4.925925925925926,1.4814814814814814,1.6666666666666667,0.1851851851851851,0.5555555555555556,0.8518518518518519,4.481481481481482,2.037037037037037,1.2962962962962965,0.4074074074074074,0.5185185185185185,0.4444444444444444,1,0,0,4.70962962962963,0.5229631959735765,10.907407407407408,
1642066,Myron,Gardner,45,3.6222222222222222,0.9777777777777776,2.7111111111111112,0.1777777777777777,0.4444444444444444,0.3777777777777777,2.7333333333333334,1.3111111111111111,1.4222222222222225,0.5777777777777777,0.5777777777777777,0.4222222222222222,0,1,0,2.987555555555556,0.6062183873847069,10.88888888888889,
202738,Isaiah,Thomas,31,6.935483870967742,1.3548387096774193,1.064516129032258,0.1612903225806451,0.2580645161290322,0.6774193548387096,6.580645161290323,2.548387096774193,3.193548387096774,1.064516129032258,0.9032258064516128,0.7741935483870968,1,0,0,6.978064516129033,0.4969489644970414,10.887096774193544,
1631321,Sidy,Cissoko,108,4.25925925925926,1.25,1.935185185185185,0.2685185185185185,0.5648148148148148,0.7777777777777778,3.675925925925926,1.5,2.064814814814815,0.5833333333333334,1.037037037037037,0.6759259259259259,1,0,0,4.132222222222223,0.5153715156404052,10.814814814814817,
1630639,A.J.,Lawson,96,5.489583333333333,0.625,2.052083333333333,0.1354166666666666,0.3854166666666667,0.3958333333333333,4.489583333333333,1.96875,2.2916666666666665,0.78125,1.1666666666666667,0.7708333333333334,1,0,0,5.002916666666667,0.5486382943283085,10.796874999999998,
204020,Tyler,Johnson,45,5.044444444444444,1.2,1.9777777777777776,0.0666666666666666,0.3777777777777777,0.4222222222222222,4.511111111111111,1.7333333333333334,3.2222222222222223,1.1777777777777778,0.4666666666666667,0.4,1,0,0,4.716444444444444,0.5347719562759141,10.744444444444444,
1629633,Jarrett,Culver,80,4.425,0.7875,2.375,0.2,0.5375,0.6875,4.325,1.7125,1.4,0.325,1.1875,0.675,1,1,0,4.8475,0.4564208354822073,10.74375,
1630192,Zeke,Nnaji,296,4.175675675675675,0.4358108108108108,2.3445945945945947,0.4729729729729729,0.3310810810810811,0.4222972972972973,3.1114864864864864,1.5641891891891893,1.125,0.3885135135135135,0.9763513513513512,0.6587837837837838,0,1,1,3.541081081081081,0.5896046405128987,10.717905405405403,
1629649,Ignas,Brazdeikis,54,5.574074074074074,1.0,2.1481481481481484,0.1111111111111111,0.2592592592592592,0.5370370370370371,5.018518518518518,2.1481481481481484,2.1296296296296298,0.7037037037037037,0.8518518518518519,0.5740740740740741,0,1,0,5.393333333333333,0.5167559401181158,10.703703703703704,
1631104,Blake,Wesley,184,4.380434782608695,2.347826086956522,1.4619565217391304,0.1304347826086956,0.5652173913043478,1.0978260869565215,3.9619565217391295,1.6521739130434785,1.0706521739130437,0.3152173913043478,1.2391304347826086,0.7608695652173914,1,0,0,4.507173913043478,0.4859402884290744,10.682065217391305,
1642866,Joan,Beringer,40,3.9,0.3,2.3,0.65,0.175,0.275,2.45,1.625,0.0,0.0,0.925,0.65,0,1,0,2.857,0.6825341267063353,10.55,
203953,Jabari,Parker,25,5.0,0.68,2.8,0.24,0.2,0.72,3.72,1.92,1.08,0.4,0.88,0.76,0,1,0,4.107200000000001,0.6086871834826645,10.54,
1631209,Isaiah,Wong,21,5.809523809523809,1.3333333333333333,1.5238095238095235,0.0,0.5238095238095238,0.8571428571428571,5.142857142857143,2.0,1.619047619047619,0.6190476190476191,1.619047619047619,1.1904761904761905,1,0,0,5.855238095238096,0.496096291476903,10.476190476190476,
1630185,Nico,Mannion,29,4.241379310344827,2.413793103448276,1.5862068965517242,0.0344827586206896,0.5517241379310345,1.0689655172413792,3.931034482758621,1.3448275862068966,2.0689655172413794,0.7586206896551724,0.9655172413793104,0.7931034482758621,1,0,0,4.355862068965517,0.4868587713742875,10.448275862068964,
1630539,Kai,Jones,103,3.6601941747572817,0.4271844660194174,2.5145631067961167,0.5339805825242718,0.3203883495145631,0.5339805825242718,2.3592233009708736,1.5825242718446602,0.2524271844660194,0.058252427184466,0.6407766990291263,0.4368932038834951,0,1,1,2.641165048543689,0.692912806940156,10.42233009708738,
202083,Wesley,Matthews,192,4.229166666666667,0.75,1.8072916666666667,0.2552083333333333,0.5052083333333334,0.359375,3.7604166666666665,1.390625,2.8125,0.9427083333333334,0.609375,0.5052083333333334,1,0,0,4.0285416666666665,0.5249004499146714,10.388020833333336,
1641740,Jaylen,Clark,108,4.055555555555555,0.6388888888888888,1.601851851851852,0.1018518518518518,0.7685185185185185,0.287037037037037,3.2222222222222223,1.4351851851851851,1.4074074074074074,0.5092592592592593,0.9629629629629628,0.6759259259259259,1,0,0,3.6459259259259262,0.556176351076798,10.324074074074073,
1630322,Lindy,Waters III,188,4.76063829787234,0.7659574468085106,1.7393617021276595,0.202127659574468,0.3776595744680851,0.2925531914893617,4.196808510638298,1.6648936170212767,3.473404255319149,1.2606382978723405,0.2180851063829787,0.1702127659574468,0,1,0,4.292765957446808,0.5544954401268835,10.252659574468083,
203504,Trey,Burke,104,6.009615384615385,1.3269230769230769,0.8365384615384616,0.0673076923076923,0.4615384615384615,0.5673076923076923,5.461538461538462,2.2596153846153846,2.3653846153846154,0.8076923076923077,0.7692307692307693,0.6826923076923077,1,0,0,5.8,0.5180702917771883,10.235576923076923,
1642868,Carter,Bryant,71,4.197183098591549,0.6619718309859155,2.507042253521127,0.323943661971831,0.2253521126760563,0.4647887323943662,3.732394366197183,1.5211267605633805,2.183098591549296,0.7323943661971831,0.5915492957746479,0.4225352112676056,0,1,0,3.992676056338028,0.5256102723296177,10.218309859154932,
1642853,Rasheer,Fleming,55,4.327272727272727,0.2909090909090909,2.2545454545454544,0.3818181818181818,0.4,0.5272727272727272,3.909090909090909,1.5818181818181818,2.363636363636364,0.8181818181818182,0.6181818181818182,0.3454545454545454,0,1,0,4.181090909090909,0.5174813010958427,10.218181818181815,
1627885,Shaquille,Harrison,43,2.86046511627907,1.3488372093023255,1.7674418604651163,0.2093023255813953,0.6744186046511628,0.4418604651162791,2.8372093023255816,1.0232558139534884,0.6511627906976745,0.1395348837209302,0.8604651162790697,0.6744186046511628,1,0,0,3.215813953488372,0.4447497830488863,10.186046511627907,
1641712,Rayan,Rupert,153,4.189542483660131,1.0065359477124185,2.287581699346405,0.1045751633986928,0.5359477124183006,0.7581699346405228,4.006535947712418,1.5359477124183007,1.7843137254901962,0.5751633986928104,0.6993464052287581,0.5424836601307189,1,1,0,4.314248366013072,0.4855472063992244,10.176470588235292,
1631169,Josh,Minott,138,4.195652173913044,0.5579710144927537,1.7753623188405796,0.3333333333333333,0.4927536231884058,0.427536231884058,3.0,1.4855072463768115,1.536231884057971,0.6086956521739131,0.7391304347826086,0.6159420289855072,0,1,0,3.325217391304348,0.6308838912133892,10.144927536231886,
1643007,Taelon,Peter,38,4.5,1.0526315789473684,1.5526315789473684,0.1052631578947368,0.6842105263157895,0.7105263157894737,4.157894736842105,1.5789473684210529,3.289473684210526,1.0789473684210529,0.4210526315789473,0.2631578947368421,1,0,0,4.3431578947368426,0.5180562287930198,10.144736842105264,
1630296,Braxton,Key,32,3.375,0.625,2.21875,0.375,0.4375,0.375,2.9375,1.28125,0.84375,0.25,0.90625,0.5625,0,1,0,3.33625,0.5058074185088047,10.140625,
1628993,Alize,Johnson,43,3.302325581395349,0.5581395348837209,3.744186046511628,0.1162790697674418,0.2558139534883721,0.5813953488372093,2.627906976744186,1.3953488372093024,0.2790697674418604,0.0232558139534883,0.627906976744186,0.4883720930232558,0,1,0,2.904186046511628,0.568545803971813,10.08139534883721,
1629682,Tremont,Waters,27,4.037037037037037,2.555555555555556,0.925925925925926,0.037037037037037,0.7407407407407407,1.148148148148148,3.6296296296296298,1.4074074074074074,1.7407407407407407,0.6296296296296297,0.6296296296296297,0.5925925925925926,1,0,0,3.9066666666666663,0.5166856276071293,10.074074074074074,
1630561,David,Duke Jr.,54,4.277777777777778,0.8703703703703703,2.055555555555556,0.1481481481481481,0.5,0.5925925925925926,4.037037037037037,1.6851851851851851,1.1296296296296295,0.2962962962962963,0.7962962962962963,0.6111111111111112,1,0,0,4.387407407407408,0.4875063312510551,10.074074074074074,
1629623,Lindell,Wigginton,22,6.181818181818182,1.681818181818182,1.4545454545454546,0.1363636363636363,0.2272727272727272,1.1363636363636365,4.681818181818182,2.090909090909091,2.090909090909091,0.6818181818181818,2.090909090909091,1.318181818181818,1,0,0,5.601818181818182,0.551768906199286,10.068181818181817,
202334,Ed,Davis,51,1.4901960784313726,0.5490196078431373,3.4901960784313726,0.4313725490196078,0.3137254901960784,0.2352941176470588,1.1764705882352942,0.5882352941176471,0.0,0.0,0.5098039215686274,0.3137254901960784,0,1,1,1.4007843137254905,0.5319148936170213,10.058823529411766,
203503,Tony,Snell,100,4.36,0.87,2.15,0.2,0.29,0.4,3.42,1.57,2.37,1.07,0.15,0.15,1,0,0,3.486,0.6253585771658061,10.05,
1631207,Dalen,Terry,210,3.628571428571429,1.261904761904762,1.6904761904761905,0.2428571428571428,0.5285714285714286,0.5619047619047619,3.0904761904761906,1.3666666666666667,1.2857142857142858,0.4,0.7666666666666667,0.4952380952380952,0,1,0,3.427809523809524,0.5292842853967548,10.01904761904762,
1642277,Johnny,Furphy,85,3.3294117647058825,0.7058823529411765,2.635294117647059,0.2117647058823529,0.4470588235294118,0.4823529411764706,2.835294117647059,1.2352941176470589,1.423529411764706,0.4470588235294118,0.6705882352941176,0.4117647058823529,1,0,0,3.130352941176471,0.5317949488875526,10.011764705882356,
203960,JaKarr,Sampson,29,4.620689655172414,0.1379310344827586,2.655172413793104,0.4827586206896552,0.0689655172413793,0.5172413793103449,3.896551724137931,1.9310344827586208,0.5172413793103449,0.1034482758620689,1.0,0.6551724137931034,0,1,0,4.336551724137931,0.5327608142493638,9.982758620689657,
1642878,Tyrese,Proctor,50,5.44,1.48,1.28,0.0,0.5,0.8,4.5,1.86,2.62,0.92,0.9,0.8,1,0,0,4.896,0.5555555555555556,9.98,
1629618,Jalen,Pickett,120,4.1,1.9916666666666667,1.6333333333333333,0.0833333333333333,0.2916666666666667,0.5333333333333333,3.6666666666666665,1.55,2.066666666666667,0.8,0.2583333333333333,0.2,1,0,0,3.780333333333333,0.5422802222026276,9.970833333333331,
1642950,Lachlan,Olbrich,37,2.4054054054054053,1.135135135135135,3.027027027027027,0.2162162162162162,0.3243243243243243,0.4324324324324324,2.081081081081081,0.972972972972973,0.5135135135135135,0.054054054054054,1.0810810810810811,0.4054054054054054,0,0,1,2.556756756756757,0.4704016913319238,9.945945945945947,
1629677,Luka,Samanic,77,4.779220779220779,0.6233766233766234,2.5584415584415585,0.2207792207792207,0.2467532467532467,0.7402597402597403,4.116883116883117,1.7272727272727273,1.7662337662337662,0.4285714285714285,1.2727272727272727,0.8961038961038961,0,1,0,4.676883116883117,0.5109407975119404,9.94155844155844,
1631250,Pete,Nance,67,4.373134328358209,0.835820895522388,2.149253731343284,0.2388059701492537,0.2388059701492537,0.4626865671641791,3.4328358208955225,1.7014925373134329,2.1343283582089554,0.8955223880597015,0.2238805970149253,0.0746268656716417,0,1,0,3.531343283582089,0.6191885038038885,9.835820895522389,
1628995,Kevin,Knox II,175,5.24,0.5028571428571429,2.057142857142857,0.1714285714285714,0.2971428571428571,0.56,4.36,1.9028571428571428,2.4514285714285715,0.84,0.7542857142857143,0.5942857142857143,0,1,0,4.691885714285714,0.5584108734837044,9.834285714285713,
1629681,Killian,Tillie,53,3.30188679245283,0.5660377358490566,1.5849056603773586,0.4339622641509434,0.5283018867924528,0.2830188679245283,3.4716981132075477,1.169811320754717,2.2452830188679247,0.6981132075471698,0.3584905660377358,0.2641509433962264,0,1,1,3.629433962264151,0.4548762736535662,9.811320754716984,
1628990,Chandler,Hutchison,29,3.827586206896552,0.6551724137931034,2.827586206896552,0.1724137931034483,0.4137931034482758,0.7931034482758621,3.6206896551724137,1.3793103448275863,0.7586206896551724,0.2758620689655172,0.9310344827586208,0.7931034482758621,1,1,0,4.030344827586207,0.4748459958932238,9.810344827586206,
1642863,Khaman,Maluach,46,3.0217391304347827,0.1304347826086956,2.891304347826087,0.717391304347826,0.108695652173913,0.5434782608695652,2.282608695652174,1.2173913043478262,0.4565217391304347,0.108695652173913,0.6739130434782609,0.4782608695652174,0,0,1,2.5791304347826087,0.5858057990559676,9.771739130434783,
1630593,McKinley,Wright IV,30,3.966666666666667,2.033333333333333,1.5666666666666669,0.1666666666666666,0.2666666666666666,0.6666666666666666,3.3666666666666667,1.6,1.0,0.3333333333333333,0.6333333333333333,0.4333333333333333,1,0,0,3.645333333333333,0.54407461594733,9.766666666666666,
203922,Glenn,Robinson III,23,5.260869565217392,0.8695652173913043,1.9565217391304348,0.1304347826086956,0.1739130434782608,0.4782608695652174,4.304347826086956,1.826086956521739,1.9130434782608696,0.6956521739130435,1.0,0.9130434782608696,0,1,0,4.7443478260869565,0.5544354838709677,9.76086956521739,
1630219,Skylar,Mays,95,4.368421052631579,1.6842105263157894,1.136842105263158,0.0526315789473684,0.4736842105263157,0.4736842105263157,3.726315789473684,1.673684210526316,1.3578947368421053,0.4631578947368421,0.6526315789473685,0.5578947368421052,1,0,0,4.013473684210527,0.5442194712547208,9.757894736842106,
1641810,Antonio,Reeves,53,5.830188679245283,0.7547169811320755,1.30188679245283,0.0754716981132075,0.3773584905660377,0.5094339622641509,4.716981132075472,2.169811320754717,2.509433962264151,1.0,0.6226415094339622,0.490566037735849,1,0,0,4.990943396226415,0.5840768183880236,9.70754716981132,
1629740,Nicolo,Melli,44,3.0454545454545454,1.0,2.772727272727273,0.0681818181818181,0.3181818181818182,0.2727272727272727,3.2045454545454546,1.0454545454545454,1.9318181818181817,0.5227272727272727,0.5681818181818182,0.4318181818181818,0,1,0,3.4545454545454546,0.4407894736842105,9.704545454545457,
1630688,Ish,Wainright,112,3.4107142857142856,0.6160714285714286,1.8482142857142856,0.2589285714285714,0.5446428571428571,0.3303571428571428,3.1607142857142856,1.1785714285714286,2.2410714285714284,0.7410714285714286,0.4017857142857143,0.3125,0,1,0,3.3375,0.5109684323167469,9.660714285714286,
1628400,Semi,Ojeleye,85,4.211764705882353,0.5411764705882353,2.6,0.0705882352941176,0.2823529411764706,0.3529411764705882,3.764705882352941,1.4,2.447058823529412,0.8588235294117647,0.7176470588235294,0.5529411764705883,0,1,0,4.080470588235294,0.5160881097912582,9.629411764705884,
1629076,Tyler,Cook,51,4.372549019607843,0.392156862745098,2.9019607843137254,0.1176470588235294,0.2352941176470588,0.5490196078431373,2.764705882352941,1.803921568627451,0.0392156862745098,0.0196078431372549,1.3137254901960784,0.7450980392156863,0,1,0,3.342745098039216,0.6540356640075081,9.627450980392156,
1642419,Jamison,Battle,120,5.091666666666667,0.6416666666666667,2.058333333333333,0.1083333333333333,0.2,0.3833333333333333,4.1,1.8583333333333332,2.8666666666666667,1.1666666666666667,0.2666666666666666,0.2083333333333333,0,1,0,4.217333333333333,0.6036595004742333,9.608333333333334,
1629605,Tacko,Fall,28,2.107142857142857,0.1785714285714285,2.6785714285714284,0.9285714285714286,0.0357142857142857,0.3214285714285714,1.4642857142857142,0.9285714285714286,0.0,0.0,0.7857142857142857,0.25,0,0,1,1.81,0.5820836621941595,9.607142857142858,
1626143,Jahlil,Okafor,28,5.178571428571429,0.5,2.392857142857143,0.1785714285714285,0.2142857142857142,0.75,3.642857142857143,2.25,0.3214285714285714,0.0714285714285714,0.8571428571428571,0.6071428571428571,0,1,1,4.02,0.6441009239516703,9.589285714285714,
1630658,Colin,Castleton,46,3.3043478260869565,0.6956521739130435,3.0869565217391304,0.217391304347826,0.2391304347826087,0.6086956521739131,2.5869565217391304,1.2391304347826086,0.3478260869565217,0.0434782608695652,0.9782608695652174,0.782608695652174,0,0,1,3.017391304347826,0.5475504322766571,9.58695652173913,
1641736,Reece,Beekman,36,2.583333333333333,1.75,1.0833333333333333,0.0555555555555555,0.9166666666666666,0.5833333333333334,2.9722222222222223,0.9722222222222222,1.1111111111111112,0.1944444444444444,0.5833333333333334,0.4444444444444444,1,0,0,3.228888888888889,0.4000344115622849,9.555555555555555,
1629603,Mamadi,Diakite,53,3.188679245283019,0.3773584905660377,2.39622641509434,0.4528301886792453,0.3018867924528302,0.4339622641509434,2.69811320754717,1.30188679245283,0.660377358490566,0.1509433962264151,0.6226415094339622,0.4339622641509434,0,1,0,2.9720754716981133,0.5364398171660741,9.500000000000002,
1630547,James,Bouknight,74,5.108108108108108,0.9864864864864864,1.7702702702702702,0.0945945945945946,0.2972972972972973,0.6621621621621622,5.013513513513513,1.8108108108108107,2.5135135135135136,0.8378378378378378,0.8513513513513513,0.6486486486486487,1,0,0,5.388108108108108,0.4740168539325842,9.486486486486486,
1629875,Xavier,Moon,28,3.5,1.7857142857142858,1.25,0.2142857142857142,0.3571428571428571,0.4285714285714285,3.7857142857142856,1.5357142857142858,1.2142857142857142,0.2857142857142857,0.25,0.1428571428571428,1,0,0,3.8957142857142855,0.4492115878254492,9.482142857142858,
1641723,Kobe,Bufkin,43,4.186046511627907,1.255813953488372,1.558139534883721,0.2325581395348837,0.2790697674418604,0.5348837209302325,4.395348837209302,1.558139534883721,1.976744186046512,0.4186046511627907,0.8837209302325582,0.6511627906976745,1,0,0,4.784186046511628,0.4374878475597901,9.383720930232558,
1630221,Josh,Hall,20,4.3,1.4,2.95,0.05,0.2,1.25,4.9,1.5,1.85,0.2,2.2,1.1,0,1,0,5.868,0.3663940013633265,9.325,
1628432,Davon,Reed,86,3.4651162790697674,0.8837209302325582,1.941860465116279,0.1511627906976744,0.4534883720930232,0.4069767441860465,2.8488372093023258,1.2674418604651163,1.5348837209302326,0.627906976744186,0.4534883720930232,0.3023255813953488,1,0,0,3.048372093023256,0.5683552029295087,9.30813953488372,
1629109,Gary,Clark,76,2.8947368421052637,0.6447368421052632,2.6973684210526314,0.1842105263157894,0.3421052631578947,0.3552631578947368,2.8947368421052637,0.9605263157894736,2.3421052631578947,0.7763157894736842,0.2631578947368421,0.1973684210526315,0,1,0,3.0105263157894737,0.4807692307692308,9.302631578947368,
1630264,Anthony,Gill,271,3.96309963099631,0.6900369003690037,2.025830258302583,0.2214022140221402,0.2767527675276753,0.3948339483394834,2.782287822878229,1.5129151291512914,0.7232472324723247,0.2250922509225092,0.955719557195572,0.7121771217712177,0,1,0,3.2028044280442804,0.6186921056269874,9.239852398523986,
1628778,Paul,Watson,35,4.057142857142857,0.7142857142857143,2.057142857142857,0.1714285714285714,0.2571428571428571,0.3714285714285714,3.342857142857143,1.4285714285714286,2.571428571428572,1.0285714285714285,0.2857142857142857,0.1714285714285714,1,0,0,3.468571428571429,0.5848434925864908,9.185714285714283,
1630284,Kevon,Harris,35,4.142857142857143,0.4857142857142857,2.0285714285714285,0.1428571428571428,0.4857142857142857,0.6285714285714286,3.142857142857143,1.4,1.2285714285714286,0.4571428571428571,1.1714285714285717,0.8857142857142857,1,0,0,3.6582857142857135,0.5662293033427055,9.17142857142857,
1642862,Liam,McNeeley,31,4.258064516129032,0.7741935483870968,2.3548387096774195,0.0967741935483871,0.1612903225806451,0.4193548387096774,3.064516129032258,1.2258064516129032,1.935483870967742,0.7741935483870968,1.2580645161290325,1.032258064516129,0,1,0,3.618064516129032,0.5884450784593438,9.14516129032258,
1630641,Ibou,Badji,21,1.619047619047619,0.6190476190476191,2.4285714285714284,0.9523809523809524,0.1428571428571428,0.7142857142857143,1.0476190476190477,0.6666666666666666,0.0,0.0,0.5714285714285714,0.2857142857142857,0,0,1,1.299047619047619,0.6231671554252199,9.14285714285714,
1641732,Colby,Jones,67,2.970149253731343,0.9402985074626866,1.8955223880597012,0.2686567164179104,0.4477611940298507,0.4776119402985074,2.8656716417910446,1.1791044776119404,1.0298507462686568,0.208955223880597,0.6417910447761194,0.4029850746268656,1,0,0,3.148059701492537,0.4717428408875403,9.134328358208956,
1631116,Patrick,Baldwin Jr.,99,3.767676767676768,0.4848484848484848,2.121212121212121,0.2626262626262626,0.303030303030303,0.404040404040404,3.282828282828283,1.323232323232323,2.191919191919192,0.8181818181818182,0.4545454545454545,0.303030303030303,0,1,0,3.482828282828283,0.540893271461717,9.131313131313131,
1642484,RayJ,Dennis,28,3.7142857142857135,1.6785714285714286,1.3571428571428572,0.2142857142857142,0.3928571428571428,0.7857142857142857,4.142857142857143,1.3214285714285714,2.357142857142857,0.7142857142857143,0.3928571428571428,0.3571428571428571,1,0,0,4.315714285714286,0.4303210857332009,9.125,
1641738,Kobe,Brown,140,3.642857142857143,0.9142857142857144,2.2142857142857144,0.1571428571428571,0.2928571428571428,0.5214285714285715,3.057142857142857,1.3785714285714286,1.5142857142857142,0.5071428571428571,0.4857142857142857,0.3785714285714285,0,1,0,3.2708571428571425,0.5568658280922433,9.092857142857142,
1628962,Udoka,Azubuike,81,3.111111111111111,0.1728395061728395,2.9012345679012346,0.4444444444444444,0.1111111111111111,0.4567901234567901,1.8641975308641976,1.4074074074074074,0.0,0.0,0.6666666666666666,0.2962962962962963,0,1,1,2.157530864197531,0.7209887846189059,9.030864197530866,
1630531,Jaden,Springer,100,3.06,0.83,1.48,0.22,0.65,0.49,2.64,1.08,0.99,0.24,0.86,0.66,1,0,0,3.0184,0.5068910681155578,9.025,
1642358,AJ,Johnson,77,4.779220779220779,1.5194805194805194,1.4805194805194806,0.0779220779220779,0.2727272727272727,0.8311688311688312,4.9480519480519485,1.7402597402597402,1.844155844155844,0.4545454545454545,0.987012987012987,0.8441558441558441,1,0,0,5.382337662337663,0.4439725895183862,9.019480519480515,
1631311,Lester,Quinones,51,4.764705882352941,1.156862745098039,1.8235294117647056,0.0784313725490196,0.196078431372549,0.6666666666666666,4.176470588235294,1.6274509803921569,2.549019607843137,0.8431372549019608,0.9215686274509804,0.6666666666666666,1,0,0,4.5819607843137256,0.5199418007531668,9.0,
1642278,Tyler,Kolek,103,3.4466019417475726,2.3300970873786406,1.2135922330097086,0.0776699029126213,0.3300970873786408,0.7087378640776699,3.203883495145631,1.3106796116504855,1.5631067961165048,0.5631067961165048,0.3592233009708738,0.2621359223300971,1,0,0,3.3619417475728155,0.5125909668476377,8.975728155339805,
1628385,Harry,Giles III,57,2.754385964912281,0.6140350877192983,2.8421052631578947,0.2807017543859649,0.175438596491228,0.4385964912280701,2.526315789473684,1.087719298245614,0.631578947368421,0.175438596491228,0.7017543859649122,0.4035087719298245,0,1,1,2.835087719298245,0.4857673267326733,8.885964912280702,
1642352,Keshad,Johnson,48,3.7291666666666665,0.25,1.875,0.25,0.4166666666666667,0.3541666666666667,2.708333333333333,1.4375,1.0625,0.3333333333333333,0.7916666666666666,0.5208333333333334,0,1,0,3.056666666666666,0.6100054525627044,8.874999999999998,
1630792,Malcolm,Hill,20,3.85,0.35,1.85,0.15,0.35,0.15,2.75,1.3,1.9,0.7,0.7,0.55,0,1,0,3.058,0.6294964028776979,8.85,
1628382,Justin,Jackson,63,4.444444444444445,1.0,1.6031746031746033,0.0952380952380952,0.3015873015873015,0.5555555555555556,4.174603174603175,1.6031746031746033,2.3174603174603177,0.6984126984126984,0.6507936507936508,0.5396825396825397,0,1,0,4.460952380952381,0.498149729575861,8.825396825396826,
1630550,JT,Thor,178,3.241573033707865,0.4719101123595505,2.101123595505618,0.3876404494382022,0.2584269662921348,0.4325842696629213,2.8820224719101124,1.2078651685393258,1.3764044943820224,0.4382022471910112,0.5898876404494382,0.3876404494382022,0,1,0,3.141573033707865,0.5159155937052933,8.820224719101125,
1629685,Dylan,Windler,97,3.288659793814433,0.7938144329896907,2.1752577319587627,0.1546391752577319,0.3711340206185567,0.5257731958762887,2.6907216494845363,1.1443298969072164,1.8144329896907216,0.6288659793814433,0.4639175257731959,0.3711340206185567,1,1,0,2.894845360824742,0.568019943019943,8.79381443298969,
1628539,Mychal,Mulder,74,5.486486486486487,0.4189189189189189,1.135135135135135,0.1891891891891892,0.2162162162162162,0.3243243243243243,4.621621621621622,1.9324324324324325,3.6216216216216215,1.3783783783783785,0.3513513513513513,0.2432432432432432,1,0,0,4.776216216216216,0.5743549117247624,8.790540540540539,
1630545,Terrence,Shannon Jr.,75,5.053333333333334,0.9333333333333332,1.28,0.08,0.28,0.52,3.8,1.76,1.4266666666666667,0.56,1.2133333333333334,0.9733333333333334,1,1,0,4.333866666666666,0.5830051685946346,8.773333333333333,
203918,Rodney,Hood,106,3.858490566037736,0.8584905660377359,1.69811320754717,0.1226415094339622,0.3679245283018867,0.4433962264150943,3.924528301886793,1.4339622641509433,1.9245283018867925,0.6037735849056604,0.4433962264150943,0.3867924528301887,1,1,0,4.119622641509434,0.4683063112576716,8.768867924528301,
1628427,Vlatko,Cancar,126,3.7142857142857135,0.9523809523809524,1.9126984126984128,0.1666666666666666,0.3015873015873015,0.5634920634920635,2.9047619047619047,1.380952380952381,1.3888888888888888,0.5,0.5396825396825397,0.4523809523809524,0,1,0,3.1422222222222222,0.5910284906041625,8.757936507936508,
1627774,Jake,Layman,79,3.949367088607595,0.4683544303797468,1.3037974683544304,0.3037974683544304,0.4556962025316455,0.4556962025316455,3.2531645569620253,1.5316455696202531,1.4303797468354431,0.3924050632911392,0.6962025316455697,0.4936708860759494,0,1,0,3.559493670886076,0.554765291607397,8.734177215189874,
1631199,Ron,Harper Jr.,40,3.675,0.725,1.55,0.25,0.25,0.2,3.35,1.375,2.375,0.775,0.175,0.15,1,1,0,3.427,0.5361832506565509,8.6875,
1642502,Malevy,Leons,31,2.7419354838709675,0.7741935483870968,1.8064516129032255,0.2903225806451613,0.4516129032258064,0.4516129032258064,2.3870967741935485,1.032258064516129,0.5483870967741935,0.1290322580645161,0.7419354838709677,0.5483870967741935,0,1,0,2.7135483870967745,0.5052306229196385,8.67741935483871,
1630699,MarJon,Beauchamp,141,4.425531914893617,0.6099290780141844,1.9219858156028369,0.1276595744680851,0.3262411347517731,0.7021276595744681,3.7588652482269502,1.6170212765957446,2.00709219858156,0.6950354609929078,0.6737588652482269,0.4964539007092198,0,1,0,4.05531914893617,0.5456453305351522,8.634751773049645,
1631098,Johnny,Davis,108,3.5,0.6574074074074074,1.5648148148148149,0.2222222222222222,0.3888888888888889,0.3333333333333333,3.648148148148149,1.4166666666666667,1.2777777777777777,0.3425925925925926,0.5925925925925926,0.324074074074074,1,0,0,3.908888888888889,0.4476975554292211,8.611111111111112,
1641748,Andre,Jackson Jr.,164,2.792682926829268,1.054878048780488,2.2195121951219514,0.1463414634146341,0.4207317073170731,0.7195121951219512,2.542682926829268,1.0975609756097562,1.1097560975609757,0.3536585365853658,0.3963414634146341,0.2439024390243902,1,0,0,2.717073170731707,0.5139138240574507,8.533536585365855,
1641720,Jalen,Hood-Schifino,32,4.34375,1.375,1.125,0.25,0.25,0.78125,4.34375,1.46875,1.875,0.5,1.21875,0.90625,1,0,0,4.88,0.4450563524590164,8.53125,
1630233,Nathan,Knight,103,3.8932038834951457,0.4174757281553398,2.067961165048544,0.233009708737864,0.2524271844660194,0.5242718446601942,2.6116504854368934,1.2427184466019416,0.6601941747572816,0.174757281553398,1.6699029126213591,1.233009708737864,0,1,1,3.3464077669902914,0.5816989671579436,8.514563106796116,
1630235,Trent,Forrest,148,2.810810810810811,1.8716216216216215,1.5472972972972974,0.1013513513513513,0.3851351351351351,0.7027027027027027,2.527027027027027,1.1283783783783785,0.4391891891891892,0.081081081081081,0.5743243243243243,0.4729729729729729,1,0,0,2.77972972972973,0.5055906660184735,8.47972972972973,
1631466,Nate,Williams,60,4.883333333333334,0.6666666666666666,1.35,0.1166666666666666,0.3333333333333333,0.6166666666666667,3.983333333333333,2.0166666666666666,1.15,0.4,0.65,0.45,1,0,0,4.269333333333334,0.5719081823860087,8.475000000000001,
1641763,Julian,Phillips,162,3.654320987654321,0.3765432098765432,1.5555555555555556,0.2098765432098765,0.4135802469135802,0.2901234567901234,2.969135802469136,1.2962962962962965,1.567901234567901,0.5061728395061729,0.7037037037037037,0.5555555555555556,0,1,0,3.278765432098765,0.5572708788312373,8.466049382716049,
1630604,E.J.,Liddell,46,3.739130434782609,0.6086956521739131,1.8043478260869563,0.2826086956521739,0.1956521739130435,0.4130434782608695,2.869565217391304,1.3695652173913044,1.4565217391304348,0.4565217391304347,0.6521739130434783,0.5434782608695652,0,1,0,3.1565217391304348,0.5922865013774105,8.445652173913043,
1630271,Brodric,Thomas,42,3.4761904761904763,0.9761904761904762,1.4761904761904765,0.2619047619047619,0.3809523809523809,0.6428571428571429,3.0,1.119047619047619,1.619047619047619,0.4285714285714285,1.2142857142857142,0.8095238095238095,1,0,0,3.5342857142857143,0.4917811910536244,8.44047619047619,
1642859,Jase,Richardson,54,4.425925925925926,1.0740740740740742,1.1666666666666667,0.037037037037037,0.3518518518518518,0.4629629629629629,3.4814814814814814,1.648148148148148,1.462962962962963,0.5185185185185185,0.8518518518518519,0.6111111111111112,1,0,0,3.856296296296296,0.5738570879754129,8.416666666666666,
1626246,Boban,Marjanovic,98,4.091836734693878,0.2857142857142857,2.642857142857143,0.1326530612244898,0.0816326530612244,0.4693877551020408,2.9183673469387754,1.663265306122449,0.1530612244897959,0.0204081632653061,1.030612244897959,0.7448979591836735,0,0,1,3.3718367346938773,0.6067667352620749,8.403061224489798,
1628373,Frank,Ntilikina,135,3.474074074074074,1.1111111111111112,1.3185185185185184,0.1333333333333333,0.4444444444444444,0.5333333333333333,3.2814814814814817,1.237037037037037,1.7333333333333334,0.5851851851851851,0.5777777777777777,0.4148148148148148,1,0,0,3.535703703703704,0.4912846727562222,8.362962962962962,
1641790,PJ,Hall,38,3.131578947368421,0.3684210526315789,2.5526315789473686,0.3684210526315789,0.0789473684210526,0.4736842105263157,2.1842105263157894,1.1578947368421053,0.3421052631578947,0.131578947368421,0.868421052631579,0.6842105263157895,0,0,1,2.566315789473684,0.6101312551271535,8.355263157894736,
1630222,Mason,Jones,50,4.5,1.22,1.58,0.04,0.2,0.66,3.28,1.4,1.7,0.56,1.72,1.14,1,0,0,4.0368,0.5573721759809751,8.34,
1630554,Jason,Preston,21,2.523809523809524,2.0476190476190474,1.8571428571428568,0.0476190476190476,0.1904761904761904,0.5714285714285714,2.857142857142857,1.1428571428571428,1.0,0.238095238095238,0.0952380952380952,0.0,1,0,0,2.8990476190476198,0.4352825229960577,8.19047619047619,
1629719,Devontae,Cacok,35,2.4285714285714284,0.2,2.1142857142857143,0.3142857142857143,0.3714285714285714,0.2285714285714285,1.7142857142857142,1.0857142857142856,0.0,0.0,0.5142857142857142,0.2571428571428571,0,1,0,1.9405714285714284,0.625736160188457,8.185714285714285,
1629185,Chris,Chiozza,55,2.8181818181818183,2.363636363636364,1.0909090909090908,0.109090909090909,0.3636363636363636,0.8727272727272727,3.0727272727272728,1.0,1.7272727272727273,0.5454545454545454,0.3636363636363636,0.2727272727272727,1,0,0,3.232727272727273,0.4358830146231721,8.145454545454545,
1641724,Jett,Howard,132,4.5227272727272725,0.7196969696969697,1.2424242424242424,0.1818181818181818,0.1893939393939394,0.4090909090909091,4.083333333333333,1.6136363636363635,2.6666666666666665,0.8787878787878788,0.5,0.4166666666666667,1,0,0,4.303333333333333,0.5254911625941835,8.132575757575758,
1630574,Ariel,Hukporti,79,2.088607594936709,0.5063291139240507,2.6582278481012658,0.5189873417721519,0.1265822784810126,0.6708860759493671,1.4050632911392404,0.8354430379746836,0.050632911392405,0.0126582278481012,0.5822784810126582,0.4050632911392405,0,0,1,1.66126582278481,0.6286193233770192,8.075949367088608,
1630227,Daishen,Nix,99,3.3434343434343434,1.8282828282828285,1.393939393939394,0.0707070707070707,0.5151515151515151,1.2222222222222223,3.323232323232323,1.181818181818182,1.8585858585858583,0.5353535353535354,0.7474747474747475,0.4444444444444444,1,0,0,3.652121212121212,0.4577386879079544,8.075757575757574,
1630600,Isaiah,Mobley,21,2.857142857142857,0.6666666666666666,1.5714285714285714,0.1904761904761904,0.3333333333333333,0.1428571428571428,2.8095238095238093,1.1428571428571428,1.0,0.3333333333333333,0.3333333333333333,0.238095238095238,0,1,0,2.956190476190476,0.4832474226804124,8.023809523809524,
1628411,Wes,Iwundu,43,2.813953488372093,0.4186046511627907,2.395348837209302,0.0930232558139534,0.3720930232558139,0.4651162790697674,2.7906976744186047,0.9767441860465116,1.069767441860465,0.1860465116279069,0.813953488372093,0.6744186046511628,0,1,0,3.1488372093023256,0.4468242245199409,7.965116279069768,
1631216,Caleb,Houstan,179,3.960893854748603,0.5251396648044693,1.4692737430167595,0.0949720670391061,0.2681564245810056,0.2737430167597765,3.3128491620111733,1.3072625698324023,2.787709497206704,1.0446927374301676,0.3575418994413408,0.3016759776536313,1,0,0,3.4701675977653634,0.5707064202459914,7.857541899441342,
1641877,Nathan,Mensah,25,1.32,0.36,2.6,0.56,0.24,0.56,1.12,0.48,0.0,0.0,0.48,0.36,0,0,1,1.3312000000000002,0.4957932692307692,7.840000000000001,
1629662,Mfiondu,Kabengele,38,2.6578947368421053,0.4473684210526316,1.8421052631578947,0.3421052631578947,0.2631578947368421,0.4210526315789473,2.526315789473684,0.9210526315789472,1.394736842105263,0.3421052631578947,0.5789473684210527,0.4736842105263157,0,0,1,2.781052631578947,0.4778576835730507,7.671052631578946,
1630206,Jay,Scrubb,24,4.041666666666667,0.4166666666666667,1.5,0.125,0.4166666666666667,0.7083333333333334,3.7083333333333335,1.5416666666666667,1.3333333333333333,0.4166666666666667,0.7083333333333334,0.5416666666666666,1,0,0,4.0200000000000005,0.5026948590381426,7.666666666666667,
1641794,Dillon,Jones,62,2.3225806451612905,1.0,2.064516129032258,0.064516129032258,0.3064516129032258,0.4516129032258064,2.3225806451612905,0.8548387096774194,1.1129032258064515,0.2741935483870967,0.5161290322580645,0.3387096774193548,0,1,0,2.549677419354839,0.4554655870445344,7.500000000000001,
204038,Langston,Galloway,47,4.340425531914893,0.8085106382978723,1.2765957446808511,0.0,0.1914893617021276,0.4042553191489361,3.6808510638297873,1.5319148936170213,2.148936170212766,0.8085106382978723,0.4893617021276595,0.4680851063829787,1,0,0,3.896170212765957,0.5570117955439056,7.425531914893617,
1629644,KZ,Okpala,86,2.5,0.5348837209302325,1.6511627906976745,0.2906976744186046,0.2441860465116279,0.3023255813953488,2.36046511627907,0.9534883720930232,1.127906976744186,0.3255813953488372,0.3953488372093023,0.2674418604651162,1,1,0,2.534418604651163,0.4932097632593136,7.313953488372093,
1629678,Admiral,Schofield,93,3.5161290322580645,0.6774193548387096,1.7956989247311828,0.1075268817204301,0.1397849462365591,0.4516129032258064,2.978494623655914,1.2795698924731185,1.8172043010752688,0.6021505376344086,0.4301075268817204,0.3548387096774194,0,1,0,3.167741935483871,0.554989816700611,7.311827956989245,
1629735,Chris,Silva,23,2.608695652173913,0.5652173913043478,2.739130434782609,0.3043478260869565,0.0434782608695652,0.8260869565217391,1.391304347826087,0.8260869565217391,0.0434782608695652,0.0434782608695652,1.1304347826086956,0.9130434782608696,0,1,0,1.8886956521739129,0.6906077348066298,7.304347826086955,
1630187,Daniel,Oturu,26,2.3461538461538463,0.3846153846153846,2.0384615384615383,0.3461538461538461,0.1538461538461538,0.3461538461538461,2.1923076923076925,0.9230769230769232,0.2307692307692307,0.0384615384615384,0.6538461538461539,0.4615384615384615,0,0,1,2.4800000000000004,0.4730148883374689,7.288461538461537,
1631102,TyTy,Washington Jr.,73,2.9452054794520546,1.1643835616438356,0.9452054794520548,0.0684931506849315,0.3698630136986301,0.3013698630136986,3.3424657534246576,1.1917808219178083,1.5753424657534247,0.3835616438356164,0.3287671232876712,0.1780821917808219,1,0,0,3.487123287671233,0.4222972972972972,7.26027397260274,
1642885,Mohamed,Diawara,69,3.565217391304348,0.7681159420289855,1.3623188405797102,0.0869565217391304,0.2463768115942029,0.4347826086956521,3.0869565217391304,1.3043478260869563,1.884057971014493,0.6956521739130435,0.3478260869565217,0.2608695652173913,0,1,0,3.24,0.5501878690284487,7.22463768115942,
203521,Matthew,Dellavedova,42,1.9761904761904765,2.357142857142857,0.8809523809523809,0.0238095238095238,0.2619047619047619,0.3809523809523809,2.523809523809524,0.7380952380952381,1.238095238095238,0.3095238095238095,0.2619047619047619,0.1904761904761904,1,0,0,2.639047619047619,0.374413569108625,7.2142857142857135,
1629035,Carsen,Edwards,35,4.171428571428572,0.8,0.9142857142857144,0.0285714285714285,0.2571428571428571,0.3428571428571428,4.0285714285714285,1.6,2.257142857142857,0.6285714285714286,0.4,0.3428571428571428,1,0,0,4.204571428571429,0.4960587116064148,7.199999999999999,
1630186,Jahmi'us,Ramsey,38,3.8684210526315783,0.5526315789473685,1.1842105263157894,0.0526315789473684,0.3157894736842105,0.3947368421052631,3.6052631578947367,1.5,1.5526315789473684,0.4210526315789473,0.6578947368421053,0.4473684210526316,1,0,0,3.894736842105263,0.4966216216216216,7.157894736842104,
1629010,Jerome,Robinson,38,3.0,0.7894736842105263,1.1578947368421053,0.2368421052631578,0.3421052631578947,0.5526315789473685,3.3684210526315788,1.0263157894736843,1.5526315789473684,0.3421052631578947,0.8157894736842105,0.6052631578947368,1,0,0,3.727368421052631,0.4024286924597571,7.13157894736842,
1629718,Charlie,Brown Jr.,34,2.235294117647059,0.4411764705882353,1.5,0.2352941176470588,0.4117647058823529,0.3235294117647059,2.676470588235294,0.7352941176470589,1.1470588235294117,0.2352941176470588,0.5882352941176471,0.5294117647058824,1,0,0,2.9352941176470586,0.3807615230460922,7.088235294117648,
1630190,Elijah,Hughes,49,3.204081632653061,0.5510204081632653,1.3673469387755102,0.1836734693877551,0.2857142857142857,0.4693877551020408,3.5306122448979598,1.163265306122449,2.3877551020408165,0.673469387755102,0.2653061224489796,0.2040816326530612,1,0,0,3.6473469387755104,0.4392345568487018,7.020408163265305,
1641747,DaRon,Holmes II,25,3.72,0.64,1.4,0.24,0.04,0.48,2.44,1.24,1.8,0.8,0.56,0.44,0,1,0,2.6864,0.6923764145324599,6.94,
1628414,Sindarius,Thornwell,21,1.9523809523809523,1.0,0.8571428571428571,0.0952380952380952,0.6190476190476191,0.3333333333333333,2.1904761904761907,0.7142857142857143,1.0952380952380951,0.3333333333333333,0.3809523809523809,0.1904761904761904,1,0,0,2.3580952380952382,0.4139741518578352,6.928571428571428,
1641890,Tyler,Smith,36,3.4166666666666665,0.25,1.6111111111111112,0.1111111111111111,0.25,0.3888888888888889,2.7777777777777777,1.25,1.805555555555556,0.6388888888888888,0.3888888888888889,0.2777777777777778,0,1,0,2.948888888888889,0.5793142426525998,6.875000000000001,
1631111,Wendell,Moore Jr.,89,2.359550561797753,0.7640449438202247,1.3820224719101124,0.146067415730337,0.3707865168539326,0.4269662921348314,2.1123595505617976,0.9550561797752808,0.7191011235955056,0.1797752808988764,0.3258426966292135,0.2696629213483146,1,0,0,2.2557303370786514,0.5230125523012553,6.7921348314606735,
1642530,Yuki,Kawamura,40,2.45,1.65,1.125,0.0,0.275,0.475,2.05,0.7,1.5,0.45,0.7,0.6,1,0,0,2.358,0.5195080576759967,6.7625,
1631247,Luke,Travers,24,1.6666666666666667,0.7083333333333334,1.8333333333333333,0.2083333333333333,0.3333333333333333,0.4583333333333333,2.333333333333333,0.5833333333333334,1.0416666666666667,0.0416666666666666,0.4583333333333333,0.4583333333333333,0,1,0,2.535,0.3287310979618671,6.729166666666666,
203648,Thanasis,Antetokounmpo,189,2.4497354497354498,0.6084656084656085,1.6402116402116402,0.1798941798941798,0.3174603174603174,0.5555555555555556,1.9576719576719577,0.984126984126984,0.291005291005291,0.0476190476190476,0.7883597883597884,0.4338624338624338,0,1,0,2.3045502645502647,0.5314996785747084,6.701058201058201,
1629657,Kyle,Guy,48,3.3541666666666665,1.0208333333333333,1.0833333333333333,0.0208333333333333,0.2708333333333333,0.5,3.1875,1.1458333333333333,1.7916666666666667,0.5625,0.6666666666666666,0.5,1,0,0,3.480833333333333,0.4818051232942302,6.677083333333332,
1631303,Justin,Minaya,54,1.7777777777777777,0.5925925925925926,1.4814814814814814,0.2962962962962963,0.3148148148148148,0.3333333333333333,2.185185185185185,0.6851851851851852,1.3148148148148149,0.3148148148148148,0.2222222222222222,0.0925925925925925,0,1,0,2.282962962962963,0.3893575600259571,6.666666666666667,
1629713,Justin,James,35,3.971428571428572,0.6285714285714286,0.8571428571428571,0.0857142857142857,0.2285714285714285,0.4285714285714285,3.1714285714285717,1.4857142857142858,1.0857142857142856,0.4,1.0285714285714285,0.6,1,1,0,3.624,0.5479344055502997,6.6000000000000005,
1629620,Justin,Robinson,33,3.0,1.2424242424242424,0.8484848484848485,0.0303030303030303,0.3636363636363636,0.5757575757575758,3.4545454545454546,1.0606060606060606,2.272727272727273,0.6666666666666666,0.3939393939393939,0.2121212121212121,1,0,0,3.627878787878788,0.413464751085867,6.560606060606061,
1630649,Stanley,Umude,44,2.863636363636364,0.3409090909090909,1.2727272727272727,0.25,0.25,0.3636363636363636,2.409090909090909,0.9090909090909092,1.4545454545454546,0.5454545454545454,0.5909090909090909,0.5,1,0,0,2.669090909090909,0.5364441416893734,6.556818181818183,
1642964,Brooks,Barnhizer,40,1.7,0.55,1.95,0.125,0.275,0.25,1.775,0.675,0.6,0.175,0.25,0.175,1,0,0,1.885,0.4509283819628647,6.550000000000001,
1641755,Kevin,McCullar Jr.,25,2.24,0.88,1.44,0.04,0.4,0.48,2.16,0.88,1.0,0.32,0.28,0.16,1,0,0,2.2832000000000003,0.4905395935529081,6.5200000000000005,
1641931,Onuralp,Bitim,23,3.4782608695652173,0.5652173913043478,1.391304347826087,0.0869565217391304,0.1304347826086956,0.4347826086956521,3.652173913043478,1.391304347826087,1.9130434782608696,0.5217391304347826,0.217391304347826,0.1739130434782608,0,1,0,3.7478260869565214,0.4640371229698376,6.413043478260868,
1629744,Matt,Thomas,81,3.703703703703704,0.4814814814814814,1.160493827160494,0.037037037037037,0.1481481481481481,0.2716049382716049,3.2222222222222223,1.2962962962962965,2.111111111111111,0.7654320987654321,0.419753086419753,0.345679012345679,1,0,0,3.406913580246913,0.5435570372517756,6.364197530864198,
2617,Udonis,Haslem,21,3.0,0.1904761904761904,1.761904761904762,0.1428571428571428,0.0952380952380952,0.2857142857142857,2.952380952380953,1.238095238095238,0.6190476190476191,0.1904761904761904,0.3809523809523809,0.3333333333333333,0,1,0,3.12,0.4807692307692307,6.309523809523808,
1642402,Enrique,Freeman,26,2.269230769230769,0.4230769230769231,1.5384615384615383,0.2307692307692307,0.1923076923076923,0.3076923076923077,1.7307692307692308,0.7692307692307693,0.5384615384615384,0.1153846153846153,0.8846153846153846,0.6153846153846154,0,1,0,2.12,0.5351959361393324,6.288461538461538,
1631120,JD,Davison,61,2.2459016393442623,1.1311475409836065,1.0819672131147542,0.1639344262295081,0.2295081967213114,0.4262295081967213,2.114754098360656,0.8032786885245902,1.0491803278688523,0.2786885245901639,0.5245901639344263,0.360655737704918,1,0,0,2.345573770491803,0.4787531450936539,6.286885245901639,
1628035,Alfonzo,McKinnie,56,3.232142857142857,0.1964285714285714,1.5535714285714286,0.0535714285714285,0.1607142857142857,0.2142857142857142,2.75,1.2857142857142858,1.1785714285714286,0.4464285714285714,0.4642857142857143,0.2142857142857142,0,1,0,2.954285714285714,0.5470261121856866,6.285714285714286,
1631306,Cole,Swider,31,3.548387096774193,0.3225806451612903,1.3225806451612905,0.0967741935483871,0.1612903225806451,0.3870967741935484,3.419354838709677,1.2903225806451613,2.6451612903225805,0.9032258064516128,0.0967741935483871,0.064516129032258,0,1,0,3.461935483870968,0.5124860231084607,6.274193548387096,
1642873,Amari,Williams,22,1.3636363636363635,0.4545454545454545,1.818181818181818,0.4545454545454545,0.1363636363636363,0.5,0.9090909090909092,0.4545454545454545,0.0,0.0,0.6363636363636364,0.4545454545454545,0,1,1,1.189090909090909,0.573394495412844,6.136363636363637,
1642355,Bronny,James,68,2.661764705882353,1.0735294117647058,0.6029411764705882,0.1029411764705882,0.4117647058823529,0.5588235294117647,2.647058823529412,0.9852941176470588,1.2794117647058822,0.4411764705882353,0.3088235294117647,0.25,1,0,0,2.782941176470588,0.4782287042908476,6.117647058823529,
1642353,Cam,Christie,67,2.5970149253731343,0.5223880597014925,1.3432835820895523,0.0597014925373134,0.2985074626865671,0.3582089552238806,2.4029850746268657,0.8955223880597015,0.8955223880597015,0.208955223880597,0.8059701492537313,0.5970149253731343,1,0,0,2.7576119402985078,0.4708811431045681,6.111940298507462,
1629067,Isaac,Bonga,51,1.7647058823529411,0.5098039215686274,1.431372549019608,0.2156862745098039,0.3725490196078431,0.4705882352941176,1.843137254901961,0.6470588235294118,1.0,0.2745098039215686,0.3137254901960784,0.196078431372549,1,0,0,1.981176470588235,0.4453681710213777,6.088235294117647,
1642403,Isaac,Jones,47,3.042553191489361,0.2765957446808511,1.319148936170213,0.2340425531914893,0.1063829787234042,0.3617021276595745,1.9148936170212767,1.2127659574468086,0.2127659574468085,0.0638297872340425,0.851063829787234,0.5531914893617021,0,1,0,2.2893617021276595,0.6644981412639405,6.074468085106383,
1629714,Jarrell,Brantley,31,2.774193548387097,0.5806451612903226,1.064516129032258,0.1290322580645161,0.2258064516129032,0.3225806451612903,2.129032258064516,1.064516129032258,1.1935483870967742,0.5161290322580645,0.1290322580645161,0.1290322580645161,0,1,0,2.185806451612903,0.6345926800472256,6.016129032258065,
1641809,Drew,Peterson,34,2.0588235294117645,0.4705882352941176,1.4705882352941178,0.088235294117647,0.2941176470588235,0.2647058823529412,1.8529411764705883,0.6764705882352942,1.4705882352941178,0.4705882352941176,0.3235294117647059,0.2352941176470588,0,1,0,1.9952941176470589,0.5159198113207546,5.970588235294118,
1641734,Emoni,Bates,23,3.391304347826087,0.782608695652174,0.9130434782608696,0.1304347826086956,0.0869565217391304,0.4347826086956521,3.782608695652174,1.2173913043478262,2.739130434782609,0.9130434782608696,0.1739130434782608,0.0434782608695652,0,1,0,3.859130434782609,0.4393871113114015,5.9347826086956506,
1630346,Matt,Ryan,76,3.8157894736842106,0.4868421052631579,0.9210526315789472,0.0263157894736842,0.1578947368421052,0.3684210526315789,3.171052631578948,1.25,2.473684210526316,0.986842105263158,0.3552631578947368,0.3289473684210526,0,1,0,3.327368421052632,0.573394495412844,5.92763157894737,
1626188,Quinn,Cook,23,3.3043478260869565,0.782608695652174,0.7391304347826086,0.0434782608695652,0.1739130434782608,0.3043478260869565,2.9565217391304346,1.2608695652173914,1.1304347826086956,0.4782608695652174,0.3478260869565217,0.3043478260869565,1,0,0,3.109565217391304,0.5313199105145414,5.8478260869565215,
1629033,Theo,Pinson,68,2.1323529411764706,0.9411764705882352,1.3088235294117647,0.0441176470588235,0.1617647058823529,0.2647058823529412,1.9852941176470589,0.6764705882352942,1.4705882352941178,0.4705882352941176,0.3382352941176471,0.3088235294117647,1,1,0,2.134117647058824,0.4995865490628445,5.801470588235295,
1642918,Alijah,Martin,23,2.217391304347826,0.5217391304347826,0.9130434782608696,0.1739130434782608,0.3478260869565217,0.3478260869565217,2.1739130434782608,0.6956521739130435,0.9130434782608696,0.1739130434782608,0.8260869565217391,0.6521739130434783,1,0,0,2.537391304347826,0.4369431117203564,5.7608695652173925,
1630199,Cassius,Stanley,31,2.774193548387097,0.1612903225806451,1.2580645161290325,0.1290322580645161,0.1935483870967742,0.2258064516129032,2.838709677419355,1.0,0.967741935483871,0.2258064516129032,0.6129032258064516,0.5483870967741935,1,0,0,3.1083870967741936,0.4462432544624325,5.74193548387097,
1630207,Nate,Hinton,31,2.3870967741935485,0.5806451612903226,0.9032258064516128,0.1290322580645161,0.2903225806451613,0.2903225806451613,2.161290322580645,0.8387096774193549,1.032258064516129,0.3548387096774194,0.4838709677419355,0.3548387096774194,1,1,0,2.3741935483870966,0.5027173913043479,5.709677419354839,
1629653,Devon,Dotson,27,1.962962962962963,1.1111111111111112,0.8888888888888888,0.0,0.3333333333333333,0.2962962962962963,1.962962962962963,0.8148148148148148,0.7407407407407407,0.1481481481481481,0.3333333333333333,0.1851851851851851,1,0,0,2.1096296296296297,0.4652387640449438,5.703703703703703,
1629686,Deividas,Sirvydis,21,2.095238095238096,0.2857142857142857,1.6666666666666667,0.0476190476190476,0.238095238095238,0.238095238095238,2.380952380952381,0.7142857142857143,1.6666666666666667,0.5238095238095238,0.2857142857142857,0.1428571428571428,1,1,0,2.506666666666667,0.4179331306990881,5.690476190476191,
1629683,Quinndary,Weatherspoon,28,2.7142857142857144,0.4642857142857143,0.8928571428571429,0.1071428571428571,0.3214285714285714,0.4285714285714285,2.0,1.0,0.3928571428571428,0.0714285714285714,0.75,0.6428571428571429,1,0,0,2.33,0.5824647455548744,5.607142857142858,
1627853,Ryan,Arcidiacono,86,2.069767441860465,1.0,1.127906976744186,0.0,0.1860465116279069,0.2441860465116279,2.0,0.7441860465116279,1.2209302325581397,0.4302325581395348,0.2325581395348837,0.1511627906976744,1,0,0,2.1023255813953488,0.4922566371681416,5.517441860465117,
1631298,Jack,White,20,1.35,0.25,1.45,0.15,0.35,0.2,1.75,0.5,0.95,0.25,0.15,0.1,0,1,0,1.816,0.3716960352422908,5.499999999999999,
1641816,Hunter,Tyson,87,2.2758620689655173,0.4482758620689655,1.4137931034482758,0.0804597701149425,0.1379310344827586,0.2413793103448276,2.1954022988505746,0.7586206896551724,1.3908045977011494,0.3908045977011494,0.4712643678160919,0.367816091954023,0,1,0,2.402758620689655,0.473593570608496,5.459770114942529,
1630210,Markus,Howard,60,3.85,0.4166666666666667,0.55,0.0166666666666666,0.2166666666666666,0.4166666666666667,3.433333333333333,1.3166666666666669,2.2333333333333334,0.7666666666666667,0.5333333333333333,0.45,1,0,0,3.668,0.5248091603053435,5.4,
1641752,Bobi,Klintman,20,1.85,0.65,1.3,0.05,0.25,0.35,1.85,0.75,0.9,0.3,0.25,0.05,0,1,0,1.96,0.4719387755102041,5.275,
1641725,Trey,Alexander,33,2.393939393939394,0.6060606060606061,0.696969696969697,0.0909090909090909,0.2424242424242424,0.2424242424242424,2.363636363636364,0.9696969696969696,0.8787878787878788,0.2727272727272727,0.2727272727272727,0.1818181818181818,1,0,0,2.483636363636364,0.481942410932162,5.196969696969697,
1629833,Keljin,Blevins,47,2.276595744680851,0.4893617021276595,1.1702127659574468,0.0212765957446808,0.3191489361702128,0.4680851063829787,2.7872340425531914,0.8297872340425532,1.702127659574468,0.4893617021276595,0.2340425531914893,0.1276595744680851,1,0,0,2.890212765957447,0.3938457008244994,5.191489361702127,
1630176,Vernon,Carey Jr.,36,2.0,0.1388888888888889,1.3611111111111112,0.2222222222222222,0.1388888888888889,0.2777777777777778,1.5555555555555556,0.75,0.1944444444444444,0.0277777777777777,0.7222222222222222,0.4722222222222222,0,0,1,1.8733333333333333,0.5338078291814947,5.138888888888889,
1641721,Maxwell,Lewis,54,2.259259259259259,0.4444444444444444,1.0740740740740742,0.1481481481481481,0.2037037037037037,0.4259259259259259,2.259259259259259,0.8703703703703703,1.0555555555555556,0.3518518518518518,0.2407407407407407,0.1666666666666666,0,1,0,2.365185185185185,0.4776072658941435,5.092592592592593,
1629066,Rodions,Kurucs,21,1.4761904761904765,0.4761904761904761,1.0952380952380951,0.1904761904761904,0.4285714285714285,0.6190476190476191,1.5238095238095235,0.5238095238095238,1.0,0.2857142857142857,0.1904761904761904,0.1428571428571428,0,1,0,1.6076190476190475,0.4591232227488152,5.071428571428572,
1642905,Hansen,Yang,43,2.2093023255813957,0.5116279069767442,1.5348837209302326,0.2325581395348837,0.0697674418604651,0.7441860465116279,2.3255813953488373,0.7209302325581395,0.9767441860465116,0.1162790697674418,0.7906976744186046,0.6511627906976745,0,0,1,2.673488372093024,0.4131871955462769,5.0,
1629671,Miye,Oni,67,1.6417910447761197,0.4776119402985074,1.328358208955224,0.1194029850746268,0.1641791044776119,0.2537313432835821,1.611940298507463,0.5522388059701493,1.4328358208955223,0.4626865671641791,0.1044776119402985,0.0746268656716417,1,1,0,1.657910447761194,0.4951386388188692,4.977611940298507,
1642876,Adou,Thiero,25,1.88,0.4,1.12,0.08,0.28,0.36,1.24,0.64,0.12,0.04,0.88,0.56,1,0,0,1.6272,0.5776794493608652,4.880000000000001,
1642404,Chaz,Lanier,34,2.3529411764705883,0.5,0.6764705882352942,0.0,0.2058823529411764,0.088235294117647,2.617647058823529,0.8235294117647058,1.9705882352941175,0.5588235294117647,0.1764705882352941,0.1470588235294117,1,0,0,2.695294117647059,0.4364906154517678,4.76470588235294,
203943,Noah,Vonleh,27,0.925925925925926,0.2962962962962963,1.8148148148148149,0.2962962962962963,0.074074074074074,0.4814814814814814,1.0,0.4074074074074074,0.2222222222222222,0.037037037037037,0.074074074074074,0.074074074074074,0,1,0,1.0325925925925925,0.4483500717360115,4.611111111111112,
1642959,Chris,Youngblood,34,2.088235294117647,0.3529411764705882,0.8235294117647058,0.088235294117647,0.1176470588235294,0.0588235294117647,1.8529411764705883,0.6470588235294118,1.588235294117647,0.5294117647058824,0.2941176470588235,0.2647058823529412,1,0,0,1.9823529411764709,0.526706231454006,4.5588235294117645,
1642505,Alex,Ducas,21,1.7142857142857142,0.238095238095238,1.238095238095238,0.0,0.238095238095238,0.1904761904761904,1.4285714285714286,0.5714285714285714,1.0,0.4761904761904761,0.0952380952380952,0.0952380952380952,1,0,0,1.4704761904761905,0.582901554404145,4.5,
1631205,Buddy,Boeheim,23,2.4347826086956523,0.3043478260869565,0.6956521739130435,0.0434782608695652,0.0869565217391304,0.0,2.6956521739130435,0.6956521739130435,2.4347826086956523,0.6086956521739131,0.5217391304347826,0.4347826086956521,0,1,0,2.925217391304348,0.4161712247324614,4.456521739130435,
1641753,Chris,Livingston,40,1.625,0.275,1.45,0.0,0.175,0.25,1.35,0.6,0.4,0.025,0.525,0.4,0,1,0,1.5810000000000002,0.5139152435167614,4.4125,
1628502,Nigel,Hayes-Davis,27,1.2592592592592593,0.2592592592592592,1.2222222222222223,0.074074074074074,0.2962962962962963,0.2962962962962963,1.7037037037037035,0.5555555555555556,0.5925925925925926,0.074074074074074,0.1481481481481481,0.074074074074074,0,1,0,1.768888888888889,0.3559463986599665,4.370370370370369,
1641745,Adam,Flagler,39,1.7435897435897436,0.4102564102564102,0.6923076923076923,0.0769230769230769,0.2051282051282051,0.1025641025641025,2.641025641025641,0.6666666666666666,2.0,0.3846153846153846,0.0512820512820512,0.0256410256410256,1,0,0,2.6635897435897435,0.3273007316134,4.32051282051282,
1630698,Kevin,Pangos,23,1.6956521739130437,1.3043478260869563,0.4782608695652174,0.0,0.1304347826086956,0.3043478260869565,1.9565217391304348,0.6521739130434783,1.1304347826086956,0.2608695652173913,0.1739130434782608,0.1304347826086956,1,0,0,2.0330434782608697,0.4170230966638152,4.282608695652174,
1642359,Pacome,Dadiet,47,1.6595744680851063,0.3617021276595745,0.9574468085106383,0.0638297872340425,0.1276595744680851,0.1489361702127659,1.680851063829787,0.5531914893617021,1.0851063829787233,0.2765957446808511,0.3617021276595745,0.2765957446808511,0,1,0,1.84,0.4509713228492136,4.106382978723404,
1630218,Robert,Woodard II,23,1.173913043478261,0.217391304347826,1.1304347826086956,0.1739130434782608,0.0434782608695652,0.0869565217391304,1.565217391304348,0.4347826086956521,0.4347826086956521,0.0869565217391304,0.4347826086956521,0.217391304347826,0,1,0,1.7565217391304349,0.3341584158415842,3.891304347826087,
1629752,Juwan,Morgan,30,1.3333333333333333,0.3333333333333333,1.0666666666666669,0.0333333333333333,0.1333333333333333,0.1333333333333333,1.1,0.5333333333333333,0.5,0.1666666666666666,0.2333333333333333,0.1,0,1,0,1.2026666666666668,0.5543237250554323,3.833333333333334,
1630216,Cassius,Winston,25,2.2,0.76,0.4,0.04,0.08,0.32,1.72,0.72,0.92,0.4,0.4,0.36,1,0,0,1.896,0.580168776371308,3.7800000000000007,
1642384,Isaiah,Crawford,29,1.4137931034482758,0.2068965517241379,0.8275862068965517,0.1724137931034483,0.1034482758620689,0.1724137931034483,1.206896551724138,0.5172413793103449,0.6206896551724138,0.1379310344827586,0.3448275862068966,0.2413793103448276,0,1,0,1.3586206896551725,0.5203045685279187,3.724137931034482,
1630580,Joe,Wieskamp,37,1.891891891891892,0.3243243243243243,0.4864864864864865,0.081081081081081,0.1081081081081081,0.081081081081081,1.891891891891892,0.6216216216216216,1.4864864864864864,0.4594594594594595,0.3513513513513513,0.1891891891891892,1,1,0,2.0464864864864865,0.462229265715795,3.702702702702703,
1630195,Leandro,Bolmaro,47,1.1914893617021276,0.5957446808510638,1.0638297872340423,0.0212765957446808,0.1914893617021276,0.425531914893617,1.574468085106383,0.425531914893617,0.4680851063829787,0.1063829787234042,0.2765957446808511,0.2340425531914893,0,1,0,1.6961702127659577,0.3512293025589563,3.680851063829787,
1631210,Jacob,Toppin,28,1.5714285714285714,0.3571428571428571,0.8214285714285714,0.0357142857142857,0.0714285714285714,0.1428571428571428,1.3214285714285714,0.6428571428571429,0.5,0.2142857142857142,0.0714285714285714,0.0714285714285714,0,1,0,1.3528571428571428,0.5807814149947202,3.482142857142857,
1642443,Jahmir,Young,20,1.8,0.75,0.35,0.0,0.05,0.2,1.5,0.7,0.55,0.2,0.2,0.2,1,0,0,1.588,0.5667506297229219,3.2500000000000004,
