personId,season,firstName,lastName,guard,forward,center,gamesPlayed,points,assists,blocks,steals,reboundsTotal,turnovers,fieldGoalsAttempted,fieldGoalsMade,threePointersAttempted,threePointersMade,freeThrowsAttempted,freeThrowsMade,trueShootingAttempts,ts,fantasyPoints,br_id
708,2004,Kevin,Garnett,0,1,0,82,24.23170731707317,4.987804878048781,2.1707317073170733,1.4634146341463414,13.890243902439025,2.5853658536585367,19.646341463414632,9.804878048780488,0.524390243902439,0.1341463414634146,5.670731707317073,4.487804878048781,22.141463414634146,0.547202026878167,61.914634146341456,
406,2001,Shaquille,O'Neal,0,0,1,74,28.716216216216218,3.743243243243243,2.756756756756757,0.6351351351351351,12.702702702702704,2.945945945945946,19.216216216216218,10.986486486486486,0.027027027027027,0.0,13.135135135135137,6.743243243243243,24.99567567567568,0.5744236840967086,61.060810810810814,
2544,2010,LeBron,James,0,1,0,72,29.98611111111111,8.555555555555555,1.0,1.6666666666666667,7.263888888888889,3.4166666666666665,20.25,10.194444444444445,5.125,1.6944444444444444,10.23611111111111,7.902777777777778,24.753888888888888,0.6056848531095003,57.54861111111109,
1495,2003,Tim,Duncan,0,1,1,81,23.25925925925926,3.9012345679012346,2.925925925925926,0.6790123456790124,12.876543209876544,3.061728395061728,17.185185185185187,8.814814814814815,0.2716049382716049,0.074074074074074,7.827160493827161,5.555555555555555,20.629135802469136,0.5637477857040264,56.72222222222223,
185,2001,Chris,Webber,0,1,1,70,27.11428571428572,4.2,1.6857142857142855,1.3285714285714283,11.1,2.7857142857142856,23.357142857142858,11.228571428571428,0.4,0.0285714285714285,6.585714285714285,4.628571428571429,26.254857142857144,0.5163670395681887,56.55,
2548,2009,Dwyane,Wade,1,0,0,79,30.20253164556962,7.455696202531645,1.3417721518987342,2.189873417721519,5.037974683544304,3.4430379746835444,22.0126582278481,10.810126582278482,3.518987341772152,1.1139240506329111,9.759493670886076,7.468354430379747,26.30683544303797,0.5740434213565325,56.18354430379747,
1503,2003,Tracy,McGrady,1,1,0,75,32.093333333333334,5.48,0.7866666666666666,1.653333333333333,6.506666666666667,2.6,24.17333333333333,11.053333333333333,5.973333333333334,2.306666666666666,9.68,7.68,28.43253333333333,0.5643769578511002,54.63333333333333,
977,2003,Kobe,Bryant,1,1,0,82,30.01219512195122,5.865853658536586,0.8170731707317073,2.207317073170732,6.878048780487805,3.5121951219512195,23.463414634146343,10.585365853658535,3.951219512195122,1.5121951219512195,8.695121951219512,7.329268292682927,27.289268292682927,0.5498900666750085,54.20121951219512,
1890,2006,Shawn,Marion,1,1,0,81,21.839506172839503,1.7654320987654322,1.691358024691358,1.9753086419753083,11.839506172839506,1.5432098765432098,16.85185185185185,8.839506172839506,3.580246913580247,1.1851851851851851,3.679012345679012,2.9753086419753085,18.470617283950617,0.5911958933775366,53.82716049382716,mariosh01
1882,2006,Elton,Brand,0,1,0,79,24.72151898734177,2.632911392405063,2.5443037974683542,1.0253164556962024,10.0,2.189873417721519,18.16455696202532,9.569620253164556,0.0379746835443038,0.0126582278481012,7.189873417721519,5.569620253164557,21.328101265822784,0.5795527384089452,53.56962025316455,
101108,2009,Chris,Paul,1,0,0,78,22.83333333333333,11.038461538461538,0.1282051282051282,2.769230769230769,5.538461538461538,2.9615384615384617,16.08974358974359,8.08974358974359,2.2564102564102564,0.8205128205128205,6.717948717948718,5.833333333333333,19.04564102564103,0.599437249252807,53.36538461538461,
2730,2009,Dwight,Howard,0,1,1,79,20.55696202531645,1.4177215189873418,2.9240506329113924,0.9746835443037974,13.835443037974684,3.037974683544304,12.39240506329114,7.0886075949367084,0.0253164556962025,0.0,10.746835443037977,6.379746835443038,17.121012658227848,0.6003430531732419,52.95569620253164,
1717,2005,Dirk,Nowitzki,0,1,0,78,26.05128205128205,3.076923076923077,1.5256410256410255,1.2435897435897436,9.705128205128204,2.2564102564102564,18.525641025641026,8.5,2.923076923076923,1.1666666666666667,9.076923076923077,7.884615384615385,22.51948717948718,0.5784164142736775,51.78846153846153,
947,2002,Allen,Iverson,1,0,0,60,31.383333333333333,5.516666666666667,0.2166666666666666,2.8,4.483333333333333,3.95,27.816666666666663,11.083333333333334,4.466666666666667,1.3,9.75,7.916666666666667,32.10666666666667,0.488735465116279,50.55,
948,2008,Marcus,Camby,0,1,1,79,9.126582278481012,3.278481012658228,3.607594936708861,1.0759493670886076,13.126582278481012,1.4936708860759491,8.037974683544304,3.620253164556962,0.2531645569620253,0.0759493670886076,2.556962025316456,1.810126582278481,9.163037974683544,0.4980107200088413,49.48101265822785,
201142,2010,Kevin,Durant,0,1,0,80,30.275,2.825,1.0375,1.375,7.5,3.375,20.3125,9.7,4.3,1.575,10.325,9.3,24.8555,0.6090201363883245,48.6625,
1112,2003,Ben,Wallace,0,1,1,73,6.931506849315069,1.643835616438356,3.150684931506849,1.4246575342465753,15.424657534246576,1.2054794520547945,5.986301369863014,2.8767123287671232,0.0821917808219178,0.0136986301369863,2.589041095890411,1.1643835616438356,7.125479452054795,0.4863888034450938,48.42465753424658,
2405,2008,Amar'e,Stoudemire,0,1,1,79,25.17721518987342,1.4936708860759491,2.0632911392405062,0.810126582278481,9.10126582278481,2.2025316455696204,15.329113924050631,9.037974683544304,0.3924050632911392,0.0632911392405063,8.746835443037975,7.037974683544304,19.17772151898734,0.6564183123877918,48.15822784810127,
2744,2009,Al,Jefferson,0,0,1,50,23.12,1.58,1.66,0.78,10.96,1.84,19.5,9.7,0.08,0.0,5.04,3.72,21.7176,0.532287177220319,48.01,
1713,2001,Vince,Carter,1,1,0,75,27.6,3.88,1.0933333333333333,1.52,5.546666666666667,2.2266666666666666,22.08,10.16,5.293333333333333,2.16,6.693333333333333,5.12,25.025066666666664,0.551447082392055,47.74,
979,2003,Jermaine,O'Neal,0,1,1,77,20.77922077922078,2.012987012987013,2.311688311688312,0.8571428571428571,10.337662337662335,2.3376623376623376,16.363636363636363,7.922077922077922,0.2727272727272727,0.0909090909090909,6.623376623376624,4.8441558441558445,19.27792207792208,0.5389382915656157,47.3051948051948,onealje01
1718,2002,Paul,Pierce,0,1,0,82,26.146341463414632,3.182926829268293,1.048780487804878,1.8780487804878048,6.902439024390244,2.9390243902439024,19.48780487804878,8.621951219512194,6.341463414634147,2.5609756097560976,7.841463414634147,6.341463414634147,22.938048780487804,0.5699338621525636,47.10365853658536,
952,2001,Antoine,Walker,0,1,0,81,23.358024691358025,5.493827160493828,0.6049382716049383,1.7037037037037035,8.876543209876543,3.7160493827160495,21.234567901234566,8.777777777777779,7.444444444444445,2.728395061728395,4.296296296296297,3.074074074074074,23.124938271604936,0.5050397198257454,46.71604938271605,
1905,2006,Andrei,Kirilenko,0,1,0,69,15.27536231884058,4.333333333333333,3.188405797101449,1.4782608695652173,8.0,2.9420289855072466,10.579710144927535,4.869565217391305,1.6956521739130437,0.5217391304347826,7.173913043478261,5.0144927536231885,13.736231884057972,0.5560244777379194,46.55797101449275,kirilan01
1716,2005,Larry,Hughes,1,0,0,61,22.049180327868854,4.672131147540983,0.2950819672131147,2.8852459016393444,6.262295081967213,2.508196721311476,17.80327868852459,7.655737704918033,3.4262295081967213,0.9672131147540984,7.426229508196721,5.770491803278689,21.070819672131147,0.5232160084648181,46.15573770491803,hughela01
2240,2007,Gilbert,Arenas,1,0,0,74,28.445945945945947,5.986486486486487,0.1756756756756756,1.8783783783783785,4.567567567567568,3.189189189189189,20.91891891891892,8.743243243243244,7.891891891891892,2.77027027027027,9.702702702702704,8.18918918918919,25.18810810810811,0.56467015751749,46.11486486486487,
1884,2008,Baron,Davis,1,0,0,82,21.841463414634145,7.597560975609756,0.524390243902439,2.3292682926829267,4.695121951219512,2.8292682926829267,18.60975609756097,7.926829268292683,6.402439024390244,2.109756097560976,5.170731707317073,3.8780487804878048,20.88487804878049,0.5229013873966459,46.03658536585365,
2746,2008,Josh,Smith,0,1,0,81,17.209876543209877,3.3580246913580245,2.802469135802469,1.5185185185185186,8.234567901234568,3.0246913580246915,13.987654320987655,6.395061728395062,1.2222222222222223,0.3086419753086419,5.790123456790123,4.111111111111111,16.53530864197531,0.5203978019352526,45.83333333333334,
686,2001,Antonio,McDyess,0,1,1,70,20.82857142857143,2.085714285714286,1.457142857142857,0.6142857142857143,12.071428571428571,2.3142857142857145,16.642857142857142,8.242857142857142,0.0,0.0,6.2,4.342857142857143,19.370857142857144,0.5376264786571875,45.72142857142857,
2200,2007,Pau,Gasol,0,1,1,59,20.779661016949152,3.406779661016949,2.135593220338983,0.4915254237288136,9.847457627118644,2.7457627118644066,14.542372881355933,7.830508474576271,0.1864406779661017,0.0508474576271186,6.779661016949152,5.067796610169491,17.52542372881356,0.59284332688588,45.677966101694906,
252,2002,Karl,Malone,0,1,0,80,22.35,4.2625,0.7375,1.9,8.575,3.2875,17.4875,7.9375,0.3125,0.1125,7.9875,6.3625,21.002,0.5320921816969812,45.58125,
56,2002,Gary,Payton,1,0,0,82,22.134146341463413,8.987804878048781,0.3170731707317073,1.5975609756097562,4.829268292682927,2.548780487804878,19.24390243902439,8.987804878048781,2.8780487804878048,0.902439024390244,4.085365853658536,3.256097560975609,21.041463414634144,0.5259649936246668,45.420731707317074,
2549,2008,Chris,Kaman,0,0,1,56,15.678571428571429,1.9107142857142856,2.767857142857143,0.5892857142857143,12.696428571428571,2.9285714285714284,12.5,6.035714285714286,0.0714285714285714,0.0,4.732142857142857,3.607142857142857,14.582142857142856,0.5375949057065883,45.160714285714285,
101135,2010,David,Lee,0,1,1,78,20.41025641025641,3.705128205128205,0.4871794871794871,1.0769230769230769,11.756410256410255,2.3974358974358974,15.692307692307692,8.551282051282051,0.1025641025641025,0.0,4.038461538461538,3.3076923076923075,17.46923076923077,0.5841773080874798,45.06410256410256,
2547,2010,Chris,Bosh,0,1,0,68,23.823529411764707,2.3529411764705883,0.9705882352941176,0.6176470588235294,10.75,2.426470588235294,16.41176470588235,8.544117647058824,0.3088235294117647,0.1029411764705882,8.294117647058824,6.632352941176471,20.06117647058824,0.5937719915552429,44.977941176470594,
2397,2008,Yao,Ming,0,0,1,55,21.98181818181818,2.345454545454545,2.018181818181818,0.4545454545454545,10.8,3.327272727272727,15.49090909090909,7.8545454545454545,0.0363636363636363,0.0,7.381818181818182,6.2727272727272725,18.73890909090909,0.5865287588294652,44.93636363636364,
467,2003,Jason,Kidd,1,0,0,80,18.6875,8.8875,0.3125,2.2375,6.3,3.7,15.55,6.4375,4.625,1.575,5.0375,4.2375,17.7665,0.525919567725776,44.26875,kiddja01
2222,2006,Gerald,Wallace,0,1,0,55,15.2,1.7454545454545454,2.090909090909091,2.5090909090909093,7.490909090909091,1.8,10.709090909090907,5.763636363636364,0.9090909090909092,0.2545454545454545,5.563636363636364,3.418181818181818,13.15709090909091,0.5776352882648831,43.85454545454545,wallage01
2731,2007,Emeka,Okafor,0,0,1,67,14.373134328358208,1.1940298507462686,2.567164179104477,0.8507462686567164,11.298507462686567,1.6567164179104477,11.044776119402986,5.880597014925373,0.0,0.0,4.402985074626866,2.611940298507463,12.982089552238808,0.5535755346056563,43.47014925373134,
2546,2010,Carmelo,Anthony,0,1,0,67,27.94029850746269,3.194029850746269,0.4328358208955223,1.2835820895522387,6.567164179104478,3.044776119402985,21.77611940298508,9.940298507462687,2.7313432835820897,0.8507462686567164,8.701492537313433,7.208955223880597,25.604776119402985,0.5456071628427532,43.35820895522389,
101106,2010,Andrew,Bogut,0,0,1,67,16.134328358208954,1.8955223880597007,2.582089552238806,0.582089552238806,10.25373134328358,1.9104477611940296,13.343283582089551,6.970149253731344,0.0298507462686567,0.0,3.462686567164179,2.194029850746269,14.866865671641792,0.5426270982250421,43.19402985074627,
1712,2008,Antawn,Jamison,0,1,0,79,21.37974683544304,1.518987341772152,0.430379746835443,1.3417721518987342,10.20253164556962,1.4303797468354431,17.936708860759495,7.822784810126582,4.481012658227848,1.518987341772152,5.544303797468355,4.215189873417722,20.37620253164557,0.5246254006908033,43.18987341772152,jamisan01
2430,2008,Carlos,Boozer,0,1,0,81,21.08641975308642,2.876543209876543,0.5061728395061729,1.2345679012345678,10.419753086419751,2.592592592592593,16.012345679012345,8.753086419753087,0.0123456790123456,0.0,4.851851851851852,3.580246913580247,18.14716049382716,0.5809839991292044,42.808641975308646,boozeca01
2406,2008,Caron,Butler,0,1,0,58,20.344827586206897,4.896551724137931,0.3448275862068966,2.206896551724138,6.689655172413793,2.586206896551724,16.25862068965517,7.568965517241379,3.189655172413793,1.137931034482759,4.517241379310345,4.068965517241379,18.246206896551723,0.5575084098726235,42.75862068965517,
711,2001,Jerry,Stackhouse,0,1,0,80,29.75,5.125,0.675,1.2125,3.9375,4.075,24.0875,9.675,5.9125,2.075,10.125,8.325,28.5425,0.521152667075414,42.743750000000006,stackje01
101145,2010,Monta,Ellis,1,0,0,62,25.580645161290324,5.354838709677419,0.4032258064516129,2.2580645161290325,4.016129032258065,3.806451612903226,22.048387096774192,9.903225806451612,3.661290322580645,1.2258064516129032,6.048387096774194,4.548387096774194,24.70967741935484,0.5176240208877285,42.66935483870968,
739,2001,Rasheed,Wallace,0,1,1,77,19.181818181818183,2.7532467532467533,1.7532467532467533,1.1688311688311688,7.818181818181818,2.051948051948052,15.2987012987013,7.662337662337662,2.103896103896104,0.6753246753246753,4.155844155844156,3.1818181818181817,17.12727272727273,0.5599787685774947,42.62337662337662,
2216,2010,Zach,Randolph,0,1,0,79,20.72151898734177,1.8227848101265824,0.4177215189873418,1.0126582278481011,11.822784810126585,2.151898734177215,16.481012658227847,8.012658227848101,0.6582278481012658,0.189873417721519,5.784810126582278,4.506329113924051,19.02632911392405,0.5445485270245096,42.60759493670886,
101122,2009,Danny,Granger,1,1,0,67,25.791044776119403,2.7313432835820897,1.4477611940298507,1.0298507462686568,5.08955223880597,2.462686567164179,19.059701492537314,8.522388059701493,6.7164179104477615,2.716417910447761,6.865671641791045,6.029850746268656,22.08059701492537,0.584020548871164,42.50746268656717,
1802,2005,Brad,Miller,0,1,1,56,15.642857142857142,3.928571428571429,1.2142857142857142,1.2321428571428572,9.303571428571429,1.4642857142857142,10.875,5.696428571428571,0.3392857142857143,0.0892857142857142,5.125,4.160714285714286,13.13,0.5956914372755957,42.348214285714285,
949,2002,Shareef,Abdur-Rahim,0,1,0,77,21.246753246753247,3.103896103896104,1.051948051948052,1.2727272727272727,9.03896103896104,3.2467532467532467,16.844155844155843,7.766233766233766,0.9090909090909092,0.2727272727272727,6.792207792207792,5.441558441558442,19.832727272727272,0.5356488029755356,42.26623376623377,
1883,2001,Steve,Francis,1,0,0,80,19.8875,6.4625,0.3875,1.7625,6.9125,3.3125,15.2375,6.875,4.2,1.6625,5.475,4.475,17.6465,0.5634970107386734,41.925,
1889,2002,Andre,Miller,1,0,0,81,16.48148148148148,10.88888888888889,0.419753086419753,1.5555555555555556,4.679012345679013,3.0246913580246915,12.901234567901234,5.851851851851852,1.0740740740740742,0.2716049382716049,5.518518518518518,4.506172839506172,15.329382716049382,0.537578119966497,41.68518518518519,
2561,2008,David,West,0,1,0,76,20.57894736842105,2.3289473684210527,1.3026315789473684,0.8157894736842105,8.881578947368421,2.171052631578948,17.17105263157895,8.276315789473685,0.3289473684210526,0.0789473684210526,4.644736842105263,3.947368421052632,19.214736842105264,0.5354990686972718,41.52631578947368,
1897,2008,Metta,World Peace,0,1,0,57,20.49122807017544,3.491228070175439,0.6666666666666666,2.333333333333333,5.754385964912281,2.5964912280701755,16.87719298245614,7.649122807017544,3.877192982456141,1.4736842105263157,5.175438596491228,3.719298245614035,19.15438596491228,0.5348965011906943,41.16666666666667,
893,2002,Michael,Jordan,1,0,0,60,22.916666666666668,5.166666666666667,0.4333333333333333,1.4166666666666667,5.65,2.7,22.066666666666663,9.183333333333334,0.8833333333333333,0.1666666666666666,5.55,4.383333333333334,24.508666666666667,0.4675216930065555,41.141666666666666,
2738,2008,Andre,Iguodala,1,1,0,82,19.87804878048781,4.7682926829268295,0.5975609756097561,2.0853658536585367,5.439024390243903,2.609756097560976,15.573170731707316,7.097560975609756,3.7439024390243913,1.2317073170731707,6.170731707317073,4.451219512195122,18.28829268292683,0.5434637646368462,40.70121951219512,
951,2007,Ray,Allen,1,0,0,55,26.43636363636364,4.1454545454545455,0.2,1.490909090909091,4.490909090909091,2.8,20.963636363636365,9.181818181818182,8.054545454545455,3.0,5.618181818181818,5.072727272727272,23.43563636363637,0.5640206057596822,40.55454545454545,
2030,2004,Kenyon,Martin,0,1,0,65,16.70769230769231,2.4615384615384617,1.2615384615384615,1.4615384615384617,9.492307692307692,2.5846153846153848,13.846153846153848,6.753846153846154,0.3846153846153846,0.1076923076923077,4.523076923076923,3.0923076923076924,15.836307692307694,0.527512240615528,40.36153846153847,
87,2001,Dikembe,Mutombo,0,0,1,75,9.986666666666666,1.0133333333333334,2.7066666666666666,0.3866666666666666,13.533333333333331,1.92,7.413333333333333,3.5866666666666664,0.0,0.0,3.88,2.813333333333333,9.120533333333332,0.5474826033565289,40.34,
764,2001,David,Robinson,0,0,1,80,14.3875,1.45,2.4625,1.0,8.6375,1.525,10.2875,5.0,0.0125,0.0,5.875,4.3875,12.8725,0.5588463779374636,40.31875,
1885,2001,Lamar,Odom,0,1,0,76,17.157894736842106,5.157894736842105,1.605263157894737,0.9736842105263158,7.7894736842105265,3.473684210526316,13.763157894736842,6.328947368421052,3.3289473684210527,1.0526315789473684,5.078947368421052,3.4473684210526314,15.997894736842106,0.5362547703645216,39.94736842105263,odomla01
201572,2010,Brook,Lopez,0,0,1,79,18.873417721518987,2.2658227848101267,1.6708860759493671,0.6708860759493671,8.683544303797468,2.5063291139240507,13.848101265822784,6.873417721518988,0.0253164556962025,0.0,6.253164556962025,5.1265822784810124,16.599493670886076,0.5684937774524158,39.651898734177216,
101114,2010,Deron,Williams,1,0,0,74,18.513513513513512,10.486486486486486,0.2162162162162162,1.2837837837837838,4.0,3.310810810810811,13.77027027027027,6.445945945945946,3.3783783783783785,1.2432432432432432,5.472972972972973,4.378378378378378,16.17837837837838,0.5721683929168058,39.62162162162162,
923,2004,Donyell,Marshall,0,1,0,82,14.695121951219512,1.4878048780487805,1.5121951219512195,1.1341463414634143,9.853658536585366,1.4268292682926829,12.439024390243905,5.7317073170731705,3.963414634146341,1.5975609756097562,2.2195121951219514,1.6341463414634143,13.41560975609756,0.5476874409133881,39.4390243902439,marshdo01
299,2001,Glenn,Robinson,0,1,0,76,22.026315789473685,3.3157894736842106,0.8157894736842105,1.131578947368421,6.921052631578948,2.881578947368421,19.21052631578948,9.0,2.421052631578948,0.7236842105263158,4.026315789473684,3.3026315789473686,20.98210526315789,0.5248833592534993,39.40789473684211,robingl01
2202,2006,Jason,Richardson,1,0,0,75,23.21333333333333,3.0933333333333333,0.4933333333333333,1.2933333333333332,5.84,2.2266666666666666,19.17333333333333,8.546666666666667,6.36,2.44,5.466666666666667,3.68,21.578666666666667,0.5378769154720712,39.30666666666667,richaja01
469,2001,Jamal,Mashburn,0,1,0,76,20.105263157894736,5.407894736842105,0.1710526315789473,1.118421052631579,7.578947368421052,2.776315789473684,18.26315789473684,7.5394736842105265,3.8026315789473686,1.355263157894737,4.789473684210527,3.6710526315789473,20.37052631578948,0.4934890450599421,39.190789473684205,mashbja01
200750,2009,Brandon,Roy,1,0,0,78,22.628205128205128,5.128205128205129,0.282051282051282,1.1282051282051282,4.743589743589744,1.948717948717949,16.897435897435898,8.115384615384615,2.8205128205128207,1.064102564102564,6.474358974358975,5.333333333333333,19.746153846153845,0.572977535385015,39.17948717948718,roybr01
978,2004,Peja,Stojakovic,0,1,0,81,24.246913580246915,2.135802469135802,0.1728395061728395,1.3333333333333333,6.271604938271605,1.8888888888888888,17.11111111111111,8.209876543209877,6.839506172839506,2.962962962962963,5.246913580246914,4.864197530864198,19.41975308641976,0.624284806102988,39.104938271604944,
950,2003,Stephon,Marbury,1,0,0,81,22.296296296296298,8.074074074074074,0.2469135802469135,1.3333333333333333,3.246913580246914,3.246913580246914,18.88888888888889,8.283950617283951,3.654320987654321,1.0987654320987654,5.765432098765432,4.62962962962963,21.42567901234568,0.5203171456888008,39.10493827160494,
1740,2007,Rashard,Lewis,0,1,0,60,22.366666666666667,2.4166666666666665,0.65,1.1333333333333333,6.6,1.9666666666666663,16.75,7.716666666666667,6.45,2.5166666666666666,5.25,4.416666666666667,19.06,0.5867436166491781,39.09166666666667,lewisra02
689,2001,Theo,Ratliff,0,0,1,50,12.42,1.16,3.74,0.6,8.26,2.52,9.14,4.56,0.0,0.0,4.34,3.3,11.0496,0.5620112945264987,38.87,
200765,2010,Rajon,Rondo,1,0,0,78,13.974358974358974,9.705128205128204,0.141025641025641,2.333333333333333,4.397435897435898,3.08974358974359,11.384615384615383,5.756410256410256,1.0256410256410255,0.2179487179487179,3.615384615384616,2.243589743589744,12.975384615384616,0.538494980633942,38.84615384615384,
201936,2010,Tyreke,Evans,1,0,0,69,20.463768115942027,5.855072463768116,0.3768115942028985,1.5072463768115942,5.376811594202898,3.0144927536231885,16.347826086956523,7.507246376811594,1.9565217391304348,0.5072463768115942,6.565217391304348,4.942028985507246,19.236521739130435,0.5318988638760811,38.81884057971014,
1710,2005,Mike,Bibby,1,0,0,80,19.6375,6.7625,0.375,1.55,4.15,2.5375,15.8,7.0,4.55,1.6375,5.1625,4.0,18.0715,0.5433278919846166,38.63125,
714,2001,Michael,Finley,1,1,0,82,21.52439024390244,4.390243902439025,0.3902439024390244,1.4390243902439024,5.182926829268292,2.317073170731707,18.92682926829268,8.670731707317072,3.207317073170732,1.1097560975609757,3.963414634146341,3.073170731707317,20.67073170731707,0.5206489675516225,38.56707317073171,finlemi01
1536,2009,Stephen,Jackson,1,1,0,59,20.728813559322035,6.457627118644068,0.5254237288135594,1.4915254237288136,5.135593220338983,3.8813559322033897,16.89830508474576,7.0,5.169491525423729,1.7457627118644068,6.033898305084746,4.983050847457627,19.55322033898305,0.5300613709649458,38.42372881355932,jacksst02
201188,2010,Marc,Gasol,0,0,1,67,14.447761194029852,2.4328358208955225,1.5671641791044777,0.9850746268656716,9.223880597014926,1.8955223880597007,9.462686567164178,5.462686567164179,0.0149253731343283,0.0,5.343283582089552,3.5223880597014925,11.813731343283582,0.6114817060844957,38.35074626865672,
210,2001,Terrell,Brandon,1,0,0,78,16.025641025641026,7.4743589743589745,0.2692307692307692,2.0641025641025643,3.8205128205128207,1.9871794871794872,14.538461538461538,6.551282051282051,1.1666666666666667,0.4230769230769231,2.871794871794872,2.5,15.802051282051282,0.5070747063023301,38.32692307692308,
2740,2009,Andris,Biedrins,0,0,1,62,11.85483870967742,1.9516129032258065,1.5483870967741935,1.0161290322580645,11.17741935483871,1.7741935483870968,8.596774193548388,4.967741935483871,0.0161290322580645,0.0,3.4838709677419355,1.9193548387096773,10.12967741935484,0.5851538118591172,38.25806451612903,biedran01
980,2005,Zydrunas,Ilgauskas,0,0,1,78,16.923076923076923,1.2820512820512822,2.1153846153846154,0.6794871794871795,8.615384615384615,2.448717948717949,12.551282051282053,5.871794871794871,0.0897435897435897,0.0256410256410256,6.448717948717949,5.153846153846154,15.388717948717948,0.5498533724340177,38.05128205128205,
2734,2009,Devin,Harris,1,0,0,69,21.30434782608696,6.898550724637682,0.1884057971014492,1.6521739130434785,3.347826086956522,3.072463768115942,15.057971014492754,6.594202898550725,3.188405797101449,0.927536231884058,8.768115942028986,7.188405797101449,18.91594202898551,0.5631320870364694,37.89130434782609,
1711,2002,Raef,LaFrentz,0,1,1,78,13.474358974358974,1.141025641025641,2.730769230769231,0.7051282051282052,7.423076923076923,1.205128205128205,11.794871794871796,5.397435897435898,3.435897435897436,1.3333333333333333,1.935897435897436,1.3461538461538465,12.646666666666668,0.5327237338307448,37.65384615384615,
101115,2008,Andrew,Bynum,0,0,1,35,13.142857142857142,1.7428571428571429,2.057142857142857,0.3428571428571428,10.17142857142857,1.4857142857142858,8.485714285714286,5.4,0.0,0.0,3.3714285714285714,2.342857142857143,9.969142857142858,0.6591768886850854,37.64285714285714,bynuman01
959,2006,Steve,Nash,1,0,0,79,18.848101265822784,10.455696202531646,0.1518987341772152,0.7721518987341772,4.215189873417722,3.4936708860759493,13.367088607594935,6.848101265822785,4.329113924050633,1.8987341772151896,3.5316455696202533,3.2531645569620253,14.921012658227848,0.6315959143506735,37.56329113924051,
1729,2003,Ricky,Davis,1,0,0,79,20.58227848101265,5.518987341772152,0.4556962025316455,1.5822784810126582,4.936708860759493,3.5063291139240507,18.60759493670886,7.620253164556962,2.5822784810126582,0.9367088607594936,5.886075949367089,4.405063291139241,21.19746835443038,0.4854890720171981,37.40506329113924,
2211,2009,Troy,Murphy,0,1,1,73,14.26027397260274,2.356164383561644,0.4657534246575342,0.7945205479452054,11.794520547945206,1.5616438356164384,10.506849315068491,4.986301369863014,4.904109589041096,2.2054794520547945,2.52054794520548,2.0821917808219177,11.615890410958905,0.6138261238737676,37.4041095890411,
2210,2005,Richard,Jefferson,0,1,0,33,22.21212121212121,4.03030303030303,0.5151515151515151,1.0,7.272727272727272,4.0,17.09090909090909,7.212121212121212,2.696969696969697,0.9090909090909092,8.151515151515152,6.878787878787879,20.67757575757576,0.537106512691248,37.22727272727273,
147,2001,Jalen,Rose,1,1,0,72,20.52777777777778,6.041666666666667,0.5972222222222222,0.9027777777777778,4.986111111111111,2.930555555555556,17.25,7.875,2.4166666666666665,0.8194444444444444,4.777777777777778,3.9583333333333335,19.352222222222224,0.530372624447379,37.20833333333333,
956,2004,Erick,Dampier,0,0,1,74,12.33783783783784,0.8108108108108109,1.8513513513513515,0.4459459459459459,11.986486486486486,1.7702702702702702,8.783783783783784,4.702702702702703,0.027027027027027,0.0,4.486486486486487,2.9324324324324325,10.75783783783784,0.5734348306702844,37.18243243243244,
200752,2008,Rudy,Gay,1,1,0,81,20.14814814814815,1.9506172839506173,0.9753086419753086,1.3703703703703705,6.160493827160494,2.345679012345679,16.728395061728396,7.716049382716049,4.777777777777778,1.654320987654321,3.9012345679012346,3.061728395061728,18.44493827160494,0.5461701159272844,37.00617283950617,
200746,2009,LaMarcus,Aldridge,0,1,1,81,18.14814814814815,1.938271604938272,0.9506172839506172,0.9506172839506172,7.469135802469136,1.4938271604938271,15.34567901234568,7.419753086419753,0.345679012345679,0.0864197530864197,4.1234567901234565,3.2222222222222223,17.16,0.5287921954588621,36.876543209876544,
2207,2009,Joe,Johnson,1,1,0,79,21.367088607594937,5.759493670886076,0.240506329113924,1.0632911392405062,4.379746835443038,2.4683544303797467,17.974683544303797,7.848101265822785,5.2405063291139244,1.8860759493670889,4.582278481012659,3.784810126582279,19.99088607594937,0.5344207486956082,36.85443037974684,
2072,2006,Michael,Redd,1,0,0,80,25.35,2.8625,0.0625,1.1875,4.275,2.125,18.95,8.525,5.1625,2.0375,7.1375,6.2625,22.0905,0.5737760575813133,36.806250000000006,reddmi01
208,2002,Sam,Cassell,1,0,0,74,19.74324324324324,6.662162162162162,0.1621621621621621,1.2162162162162162,4.216216216216216,2.391891891891892,16.175675675675677,7.486486486486487,2.756756756756757,0.9594594594594594,4.4324324324324325,3.810810810810811,18.125945945945947,0.5446127695106312,36.79054054054053,
2246,2006,Mehmet,Okur,0,0,1,82,17.951219512195124,2.365853658536585,0.8902439024390244,0.4878048780487805,9.097560975609756,1.9878048780487805,13.75609756097561,6.329268292682927,2.8536585365853657,0.975609756097561,5.536585365853658,4.317073170731708,16.19219512195122,0.5543170452491415,36.6829268292683,okurme01
297,2002,Alonzo,Mourning,0,0,1,75,15.706666666666669,1.16,2.48,0.36,8.426666666666666,2.4266666666666667,11.546666666666669,5.96,0.04,0.0133333333333333,5.746666666666667,3.773333333333333,14.0752,0.5579553635709144,36.59333333333333,
201143,2010,Al,Horford,0,1,1,79,14.10126582278481,2.3417721518987342,1.0632911392405062,0.7468354430379747,9.759493670886076,1.518987341772152,10.367088607594935,5.7215189873417724,0.0126582278481012,0.0126582278481012,3.354430379746836,2.6455696202531644,11.843037974683543,0.5953398888413852,36.45569620253165,
2736,2007,Luol,Deng,0,1,0,82,18.78048780487805,2.4878048780487805,0.5853658536585366,1.1829268292682926,7.060975609756097,1.8658536585365848,14.853658536585366,7.682926829268292,0.0853658536585365,0.0121951219512195,4.378048780487805,3.402439024390244,16.78,0.5596092909677607,36.44512195121951,
1891,2002,Jason,Terry,1,0,0,78,19.28205128205128,5.6923076923076925,0.1666666666666666,1.8461538461538465,3.4615384615384617,2.3205128205128207,15.628205128205128,6.717948717948718,5.6923076923076925,2.2051282051282053,4.358974358974359,3.641025641025641,17.546153846153846,0.5494666082127722,36.42307692307692,
213,2001,Antonio,Davis,0,1,1,78,13.705128205128204,1.358974358974359,1.935897435897436,0.282051282051282,10.08974358974359,1.7307692307692308,11.102564102564102,4.807692307692308,0.0128205128205128,0.0,5.423076923076923,4.089743589743589,13.488717948717948,0.5080218986427404,36.28846153846154,davisan01
2572,2007,Josh,Howard,1,1,0,70,18.87142857142857,1.8142857142857145,0.8,1.1714285714285717,6.785714285714286,1.7571428571428571,15.357142857142858,7.042857142857143,3.414285714285714,1.3142857142857145,4.2,3.4714285714285715,17.205142857142857,0.5484240592513866,36.142857142857146,
224,2002,Eddie,Jones,1,1,0,81,18.271604938271604,3.234567901234568,0.9506172839506172,1.4444444444444444,4.666666666666667,1.8271604938271604,14.790123456790123,6.382716049382716,4.716049382716049,1.839506172839506,4.382716049382716,3.6666666666666665,16.71851851851852,0.5464480874316939,36.04938271604938,
193,2001,Anthony,Mason,0,1,0,80,16.125,3.1,0.3125,1.0,9.625,2.2375,11.925,5.75,0.0,0.0,5.925,4.625,14.532,0.5548100743187449,35.9875,
1497,2006,Chauncey,Billups,1,0,0,81,18.45679012345679,8.62962962962963,0.0987654320987654,0.8765432098765432,3.111111111111111,2.098765432098765,12.493827160493828,5.222222222222222,5.246913580246914,2.271604938271605,6.419753086419753,5.7407407407407405,15.31851851851852,0.6024339136041263,35.77160493827161,
2403,2010,Nene,Hilario,0,1,1,80,13.9,2.5375,1.0,1.4125,7.625,1.5125,8.7375,5.15,0.025,0.0,5.075,3.6,10.9705,0.6335171596554395,35.76875,
353,2001,Darrell,Armstrong,1,0,0,75,15.853333333333332,6.986666666666666,0.1733333333333333,1.8,4.573333333333333,2.6666666666666665,13.36,5.506666666666667,5.373333333333333,1.9066666666666667,3.32,2.933333333333333,14.820799999999998,0.5348339270934543,35.75333333333333,
201566,2010,Russell,Westbrook,1,0,0,80,16.225,7.8625,0.4,1.3375,4.8625,3.2625,14.2125,5.95,1.2625,0.2875,5.175,4.0375,16.4895,0.4919797446860123,35.737500000000004,
2225,2009,Tony,Parker,1,0,0,72,21.95833333333333,6.888888888888889,0.0555555555555555,0.9305555555555556,3.0972222222222223,2.583333333333333,17.541666666666668,8.875,0.9027777777777778,0.2638888888888889,5.041666666666667,3.9444444444444446,19.76,0.5556258434547907,35.71527777777778,
1938,2008,Manu,Ginobili,1,0,0,74,19.486486486486488,4.486486486486487,0.4459459459459459,1.472972972972973,4.783783783783784,2.702702702702702,13.297297297297296,6.121621621621622,5.256756756756757,2.108108108108108,5.972972972972973,5.135135135135135,15.925405405405405,0.6118050369968095,35.66216216216217,
201939,2010,Stephen,Curry,1,0,0,78,17.602564102564102,5.910256410256411,0.2435897435897435,1.8846153846153848,4.512820512820513,3.051282051282051,14.384615384615383,6.615384615384615,4.82051282051282,2.102564102564102,2.5641025641025643,2.269230769230769,15.512820512820513,0.5673553719008264,35.6474358974359,
699,2002,Brent,Barry,1,0,0,81,14.37037037037037,5.25925925925926,0.4567901234567901,1.8148148148148149,5.444444444444445,2.037037037037037,9.753086419753089,4.950617283950617,4.777777777777778,2.0246913580246915,2.888888888888889,2.4444444444444446,11.024197530864198,0.6517649166815982,35.43827160493827,
2564,2006,Boris,Diaw,0,1,1,81,13.333333333333334,6.209876543209877,1.0493827160493827,0.7160493827160493,6.888888888888889,2.333333333333333,10.530864197530864,5.54320987654321,0.3703703703703703,0.0987654320987654,2.938271604938272,2.1481481481481484,11.823703703703703,0.5638391179050245,35.376543209876544,
1510,2006,Brevin,Knight,1,0,0,69,12.623188405797102,8.840579710144928,0.0579710144927536,2.27536231884058,3.231884057971014,2.3768115942028984,11.18840579710145,4.463768115942029,0.1884057971014492,0.0434782608695652,4.550724637681159,3.652173913043478,13.19072463768116,0.4784872989364507,35.311594202898554,
89,2001,Nick,Van Exel,1,0,0,71,17.732394366197184,8.450704225352112,0.2535211267605634,0.8591549295774648,3.3943661971830985,2.323943661971831,15.661971830985916,6.47887323943662,5.042253521126761,1.9014084507042253,3.507042253521127,2.8732394366197185,17.20507042253521,0.5153246668194768,35.30281690140845,
1894,2005,Corey,Maggette,0,1,0,66,22.181818181818183,3.409090909090909,0.1212121212121212,1.0606060606060606,5.96969696969697,2.9545454545454546,14.93939393939394,6.4393939393939394,2.5454545454545454,0.7727272727272727,9.954545454545457,8.530303030303031,19.31939393939394,0.5740816262509019,35.06818181818182,maggeco01
2199,2007,Tyson,Chandler,0,0,1,73,9.452054794520548,0.9041095890410958,1.7671232876712328,0.5068493150684932,12.383561643835616,1.726027397260274,6.410958904109589,4.0,0.0136986301369863,0.0,2.7534246575342465,1.452054794520548,7.622465753424658,0.6200129394004744,35.02739726027397,
703,2005,Kurt,Thomas,0,1,0,80,11.45,2.0,0.9875,0.875,10.3875,1.2375,11.2625,5.3,0.05,0.025,1.05,0.825,11.7245,0.4882937438696746,35.00625,thomaku01
436,2003,Juwan,Howard,0,1,0,77,18.415584415584416,3.038961038961039,0.3506493506493506,1.0,7.597402597402597,2.4545454545454546,16.376623376623378,7.363636363636363,0.0519480519480519,0.0259740259740259,4.558441558441558,3.6623376623376624,18.382337662337665,0.5009043124399479,34.86363636363637,howarju01
201149,2010,Joakim,Noah,0,1,1,62,10.661290322580646,2.0161290322580645,1.5483870967741935,0.5161290322580645,11.03225806451613,1.8225806451612905,8.096774193548388,4.048387096774194,0.0,0.0,3.435483870967742,2.564516129032258,9.608387096774194,0.5547908413348552,34.846774193548384,
2400,2005,Drew,Gooden,0,1,0,82,14.439024390243905,1.5853658536585369,0.926829268292683,0.9390243902439024,9.182926829268292,1.6219512195121952,11.5,5.658536585365853,0.3414634146341463,0.0609756097560975,3.7804878048780486,3.0609756097560976,13.163414634146342,0.5484528441726885,34.810975609756106,
1749,2002,Cuttino,Mobley,1,0,0,74,21.7027027027027,2.527027027027027,0.5,1.472972972972973,4.054054054054054,2.4324324324324325,18.35135135135135,8.04054054054054,5.094594594594595,2.0135135135135136,4.243243243243243,3.608108108108108,20.21837837837838,0.5367073040316543,34.601351351351354,
2045,2008,Hedo,Turkoglu,0,1,0,82,19.536585365853657,4.987804878048781,0.3048780487804878,0.902439024390244,5.743902439024391,3.0,14.865853658536585,6.780487804878049,5.060975609756097,2.024390243902439,4.7682926829268295,3.951219512195122,16.96390243902439,0.5758281573498965,34.46341463414634,
2223,2008,Samuel,Dalembert,0,0,1,82,10.53658536585366,0.5487804878048781,2.341463414634146,0.4878048780487805,10.353658536585366,1.8902439024390243,8.060975609756097,4.134146341463414,0.0121951219512195,0.0,3.207317073170732,2.268292682926829,9.47219512195122,0.5561849830054588,34.426829268292686,
201565,2010,Derrick,Rose,1,0,0,76,21.0,6.052631578947368,0.3421052631578947,0.7368421052631579,3.763157894736842,2.8157894736842106,17.80263157894737,8.723684210526315,0.7763157894736842,0.2105263157894736,4.342105263157895,3.3421052631578947,19.713157894736845,0.5326391670004004,34.40789473684211,
201567,2010,Kevin,Love,0,1,1,60,14.033333333333331,2.2666666666666666,0.3833333333333333,0.7166666666666667,10.966666666666669,1.95,10.766666666666667,4.85,1.7666666666666666,0.5833333333333334,4.6,3.75,12.790666666666668,0.548577087459606,34.38333333333333,
255,2005,Grant,Hill,0,1,0,67,19.65671641791045,3.283582089552239,0.417910447761194,1.4477611940298507,4.746268656716418,2.4029850746268657,15.149253731343284,7.7164179104477615,0.1940298507462686,0.044776119402985,5.08955223880597,4.17910447761194,17.388656716417913,0.5652166449220627,34.35820895522388,
221,2001,Clar.,Weatherspoon,0,1,0,82,11.268292682926829,1.2560975609756098,1.2804878048780488,1.0365853658536586,9.707317073170731,1.3658536585365857,8.439024390243903,4.2317073170731705,0.0,0.0,3.548780487804878,2.804878048780488,10.000487804878048,0.5633871518462514,34.25,
304,2002,John,Stockton,1,0,0,82,13.439024390243905,8.21951219512195,0.2926829268292683,1.853658536585366,3.207317073170732,2.5365853658536586,9.451219512195122,4.890243902439025,0.951219512195122,0.3048780487804878,3.9146341463414633,3.3536585365853657,11.173658536585366,0.6013708198725225,34.09146341463415,
2550,2005,Kirk,Hinrich,1,0,0,77,15.662337662337665,6.415584415584416,0.2727272727272727,1.5844155844155845,3.948051948051948,2.2857142857142856,14.571428571428571,5.779220779220779,5.298701298701299,1.8831168831168832,2.805194805194805,2.220779220779221,15.805714285714286,0.4954644054427135,34.06493506493507,
124,2002,Vlade,Divac,0,0,1,80,11.1,3.7125,1.175,0.9875,8.3875,1.975,8.95,4.225,0.1625,0.0375,4.25,2.6125,10.82,0.5129390018484288,33.95,
302,2001,Mookie,Blaylock,1,0,0,69,11.014492753623188,6.695652173913044,0.2898550724637681,2.36231884057971,3.942028985507247,1.855072463768116,11.608695652173912,4.594202898550725,3.260869565217391,1.0579710144927537,1.1014492753623188,0.7681159420289855,12.093333333333332,0.4553952351277504,33.869565217391305,
2772,2010,Trevor,Ariza,0,1,0,69,14.521739130434783,3.855072463768116,0.5652173913043478,1.7536231884057971,5.681159420289855,2.1594202898550723,13.81159420289855,5.376811594202898,5.594202898550725,1.8115942028985508,3.028985507246377,1.9565217391304348,15.144347826086957,0.4794441892512632,33.78260869565217,
2755,2009,Kevin,Martin,1,0,0,51,24.58823529411765,2.7058823529411766,0.1568627450980392,1.196078431372549,3.588235294117647,2.862745098039216,15.901960784313726,6.686274509803922,5.431372549019608,2.2549019607843137,10.333333333333334,8.96078431372549,20.4486274509804,0.6012196992942621,33.7156862745098,
200794,2009,Paul,Millsap,0,1,0,76,13.526315789473683,1.8157894736842104,0.9605263157894736,1.0263157894736843,8.605263157894736,1.6973684210526316,9.855263157894736,5.2631578947368425,0.0526315789473684,0.0,4.289473684210527,3.0,11.742631578947368,0.5759490834117701,33.71052631578948,
1733,2006,Al,Harrington,0,1,0,76,18.56578947368421,3.131578947368421,0.1842105263157894,1.118421052631579,6.881578947368421,2.5657894736842106,16.05263157894737,7.25,2.513157894736842,0.868421052631579,4.605263157894737,3.1973684210526314,18.07894736842105,0.5134643377001454,33.66447368421052,harrial01
2224,2005,Jamaal,Tinsley,1,0,0,40,15.4,6.425,0.3,2.025,4.0,3.35,13.05,5.45,3.9,1.45,4.1,3.05,14.854,0.5183788878416588,33.6375,
1719,2006,Bonzi,Wells,1,1,0,52,13.596153846153848,2.769230769230769,0.4807692307692308,1.807692307692308,7.711538461538462,2.423076923076923,11.788461538461538,5.461538461538462,0.8653846153846154,0.1923076923076923,3.6538461538461537,2.480769230769231,13.396153846153846,0.5074648291702556,33.625,
922,2001,Elden,Campbell,0,1,1,78,13.102564102564102,1.3333333333333333,1.794871794871795,0.7692307692307693,7.794871794871795,1.8461538461538465,10.692307692307692,4.705128205128205,0.0769230769230769,0.0,5.205128205128205,3.692307692307693,12.9825641025641,0.5046215831884975,33.35897435897436,
2449,2010,Luis,Scola,0,1,0,78,16.628205128205128,2.128205128205128,0.3205128205128205,0.7692307692307693,8.76923076923077,2.025641025641025,13.576923076923077,7.0,0.0512820512820512,0.0,3.3461538461538463,2.628205128205128,15.04923076923077,0.5524603012335582,33.28205128205129,
1709,2003,Michael,Olowokandi,0,0,1,36,12.25,1.3055555555555556,2.1944444444444446,0.5,9.11111111111111,2.7222222222222223,12.11111111111111,5.166666666666667,0.0,0.0,2.9166666666666665,1.9166666666666667,13.394444444444444,0.4572791372874326,33.20833333333333,olowomi01
2399,2008,Mike,Dunleavy,1,1,0,82,19.085365853658537,3.5121951219512195,0.3780487804878049,1.048780487804878,5.170731707317073,2.317073170731707,13.621951219512194,6.487804878048781,4.743902439024391,2.0121951219512195,4.914634146341464,4.097560975609756,15.784390243902438,0.6045645589962297,33.1829268292683,
1500,2001,Ron,Mercer,1,1,0,61,19.704918032786885,3.295081967213114,0.4426229508196721,1.278688524590164,3.868852459016393,2.114754098360656,18.37704918032787,8.19672131147541,0.7540983606557377,0.2295081967213114,3.737704918032787,3.081967213114754,20.021639344262297,0.4920905250057314,33.10655737704918,mercero01
934,2002,Derrick,Coleman,0,1,0,58,15.086206896551724,1.6896551724137931,0.8793103448275862,0.7241379310344828,8.775862068965518,2.0517241379310347,12.672413793103448,5.706896551724138,1.4310344827586208,0.4827586206896552,3.913793103448276,3.189655172413793,14.39448275862069,0.5240274051360675,33.09482758620689,
2590,2007,Mo,Williams,1,0,0,68,17.264705882352942,6.117647058823529,0.088235294117647,1.25,4.838235294117647,2.985294117647059,15.426470588235292,6.882352941176471,3.3529411764705883,1.161764705882353,2.735294117647059,2.338235294117647,16.63,0.5190831594213152,33.08088235294118,
2203,2002,Shane,Battier,0,1,0,78,14.423076923076923,2.769230769230769,1.0384615384615383,1.551282051282051,5.358974358974359,1.9871794871794872,12.32051282051282,5.282051282051282,3.5384615384615383,1.3205128205128205,3.628205128205128,2.5384615384615383,13.916923076923078,0.5181848330753924,33.0,battish01
165,2001,Hakeem,Olajuwon,0,0,1,58,11.879310344827584,1.2413793103448276,1.5172413793103448,1.206896551724138,7.431034482758621,1.396551724137931,9.79310344827586,4.879310344827586,0.0172413793103448,0.0,3.413793103448276,2.1206896551724137,11.295172413793102,0.5258578581023324,32.991379310344826,
2048,2004,Jamaal,Magloire,0,0,1,82,13.646341463414634,1.048780487804878,1.2317073170731707,0.524390243902439,10.329268292682928,2.451219512195122,9.865853658536585,4.670731707317073,0.0121951219512195,0.0,5.7317073170731705,4.304878048780488,12.38780487804878,0.5507974010632015,32.835365853658544,magloja01
1903,2004,Kenny,Thomas,0,1,1,74,13.594594594594597,1.5,0.4459459459459459,1.108108108108108,10.135135135135137,2.324324324324324,10.986486486486486,5.148648648648648,0.0675675675675675,0.0135135135135135,4.364864864864865,3.283783783783784,12.907027027027029,0.5266353965993802,32.61486486486487,
2229,2006,Mike,James,1,0,0,79,20.303797468354432,5.822784810126582,0.0379746835443038,0.9113924050632912,3.316455696202532,2.607594936708861,15.544303797468354,7.291139240506329,4.835443037974684,2.1392405063291138,4.278481012658228,3.5822784810126582,17.426835443037973,0.5825440176651753,32.594936708860764,
258,2001,Brian,Grant,0,1,1,82,15.24390243902439,1.2317073170731707,0.8658536585365854,0.7317073170731707,8.75609756097561,2.073170731707317,12.317073170731708,5.902439024390244,0.0121951219512195,0.0,4.317073170731708,3.4390243902439024,14.21658536585366,0.5361309360417239,32.46951219512194,
2037,2004,Jamal,Crawford,1,0,0,80,17.2875,5.0625,0.3625,1.3875,3.5375,2.4125,16.475,6.3625,6.5125,2.0625,3.0,2.5,17.795,0.4857403765102557,32.3625,
2250,2005,Bobby,Simmons,0,1,0,75,16.386666666666667,2.7333333333333334,0.2133333333333333,1.413333333333333,5.946666666666666,1.8,13.56,6.32,1.5333333333333334,0.6666666666666666,3.64,3.08,15.1616,0.5404003095539609,32.31333333333333,
200745,2010,Andrea,Bargnani,0,1,1,78,17.128205128205128,1.1538461538461535,1.4102564102564104,0.3076923076923077,6.17948717948718,1.4615384615384617,14.307692307692308,6.6923076923076925,4.064102564102564,1.5,2.923076923076923,2.243589743589744,15.593846153846156,0.5491975795843199,32.07692307692308,
101109,2009,Raymond,Felton,1,0,0,82,14.170731707317072,6.743902439024391,0.3658536585365853,1.5365853658536586,3.7804878048780486,2.7804878048780486,13.207317073170731,5.390243902439025,2.524390243902439,0.7195121951219512,3.317073170731707,2.6707317073170733,14.666829268292682,0.4830877706455582,32.006097560975604,
136,2003,P.J.,Brown,0,1,1,78,10.666666666666666,1.8846153846153848,1.0256410256410255,0.8589743589743589,8.987179487179487,1.2564102564102564,7.705128205128205,4.089743589743589,0.0384615384615384,0.0,2.9743589743589745,2.4871794871794872,9.013846153846156,0.5916823121124196,32.0,
2034,2007,Mike,Miller,1,1,0,70,18.47142857142857,4.257142857142857,0.2571428571428571,0.7714285714285715,5.4,2.557142857142857,14.428571428571429,6.642857142857143,7.114285714285714,2.8857142857142857,2.9,2.3,15.704571428571429,0.5880908197795001,31.957142857142856,
1715,2002,Jason,Williams,1,0,0,65,14.753846153846156,7.984615384615385,0.1076923076923077,1.7076923076923076,3.0,3.292307692307692,15.153846153846152,5.7846153846153845,6.615384615384615,1.9538461538461536,1.553846153846154,1.2307692307692308,15.83753846153846,0.4657872241218527,31.907692307692308,
201145,2010,Jeff,Green,0,1,0,80,14.9875,1.625,0.875,1.2625,5.9875,1.6125,13.0375,5.875,3.7875,1.25,2.7125,1.9875,14.231,0.5265792987140749,31.73125,
891,2001,Charles,Oakley,0,1,0,78,9.58974358974359,3.3846153846153846,0.6153846153846154,0.9743589743589745,9.5,1.7820512820512822,10.076923076923077,3.91025641025641,0.6282051282051282,0.141025641025641,1.948717948717949,1.6282051282051282,10.934358974358974,0.4385142106744208,31.711538461538456,
57,2001,Doug,Christie,1,1,0,81,12.296296296296296,3.567901234567901,0.5555555555555556,2.259259259259259,4.382716049382716,1.9012345679012344,9.728395061728396,3.8395061728395055,3.08641975308642,1.160493827160494,3.851851851851852,3.45679012345679,11.423209876543211,0.538215459104271,31.679012345679013,
448,2001,Bo,Outlaw,0,1,0,80,7.275,2.8125,1.7125,1.3125,7.7375,1.7625,4.6,2.825,0.025,0.0125,2.8125,1.6125,5.8375,0.6231263383297645,31.675000000000004,
201155,2010,Rodney,Stuckey,1,0,0,70,16.7,4.785714285714286,0.1714285714285714,1.3714285714285714,3.8285714285714287,2.2142857142857144,15.214285714285714,6.185714285714286,1.0285714285714285,0.2285714285714285,4.914285714285715,4.1,17.376571428571427,0.4805320793186228,31.36428571428572,
2749,2009,Jameer,Nelson,1,0,0,42,16.714285714285715,5.380952380952381,0.0714285714285714,1.2142857142857142,3.452380952380953,1.9761904761904765,12.642857142857142,6.357142857142857,4.309523809523809,1.9523809523809523,2.3095238095238093,2.0476190476190474,13.659047619047618,0.6118393529493795,31.15476190476191,
1747,2005,Rafer,Alston,1,0,0,80,14.2,6.425,0.0875,1.475,3.4875,2.125,12.175,5.0375,4.8625,1.7375,3.225,2.3875,13.594,0.5222892452552595,31.06875,
101181,2009,Jose,Calderon,1,0,0,68,12.838235294117649,8.926470588235293,0.1029411764705882,1.088235294117647,2.8529411764705883,2.1029411764705883,9.470588235294118,4.705882352941177,2.9705882352941178,1.2058823529411764,2.264705882352941,2.2205882352941178,10.467058823529412,0.6132685174778015,31.06617647058824,
361,2002,Clifford,Robinson,0,1,1,80,14.575,2.525,1.1875,1.1125,4.8375,1.8875,13.3625,5.675,3.8,1.4375,2.575,1.7875,14.4955,0.5027422303473491,31.04375,robincl02
2217,2010,Brendan,Haywood,0,0,1,74,9.027027027027026,0.581081081081081,2.0945945945945947,0.3513513513513513,9.31081081081081,1.3108108108108107,6.202702702702703,3.5405405405405403,0.0135135135135135,0.0,3.1486486486486487,1.945945945945946,7.588108108108108,0.5948140760792135,31.027027027027025,
84,2001,Latrell,Sprewell,1,0,0,77,17.714285714285715,3.493506493506493,0.3636363636363636,1.3766233766233766,4.5064935064935066,2.831168831168831,15.831168831168831,6.805194805194805,1.7532467532467533,0.5324675324675324,4.558441558441558,3.571428571428572,17.83688311688312,0.4965633737185461,31.01298701298701,sprewla01
2047,2004,Quentin,Richardson,0,1,0,65,17.246153846153845,2.1384615384615384,0.2923076923076923,1.0307692307692309,6.369230769230769,2.169230769230769,16.43076923076923,6.538461538461538,5.246153846153846,1.8461538461538465,3.1384615384615384,2.323076923076924,17.811692307692304,0.4841245163073522,30.961538461538467,
200748,2009,Tyrus,Thomas,0,1,0,79,10.848101265822784,0.9746835443037974,1.9113924050632911,1.1518987341772151,6.430379746835443,1.6329113924050631,8.645569620253164,3.8987341772151898,0.1139240506329113,0.0379746835443038,3.848101265822785,3.0126582278481013,10.33873417721519,0.5246339193888044,30.94303797468354,
1888,2005,Richard,Hamilton,1,0,0,76,18.73684210526316,4.894736842105263,0.1710526315789473,1.013157894736842,3.881578947368421,2.8552631578947367,15.263157894736842,6.7105263157894735,1.5526315789473684,0.4736842105263157,5.644736842105263,4.842105263157895,17.74684210526316,0.5278922862481094,30.927631578947363,hamilri01
101126,2009,Nate,Robinson,1,0,0,74,17.18918918918919,4.067567567567568,0.081081081081081,1.2837837837837838,3.918918918918919,1.8783783783783785,13.891891891891891,6.067567567567568,5.202702702702703,1.6891891891891893,4.0,3.364864864864865,15.651891891891893,0.5491089929548281,30.87162162162162,
133,2001,David,Wesley,1,0,0,82,17.24390243902439,4.402439024390244,0.1951219512195122,1.5609756097560976,2.731707317073171,2.0853658536585367,15.109756097560975,6.378048780487805,3.1463414634146343,1.1829268292682926,4.134146341463414,3.304878048780488,16.92878048780488,0.5093072844628861,30.79878048780488,
1496,2001,Keith,Van Horn,0,1,0,49,16.959183673469386,1.673469387755102,0.4081632653061224,0.8163265306122449,7.081632653061225,2.1020408163265305,14.448979591836734,6.285714285714286,3.4693877551020407,1.326530612244898,3.795918367346939,3.061224489795918,16.119183673469387,0.5260559100577332,30.78571428571429,
101111,2009,Charlie,Villanueva,0,1,0,78,16.205128205128204,1.7564102564102564,0.717948717948718,0.6410256410256411,6.666666666666667,1.7692307692307692,13.961538461538462,6.243589743589744,3.3076923076923075,1.141025641025641,3.076923076923077,2.576923076923077,15.315384615384616,0.5290473798761091,30.73717948717948,
966,2003,Jerome,Williams,0,1,1,71,9.732394366197184,1.3380281690140845,0.3661971830985915,1.6338028169014085,9.154929577464788,1.380281690140845,7.535211267605634,3.76056338028169,0.0845070422535211,0.0140845070422535,3.95774647887324,2.197183098591549,9.27661971830986,0.524565771893599,30.711267605633807,
2732,2009,Ben,Gordon,1,0,0,82,20.71951219512195,3.402439024390244,0.2682926829268293,0.8658536585365854,3.451219512195122,2.4390243902439024,16.036585365853657,7.292682926829267,5.146341463414634,2.109756097560976,4.658536585365853,4.024390243902439,18.08634146341464,0.5727944547832888,30.658536585365848,
727,2003,Eric,Snow,1,0,0,82,12.853658536585366,6.634146341463414,0.1341463414634146,1.6219512195121952,3.670731707317073,2.365853658536585,9.74390243902439,4.402439024390244,0.3902439024390244,0.0853658536585365,4.621951219512195,3.963414634146341,11.777560975609756,0.5456842279655401,30.603658536585368,
2422,2009,John,Salmons,0,1,0,79,18.303797468354432,3.151898734177215,0.3037974683544304,1.0506329113924051,4.215189873417722,2.088607594936709,13.835443037974684,6.531645569620253,3.8227848101265822,1.5949367088607596,4.39240506329114,3.645569620253165,15.768101265822784,0.5804058827307175,30.59493670886076,
201576,2010,Anthony,Randolph,0,1,0,31,11.741935483870968,1.2903225806451613,1.5806451612903225,0.9032258064516128,6.580645161290323,1.5161290322580645,9.548387096774194,4.290322580645161,0.1290322580645161,0.0,4.0,3.161290322580645,11.308387096774194,0.5191693290734825,30.451612903225808,
1723,2003,Matt,Harpring,0,1,0,78,17.564102564102566,1.705128205128205,0.2179487179487179,0.9230769230769232,6.589743589743589,2.0641025641025643,13.076923076923077,6.67948717948718,2.051282051282051,0.8461538461538461,4.243589743589744,3.358974358974359,14.944102564102565,0.5876599979410453,30.44230769230769,
905,2002,Dale,Davis,0,1,1,78,9.512820512820513,1.2307692307692308,1.064102564102564,0.7948717948717948,8.820512820512821,0.7948717948717948,7.435897435897436,3.7948717948717934,0.0,0.0,2.717948717948718,1.9230769230769231,8.631794871794872,0.5510337452471483,30.43589743589744,
937,2002,Scottie,Pippen,1,1,0,62,10.629032258064516,5.854838709677419,0.5645161290322581,1.6290322580645162,5.17741935483871,2.7580645161290325,9.661290322580646,3.967741935483871,2.8548387096774195,0.8709677419354839,2.3548387096774195,1.8225806451612905,10.697419354838711,0.4968035703516071,30.435483870967744,
2420,2007,Nenad,Krstic,0,0,1,26,16.384615384615383,1.7692307692307692,0.9230769230769232,0.3846153846153846,6.769230769230769,2.0,12.423076923076923,6.538461538461538,0.0384615384615384,0.0,4.653846153846154,3.3076923076923075,14.470769230769232,0.5661280034020837,30.42307692307692,
693,2004,Joe,Smith,0,1,1,76,10.921052631578949,1.0263157894736843,1.236842105263158,0.618421052631579,8.460526315789474,1.0789473684210529,9.31578947368421,4.092105263157895,0.0657894736842105,0.0131578947368421,3.171052631578948,2.723684210526316,10.711052631578948,0.5098029580855977,30.414473684210524,
397,2001,Reggie,Miller,1,0,0,81,18.85185185185185,3.2098765432098766,0.1851851851851851,1.0,3.5185185185185186,1.6419753086419753,14.51851851851852,6.382716049382716,5.728395061728395,2.098765432098765,4.296296296296297,3.9876543209876543,16.40888888888889,0.5744402311303719,30.40123456790124,
1887,2002,Wally,Szczerbiak,1,1,0,82,18.67073170731708,3.1341463414634148,0.2560975609756097,0.8048780487804879,4.7682926829268295,2.207317073170732,14.634146341463415,7.426829268292683,2.3292682926829267,1.0609756097560976,3.317073170731707,2.756097560975609,16.093658536585366,0.5800648642095053,30.353658536585364,
757,2005,Damon,Stoudamire,1,0,0,81,15.765432098765432,5.654320987654321,0.0246913580246913,1.0617283950617284,3.8271604938271606,2.0246913580246915,14.382716049382717,5.641975308641976,6.049382716049383,2.234567901234568,2.45679012345679,2.246913580246914,15.463703703703704,0.5097560196717124,30.283950617283946,
1725,2004,Rasho,Nesterovic,0,0,1,82,8.658536585365853,1.3902439024390243,2.0121951219512195,0.6219512195121951,7.719512195121951,1.304878048780488,8.536585365853659,4.0,0.0,0.0,1.3902439024390243,0.6585365853658537,9.14829268292683,0.4732323770928868,30.25,
2551,2007,T.J.,Ford,1,0,0,75,13.96,7.933333333333334,0.1066666666666666,1.346666666666667,3.1466666666666665,3.08,12.026666666666667,5.24,0.92,0.28,3.9066666666666654,3.2,13.7456,0.5077988592713304,30.23333333333333,
201943,2010,Brandon,Jennings,1,0,0,80,15.3625,5.725,0.225,1.275,3.3875,2.4,14.8125,5.4375,4.7375,1.75,3.3375,2.7375,16.281,0.4717922732018918,30.23125,
1504,2002,Danny,Fortson,0,1,1,77,11.22077922077922,1.6493506493506491,0.2207792207792207,0.5714285714285714,11.675324675324676,2.0779220779220777,9.376623376623376,4.012987012987013,0.0519480519480519,0.0129870129870129,4.0,3.1818181818181817,11.136623376623376,0.5037783375314862,30.22077922077922,
1507,2001,Derek,Anderson,1,0,0,82,15.475609756097562,3.670731707317073,0.1707317073170731,1.4634146341463414,4.426829268292683,2.0121951219512195,12.109756097560975,5.036585365853658,3.0853658536585367,1.2317073170731707,4.902439024390244,4.170731707317073,14.266829268292682,0.5423633193148016,30.134146341463413,
441,2002,Lamond,Murray,0,1,0,71,16.56338028169014,2.211267605633803,0.6056338028169014,0.9859154929577464,5.23943661971831,1.9859154929577465,13.887323943661972,6.056338028169014,3.352112676056338,1.4225352112676055,3.704225352112676,3.028169014084507,15.51718309859155,0.5337109247358675,30.13380281690141,
2419,2005,Tayshaun,Prince,0,1,0,82,14.707317073170731,3.0121951219512195,0.8658536585365854,0.6829268292682927,5.304878048780488,1.646341463414634,11.74390243902439,5.719512195121951,1.6829268292682926,0.573170731707317,3.341463414634146,2.6951219512195124,13.214146341463415,0.5564989479124367,30.085365853658534,
2050,2006,Morris,Peterson,1,0,0,82,16.75609756097561,2.317073170731707,0.1829268292682926,1.2682926829268293,4.646341463414634,1.5365853658536586,13.365853658536585,5.829268292682927,5.463414634146342,2.158536585365854,3.5853658536585367,2.9390243902439024,14.94341463414634,0.5606515636221193,29.932926829268293,
201574,2010,Jason,Thompson,0,1,1,72,12.680555555555555,1.5555555555555556,0.9583333333333334,0.5555555555555556,8.458333333333334,1.9166666666666667,10.541666666666666,5.013888888888889,0.1388888888888889,0.0138888888888888,3.6944444444444446,2.638888888888889,12.167222222222222,0.5210949271722752,29.92361111111111,
201154,2009,Al,Thornton,0,1,0,71,16.816901408450704,1.4507042253521127,0.8732394366197183,0.8309859154929577,5.183098591549296,1.8309859154929573,14.80281690140845,6.605633802816901,1.1126760563380282,0.2816901408450704,4.408450704225352,3.323943661971831,16.742535211267604,0.5022208762366243,29.922535211267604,
2571,2007,Leandro,Barbosa,1,0,0,80,18.05,3.9625,0.1875,1.2,2.675,1.825,13.8875,6.6125,5.475,2.375,2.9,2.45,15.1635,0.5951792132423254,29.90625,
1541,2002,Alvin,Williams,1,0,0,82,11.841463414634148,5.7073170731707314,0.3170731707317073,1.646341463414634,3.426829268292683,1.829268292682927,11.841463414634148,4.914634146341464,2.3536585365853657,0.7560975609756098,1.7073170731707317,1.2560975609756098,12.59268292682927,0.4701723803989928,29.73780487804878,willial02
2557,2006,Luke,Ridnour,1,0,0,79,11.518987341772153,6.962025316455696,0.2784810126582278,1.5569620253164558,2.9746835443037973,2.050632911392405,10.113924050632912,4.227848101265823,1.8860759493670889,0.5443037974683544,2.873417721518988,2.518987341772152,11.378227848101266,0.5061854752580989,29.66455696202532,
2735,2007,Josh,Childress,1,1,0,55,13.0,2.309090909090909,0.6545454545454545,1.0545454545454545,6.181818181818182,1.4545454545454546,9.418181818181818,4.745454545454545,1.4,0.4727272727272727,3.8181818181818175,3.036363636363636,11.098181818181818,0.5856815203145479,29.663636363636368,
201171,2010,Carl,Landry,0,1,0,77,16.98701298701299,0.8311688311688312,0.7922077922077922,0.6883116883116883,5.896103896103896,1.6883116883116882,11.675324675324676,6.298701298701299,0.0389610389610389,0.0129870129870129,5.454545454545454,4.376623376623376,14.075324675324676,0.6034323675954973,29.623376623376625,
762,2001,Shawn,Bradley,0,0,1,82,7.060975609756097,0.4634146341463415,2.7804878048780486,0.4390243902439024,7.414634146341464,1.0731707317073171,5.451219512195122,2.6707317073170733,0.073170731707317,0.0121951219512195,2.1707317073170733,1.7073170731707317,6.406341463414634,0.5510926673265819,29.60975609756097,
2617,2008,Udonis,Haslem,0,1,0,49,12.020408163265309,1.3877551020408163,0.3673469387755102,0.7959183673469388,9.040816326530612,1.3673469387755102,10.346938775510203,4.836734693877551,0.0,0.0,2.897959183673469,2.346938775510204,11.62204081632653,0.5171384420875185,29.58163265306123,
101154,2010,Andray,Blatche,0,1,1,78,13.846153846153848,2.128205128205128,0.8589743589743589,1.064102564102564,6.282051282051282,2.2948717948717947,12.307692307692308,5.769230769230769,0.5641025641025641,0.1666666666666666,2.8846153846153846,2.141025641025641,13.576923076923077,0.509915014164306,29.56410256410256,blatcan01
201563,2010,Michael,Beasley,0,1,0,76,14.776315789473683,1.3026315789473684,0.631578947368421,1.0,6.394736842105263,1.644736842105263,13.38157894736842,5.9868421052631575,1.3157894736842106,0.3552631578947368,3.0657894736842106,2.4473684210526314,14.730526315789474,0.5015542375303702,29.559210526315788,
1721,2002,Keon,Clark,0,1,1,81,11.296296296296296,1.0864197530864197,1.5061728395061729,0.7160493827160493,7.444444444444445,1.728395061728395,9.567901234567902,4.691358024691358,0.0617283950617283,0.0,2.8395061728395063,1.9135802469135803,10.817283950617284,0.5221410636840904,29.52469135802469,
201166,2010,Aaron,Brooks,1,0,0,79,19.481012658227847,5.177215189873418,0.1518987341772152,0.8227848101265823,2.59493670886076,2.79746835443038,16.227848101265824,6.974683544303797,6.417721518987341,2.556962025316456,3.607594936708861,2.9746835443037973,17.815189873417722,0.5467528776467244,29.44303797468355,
201163,2009,Wilson,Chandler,0,1,0,82,14.439024390243905,2.073170731707317,0.9146341463414634,0.8658536585365854,5.426829268292683,1.695121951219512,12.853658536585366,5.548780487804878,3.829268292682927,1.2560975609756098,2.6219512195121952,2.0853658536585367,14.007317073170732,0.515410064426258,29.42073170731708,
275,2003,Allan,Houston,1,0,0,82,22.5,2.682926829268293,0.0853658536585365,0.6585365853658537,2.817073170731707,2.1707317073170733,17.865853658536587,7.951219512195122,5.487804878048781,2.1707317073170733,4.817073170731708,4.426829268292683,19.98536585365854,0.5629118867463997,29.384146341463413,
2046,2003,Desmond,Mason,1,0,0,80,14.3375,2.0375,0.4,0.8375,6.5375,1.4375,12.7125,5.7125,0.9,0.2625,3.5375,2.65,14.269,0.5024003083607821,29.275,
953,2002,Lorenzen,Wright,0,1,1,43,12.0,1.0232558139534884,0.5348837209302325,0.6976744186046512,9.418604651162791,1.6744186046511629,11.30232558139535,5.186046511627907,0.0465116279069767,0.0,2.86046511627907,1.627906976744186,12.56093023255814,0.4776716285269939,29.24418604651163,
1899,2004,James,Posey,0,1,0,82,13.731707317073171,1.4878048780487805,0.4878048780487805,1.670731707317073,4.914634146341464,1.3658536585365857,9.390243902439025,4.487804878048781,3.5365853658536586,1.3658536585365857,4.085365853658536,3.3902439024390243,11.18780487804878,0.6136908654894266,29.23780487804878,
101107,2009,Marvin,Williams,0,1,0,61,13.852459016393444,1.3278688524590163,0.639344262295082,0.9344262295081968,6.262295081967213,1.147540983606557,10.19672131147541,4.672131147540983,2.540983606557377,0.9016393442622952,4.475409836065574,3.60655737704918,12.165901639344264,0.5693149355899315,29.237704918032787,
954,2003,Kerry,Kittles,1,0,0,65,13.046153846153846,2.6153846153846154,0.4615384615384615,1.553846153846154,3.876923076923077,0.8461538461538461,10.93846153846154,5.107692307692307,3.3692307692307693,1.2,2.076923076923077,1.6307692307692307,11.852307692307694,0.5503634475597092,29.15384615384616,
1739,2007,Ruben,Patterson,0,1,0,81,14.74074074074074,2.8641975308641974,0.3086419753086419,1.3580246913580247,5.432098765432099,2.45679012345679,10.703703703703704,5.864197530864198,0.2345679012345679,0.037037037037037,4.641975308641976,2.9753086419753085,12.746172839506173,0.578241834876603,28.93827160493828,
201564,2010,O.J.,Mayo,1,0,0,80,17.5625,2.9625,0.2,1.2,3.7375,2.1625,14.425,6.6625,4.3125,1.675,3.175,2.5625,15.822,0.555002528125395,28.887499999999992,
2049,2005,Speedy,Claxton,1,0,0,62,11.483870967741936,6.032258064516129,0.1290322580645161,1.7580645161290325,2.967741935483871,1.9193548387096773,9.85483870967742,4.145161290322581,0.9838709677419356,0.1774193548387097,4.096774193548387,3.0161290322580645,11.65741935483871,0.4925563119154352,28.69354838709677,
2404,2007,Chris,Wilcox,0,1,1,82,13.48780487804878,1.0,0.4634146341463415,0.8536585365853658,7.670731707317073,1.548780487804878,9.98780487804878,5.280487804878049,0.073170731707317,0.0,4.280487804878049,2.926829268292683,11.871219512195122,0.5680884286653518,28.664634146341463,
200751,2009,Randy,Foye,1,0,0,70,16.271428571428572,4.328571428571428,0.3714285714285714,1.0285714285714285,3.057142857142857,2.142857142857143,14.014285714285714,5.7,4.4,1.5857142857142856,3.8857142857142857,3.2857142857142856,15.724,0.5174074208671003,28.66428571428572,
201229,2010,Anthony,Tolliver,0,1,0,46,11.717391304347826,1.891304347826087,0.717391304347826,0.6956521739130435,6.956521739130435,1.0,9.76086956521739,4.195652173913044,3.3043478260869565,1.0869565217391304,2.9130434782608696,2.239130434782609,11.042608695652174,0.530553586896606,28.64130434782609,
201568,2010,Danilo,Gallinari,0,1,0,78,14.782051282051285,1.6794871794871795,0.717948717948718,0.9487179487179488,4.923076923076923,1.358974358974359,11.282051282051285,4.743589743589744,5.794871794871795,2.1538461538461537,3.8333333333333335,3.141025641025641,12.96871794871795,0.5699118193681046,28.634615384615387,
202130,2010,Reggie,Williams,0,1,0,24,15.208333333333334,2.75,0.25,0.9583333333333334,4.583333333333333,1.2083333333333333,11.791666666666666,5.833333333333333,3.8333333333333335,1.375,2.583333333333333,2.1666666666666665,12.928333333333333,0.5881784194920717,28.625,
2031,2002,Stromile,Swift,0,1,1,68,11.808823529411764,0.7352941176470589,1.661764705882353,0.7794117647058824,6.323529411764706,1.7941176470588236,8.985294117647058,4.3088235294117645,0.0441176470588235,0.0,4.485294117647059,3.1911764705882355,10.958823529411765,0.5387815351583468,28.5735294117647,
2555,2008,Nick,Collison,0,1,1,78,9.833333333333334,1.448717948717949,0.7692307692307693,0.6025641025641025,9.35897435897436,1.5128205128205128,8.217948717948717,4.128205128205129,0.0256410256410256,0.0,2.141025641025641,1.5769230769230769,9.16,0.5367540029112082,28.50641025641026,
696,2001,Travis,Best,1,0,0,77,11.92207792207792,6.142857142857143,0.1428571428571428,1.4285714285714286,2.883116883116883,1.6493506493506491,10.233766233766234,4.5064935064935066,1.2597402597402598,0.4805194805194805,2.935064935064935,2.4285714285714284,11.525194805194806,0.517218065446678,28.448051948051948,
2753,2006,Delonte,West,1,0,0,71,11.774647887323944,4.633802816901408,0.647887323943662,1.1830985915492958,4.070422535211268,1.8732394366197185,9.633802816901408,4.690140845070423,3.0704225352112675,1.1830985915492958,1.4225352112676055,1.2112676056338028,10.259718309859156,0.5738290044478612,28.40845070422536,
896,2001,Tim,Hardaway,1,0,0,77,14.935064935064934,6.2727272727272725,0.0779220779220779,1.1688311688311688,2.6493506493506493,2.4545454545454546,13.532467532467532,5.298701298701299,6.714285714285714,2.4545454545454546,2.3506493506493507,1.8831168831168832,14.566753246753246,0.5126422024892122,28.39610389610389,hardati01
200758,2009,Ronnie,Brewer,0,1,0,81,13.716049382716047,2.2098765432098766,0.3703703703703703,1.7037037037037035,3.703703703703704,1.3580246913580247,10.22222222222222,5.197530864197531,1.0493827160493827,0.2716049382716049,4.345679012345679,3.049382716049383,12.13432098765432,0.5651758098648869,28.166666666666664,
445,2002,Wesley,Person,1,1,0,78,15.076923076923077,2.217948717948718,0.4743589743589743,0.9871794871794872,3.769230769230769,0.9487179487179488,12.102564102564102,5.987179487179487,4.128205128205129,1.8333333333333333,1.5897435897435896,1.2692307692307692,12.802051282051282,0.5888479410350905,28.00641025641025,
201146,2010,Jianlian,Yi,0,1,0,49,12.0,0.9387755102040816,0.979591836734694,0.7346938775510204,7.1020408163265305,1.469387755102041,10.918367346938776,4.387755102040816,0.8163265306122449,0.3061224489795918,3.693877551020408,2.9183673469387754,12.543673469387755,0.4783287778211636,27.97959183673469,
2060,2005,Marko,Jaric,1,0,0,50,9.86,6.06,0.34,1.68,3.22,1.96,9.14,3.78,3.02,1.12,1.64,1.18,9.8616,0.4999188772612962,27.94,
201152,2009,Thaddeus,Young,0,1,0,75,15.266666666666667,1.1466666666666667,0.3066666666666666,1.3333333333333333,5.026666666666666,1.5733333333333333,12.8,6.333333333333333,2.1866666666666665,0.7466666666666667,2.52,1.8533333333333333,13.9088,0.5488132213658499,27.94,
201150,2009,Spencer,Hawes,0,1,1,77,11.376623376623376,1.9350649350649352,1.207792207792208,0.5714285714285714,7.12987012987013,2.0779220779220777,10.38961038961039,4.8441558441558445,1.4935064935064934,0.5194805194805194,1.7662337662337662,1.1688311688311688,11.166753246753249,0.5093970971343506,27.93506493506493,
2585,2006,Zaza,Pachulia,0,0,1,78,11.67948717948718,1.6538461538461535,0.5,1.141025641025641,7.858974358974359,2.3076923076923075,8.73076923076923,3.935897435897436,0.0256410256410256,0.0,5.17948717948718,3.807692307692308,11.00974358974359,0.530415948577018,27.89743589743589,
200081,2008,Jamario,Moon,0,1,0,78,8.474358974358974,1.1538461538461535,1.3846153846153846,1.0256410256410255,6.205128205128205,0.6538461538461539,7.371794871794871,3.576923076923077,1.564102564102564,0.5128205128205128,1.0897435897435896,0.8076923076923077,7.851282051282051,0.5396799477465709,27.846153846153847,
1548,2004,Mark,Blount,0,1,1,82,10.28048780487805,0.9146341463414634,1.2926829268292683,0.975609756097561,7.182926829268292,1.829268292682927,7.365853658536586,4.170731707317073,0.0,0.0,2.6951219512195124,1.9390243902439024,8.551707317073172,0.601078090240146,27.841463414634145,
2056,2005,Primoz,Brezec,0,0,1,72,13.02777777777778,1.1944444444444444,0.7638888888888888,0.4583333333333333,7.375,1.4722222222222223,10.5,5.375,0.0,0.0,3.055555555555556,2.2777777777777777,11.844444444444443,0.549953095684803,27.826388888888893,
72,2002,Kenny,Anderson,1,0,0,76,9.61842105263158,5.302631578947368,0.131578947368421,1.855263157894737,3.6184210526315774,1.5657894736842106,9.421052631578949,4.105263157894737,0.4342105263157895,0.1184210526315789,1.736842105263158,1.2894736842105263,10.185263157894736,0.472173418768086,27.81578947368421,anderke01
1425,2001,Aaron,Williams,0,1,1,82,10.21951219512195,1.0731707317073171,1.3780487804878048,0.7195121951219512,7.195121951219512,1.6097560975609757,7.926829268292683,3.6219512195121952,0.024390243902439,0.0,3.7804878048780486,2.975609756097561,9.590243902439024,0.5328077314343845,27.79268292682927,
1502,2001,Adonal,Foyle,0,0,1,58,5.896551724137931,0.8275862068965517,2.689655172413793,0.5344827586206896,6.982758620689655,1.362068965517241,6.465517241379311,2.689655172413793,0.0,0.0,1.1724137931034482,0.5172413793103449,6.981379310344828,0.4223056406203694,27.78448275862069,
2032,2005,Darius,Miles,0,1,0,63,12.841269841269842,2.0476190476190474,1.238095238095238,1.1904761904761905,4.746031746031746,2.492063492063492,11.063492063492063,5.333333333333333,0.365079365079365,0.1269841269841269,3.412698412698413,2.0476190476190474,12.565079365079365,0.5109903991915109,27.761904761904763,
965,2001,Derek,Fisher,1,0,0,20,11.45,4.35,0.1,1.95,2.95,1.45,9.35,3.85,3.15,1.25,3.1,2.5,10.714,0.5343475826022027,27.7,
201579,2010,Roy,Hibbert,0,0,1,79,11.79746835443038,1.962025316455696,1.620253164556962,0.379746835443038,5.6835443037974684,1.7974683544303798,9.69620253164557,4.810126582278481,0.0759493670886076,0.0379746835443038,2.835443037974684,2.1392405063291138,10.94379746835443,0.5390024983806792,27.67088607594937,
2201,2007,Eddy,Curry,0,0,1,81,19.45679012345679,0.8395061728395061,0.4938271604938271,0.419753086419753,7.049382716049383,3.641975308641976,12.54320987654321,7.222222222222222,0.0123456790123456,0.0123456790123456,8.135802469135802,5.0,16.122962962962962,0.6033875463260744,27.6604938271605,
358,2002,Anfernee,Hardaway,0,1,0,80,11.9875,4.05,0.4,1.525,4.375,2.3625,11.6375,4.8625,1.0375,0.2875,2.4375,1.975,12.71,0.4715774980330449,27.6,
976,2002,Jeff,McInnis,1,0,0,81,14.617283950617283,6.172839506172839,0.074074074074074,0.7777777777777778,2.6296296296296298,1.8148148148148149,13.839506172839506,5.716049382716049,2.888888888888889,0.925925925925926,2.703703703703704,2.259259259259259,15.029135802469137,0.4862982190970624,27.59876543209877,
1531,2001,Marc,Jackson,0,1,0,48,13.1875,1.2291666666666667,0.5625,0.7083333333333334,7.520833333333333,1.9375,10.583333333333334,4.9375,0.4791666666666667,0.1041666666666666,4.0,3.208333333333333,12.343333333333334,0.5341952470969484,27.52083333333333,
101235,2009,Kelenna,Azubuike,1,0,0,74,14.364864864864863,1.5810810810810811,0.6756756756756757,0.7702702702702703,5.0,1.2837837837837838,11.41891891891892,5.297297297297297,2.8378378378378377,1.2702702702702702,3.0945945945945947,2.5,12.78054054054054,0.5619818981559804,27.45270270270269,
754,2004,Jim,Jackson,1,1,0,80,12.9125,2.825,0.2875,1.075,6.0875,2.1875,11.25,4.775,5.0625,2.025,1.5875,1.3375,11.9485,0.5403397916056409,27.356250000000003,
2570,2009,Kendrick,Perkins,0,0,1,76,8.526315789473685,1.263157894736842,1.973684210526316,0.2894736842105263,8.144736842105264,2.171052631578948,6.289473684210527,3.631578947368421,0.0263157894736842,0.0,2.1052631578947367,1.263157894736842,7.215789473684211,0.5908096280087527,27.34868421052632,
2760,2010,Anderson,Varejao,0,1,0,72,8.625,1.1527777777777777,0.8888888888888888,0.875,7.625,0.875,6.111111111111111,3.555555555555556,0.0694444444444444,0.0138888888888888,2.305555555555556,1.5,7.125555555555555,0.6052159675658819,27.09722222222222,
363,2003,Christian,Laettner,0,1,1,76,8.31578947368421,3.0921052631578947,0.5263157894736842,1.0789473684210529,6.605263157894737,1.144736842105263,6.789473684210527,3.3552631578947367,0.2105263157894736,0.0263157894736842,1.894736842105263,1.5789473684210529,7.623157894736842,0.5454294393813863,26.99342105263158,laettch01
2198,2004,Kwame,Brown,0,0,1,74,10.87837837837838,1.5135135135135136,0.7027027027027027,0.8918918918918919,7.432432432432432,1.891891891891892,7.95945945945946,3.891891891891892,0.027027027027027,0.0135135135135135,4.513513513513513,3.081081081081081,9.945405405405406,0.5469047230827763,26.89189189189189,
2575,2007,Luke,Walton,0,1,0,60,11.4,4.283333333333333,0.35,1.0,5.033333333333333,1.9666666666666663,9.283333333333331,4.4,2.066666666666667,0.8,2.4166666666666665,1.8,10.346666666666666,0.5509020618556701,26.841666666666665,
1517,2003,Bobby,Jackson,1,0,0,59,15.169491525423728,3.0847457627118646,0.0508474576271186,1.2033898305084745,3.711864406779661,1.7966101694915255,12.40677966101695,5.762711864406779,3.983050847457627,1.5084745762711864,2.52542372881356,2.135593220338983,13.517966101694917,0.561086313255429,26.788135593220336,
101128,2009,Francisco,Garcia,1,1,0,65,12.676923076923076,2.3076923076923075,1.0307692307692309,1.2307692307692308,3.353846153846154,1.7230769230769232,10.23076923076923,4.538461538461538,3.4,1.353846153846154,2.7384615384615385,2.246153846153846,11.435692307692308,0.5542700317494484,26.769230769230766,
201196,2009,Ramon,Sessions,1,0,0,79,12.367088607594935,5.7215189873417724,0.0886075949367088,1.0506329113924051,3.4050632911392404,1.9240506329113924,9.810126582278482,4.367088607594937,0.430379746835443,0.0759493670886076,4.481012658227848,3.556962025316456,11.781772151898736,0.5248399157677597,26.76582278481013,
2038,2005,Joel,Przybilla,0,0,1,76,6.421052631578948,0.9736842105263158,2.144736842105264,0.3157894736842105,7.736842105263157,1.2894736842105263,4.381578947368421,2.6184210526315788,0.0,0.0,2.289473684210526,1.1842105263157894,5.388947368421053,0.5957613048149234,26.750000000000004,
1722,2001,Michael,Dickerson,1,0,0,70,16.314285714285713,3.3285714285714287,0.3857142857142857,0.8857142857142857,3.271428571428572,2.3142857142857145,14.571428571428571,6.071428571428571,3.2857142857142856,1.2285714285714286,3.857142857142857,2.942857142857143,16.268571428571427,0.5014049877063576,26.671428571428567,
2605,2009,Marquis,Daniels,0,1,0,54,13.574074074074074,2.111111111111111,0.4814814814814814,1.148148148148148,4.592592592592593,1.7407407407407407,12.75925925925926,5.75925925925926,1.6666666666666667,0.3333333333333333,2.388888888888889,1.7222222222222223,13.810370370370372,0.4914449688907959,26.666666666666668,
101150,2010,Lou,Williams,1,0,0,61,13.721311475409836,4.147540983606557,0.2459016393442623,1.2295081967213115,2.80327868852459,1.7049180327868851,10.557377049180328,4.868852459016393,3.278688524590164,1.098360655737705,3.508196721311476,2.8852459016393444,12.100983606557378,0.5669502546873306,26.63934426229508,
2365,2009,Chris,Andersen,0,1,1,71,6.366197183098592,0.4366197183098591,2.464788732394366,0.5774647887323944,6.225352112676056,0.971830985915493,4.112676056338028,2.2535211267605635,0.1408450704225352,0.028169014084507,2.5492957746478875,1.8309859154929573,5.234366197183099,0.6081153804757292,26.58450704225352,
1730,2004,Brian,Skinner,0,1,1,56,10.517857142857142,0.875,1.0892857142857142,0.5357142857142857,7.339285714285714,1.3928571428571428,9.160714285714286,4.553571428571429,0.0,0.0,2.4642857142857144,1.4107142857142858,10.245,0.5133166004322666,26.55357142857143,
389,2003,Toni,Kukoc,0,1,0,63,11.587301587301589,3.65079365079365,0.4603174603174603,1.2857142857142858,4.222222222222222,1.9365079365079363,9.158730158730158,3.952380952380953,4.174603174603175,1.507936507936508,3.0793650793650795,2.1746031746031744,10.513650793650791,0.5510598466090948,26.50793650793651,
101118,2007,Sean,May,0,1,1,35,11.885714285714286,1.8857142857142857,0.6857142857142857,0.5428571428571428,6.6571428571428575,1.6,9.371428571428572,4.685714285714286,0.0857142857142857,0.0571428571428571,3.2,2.4571428571428573,10.779428571428571,0.5513146734520781,26.41428571428572,
201959,2010,Taj,Gibson,0,1,0,80,9.0375,0.8375,1.3,0.6125,7.5375,1.425,7.75,3.8375,0.0,0.0,2.125,1.3625,8.685,0.520293609671848,26.4,
2747,2010,JR,Smith,1,0,0,75,15.413333333333334,2.44,0.2666666666666666,1.32,3.12,1.8533333333333333,13.773333333333332,5.706666666666667,6.226666666666667,2.1066666666666665,2.68,1.893333333333333,14.952533333333331,0.5154087601655015,26.39333333333333,
731,2004,Greg,Ostertag,0,0,1,78,6.782051282051282,1.5769230769230769,1.7820512820512822,0.3846153846153846,7.410256410256411,1.2692307692307692,5.602564102564102,2.6666666666666665,0.0128205128205128,0.0,2.5,1.448717948717949,6.702564102564102,0.50592960979342,26.39102564102564,
1501,2004,Tim,Thomas,0,1,0,66,14.696969696969695,1.878787878787879,0.303030303030303,0.9696969696969696,4.848484848484849,1.7575757575757576,12.318181818181818,5.5,2.9393939393939394,1.106060606060606,3.303030303030303,2.590909090909091,13.771515151515151,0.5336003168595697,26.363636363636363,
1737,2005,Nazr,Mohammed,0,0,1,77,9.493506493506494,0.4415584415584415,1.1168831168831168,0.7532467532467533,7.61038961038961,1.4025974025974026,7.818181818181818,3.753246753246753,0.0129870129870129,0.0,2.948051948051948,1.9870129870129871,9.115324675324675,0.5207442867726677,26.24675324675325,
682,2005,Bob,Sura,1,0,0,61,10.262295081967212,5.19672131147541,0.1147540983606557,1.0655737704918034,5.524590163934426,2.4098360655737703,8.262295081967213,3.5245901639344264,2.540983606557377,0.9016393442622952,3.081967213114754,2.3114754098360657,9.618360655737703,0.5334742296154895,26.245901639344265,
2209,2004,Vladimir,Radmanovic,0,1,0,77,12.012987012987011,1.844155844155844,0.5454545454545454,1.0389610389610389,5.2727272727272725,1.4155844155844155,10.545454545454543,4.48051948051948,4.896103896103896,1.818181818181818,1.6493506493506491,1.2337662337662338,11.271168831168833,0.5329077752684703,26.19480519480519,
2757,2010,Beno,Udrih,1,0,0,77,13.168831168831169,4.766233766233766,0.1168831168831168,1.1428571428571428,2.8181818181818183,1.7142857142857142,10.818181818181818,5.35064935064935,2.5324675324675323,0.948051948051948,1.8051948051948048,1.5194805194805194,11.612467532467532,0.5670126151919119,26.15584415584416,
1952,2006,Raja,Bell,1,0,0,79,14.708860759493673,2.6202531645569622,0.2784810126582278,0.9620253164556962,3.2025316455696204,1.1265822784810129,11.772151898734178,5.379746835443038,5.6455696202531644,2.4936708860759493,1.8481012658227849,1.4556962025316456,12.585316455696203,0.5843659478596717,26.15189873417721,
238,2002,Tyrone,Hill,0,1,0,26,8.038461538461538,0.8846153846153846,0.5,0.6538461538461539,10.538461538461538,1.8461538461538465,7.0,2.730769230769231,0.0384615384615384,0.0,3.9615384615384617,2.576923076923077,8.743076923076924,0.4597043814886503,26.096153846153847,hillty01
270,2001,Horace,Grant,0,0,1,77,8.532467532467532,1.5714285714285714,0.7922077922077922,0.6623376623376623,7.077922077922078,0.6233766233766234,7.389610389610389,3.415584415584416,0.0389610389610389,0.0,2.1948051948051948,1.7012987012987013,8.355324675324676,0.5106005968664511,26.077922077922075,grantho01
2470,2006,Smush,Parker,1,0,0,82,11.475609756097562,3.682926829268293,0.1951219512195122,1.7073170731707317,3.304878048780488,1.7926829268292683,9.5,4.243902439024391,4.0,1.4634146341463414,2.1951219512195124,1.524390243902439,10.465853658536586,0.5482405033791657,25.98170731707317,
109,2002,Robert,Horry,0,1,1,81,6.790123456790123,2.8641975308641974,1.0987654320987654,0.9506172839506172,5.91358024691358,1.0864197530864197,5.679012345679013,2.259259259259259,2.506172839506173,0.9382716049382716,1.7037037037037035,1.3333333333333333,6.428641975308643,0.5281149178061145,25.981481481481485,horryro01
782,2001,Mitch,Richmond,1,0,0,37,16.16216216216216,3.0,0.1891891891891892,1.162162162162162,2.945945945945946,2.27027027027027,13.62162162162162,5.54054054054054,3.5945945945945947,1.2162162162162162,4.324324324324325,3.864864864864865,15.524324324324324,0.5205431754874652,25.945945945945947,
121,2001,Patrick,Ewing,0,0,1,79,9.620253164556962,1.1645569620253164,1.1518987341772151,0.6708860759493671,7.405063291139241,1.9113924050632911,8.658227848101266,3.721518987341772,0.0253164556962025,0.0,3.1772151898734178,2.1772151898734178,10.05620253164557,0.4783243542621218,25.94303797468354,
101112,2010,Channing,Frye,0,1,1,79,11.0126582278481,1.4050632911392404,0.9240506329113924,0.759493670886076,5.253164556962025,0.8987341772151899,8.594936708860759,3.848101265822785,4.835443037974684,2.088607594936709,1.5063291139240509,1.2278481012658229,9.257721518987342,0.5947823233428133,25.93670886075949,
1928,2002,Todd,MacCulloch,0,0,1,62,9.741935483870968,1.2580645161290325,1.435483870967742,0.3870967741935484,6.096774193548387,1.064516129032258,7.5,3.983870967741936,0.0,0.0,2.6451612903225805,1.7741935483870968,8.663870967741936,0.5622160994861866,25.93548387096774,
2429,2005,Dan,Gadzuric,0,0,1,81,7.320987654320987,0.3703703703703703,1.308641975308642,0.5802469135802469,8.320987654320987,1.0,5.567901234567901,3.0,0.0,0.0,2.45679012345679,1.3209876543209875,6.648888888888889,0.5505421865715983,25.913580246913583,
2804,2006,Andres,Nocioni,0,1,0,82,12.96341463414634,1.4268292682926829,0.6341463414634146,0.4878048780487805,6.097560975609756,1.4634146341463414,10.134146341463415,4.670731707317073,2.902439024390244,1.1341463414634143,2.951219512195122,2.4878048780487805,11.43268292682927,0.5669454281691342,25.8109756097561,
2594,2005,Kyle,Korver,1,1,0,82,11.48780487804878,2.2195121951219514,0.4024390243902439,1.2560975609756098,4.621951219512195,1.2926829268292683,9.25609756097561,3.865853658536585,6.804878048780488,2.756097560975609,1.170731707317073,1.0,9.771219512195122,0.5878388497828366,25.79878048780488,
243,2001,Aaron,McKie,1,0,0,76,11.552631578947368,4.9605263157894735,0.1052631578947368,1.394736842105263,4.092105263157895,2.671052631578948,9.394736842105264,4.447368421052632,2.236842105263158,0.6973684210526315,2.5526315789473686,1.9605263157894737,10.517894736842106,0.5491893514811849,25.78947368421053,
2204,2003,Eddie,Griffin,0,1,0,77,8.623376623376624,1.1168831168831168,1.4415584415584417,0.6753246753246753,5.987012987012987,0.987012987012987,8.805194805194805,3.51948051948052,2.493506493506493,0.8311688311688312,1.2207792207792207,0.7532467532467533,9.342337662337664,0.4615213523131672,25.77272727272727,
201596,2009,Mario,Chalmers,1,0,0,82,9.975609756097562,4.914634146341464,0.0975609756097561,1.951219512195122,2.7804878048780486,2.0121951219512195,8.073170731707316,3.3902439024390243,3.792682926829268,1.3902439024390243,2.3536585365853657,1.804878048780488,9.108780487804877,0.5475820703689821,25.689024390243905,
201569,2009,Eric,Gordon,1,0,0,78,16.05128205128205,2.7564102564102564,0.4487179487179487,1.0,2.576923076923077,2.102564102564102,11.551282051282053,5.269230769230769,4.32051282051282,1.6794871794871795,4.487179487179487,3.8333333333333335,13.525641025641026,0.5933649289099526,25.64102564102564,
201144,2010,Mike,Conley,1,0,0,78,12.128205128205128,5.282051282051282,0.1538461538461538,1.3846153846153846,2.371794871794872,2.08974358974359,10.5,4.67948717948718,2.67948717948718,1.0384615384615383,2.3461538461538463,1.7307692307692308,11.532307692307691,0.525836001422981,25.583333333333336,
2566,2008,Travis,Outlaw,0,1,0,82,13.317073170731708,1.2926829268292683,0.7682926829268293,0.7195121951219512,4.585365853658536,1.304878048780488,11.75609756097561,5.085365853658536,1.2317073170731707,0.4878048780487805,3.5853658536585367,2.658536585365854,13.333658536585366,0.4993780639496597,25.47560975609756,
2041,2004,Etan,Thomas,0,0,1,79,8.924050632911392,0.8607594936708861,1.5569620253164558,0.4556962025316455,6.6835443037974684,1.4303797468354431,6.658227848101266,3.2531645569620253,0.0,0.0,3.734177215189873,2.4177215189873418,8.30126582278481,0.5375114364135407,25.43037974683544,
1607,2003,Troy,Hudson,1,0,0,78,14.397435897435898,5.794871794871795,0.0897435897435897,0.7692307692307693,2.3461538461538463,2.333333333333333,12.243589743589745,5.243589743589744,3.41025641025641,1.2435897435897436,2.9615384615384617,2.6666666666666665,13.546666666666669,0.5314014233797698,25.378205128205124,
2568,2010,Carlos,Delfino,1,1,0,74,11.08108108108108,2.716216216216216,0.2837837837837837,1.0810810810810811,5.283783783783784,1.5945945945945943,9.797297297297296,4.013513513513513,4.891891891891892,1.7972972972972974,1.608108108108108,1.2567567567567568,10.504864864864864,0.5274261603375527,25.35135135135135,
248,2001,George,Lynch,0,1,0,82,8.365853658536585,1.695121951219512,0.3658536585365853,1.2073170731707317,7.195121951219512,1.329268292682927,7.512195121951219,3.341463414634146,0.6951219512195121,0.1829268292682926,2.0853658536585367,1.5,8.429756097560976,0.4962097100862218,25.335365853658534,
101155,2008,Ryan,Gomes,0,1,0,82,12.597560975609756,1.7682926829268293,0.1219512195121951,0.7926829268292683,5.7926829268292686,1.170731707317073,10.451219512195122,4.780487804878049,2.182926829268293,0.7195121951219512,2.792682926829268,2.317073170731707,11.68,0.5392791513531574,25.25609756097561,
349,2001,Mark,Jackson,1,0,0,83,7.602409638554217,7.963855421686747,0.0843373493975903,1.0120481927710845,3.674698795180723,2.108433734939759,7.024096385542169,2.9397590361445785,2.4939759036144578,0.8433734939759037,1.1325301204819278,0.8795180722891566,7.522409638554217,0.5053174450637453,25.228915662650603,jacksma01
915,2001,Rodney,Rogers,0,1,0,82,12.170731707317072,2.1951219512195124,0.573170731707317,1.1829268292682926,4.378048780487805,1.914634146341464,10.682926829268292,4.597560975609756,2.304878048780488,0.6829268292682927,3.0121951219512195,2.292682926829268,12.00829268292683,0.5067636186375268,25.22560975609756,
452,2002,Vin,Baker,0,1,0,55,14.072727272727272,1.309090909090909,0.6545454545454545,0.4,6.363636363636363,2.309090909090909,11.8,5.727272727272728,0.1454545454545454,0.0181818181818181,4.109090909090909,2.6,13.608,0.517075517075517,25.181818181818183,bakervi01
101127,2009,Jarrett,Jack,1,0,0,82,13.097560975609756,4.121951219512195,0.2073170731707317,1.0731707317073171,3.365853658536585,2.2439024390243905,10.402439024390244,4.7073170731707314,2.6951219512195124,0.951219512195122,3.207317073170732,2.731707317073171,11.813658536585368,0.5543397472954,24.963414634146343,
2768,2009,Chris,Duhon,1,0,0,79,11.139240506329116,7.1645569620253164,0.0886075949367088,0.9113924050632912,3.113924050632912,2.79746835443038,8.620253164556962,3.632911392405063,4.113924050632911,1.6075949367088609,2.6455696202531644,2.2658227848101267,9.784303797468354,0.5692403229145105,24.96202531645569,
1902,2008,Jeff,Foster,0,1,1,77,6.441558441558442,1.675324675324675,0.4155844155844156,0.7272727272727273,8.675324675324676,0.8051948051948052,4.8441558441558445,2.6623376623376624,0.0389610389610389,0.0,1.8831168831168832,1.1168831168831168,5.672727272727273,0.5677655677655677,24.92857142857144,
1751,2001,Jahidi,White,0,1,1,68,8.573529411764707,0.2941176470588235,1.6323529411764706,0.4705882352941176,7.661764705882353,2.0,6.0,2.985294117647059,0.0147058823529411,0.0,4.588235294117647,2.6029411764705883,8.018823529411765,0.534587734741784,24.919117647058822,
2248,2008,Earl,Watson,1,0,0,78,10.743589743589745,6.807692307692308,0.141025641025641,0.8846153846153846,2.8846153846153846,2.243589743589744,9.576923076923077,4.346153846153846,1.6923076923076923,0.6282051282051282,1.858974358974359,1.4230769230769231,10.394871794871795,0.5167735569807597,24.89743589743589,
393,2002,Rod,Strickland,1,0,0,76,10.447368421052632,6.092105263157895,0.1447368421052631,1.0789473684210529,3.0526315789473686,2.0921052631578947,9.394736842105264,4.157894736842105,0.3421052631578947,0.1052631578947368,2.644736842105264,2.026315789473684,10.55842105263158,0.4947410398285229,24.875,
2294,2007,Charlie,Bell,1,0,0,82,13.53658536585366,3.0121951219512195,0.048780487804878,1.1829268292682926,2.902439024390244,1.2682926829268293,11.878048780487806,5.195121951219512,4.402439024390244,1.548780487804878,2.048780487804878,1.5975609756097562,12.779512195121953,0.5296205817237957,24.79878048780488,
1509,2005,Kelvin,Cato,0,0,1,62,6.967741935483871,0.6451612903225806,1.3225806451612905,0.8870967741935484,6.709677419354839,1.032258064516129,4.790322580645161,2.5806451612903225,0.0,0.0,2.306451612903226,1.806451612903225,5.80516129032258,0.6001333629695489,24.774193548387096,
697,2001,Fred,Hoiberg,1,0,0,74,9.094594594594597,3.554054054054054,0.1621621621621621,1.3243243243243243,4.162162162162162,1.0,6.675675675675675,2.9324324324324325,3.364864864864865,1.391891891891892,2.121621621621621,1.837837837837838,7.609189189189188,0.5976060240107978,24.614864864864867,
201147,2010,Corey,Brewer,1,1,0,80,13.1,2.3875,0.325,1.4,3.3375,1.9875,11.5875,5.0125,2.95,1.025,3.15,2.05,12.9735,0.5048753227733457,24.6125,
1515,2009,Anthony,Parker,1,0,0,80,10.7125,3.3625,0.1875,1.25,3.9625,1.425,9.425,4.0125,3.0125,1.175,1.8125,1.5125,10.2225,0.5239667400342383,24.6,
1853,2008,Anthony,Carter,1,0,0,70,7.785714285714286,5.542857142857143,0.4,1.5285714285714285,2.857142857142857,1.7714285714285714,6.8,3.1142857142857143,1.8428571428571427,0.6428571428571429,1.2142857142857142,0.9142857142857144,7.334285714285714,0.5307752239968835,24.557142857142857,
2733,2007,Shaun,Livingston,1,0,0,54,9.314814814814817,5.074074074074074,0.5370370370370371,1.0925925925925926,3.4074074074074074,2.0,8.314814814814815,3.851851851851852,0.2962962962962963,0.0925925925925925,2.1481481481481484,1.5185185185185186,9.26,0.5029597632189425,24.55555555555556,
702,2003,Voshon,Lenard,1,0,0,63,14.253968253968257,2.2857142857142856,0.3333333333333333,0.9365079365079364,3.365079365079365,1.6349206349206349,12.841269841269842,5.158730158730159,4.0,1.4603174603174602,3.0793650793650795,2.4761904761904763,14.196190476190475,0.5020349747305336,24.53968253968254,
2036,2006,Chris,Mihm,0,0,1,59,10.23728813559322,1.0338983050847457,1.2372881355932204,0.2711864406779661,6.322033898305085,1.4067796610169492,7.779661016949152,3.8983050847457625,0.0,0.0,3.406779661016949,2.440677966101695,9.278644067796607,0.5516586292561743,24.49152542372881,
2078,2005,Jason,Hart,1,0,0,74,9.54054054054054,4.95945945945946,0.1891891891891892,1.337837837837838,2.7432432432432434,1.3783783783783785,7.743243243243243,3.472972972972973,1.2837837837837838,0.4729729729729729,2.702702702702702,2.121621621621621,8.932432432432432,0.5340393343419062,24.445945945945947,
935,2001,Bryon,Russell,1,1,0,78,11.961538461538462,2.051282051282051,0.2564102564102564,1.2307692307692308,4.230769230769231,1.448717948717949,8.974358974358974,3.948717948717949,2.948717948717949,1.2179487179487178,3.6538461538461537,2.8461538461538463,10.582051282051282,0.5651805185364672,24.435897435897434,
111,2001,LaPhonso,Ellis,0,1,0,82,9.414634146341465,1.1341463414634143,0.902439024390244,0.8170731707317073,6.024390243902439,1.3170731707317074,7.829268292682927,3.634146341463415,0.2682926829268293,0.0853658536585365,2.609756097560976,2.0609756097560976,8.977560975609755,0.5243425342316888,24.39634146341464,ellisla01
101142,2009,Ronny,Turiaf,0,0,1,79,5.949367088607595,2.1012658227848102,2.1265822784810124,0.430379746835443,4.556962025316456,0.8860759493670886,4.632911392405063,2.354430379746836,0.0379746835443038,0.0,1.5696202531645569,1.240506329113924,5.323544303797468,0.5587787711622598,24.39240506329114,
717,2001,Arvydas,Sabonis,0,0,1,61,10.098360655737704,1.4918032786885247,1.0163934426229508,0.6557377049180327,5.426229508196721,1.3934426229508197,8.459016393442623,4.049180327868853,0.2459016393442623,0.0163934426229508,2.557377049180328,1.9836065573770487,9.584262295081968,0.5268199233716475,24.37704918032787,sabonar01
201584,2010,Courtney,Lee,1,0,0,68,12.426470588235292,1.7058823529411764,0.25,1.2941176470588236,3.588235294117647,1.088235294117647,10.794117647058824,4.779411764705882,3.176470588235294,1.088235294117647,2.044117647058824,1.7794117647058822,11.693529411764706,0.5313396046078777,24.36764705882353,
200767,2008,Josh,Boone,0,1,1,69,8.333333333333334,0.7971014492753623,0.8840579710144928,0.5217391304347826,7.376811594202898,0.9855072463768116,6.2898550724637685,3.449275362318841,0.0,0.0,3.1449275362318843,1.434782608695652,7.673623188405798,0.542985570748659,24.2463768115942,
1863,2007,Earl,Boykins,1,0,0,66,14.56060606060606,4.409090909090909,0.0303030303030303,0.8484848484848485,2.106060606060606,1.818181818181818,11.651515151515152,4.893939393939394,3.621212121212121,1.4393939393939394,3.712121212121212,3.333333333333333,13.284848484848483,0.5480155109489051,24.21212121212121,
2424,2005,Dan,Dickau,1,0,0,71,12.492957746478874,4.887323943661972,0.056338028169014,1.0704225352112675,2.535211267605634,2.0422535211267605,10.647887323943662,4.309859154929577,3.4507042253521125,1.1971830985915493,3.211267605633803,2.676056338028169,12.060845070422536,0.5179138639760837,24.049295774647888,
201954,2010,Darren,Collison,1,0,0,75,12.6,5.76,0.0533333333333333,1.04,2.546666666666667,2.6933333333333334,10.506666666666666,5.013333333333334,1.5333333333333334,0.6133333333333333,2.293333333333333,1.96,11.515733333333332,0.5470776213412375,24.04666666666667,
2545,2007,Darko,Milicic,0,0,1,80,7.9875,1.125,1.75,0.55,5.4625,1.55,6.85,3.1125,0.0125,0.0,2.875,1.7625,8.115,0.4921441774491681,23.96875,
788,2001,Kevin,Willis,0,1,1,78,9.256410256410255,0.6410256410256411,0.6666666666666666,0.7307692307692307,6.82051282051282,1.1153846153846154,8.846153846153847,3.897435897435898,0.0769230769230769,0.0128205128205128,1.8846153846153848,1.448717948717949,9.675384615384615,0.4783484390735146,23.80769230769231,willike02
201627,2010,Anthony,Morrow,1,0,0,66,13.409090909090908,1.5454545454545454,0.2121212121212121,0.9696969696969696,3.863636363636364,1.2424242424242424,10.469696969696969,4.924242424242424,4.5606060606060606,2.106060606060606,1.6363636363636365,1.4545454545454546,11.18969696969697,0.5991713156041814,23.76515151515152,
1088,2005,Chucky,Atkins,1,0,0,82,13.597560975609756,4.365853658536586,0.024390243902439,0.8902439024390244,2.402439024390244,1.8414634146341464,11.097560975609756,4.7317073170731705,5.548780487804878,2.1463414634146343,2.475609756097561,1.9878048780487805,12.186829268292684,0.5578793579634151,23.72560975609756,
1508,2001,Maurice,Taylor,0,1,1,69,13.028985507246375,1.5072463768115942,0.5507246376811594,0.4057971014492754,5.478260869565218,1.8115942028985508,11.55072463768116,5.652173913043479,0.0579710144927536,0.0,2.347826086956522,1.7246376811594204,12.58376811594203,0.517690146035841,23.71014492753623,
955,2002,Samaki,Walker,0,1,0,69,6.666666666666667,0.927536231884058,1.2753623188405796,0.4057971014492754,6.971014492753623,0.7681159420289855,5.2898550724637685,2.710144927536232,0.0,0.0,1.8695652173913044,1.2463768115942029,6.112463768115942,0.5453338391502276,23.70289855072464,
101141,2010,Ersan,Ilyasova,0,1,0,79,10.379746835443038,1.0253164556962024,0.2784810126582278,0.6708860759493671,6.417721518987341,0.8734177215189873,8.987341772151899,4.0,2.949367088607595,1.0,1.9367088607594936,1.379746835443038,9.839493670886077,0.5274533010857819,23.59493670886076,
1513,2002,Scot,Pollard,0,1,1,80,6.3625,0.6625,0.95,0.875,7.0625,0.85,4.475,2.4625,0.0,0.0,2.075,1.4375,5.388,0.5904324424647365,23.55,
383,2001,Kendall,Gill,1,0,0,31,9.129032258064516,2.806451612903226,0.2258064516129032,1.5161290322580645,4.225806451612903,1.5483870967741935,10.419354838709678,3.4516129032258065,0.4516129032258064,0.1290322580645161,2.903225806451613,2.096774193548387,11.696774193548388,0.3902371759514616,23.548387096774192,
2033,2002,Marcus,Fizer,0,1,0,76,12.342105263157896,1.5789473684210529,0.3157894736842105,0.6447368421052632,5.618421052631579,1.7236842105263157,11.157894736842104,4.881578947368421,0.5394736842105263,0.0921052631578947,3.723684210526316,2.486842105263158,12.796315789473685,0.482252293011969,23.532894736842103,
1908,2002,Jumaine,Jones,0,1,0,81,8.283950617283951,1.432098765432099,0.5679012345679012,0.925925925925926,6.049382716049383,0.9753086419753086,7.901234567901234,3.54320987654321,2.074074074074074,0.6419753086419753,0.8395061728395061,0.5555555555555556,8.270617283950617,0.5008060663959876,23.530864197530864,
2306,2004,Carlos,Arroyo,1,0,0,71,12.633802816901408,5.0,0.0704225352112676,0.8873239436619719,2.605633802816901,2.197183098591549,10.816901408450704,4.774647887323944,1.647887323943662,0.5352112676056338,3.1690140845070425,2.5492957746478875,12.211267605633802,0.5173010380622838,23.47887323943662,
1499,2003,Tony,Battie,0,0,1,67,7.268656716417911,0.7313432835820896,1.208955223880597,0.4925373134328358,6.462686567164179,0.7164179104477612,5.507462686567164,2.970149253731343,0.0746268656716417,0.0149253731343283,1.7611940298507462,1.3134328358208955,6.282388059701493,0.5784947258386391,23.432835820895523,
2581,2009,Steve,Blake,1,0,0,69,10.971014492753625,5.043478260869565,0.0579710144927536,1.0,2.5072463768115942,1.565217391304348,9.376811594202898,4.0144927536231885,4.753623188405797,2.028985507246377,1.0869565217391304,0.9130434782608696,9.855072463768115,0.5566176470588236,23.398550724637683,
201141,2009,Greg,Oden,0,0,1,61,8.852459016393443,0.5081967213114754,1.1311475409836065,0.4098360655737705,6.950819672131147,1.4262295081967211,5.754098360655738,3.2459016393442623,0.0,0.0,3.704918032786885,2.360655737704918,7.384262295081967,0.5994139064026285,23.352459016393446,
201228,2010,C.J.,Watson,1,0,0,64,10.421875,2.796875,0.125,1.59375,2.625,1.078125,8.234375,3.859375,2.265625,0.703125,2.59375,2.0,9.375625,0.5557962802479836,23.2734375,
2440,2009,Matt,Barnes,0,1,0,77,10.233766233766234,2.7532467532467533,0.3376623376623376,0.6753246753246753,5.467532467532467,1.6883116883116882,8.753246753246753,3.701298701298701,4.428571428571429,1.5194805194805194,1.7662337662337662,1.3116883116883118,9.53038961038961,0.5369017769541045,23.240259740259745,
2748,2008,Dorell,Wright,1,1,0,43,8.069767441860465,1.3953488372093024,0.9534883720930232,0.6744186046511628,5.116279069767442,0.6744186046511628,6.813953488372093,3.3255813953488373,0.2558139534883721,0.0930232558139534,1.6046511627906976,1.3255813953488371,7.52,0.536553686293914,23.000000000000004,
990,2003,Malik,Rose,0,1,0,79,10.40506329113924,1.5696202531645569,0.5063291139240507,0.7215189873417721,6.405063291139241,2.151898734177215,7.974683544303797,3.6582278481012658,0.0632911392405063,0.0253164556962025,3.873417721518988,3.0632911392405062,9.678987341772151,0.5375078468298807,22.9746835443038,
1924,2005,Lee,Nailon,0,1,0,68,14.161764705882351,1.6029411764705883,0.2352941176470588,0.5294117647058824,4.382352941176471,1.6176470588235294,12.779411764705882,6.102941176470588,0.0294117647058823,0.0,2.426470588235294,1.9558823529411764,13.847058823529412,0.5113636363636364,22.96323529411765,
201973,2010,Jonas,Jerebko,0,1,0,79,9.379746835443038,0.7341772151898734,0.3670886075949367,1.0,6.025316455696203,1.0379746835443038,7.632911392405063,3.670886075949367,1.4556962025316456,0.4556962025316455,2.2278481012658227,1.5822784810126582,8.613164556962024,0.5445006172476633,22.91139240506329,
201977,2010,Marcus,Thornton,1,1,0,73,14.47945205479452,1.5616438356164384,0.1506849315068493,0.7945205479452054,2.8904109589041096,1.0410958904109588,12.095890410958903,5.452054794520548,4.287671232876712,1.6027397260273972,2.424657534246576,1.9726027397260275,13.162739726027398,0.5500166514028807,22.856164383561644,
201588,2010,George,Hill,1,0,0,75,12.386666666666668,2.9466666666666668,0.3066666666666666,0.8666666666666667,2.6133333333333333,1.2933333333333332,9.506666666666666,4.533333333333333,2.4266666666666667,0.9466666666666668,3.08,2.373333333333333,10.861866666666666,0.5701905136011,22.833333333333336,
120,2001,Steven,Smith,1,1,0,81,13.641975308641976,2.6296296296296298,0.2962962962962963,0.5925925925925926,3.3580246913580245,1.691358024691358,9.728395061728396,4.432098765432099,2.8395061728395063,0.9629629629629628,4.283950617283951,3.814814814814815,11.613333333333332,0.5873410724156992,22.796296296296298,
2754,2007,Tony,Allen,1,1,0,33,11.484848484848484,1.696969696969697,0.3636363636363636,1.4848484848484849,3.757575757575758,2.272727272727273,7.848484848484849,4.03030303030303,1.0,0.2424242424242424,4.0606060606060606,3.1818181818181817,9.635151515151517,0.5959869165932822,22.51515151515152,
2742,2008,Sebastian,Telfair,1,0,0,60,9.266666666666667,5.916666666666667,0.1833333333333333,0.9833333333333332,2.25,1.85,9.266666666666667,3.716666666666667,1.9,0.5333333333333333,1.75,1.3,10.036666666666669,0.4616406509465294,22.48333333333333,
913,2001,Larry,Johnson,0,1,0,65,9.923076923076923,1.9538461538461536,0.4461538461538462,0.6,5.584615384615384,1.4923076923076923,9.2,3.784615384615385,2.507692307692308,0.7846153846153846,1.969230769230769,1.5692307692307692,10.066461538461535,0.4928781024575132,22.43076923076923,johnsla02
2484,2007,Devin,Brown,1,0,0,58,11.551724137931034,2.5689655172413794,0.1551724137931034,0.7586206896551724,4.327586206896552,1.5689655172413792,9.56896551724138,4.017241379310345,3.913793103448276,1.396551724137931,2.6724137931034484,2.1206896551724137,10.744827586206895,0.5375481386392812,22.41379310344828,
2554,2007,Mickael,Pietrus,0,1,0,71,11.28169014084507,0.8732394366197183,0.7746478873239436,0.676056338028169,4.605633802816901,1.4788732394366195,8.253521126760564,4.028169014084507,3.380281690140845,1.3098591549295775,2.9577464788732395,1.9154929577464788,9.55492957746479,0.5903596698113206,22.34507042253521,
2215,2005,Jason,Collins,0,0,1,80,6.3875,1.3125,0.8875,0.8875,6.1,1.1375,5.6375,2.325,0.075,0.025,2.6125,1.7125,6.787,0.4705687343450714,22.33125,
1800,2005,Damon,Jones,1,0,0,82,11.646341463414634,4.280487804878049,0.0609756097560975,0.5365853658536586,2.817073170731707,1.195121951219512,8.853658536585366,4.036585365853658,6.353658536585366,2.7439024390243905,1.048780487804878,0.8292682926829268,9.315121951219512,0.6251309174696272,22.292682926829265,
200816,2007,Jorge,Garbajosa,0,1,0,67,8.462686567164178,1.8656716417910448,0.2238805970149253,1.164179104477612,4.925373134328358,0.9552238805970148,7.895522388059701,3.313432835820896,2.880597014925373,0.9850746268656716,1.164179104477612,0.8507462686567164,8.40776119402985,0.5032663494993964,22.291044776119406,
2073,2005,Brian,Cardinal,0,1,0,58,9.0,1.9655172413793105,0.3275862068965517,1.5172413793103448,3.8793103448275854,1.4310344827586208,7.448275862068965,2.7586206896551726,2.155172413793104,0.7586206896551724,3.1206896551724137,2.7241379310344827,8.821379310344827,0.5101243061527637,22.284482758620687,
2044,2004,Jason,Collier,0,0,1,20,11.3,0.85,0.55,0.55,5.55,1.55,8.25,3.95,0.2,0.05,4.25,3.35,10.12,0.558300395256917,22.2,
101119,2008,Rashad,McCants,1,0,0,75,14.853333333333332,2.16,0.24,0.88,2.7466666666666666,2.293333333333333,12.586666666666666,5.706666666666667,4.653333333333333,1.893333333333333,2.066666666666667,1.5466666666666666,13.496,0.5502865046433512,22.106666666666666,
200768,2010,Kyle,Lowry,1,0,0,65,9.184615384615384,4.538461538461538,0.1384615384615384,0.8769230769230769,3.661538461538461,1.7230769230769232,6.861538461538461,2.7384615384615385,2.0,0.5384615384615384,3.8461538461538463,3.169230769230769,8.553846153846154,0.5368705035971223,22.1,
101124,2009,Hakim,Warrick,0,1,0,82,11.597560975609756,0.8048780487804879,0.4756097560975609,0.5853658536585366,4.951219512195122,1.195121951219512,8.451219512195122,4.146341463414634,0.2804878048780488,0.0609756097560975,4.560975609756097,3.2439024390243905,10.458048780487804,0.5544801529922105,22.085365853658534,
2446,2010,Rasual,Butler,0,1,0,78,12.128205128205128,1.3846153846153846,0.8461538461538461,0.4487179487179487,3.0,0.935897435897436,10.846153846153848,4.410256410256411,5.435897435897436,1.807692307692308,1.7692307692307692,1.5,11.624615384615383,0.5216604905593788,22.01282051282051,
201938,2010,Jonny,Flynn,1,0,0,79,13.40506329113924,4.443037974683544,0.0253164556962025,1.0,2.3417721518987342,2.848101265822785,11.759493670886076,4.886075949367089,2.6962025316455698,0.9620253164556962,3.240506329113924,2.670886075949367,13.185316455696205,0.5083330133251411,21.9873417721519,
960,2001,Tony,Delk,1,0,0,82,12.25609756097561,1.951219512195122,0.2073170731707317,0.9146341463414634,3.182926829268293,1.2317073170731707,11.25609756097561,4.670731707317073,2.048780487804878,0.6585365853658537,2.865853658536585,2.256097560975609,12.517073170731708,0.4895752143413873,21.98170731707317,
1727,2002,Pat,Garrity,0,1,0,80,11.05,1.2375,0.35,0.75,4.225,0.85,9.5875,4.0875,4.95,2.1125,0.9125,0.7625,9.989,0.5531084192611873,21.94375,
722,2002,Corliss,Williamson,0,1,0,78,13.628205128205128,1.205128205128205,0.3333333333333333,0.6282051282051282,4.102564102564102,1.7564102564102564,10.333333333333334,5.269230769230769,0.0641025641025641,0.0128205128205128,3.8205128205128207,3.076923076923077,12.014358974358975,0.5671632234932559,21.92307692307692,
296,2001,Rick,Fox,0,1,0,82,9.597560975609756,3.1951219512195124,0.3536585365853658,0.8536585365853658,3.963414634146341,1.6585365853658536,7.878048780487805,3.5,3.658536585365854,1.4390243902439024,1.4878048780487805,1.1585365853658536,8.532682926829269,0.5623999542648067,21.84756097560976,foxri01
1916,2001,Calvin,Booth,0,0,1,54,5.425925925925926,0.7777777777777778,2.055555555555556,0.5370370370370371,4.555555555555555,0.9814814814814816,4.666666666666667,2.2222222222222223,0.0,0.0,1.4444444444444444,0.9814814814814816,5.302222222222222,0.5116652696283878,21.833333333333336,
201575,2010,Brandon,Rush,1,1,0,80,9.575,1.35,0.8,0.7,4.3125,1.125,8.6875,3.6625,3.75,1.55,1.1125,0.7,9.177,0.5216846463986052,21.81875,
201601,2009,Luc,Mbah a Moute,0,1,0,82,7.2439024390243905,1.0609756097560976,0.5487804878048781,1.0609756097560976,5.939024390243903,1.2195121951219512,5.987804878048781,2.768292682926829,0.048780487804878,0.0,2.341463414634146,1.7073170731707317,7.018048780487805,0.5160909154097449,21.7439024390244,
735,2001,Bryant,Reeves,0,0,1,75,8.293333333333333,1.0666666666666669,0.72,0.5733333333333334,6.026666666666666,1.2,7.36,3.3866666666666667,0.0533333333333333,0.0133333333333333,1.893333333333333,1.5066666666666666,8.193066666666667,0.5061189949225361,21.706666666666667,reevebr01
461,2002,Popeye,Jones,0,1,0,79,7.012658227848101,1.6075949367088609,0.240506329113924,0.6329113924050633,7.3164556962025316,1.1139240506329111,6.430379746835443,2.810126582278481,0.1392405063291139,0.050632911392405,1.6455696202531649,1.3417721518987342,7.154430379746835,0.4900920028308563,21.66455696202532,
1498,2005,Antonio,Daniels,1,0,0,75,11.24,4.12,0.04,0.68,2.2533333333333334,1.04,8.306666666666667,3.64,2.2,0.6533333333333333,4.053333333333334,3.306666666666666,10.090133333333334,0.5569797558010465,21.6,
423,2001,Chris,Gatling,0,1,0,74,11.37837837837838,0.8243243243243243,0.3648648648648648,0.7027027027027027,5.283783783783784,1.608108108108108,9.905405405405403,4.445945945945946,1.2432432432432432,0.3783783783783784,3.081081081081081,2.108108108108108,11.26108108108108,0.5052080833293333,21.5945945945946,
179,2001,Bryant,Stith,1,0,0,78,9.692307692307692,2.1538461538461537,0.1794871794871795,1.1923076923076923,3.641025641025641,1.1538461538461535,7.833333333333333,3.141025641025641,3.102564102564102,1.1666666666666667,2.6538461538461537,2.243589743589744,9.00102564102564,0.5384001823154057,21.56410256410257,
1533,2005,Anthony,Johnson,1,0,0,63,8.444444444444445,4.7936507936507935,0.238095238095238,0.9365079365079364,2.8412698412698414,1.5238095238095235,7.238095238095238,3.2222222222222223,1.7142857142857142,0.6507936507936508,1.7936507936507935,1.3492063492063493,8.027301587301586,0.5259827572569802,21.547619047619047,
2436,2004,Flip,Murray,1,0,0,82,12.353658536585366,2.5,0.3414634146341463,0.9878048780487804,2.4878048780487805,1.817073170731708,11.158536585365852,4.743902439024391,2.792682926829268,0.8170731707317073,2.865853658536585,2.048780487804878,12.419512195121952,0.4973487824037706,21.51829268292684,
2052,2008,DeShawn,Stevenson,1,1,0,82,11.182926829268292,3.073170731707317,0.1829268292682926,0.7926829268292683,2.865853658536585,1.2439024390243902,9.51219512195122,3.670731707317073,5.036585365853658,1.9268292682926829,2.402439024390244,1.914634146341464,10.569268292682926,0.5290303226104215,21.50609756097561,
201587,2010,Nicolas,Batum,1,1,0,37,10.135135135135137,1.1891891891891893,0.6756756756756757,0.6486486486486487,3.810810810810811,0.7297297297297297,7.243243243243243,3.756756756756757,3.5675675675675675,1.4594594594594594,1.3783783783783785,1.162162162162162,7.849729729729729,0.6455722352293073,21.47297297297297,
677,2003,Eric,Williams,1,1,0,82,9.097560975609756,1.7073170731707317,0.2317073170731707,1.048780487804878,4.658536585365853,1.1829268292682926,7.012195121951219,3.097560975609756,1.3414634146341464,0.4512195121951219,3.268292682926829,2.451219512195122,8.450243902439023,0.5383016798476015,21.402439024390244,
1630,2007,Mikki,Moore,0,1,1,79,9.822784810126585,0.9367088607594936,0.759493670886076,0.5822784810126582,5.10126582278481,1.4303797468354431,6.405063291139241,3.8987341772151898,0.0126582278481012,0.0,2.9746835443037973,2.0253164556962027,7.713924050632912,0.6366918280275682,21.386075949367086,
2398,2003,Jay,Williams,1,0,0,75,9.52,4.666666666666667,0.2266666666666666,1.1466666666666667,2.6,2.28,9.133333333333333,3.64,2.6933333333333334,0.8666666666666667,2.1466666666666665,1.3733333333333333,10.077866666666663,0.4723221845893311,21.35333333333333,
324,2001,Anthony,Peeler,1,0,0,75,10.546666666666669,2.56,0.24,1.2133333333333334,2.56,1.4,9.76,4.1066666666666665,3.4133333333333336,1.3333333333333333,1.16,1.0,10.2704,0.5134496546710287,21.24,
446,2001,Lucious,Harris,1,0,0,73,9.356164383561644,1.8493150684931507,0.2191780821917808,1.0136986301369864,3.945205479452055,0.8767123287671232,8.547945205479452,3.6301369863013697,1.808219178082192,0.6301369863013698,1.904109589041096,1.4657534246575343,9.385753424657535,0.498423725845058,21.22602739726027,
468,2002,Jon,Barry,1,0,0,82,9.01219512195122,3.341463414634146,0.2439024390243902,1.146341463414634,2.8536585365853657,1.353658536585366,6.378048780487805,3.109756097560976,3.1463414634146343,1.475609756097561,1.4146341463414631,1.3170731707317074,7.000487804878048,0.6436833670127518,21.15853658536585,
2124,2003,Malik,Allen,0,1,0,80,9.5875,0.675,0.975,0.4625,5.3125,1.6,9.875,4.1875,0.05,0.0,1.5125,1.2125,10.5405,0.4547934158721123,21.11875,
283,2001,Lindsey,Hunter,1,0,0,82,10.060975609756095,2.707317073170732,0.1463414634146341,1.2439024390243902,2.0609756097560976,0.8292682926829268,9.548780487804878,3.634146341463415,4.963414634146342,1.853658536585366,1.170731707317073,0.9390243902439024,10.06390243902439,0.499854587756289,21.115853658536587,
2553,2005,Jarvis,Hayes,0,1,0,54,10.24074074074074,1.6666666666666667,0.1666666666666666,0.9074074074074074,4.203703703703703,1.148148148148148,9.814814814814817,3.814814814814815,2.2777777777777777,0.7777777777777778,2.185185185185185,1.8333333333333333,10.776296296296296,0.4751512235358812,21.046296296296298,
2501,2005,Reggie,Evans,0,1,1,79,4.89873417721519,0.7341772151898734,0.189873417721519,0.7341772151898734,9.316455696202532,1.3164556962025316,3.481012658227848,1.6582278481012658,0.0253164556962025,0.0,2.962025316455696,1.5822784810126582,4.784303797468354,0.5119589374536989,21.037974683544306,
458,2001,Howard,Eisley,1,0,0,82,9.03658536585366,3.597560975609756,0.1463414634146341,1.2073170731707317,2.402439024390244,1.2439024390243902,8.231707317073171,3.231707317073171,3.2804878048780486,1.304878048780488,1.5365853658536586,1.2682926829268293,8.90780487804878,0.5072285197962871,20.963414634146343,
1000,2001,Shandon,Anderson,1,1,0,82,8.658536585365853,2.304878048780488,0.4878048780487805,1.0,4.060975609756097,1.5975609756097562,7.195121951219512,3.207317073170732,2.073170731707317,0.5609756097560976,2.292682926829268,1.6829268292682926,8.20390243902439,0.5277084076584612,20.96341463414634,
201187,2009,Dominic,McGuire,0,1,0,79,4.506329113924051,2.5063291139240507,0.9367088607594936,0.7848101265822784,5.417721518987341,1.1645569620253164,4.10126582278481,1.7721518987341771,0.050632911392405,0.0253164556962025,1.2911392405063291,0.9367088607594936,4.669367088607594,0.4825417479939276,20.949367088607595,
911,2001,Ervin,Johnson,0,0,1,82,3.2439024390243905,0.4878048780487805,1.1829268292682926,0.5365853658536586,7.475609756097561,0.573170731707317,2.414634146341464,1.3170731707317074,0.0,0.0,1.1341463414634143,0.6097560975609756,2.9136585365853658,0.5566716892683744,20.92073170731708,johnser02
2410,2005,Fred,Jones,1,0,0,77,10.558441558441558,2.5454545454545454,0.4025974025974026,0.7922077922077922,3.142857142857143,1.4805194805194806,8.402597402597403,3.571428571428572,2.9740259740259742,1.12987012987013,2.688311688311688,2.2857142857142856,9.585454545454546,0.5507533058747018,20.90909090909091,
673,2001,Alan,Henderson,0,1,1,73,10.534246575342468,0.684931506849315,0.3972602739726027,0.6986301369863014,5.561643835616438,1.726027397260274,9.191780821917808,4.082191780821918,0.0136986301369863,0.0,3.712328767123288,2.3698630136986303,10.825205479452055,0.4865610447459,20.83561643835617,
1956,2002,Ira,Newble,1,1,0,42,8.047619047619047,1.0714285714285714,0.4761904761904761,0.9047619047619048,5.285714285714286,1.1666666666666667,6.261904761904762,3.119047619047619,0.1666666666666666,0.0238095238095238,2.095238095238096,1.7857142857142858,7.183809523809524,0.5601219673869813,20.77380952380953,
2408,2006,Melvin,Ely,0,1,1,57,9.824561403508772,1.3333333333333333,0.7719298245614035,0.5087719298245614,4.859649122807017,1.7543859649122806,7.456140350877193,3.789473684210526,0.0350877192982456,0.0,3.3684210526315788,2.245614035087719,8.938245614035088,0.5495799638847453,20.7280701754386,
1731,2004,Tyronn,Lue,1,0,0,76,10.513157894736842,4.171052631578948,0.0657894736842105,0.8026315789473685,2.460526315789474,1.631578947368421,9.394736842105264,4.065789473684211,2.75,1.0526315789473684,1.7236842105263157,1.3289473684210529,10.153157894736845,0.5177284744181224,20.671052631578945,
45,2001,George,McCloud,0,1,0,76,9.592105263157896,3.6710526315789473,0.3552631578947368,0.6973684210526315,2.9473684210526314,1.5394736842105263,8.618421052631579,3.289473684210526,3.0789473684210527,1.013157894736842,2.381578947368421,2.0,9.666315789473684,0.4961613851682457,20.65131578947369,
369,2003,Charlie,Ward,1,0,0,66,7.151515151515151,4.636363636363637,0.1666666666666666,1.181818181818182,2.6818181818181817,1.4393939393939394,6.2727272727272725,2.5,4.045454545454546,1.5303030303030305,0.803030303030303,0.6212121212121212,6.626060606060606,0.5396505991036312,20.643939393939394,
101198,2010,Will,Bynum,1,0,0,60,10.033333333333331,4.533333333333333,0.1166666666666666,0.9166666666666666,2.2333333333333334,1.85,8.416666666666666,3.783333333333333,0.85,0.2,2.85,2.2666666666666666,9.670666666666666,0.5187508617123949,20.616666666666667,
201580,2010,JaVale,McGee,0,1,1,54,6.925925925925926,0.2407407407407407,1.8333333333333333,0.2962962962962963,4.462962962962963,0.9444444444444444,5.537037037037037,2.7962962962962963,0.0185185185185185,0.0,2.074074074074074,1.3333333333333333,6.44962962962963,0.5369243137705294,20.61111111111111,
21,2002,Greg,Anthony,1,0,0,60,7.9,4.7,0.0833333333333333,1.2833333333333334,2.2,1.5666666666666669,7.916666666666667,3.05,2.716666666666667,0.8,1.5166666666666666,1.0,8.584,0.4601584342963654,20.58333333333333,
101131,2008,Jason,Maxiell,0,1,0,82,7.939024390243903,0.5609756097560976,1.146341463414634,0.2560975609756097,5.280487804878049,0.8658536585365854,5.439024390243903,2.926829268292683,0.0121951219512195,0.0,3.292682926829268,2.0853658536585367,6.887804878048781,0.5763101983002833,20.57926829268293,
200757,2010,Thabo,Sefolosha,1,1,0,80,5.9125,1.7875,0.5625,1.2,4.725,1.1,5.375,2.3625,1.5875,0.475,1.0375,0.7125,5.8315,0.5069450398696733,20.53125,
43,2002,Chris,Whitney,1,0,0,82,10.158536585365852,3.829268292682927,0.073170731707317,0.8780487804878049,1.853658536585366,1.0365853658536586,8.0,3.341463414634146,3.9390243902439024,1.5975609756097562,2.1341463414634148,1.8780487804878048,8.939024390243903,0.568212824010914,20.414634146341463,
201956,2010,Omri,Casspi,0,1,0,74,10.35135135135135,1.2702702702702702,0.2162162162162162,0.7297297297297297,4.621621621621622,1.2837837837837838,8.77027027027027,3.891891891891892,2.6621621621621623,1.0,2.2972972972972974,1.5675675675675675,9.781081081081082,0.5291516993644653,20.4054054054054,
1559,2002,Adrian,Griffin,1,1,0,58,7.155172413793103,1.827586206896552,0.2068965517241379,1.293103448275862,3.948275862068965,0.7241379310344828,6.189655172413793,3.086206896551724,0.9310344827586208,0.2758620689655172,0.8448275862068966,0.7068965517241379,6.561379310344827,0.5452491065797772,20.370689655172413,
2402,2003,Dajuan,Wagner,1,0,0,47,13.382978723404255,2.765957446808511,0.1489361702127659,0.8085106382978723,1.74468085106383,1.8085106382978724,12.872340425531917,4.74468085106383,3.702127659574468,1.1702127659574468,3.404255319148936,2.723404255319149,14.370212765957447,0.4656499851939591,20.361702127659576,
2584,2008,Willie,Green,1,0,0,74,12.445945945945946,2.0405405405405403,0.2972972972972973,0.7297297297297297,2.45945945945946,1.472972972972973,11.756756756756756,5.121621621621622,2.418918918918919,0.6891891891891891,2.0,1.5135135135135136,12.636756756756755,0.4924501668235093,20.35810810810811,
983,2002,Moochie,Norris,1,0,0,82,8.109756097560975,4.914634146341464,0.048780487804878,0.9878048780487804,3.0,1.902439024390244,7.695121951219512,3.0609756097560976,1.6341463414634143,0.4390243902439024,2.0609756097560976,1.548780487804878,8.601951219512195,0.4713904956334354,20.32317073170732,
2412,2004,Jiri,Welsch,0,1,0,81,9.209876543209877,2.259259259259259,0.0864197530864197,1.2469135802469136,3.654320987654321,1.5925925925925926,7.555555555555555,3.234567901234568,2.234567901234568,0.8518518518518519,2.54320987654321,1.8888888888888888,8.674567901234568,0.5308550609131276,20.2283950617284,
779,2001,Glen,Rice,1,1,0,75,11.986666666666666,1.1866666666666668,0.1733333333333333,0.5466666666666666,4.093333333333334,1.28,10.026666666666667,4.413333333333333,2.813333333333333,1.0933333333333333,2.4266666666666667,2.066666666666667,11.0944,0.5402124795692722,20.22666666666667,ricegl01
101132,2008,Linas,Kleiza,0,1,0,79,11.139240506329116,1.2025316455696202,0.240506329113924,0.5569620253164557,4.215189873417722,1.1265822784810129,8.341772151898734,3.9367088607594938,3.5063291139240507,1.1898734177215189,2.6962025316455698,2.075949367088608,9.528101265822784,0.5845467105962376,20.20253164556962,
201971,2010,DeJuan,Blair,0,1,1,79,7.7594936708860756,0.7721518987341772,0.4936708860759494,0.6075949367088608,6.341772151898734,1.3417721518987342,6.050632911392405,3.329113924050633,0.0253164556962025,0.0,2.0,1.1012658227848102,6.930632911392405,0.5597969023962595,20.15189873417721,
339,2002,Tom,Gugliotta,0,1,0,44,6.477272727272728,1.75,0.6818181818181818,0.8863636363636364,5.0227272727272725,1.3863636363636365,6.840909090909091,2.886363636363636,0.2045454545454545,0.0681818181818181,0.8409090909090909,0.6363636363636364,7.210909090909091,0.4491301059001513,20.13636363636364,guglito01
201935,2010,James,Harden,1,0,0,74,10.08108108108108,1.7432432432432432,0.2702702702702703,1.0810810810810811,3.2432432432432434,1.4324324324324325,7.702702702702703,3.108108108108108,3.324324324324324,1.2432432432432432,3.2432432432432434,2.621621621621621,9.12972972972973,0.5521018354055653,20.101351351351354,
2588,2009,Matt,Bonner,0,1,1,79,8.443037974683545,1.0379746835443038,0.3291139240506329,0.5949367088607594,4.886075949367089,0.4683544303797468,6.784810126582278,3.367088607594937,3.392405063291139,1.4936708860759491,0.2911392405063291,0.2151898734177215,6.912911392405063,0.6106716472570132,20.088607594936708,
201148,2009,Brandan,Wright,0,1,1,39,8.282051282051283,0.5384615384615384,0.9487179487179488,0.5641025641025641,4.0256410256410255,0.5897435897435898,6.307692307692308,3.333333333333333,0.1025641025641025,0.0,2.17948717948718,1.6153846153846154,7.266666666666667,0.5698659139026112,20.000000000000004,
1506,2001,Austin,Croshere,0,1,0,81,10.148148148148149,1.1358024691358024,0.6172839506172839,0.4444444444444444,4.777777777777778,1.6790123456790125,8.654320987654321,3.4074074074074074,2.555555555555556,0.8641975308641975,2.851851851851852,2.469135802469136,9.909135802469136,0.5120602013355926,19.90740740740741,
2059,2002,Eduardo,Najera,0,1,0,62,6.451612903225806,0.6129032258064516,0.4838709677419355,0.9032258064516128,5.516129032258065,0.6451612903225806,4.838709677419355,2.419354838709677,0.032258064516129,0.0,2.3870967741935485,1.6129032258064515,5.889032258064516,0.5477651183172656,19.903225806451616,
101110,2008,Martell,Webster,1,1,0,75,10.653333333333334,1.2,0.3733333333333333,0.56,3.9466666666666654,1.106666666666667,8.746666666666666,3.693333333333333,4.226666666666667,1.64,2.2133333333333334,1.6266666666666667,9.720533333333332,0.5479809063974543,19.89333333333333,
101129,2007,Luther,Head,1,0,0,80,10.9,2.425,0.0625,0.95,3.15,1.7125,8.75,3.825,5.0125,2.2125,1.3125,1.0375,9.3275,0.5842937550254623,19.8875,
2556,2006,Marcus,Banks,1,0,0,57,10.140350877192985,3.8596491228070176,0.1929824561403508,0.9473684210526316,2.3508771929824563,2.0701754385964914,8.192982456140351,3.842105263157895,1.087719298245614,0.3859649122807017,2.5789473684210527,2.0701754385964914,9.327719298245617,0.543560036111947,19.877192982456144,
201586,2010,Serge,Ibaka,0,1,0,72,6.402777777777778,0.1388888888888889,1.3472222222222223,0.3472222222222222,5.5,0.9444444444444444,5.138888888888889,2.7916666666666665,0.0277777777777777,0.0138888888888888,1.2777777777777777,0.8055555555555556,5.701111111111112,0.5615377119469889,19.75,
1901,2003,Dion,Glover,1,1,0,76,9.697368421052632,1.855263157894737,0.1973684210526315,0.9342105263157896,3.710526315789474,1.4210526315789471,8.526315789473685,3.6447368421052633,2.0789473684210527,0.7368421052631579,2.131578947368421,1.6710526315789471,9.46421052631579,0.5123178734289845,19.73026315789474,
2679,2007,Matt,Carroll,1,0,0,72,12.069444444444445,1.2638888888888888,0.125,0.7361111111111112,2.875,1.0138888888888888,9.13888888888889,3.9583333333333335,3.7083333333333335,1.5416666666666667,2.888888888888889,2.611111111111111,10.41,0.579704344113566,19.694444444444443,
2427,2009,Roger,Mason Jr.,1,0,0,82,11.817073170731708,2.109756097560976,0.1463414634146341,0.4878048780487805,3.0609756097560976,1.2195121951219512,10.024390243902438,4.2560975609756095,4.804878048780488,2.024390243902439,1.4390243902439024,1.2804878048780488,10.657560975609757,0.5543985719516661,19.67073170731708,
2407,2006,Jared,Jeffries,0,1,0,77,6.35064935064935,1.922077922077922,0.6493506493506493,0.7532467532467533,4.922077922077922,1.2857142857142858,5.3896103896103895,2.4285714285714284,0.6493506493506493,0.2077922077922078,2.1818181818181817,1.2857142857142858,6.3496103896103895,0.5000818129755379,19.65584415584416,
2693,2005,Keith,McLeod,1,0,0,53,7.849056603773585,4.452830188679245,0.2264150943396226,1.1886792452830188,2.1320754716981134,1.8679245283018868,7.69811320754717,2.69811320754717,1.3584905660377358,0.3396226415094339,2.754716981132076,2.113207547169812,8.910188679245284,0.4404540064374047,19.650943396226417,
63,2001,Michael,Smith,0,1,0,79,3.810126582278481,1.2784810126582278,0.4683544303797468,0.7215189873417721,7.113924050632911,0.7848101265822784,2.759493670886076,1.3417721518987342,0.0126582278481012,0.0,1.9493670886075949,1.1265822784810129,3.6172151898734177,0.5266657334826428,19.588607594936708,
1921,2004,Gordan,Giricek,1,0,0,73,11.32876712328767,1.6712328767123288,0.2054794520547945,0.7671232876712328,3.095890410958904,1.4109589041095891,9.917808219178085,4.328767123287672,2.0821917808219177,0.821917808219178,2.164383561643836,1.8493150684931507,10.87013698630137,0.5210958766004637,19.54794520547945,
1542,2003,Predrag,Drobnjak,0,0,1,82,9.402439024390244,1.048780487804878,0.4634146341463415,0.5853658536585366,3.902439024390244,0.7926829268292683,9.621951219512194,3.963414634146341,1.0365853658536586,0.3658536585365853,1.4024390243902438,1.1097560975609757,10.239024390243902,0.4591472129585517,19.4390243902439,
201164,2009,Rudy,Fernandez,1,0,0,78,10.448717948717947,2.0384615384615383,0.1538461538461538,0.8846153846153846,2.6538461538461537,1.1025641025641026,8.076923076923077,3.435897435897436,5.102564102564102,2.0384615384615383,1.8333333333333333,1.5384615384615383,8.883589743589743,0.5880909773133984,19.435897435897434,
2239,2002,Trenton,Hassell,1,1,0,78,8.73076923076923,2.2051282051282053,0.5641025641025641,0.7051282051282052,3.269230769230769,1.294871794871795,8.051282051282051,3.423076923076923,2.1153846153846154,0.7692307692307693,1.4615384615384617,1.1153846153846154,8.694358974358973,0.5020939011442728,19.42948717948717,
101236,2007,Chuck,Hayes,0,1,1,78,5.628205128205129,0.6025641025641025,0.2307692307692307,0.8974358974358975,6.67948717948718,0.8205128205128205,4.294871794871795,2.4615384615384617,0.0,0.0,1.141025641025641,0.7051282051282052,4.796923076923076,0.5866474235621125,19.423076923076923,
1477,2006,Bruce,Bowen,0,1,0,82,7.548780487804878,1.5365853658536586,0.3658536585365853,0.9634146341463414,3.902439024390244,0.8170731707317073,6.536585365853658,2.8292682926829267,2.9878048780487805,1.2682926829268293,1.024390243902439,0.6219512195121951,6.987317073170732,0.5401773247696174,19.39024390243903,
1904,2004,Devean,George,0,1,0,81,7.45679012345679,1.382716049382716,0.4691358024691358,1.0,4.098765432098766,1.0864197530864197,7.049382716049383,2.876543209876543,2.2962962962962963,0.8024691358024691,1.1851851851851851,0.9012345679012346,7.570864197530865,0.4924662448633487,19.38271604938272,
2054,2002,Jake,Tsakalidis,0,0,1,67,7.328358208955223,0.3432835820895522,1.0298507462686568,0.3432835820895522,5.582089552238806,1.164179104477612,5.970149253731344,2.8358208955223883,0.0149253731343283,0.0,2.373134328358209,1.6567164179104477,7.014328358208956,0.5223848838198994,19.38059701492537,
2039,2009,Keyon,Dooling,1,0,0,77,9.714285714285714,3.5064935064935066,0.1038961038961039,0.922077922077922,2.012987012987013,1.3636363636363635,7.766233766233766,3.389610389610389,3.051948051948052,1.2857142857142858,2.0,1.6493506493506491,8.646233766233767,0.5617639990386926,19.37012987012988,
201577,2010,Robin,Lopez,0,0,1,51,8.431372549019608,0.1372549019607843,1.03921568627451,0.196078431372549,4.862745098039215,0.803921568627451,5.705882352941177,3.3529411764705883,0.0,0.0,2.450980392156863,1.7254901960784317,6.784313725490197,0.6213872832369942,19.26470588235294,
200789,2008,Daniel,Gibson,1,0,0,58,10.43103448275862,2.5,0.2413793103448276,0.8103448275862069,2.310344827586207,1.3103448275862069,8.017241379310345,3.4655172413793105,4.620689655172414,2.034482758620689,1.8103448275862069,1.4655172413793105,8.813793103448276,0.5917449139280125,19.23275862068966,
2592,2006,James,Jones,1,1,0,75,9.32,0.76,0.6533333333333333,0.5066666666666667,3.373333333333333,0.4666666666666667,7.746666666666667,3.24,3.8,1.4666666666666666,1.6133333333333333,1.3733333333333333,8.456533333333333,0.5510532290615541,19.226666666666667,
2035,2002,DerMarr,Johnson,1,1,0,71,8.47887323943662,1.1408450704225352,0.7887323943661971,0.8732394366197183,3.464788732394366,1.4225352112676055,7.605633802816901,3.014084507042253,3.4788732394366195,1.2535211267605637,1.4788732394366195,1.1971830985915493,8.256338028169013,0.5134766291368135,19.19014084507042,
2743,2010,Kris,Humphries,0,1,0,66,7.121212121212121,0.4545454545454545,0.7272727272727273,0.5151515151515151,5.53030303030303,0.9545454545454546,5.9393939393939394,2.606060606060606,0.0151515151515151,0.0,2.8181818181818183,1.9090909090909087,7.17939393939394,0.4959479993246665,19.159090909090907,
2863,2008,Damien,Wilkins,1,1,0,75,9.306666666666668,2.0,0.2533333333333333,0.8266666666666667,3.2666666666666666,1.1866666666666668,8.973333333333333,3.613333333333333,2.066666666666667,0.6666666666666666,1.92,1.413333333333333,9.818133333333332,0.4739529577923842,19.15333333333333,
2413,2006,Juan,Dixon,1,0,0,76,12.302631578947368,1.9605263157894737,0.0789473684210526,0.7631578947368421,2.3289473684210527,1.486842105263158,10.802631578947368,4.697368421052632,2.236842105263158,0.8552631578947368,2.5526315789473686,2.0526315789473686,11.92578947368421,0.5157994615825942,19.13157894736842,
1735,2003,Vladimir,Stepania,0,0,1,79,5.582278481012659,0.3037974683544304,0.5063291139240507,0.569620253164557,7.012658227848101,0.8734177215189873,5.405063291139241,2.3417721518987342,0.0,0.0,1.6962025316455696,0.8987341772151899,6.151392405063292,0.4537410486459791,19.11392405063292,
201946,2010,Tyler,Hansbrough,0,1,0,29,8.482758620689655,0.9655172413793104,0.2758620689655172,0.5862068965517241,4.758620689655173,0.7241379310344828,7.758620689655173,2.793103448275862,0.1379310344827586,0.0,3.896551724137931,2.896551724137931,9.473103448275864,0.4477285963890506,19.068965517241377,
2741,2006,Robert,Swift,0,0,1,47,6.404255319148936,0.1702127659574468,1.1914893617021276,0.3191489361702128,5.617021276595745,1.0425531914893618,5.127659574468085,2.6382978723404253,0.0,0.0,1.9361702127659568,1.127659574468085,5.979574468085106,0.5355109592940507,19.042553191489365,
2552,2006,Michael,Sweetney,0,1,0,66,8.075757575757576,0.8939393939393939,0.8484848484848485,0.2878787878787879,5.303030303030303,1.4393939393939394,6.727272727272728,3.0303030303030303,0.0,0.0,3.090909090909091,2.015151515151515,8.087272727272728,0.4992880695443645,19.03787878787879,
201950,2010,Jrue,Holiday,1,0,0,72,8.125,3.888888888888889,0.25,1.0972222222222223,2.638888888888889,2.1527777777777777,7.208333333333333,3.180555555555556,2.208333333333333,0.8611111111111112,1.1944444444444444,0.9027777777777778,7.733888888888888,0.5252855398319087,19.0,
1934,2002,Rodney,Buford,1,1,0,63,9.38095238095238,1.126984126984127,0.1904761904761904,0.6666666666666666,4.317460317460317,1.0,9.412698412698411,4.095238095238095,1.1111111111111112,0.2698412698412698,1.2698412698412698,0.9206349206349206,9.971428571428572,0.4703915950334288,18.97619047619048,
2137,2007,Ime,Udoka,1,1,0,75,8.386666666666667,1.4933333333333334,0.2266666666666666,0.9466666666666668,3.72,0.9733333333333334,6.8533333333333335,3.16,2.92,1.1866666666666668,1.1866666666666668,0.88,7.375466666666667,0.5685515944753778,18.953333333333333,
201944,2010,Terrence,Williams,1,1,0,75,8.32,2.92,0.1333333333333333,0.5466666666666666,4.426666666666667,1.56,8.226666666666667,3.32,1.2133333333333334,0.3733333333333333,1.8266666666666669,1.3066666666666666,9.0304,0.4606661941885188,18.94,
201571,2009,D.J.,Augustin,1,0,0,72,11.805555555555555,3.4722222222222223,0.0277777777777777,0.5833333333333334,1.8472222222222223,1.6527777777777777,8.625,3.7083333333333335,3.4166666666666665,1.5,3.236111111111111,2.888888888888889,10.04888888888889,0.5874060150375939,18.923611111111107,
201581,2010,JJ,Hickson,0,1,1,77,8.883116883116884,0.5064935064935064,0.5064935064935064,0.4545454545454545,5.12987012987013,1.1688311688311688,6.714285714285714,3.727272727272727,0.0129870129870129,0.0,2.090909090909091,1.4285714285714286,7.634285714285714,0.5817909635274905,18.844155844155843,
431,2003,Shawn,Kemp,0,1,0,79,6.79746835443038,0.6962025316455697,0.4177215189873418,0.8354430379746836,5.708860759493671,1.2911392405063291,6.39240506329114,2.670886075949367,0.0126582278481012,0.0,1.962025316455696,1.4556962025316456,7.255696202531646,0.4684228890439637,18.835443037974684,
281,2001,Scott,Williams,0,1,1,66,6.106060606060606,0.5303030303030303,0.4848484848484848,0.7272727272727273,5.515151515151516,0.6212121212121212,5.46969696969697,2.590909090909091,0.0606060606060606,0.0151515151515151,1.0606060606060606,0.9090909090909092,5.9363636363636365,0.5142930066360388,18.78030303030303,
958,2001,Vitaly,Potapenko,0,1,1,82,7.451219512195122,0.7804878048780488,0.2804878048780488,0.6341463414634146,6.036585365853658,1.2804878048780488,6.353658536585366,3.024390243902439,0.0,0.0,1.9268292682926829,1.4024390243902438,7.201463414634146,0.5173406489195963,18.77439024390244,
1838,2002,Tyrone,Nesby,1,1,0,69,6.420289855072464,1.318840579710145,0.3188405797101449,0.8840579710144928,4.608695652173913,0.7101449275362319,6.101449275362318,2.652173913043478,0.6811594202898551,0.1884057971014492,1.3478260869565215,0.927536231884058,6.694492753623188,0.4795202632490474,18.70289855072464,
2098,2004,Slava,Medvedenko,0,1,0,68,8.279411764705882,0.8382352941176471,0.2647058823529412,0.5588235294117647,5.044117647058823,0.8676470588235294,7.897058823529412,3.485294117647059,0.0441176470588235,0.0,1.7058823529411764,1.3088235294117647,8.64764705882353,0.4787089313652132,18.66176470588235,
2563,2010,Dahntay,Jones,1,1,0,74,10.175675675675675,2.0,0.527027027027027,0.5135135135135135,3.027027027027027,1.6216216216216215,8.175675675675675,3.797297297297298,0.4324324324324324,0.054054054054054,3.324324324324324,2.527027027027027,9.63837837837838,0.5278728057876731,18.635135135135137,
101161,2010,Amir,Johnson,0,1,1,80,6.3625,0.6,0.825,0.55,4.925,0.7875,4.175,2.6,0.05,0.0,1.8375,1.1625,4.983499999999999,0.6383565767031204,18.575000000000003,
101139,2010,CJ,Miles,1,0,0,63,9.873015873015872,1.6666666666666667,0.2698412698412698,0.9206349206349206,2.6666666666666665,1.2857142857142858,8.920634920634921,3.8253968253968256,3.4444444444444446,1.1746031746031746,1.507936507936508,1.0476190476190477,9.584126984126984,0.515071215634316,18.563492063492063,
2586,2006,Keith,Bogans,1,1,0,72,8.63888888888889,1.7777777777777777,0.125,0.9861111111111112,3.5416666666666665,1.25,7.555555555555555,2.986111111111111,2.7777777777777777,0.9027777777777778,2.583333333333333,1.7638888888888888,8.692222222222222,0.4969321232263837,18.5625,
2051,2003,Donnell,Harvey,0,1,0,77,7.935064935064935,1.2987012987012987,0.3506493506493506,0.6233766233766234,5.311688311688312,1.5974025974025974,7.155844155844156,3.1948051948051948,0.0909090909090909,0.0129870129870129,2.2857142857142856,1.5324675324675323,8.16155844155844,0.486124371459487,18.551948051948056,
201157,2008,Sean,Williams,0,1,1,72,5.680555555555555,0.3888888888888889,1.4722222222222223,0.3888888888888889,4.472222222222222,0.9722222222222222,4.236111111111111,2.2777777777777777,0.0,0.0,1.8472222222222223,1.125,5.0488888888888885,0.5625550176056339,18.472222222222225,
201162,2010,Jared,Dudley,0,1,0,80,8.275,1.4125,0.1875,0.9875,3.3625,0.8375,6.0125,2.7625,3.2125,1.4875,1.6375,1.2625,6.7330000000000005,0.614510619337591,18.4625,
970,2001,Othella,Harrington,0,1,1,74,8.986486486486486,0.7567567567567568,0.6081081081081081,0.4594594594594595,5.243243243243243,1.95945945945946,6.851351351351352,3.3378378378378377,0.0405405405405405,0.0,3.027027027027027,2.310810810810811,8.183243243243243,0.5490785388731092,18.337837837837835,
166,2001,Ron,Harper,1,0,0,47,6.531914893617022,2.404255319148936,0.5319148936170213,0.8297872340425532,3.5319148936170213,1.319148936170213,5.76595744680851,2.702127659574468,1.5319148936170213,0.4042553191489361,1.0212765957446808,0.723404255319149,6.21531914893617,0.525468985348487,18.24468085106384,harpero01
2411,2008,Bostjan,Nachbar,0,1,0,74,9.972972972972974,1.1891891891891893,0.2837837837837837,0.5945945945945946,3.5135135135135136,1.148648648648649,8.22972972972973,3.310810810810811,3.5405405405405403,1.2702702702702702,2.6486486486486487,2.081081081081081,9.395135135135137,0.5307519705425465,18.24324324324324,
201167,2010,Arron,Afflalo,1,0,0,80,9.0125,1.7,0.3625,0.575,3.1375,0.9,7.25,3.3875,3.0875,1.35,1.2125,0.8875,7.7835,0.5789490589066615,18.21875,
1594,2005,Rick,Brunson,1,0,0,79,5.518987341772152,5.189873417721519,0.0886075949367088,1.0379746835443038,2.367088607594937,1.5822784810126582,5.594936708860759,2.1012658227848102,1.6455696202531649,0.6075949367088608,0.9113924050632912,0.7088607594936709,5.995949367088607,0.4602263131227833,18.19620253164557,
15,2001,Eric,Piatkowski,1,1,0,81,10.617283950617283,1.1851851851851851,0.2345679012345679,0.5679012345679012,2.9753086419753085,0.9382716049382716,8.296296296296296,3.592592592592593,3.6666666666666665,1.4814814814814814,2.234567901234568,1.9506172839506173,9.279506172839506,0.5720823798627002,18.19135802469136,
2205,2006,DeSagana,Diop,0,0,1,81,2.345679012345679,0.2839506172839506,1.8024691358024687,0.5432098765432098,4.617283950617284,0.4444444444444444,1.9012345679012344,0.925925925925926,0.0246913580246913,0.0123456790123456,0.8888888888888888,0.4814814814814814,2.292345679012345,0.5116329168461871,18.19135802469136,
1544,2004,Chris,Crawford,0,1,0,56,10.160714285714286,0.8035714285714286,0.3571428571428571,0.6607142857142857,3.125,0.9821428571428572,8.410714285714286,3.767857142857143,2.017857142857143,0.7857142857142857,2.125,1.8392857142857144,9.345714285714289,0.5436028737389177,18.160714285714285,
685,2003,Cherokee,Parks,0,1,1,29,6.482758620689655,0.7241379310344828,0.6896551724137931,0.5517241379310345,4.551724137931035,0.6206896551724138,5.620689655172414,2.827586206896552,0.0689655172413793,0.0344827586206896,1.3103448275862069,0.7931034482758621,6.197241379310345,0.523035833518807,18.12068965517241,
1741,2003,Jelani,McCoy,0,1,1,67,6.82089552238806,0.6417910447761194,0.8955223880597015,0.417910447761194,5.298507462686567,1.4328358208955223,5.895522388059701,2.8955223880597014,0.0,0.0,1.8805970149253728,1.0298507462686568,6.722985074626866,0.5072817689370394,18.119402985074625,
384,2003,Calbert,Cheaney,1,1,0,81,8.641975308641975,2.0123456790123457,0.1604938271604938,0.8024691358024691,3.506172839506173,1.3333333333333333,8.037037037037036,4.012345679012346,0.3086419753086419,0.1234567901234567,0.8518518518518519,0.4938271604938271,8.411851851851852,0.5136785253023365,18.104938271604937,
1761,2006,Greg,Buckner,1,0,0,73,6.726027397260274,1.7397260273972603,0.273972602739726,1.1917808219178083,2.863013698630137,0.7123287671232876,5.712328767123288,2.4794520547945207,3.328767123287671,1.178082191780822,0.7534246575342466,0.589041095890411,6.043835616438356,0.5564369900271986,18.068493150684933,
1732,2001,Felipe,Lopez,1,1,0,70,7.857142857142857,1.5285714285714285,0.4285714285714285,0.8857142857142857,3.342857142857143,1.1857142857142855,6.828571428571428,3.0142857142857142,0.7428571428571429,0.2714285714285714,2.2285714285714286,1.5571428571428572,7.809142857142857,0.5030733206497878,18.05,
2084,2001,Chris,Porter,0,1,0,50,8.8,1.22,0.12,0.9,3.78,1.18,8.9,3.46,0.1,0.0,2.82,1.88,10.1408,0.4338908172925213,18.020000000000003,
1728,2001,Roshown,McLeod,0,1,0,34,9.911764705882351,1.7058823529411764,0.2352941176470588,0.6764705882352942,3.5294117647058822,1.7058823529411764,9.764705882352942,4.264705882352941,0.6470588235294118,0.0588235294117647,1.5,1.3235294117647058,10.424705882352942,0.4753978106308543,18.000000000000004,
101138,2009,Brandon,Bass,0,1,0,81,8.469135802469136,0.5308641975308642,0.6790123456790124,0.3333333333333333,4.530864197530864,1.0617283950617284,6.271604938271605,3.111111111111111,0.074074074074074,0.0,2.592592592592593,2.246913580246914,7.412345679012346,0.5712858094603598,17.987654320987655,
200770,2008,Jordan,Farmar,1,0,0,82,9.134146341463415,2.7439024390243905,0.0609756097560975,0.9390243902439024,2.231707317073171,1.3170731707317074,7.695121951219512,3.548780487804878,3.7439024390243913,1.3902439024390243,0.951219512195122,0.6463414634146342,8.113658536585366,0.5628870318042446,17.96341463414634,
200783,2008,Craig,Smith,0,1,0,77,9.441558441558442,0.7792207792207793,0.2207792207792207,0.4675324675324675,4.584415584415584,1.155844155844156,6.857142857142857,3.857142857142857,0.1168831168831168,0.0,2.5974025974025974,1.7272727272727273,8.0,0.5900974025974026,17.92857142857143,
317,2001,John,Starks,1,0,0,75,9.32,2.373333333333333,0.1333333333333333,0.9733333333333334,2.053333333333333,1.2533333333333334,9.146666666666668,3.64,2.4266666666666667,0.8533333333333334,1.48,1.1866666666666668,9.797866666666666,0.4756137390452344,17.880000000000003,
1714,2001,Robert,Traylor,0,1,1,70,5.742857142857143,0.9,1.0857142857142856,0.7,4.285714285714286,1.4,4.628571428571429,2.3,0.0285714285714285,0.0,2.0142857142857142,1.1428571428571428,5.514857142857143,0.520671433012123,17.86428571428571,
2443,2006,Darius,Songaila,0,1,0,62,9.161290322580646,1.4193548387096775,0.2580645161290322,0.5645161290322581,3.967741935483871,1.3709677419354838,7.919354838709677,3.806451612903226,0.0806451612903225,0.032258064516129,1.85483870967742,1.5161290322580645,8.735483870967741,0.5243722304283606,17.79032258064516,
1742,2003,Shammond,Williams,1,0,0,78,8.038461538461538,3.41025641025641,0.0769230769230769,0.9871794871794872,2.1923076923076925,1.4615384615384617,7.423076923076923,2.923076923076923,3.3461538461538463,1.1923076923076923,1.3076923076923077,1.0,7.998461538461539,0.5025004808617041,17.775641025641026,
200747,2007,Adam,Morrison,0,1,0,78,11.756410256410255,2.08974358974359,0.0769230769230769,0.358974358974359,2.948717948717949,1.6666666666666667,12.102564102564102,4.551282051282051,3.3076923076923075,1.1153846153846154,2.1666666666666665,1.5384615384615383,13.055897435897435,0.4502337091009074,17.724358974358978,
201604,2010,Chris,Douglas-Roberts,1,0,0,64,9.65625,1.390625,0.28125,0.84375,2.921875,1.453125,8.5625,3.765625,0.84375,0.21875,2.265625,1.90625,9.559375,0.5050670153644983,17.71875,
962,2004,Walter,McCarty,0,1,0,76,7.9605263157894735,1.631578947368421,0.2894736842105263,0.9473684210526316,3.144736842105264,1.1973684210526316,6.881578947368421,2.671052631578948,4.815789473684211,1.8026315789473684,1.0789473684210529,0.8157894736842105,7.356315789473684,0.5410674679831151,17.67763157894737,
2428,2003,Vincent,Yarbrough,0,1,0,59,6.88135593220339,2.2033898305084745,0.559322033898305,0.9661016949152542,2.7457627118644066,1.3728813559322033,7.254237288135593,2.847457627118644,1.3220338983050848,0.3559322033898305,1.0508474576271187,0.8305084745762712,7.716610169491526,0.4458794587945879,17.661016949152547,
201583,2009,Ryan,Anderson,0,1,0,66,7.378787878787879,0.7878787878787878,0.303030303030303,0.6666666666666666,4.712121212121212,0.9545454545454546,6.166666666666667,2.4242424242424243,2.863636363636364,1.0454545454545454,1.7575757575757576,1.4848484848484849,6.94,0.5316129595668501,17.598484848484848,
3,2001,Grant,Long,0,1,0,66,6.0,1.2575757575757576,0.2272727272727272,1.0909090909090908,4.151515151515151,0.9393939393939394,4.833333333333333,2.121212121212121,0.2272727272727272,0.0606060606060606,2.378787878787879,1.696969696969697,5.88,0.5102040816326531,17.507575757575758,longgr01
201589,2009,Darrell,Arthur,0,1,0,76,5.552631578947368,0.5657894736842105,0.6842105263157895,0.6842105263157895,4.552631578947368,0.618421052631579,5.7368421052631575,2.513157894736842,0.0263157894736842,0.0,0.7894736842105263,0.5263157894736842,6.084210526315789,0.4563148788927336,17.467105263157894,
1744,2002,Jerome,James,0,0,1,56,5.321428571428571,0.4285714285714285,1.5357142857142858,0.4464285714285714,4.142857142857143,1.3214285714285714,4.875,2.392857142857143,0.0,0.0,1.0714285714285714,0.5357142857142857,5.346428571428572,0.4976619906479625,17.464285714285715,
2063,2004,Jake,Voskuhl,0,0,1,66,6.636363636363637,0.8636363636363636,0.3787878787878788,0.6363636363636364,5.196969696969697,1.1666666666666667,4.545454545454546,2.303030303030303,0.0,0.0,2.742424242424242,2.0303030303030303,5.752121212121212,0.5768622905910863,17.454545454545457,
201590,2010,Donte,Greene,0,1,0,74,8.743243243243244,0.945945945945946,0.7162162162162162,0.5405405405405406,3.1621621621621623,1.2432432432432432,7.445945945945946,3.2972972972972974,2.472972972972973,0.9324324324324323,1.891891891891892,1.2162162162162162,8.278378378378378,0.5280770486451193,17.445945945945947,
200796,2009,Leon,Powe,0,1,0,70,7.685714285714286,0.6571428571428571,0.5428571428571428,0.3428571428571428,4.928571428571429,1.0857142857142856,4.828571428571428,2.5285714285714285,0.0,0.0,3.8142857142857145,2.628571428571429,6.506857142857143,0.5905857556863089,17.435714285714287,
1520,2002,Charles,Smith,1,0,0,59,7.47457627118644,1.3559322033898304,0.7457627118644068,0.8813559322033898,2.254237288135593,1.0,7.254237288135593,3.0847457627118646,2.220338983050848,0.5932203389830508,1.1016949152542372,0.711864406779661,7.738983050847458,0.4829172141918528,17.39830508474576,
2212,2007,Steven,Hunter,0,0,1,70,6.428571428571429,0.3714285714285714,1.0857142857142856,0.1857142857142857,4.785714285714286,0.9285714285714286,4.6571428571428575,2.685714285714285,0.0,0.0,2.157142857142857,1.0571428571428572,5.606285714285715,0.5733360513709101,17.392857142857142,
679,2001,Jason,Caffey,0,1,0,70,7.142857142857143,0.7571428571428571,0.3571428571428571,0.5428571428571428,5.042857142857143,1.1,5.242857142857143,2.557142857142857,0.0,0.0,3.0142857142857142,2.0285714285714285,6.569142857142857,0.5436673625608908,17.242857142857144,
2042,2002,Courtney,Alexander,1,0,0,55,9.981818181818182,1.5636363636363635,0.1272727272727272,0.6363636363636364,2.690909090909091,1.0909090909090908,8.618181818181819,4.054545454545455,0.3272727272727272,0.0909090909090909,2.2,1.7818181818181815,9.58618181818182,0.5206357635991199,17.23636363636364,
201578,2010,Marreese,Speights,0,1,1,59,8.169491525423728,0.559322033898305,0.5254237288135594,0.4576271186440678,3.8983050847457625,0.7796610169491526,7.11864406779661,3.288135593220339,0.0847457627118644,0.0,2.169491525423729,1.5932203389830508,8.07322033898305,0.5059623782331206,17.228813559322035,
200809,2008,Chris,Quinn,1,0,0,58,8.017241379310345,3.0689655172413794,0.0689655172413793,0.7931034482758621,2.034482758620689,0.9482758620689656,6.431034482758621,2.7241379310344827,2.7413793103448274,1.103448275862069,1.6896551724137931,1.4655172413793105,7.17448275862069,0.5587330577717966,17.22413793103448,
271,2001,Johnny,Newman,0,1,0,82,10.914634146341465,1.4024390243902438,0.1219512195121951,0.7682926829268293,2.1463414634146343,1.2926829268292683,8.475609756097562,3.548780487804878,2.1463414634146343,0.7195121951219512,3.6219512195121952,3.097560975609756,10.069268292682928,0.5419775215579885,17.21341463414634,
1944,2002,Eddie,Robinson,0,1,0,29,9.03448275862069,1.2758620689655171,0.3793103448275862,0.7931034482758621,2.689655172413793,1.2413793103448276,8.517241379310345,3.8620689655172415,0.1724137931034483,0.0689655172413793,1.6551724137931034,1.2413793103448276,9.24551724137931,0.4885871997613009,17.189655172413794,
216,2001,Brian,Shaw,1,0,0,80,5.2625,3.225,0.3375,0.6125,3.8,1.2125,5.1375,2.05,1.6875,0.525,0.8,0.6375,5.4895000000000005,0.4793241643136897,17.175,
202083,2010,Wesley,Matthews,1,0,0,80,9.6125,1.55,0.1875,0.8,2.3875,1.1625,7.05,3.4125,2.0625,0.7875,2.4125,2.0,8.1115,0.5925229612278864,17.14375,
200764,2007,Renaldo,Balkman,0,1,0,67,4.985074626865671,0.6567164179104478,0.6567164179104478,0.8507462686567164,4.388059701492537,0.7313432835820896,4.104477611940299,2.074626865671642,0.4029850746268656,0.0746268656716417,1.3432835820895523,0.7611940298507462,4.695522388059701,0.5308328035600763,17.119402985074625,
422,2002,Avery,Johnson,1,0,0,65,8.23076923076923,4.4,0.1384615384615384,0.6153846153846154,1.0615384615384615,1.1692307692307693,6.646153846153847,3.1846153846153844,0.0769230769230769,0.0,2.507692307692308,1.8615384615384616,7.749538461538462,0.5310489954736758,17.100000000000005,
2574,2007,Jason,Kapono,0,1,0,67,10.8955223880597,1.208955223880597,0.0298507462686567,0.5671641791044776,2.6865671641791047,1.044776119402985,8.402985074626866,4.149253731343284,3.1343283582089554,1.611940298507463,1.1044776119402986,0.9850746268656716,8.888955223880597,0.6128685606823829,17.037313432835823,
1563,2003,Kevin,Ollie,1,0,0,82,6.512195121951219,3.548780487804878,0.0609756097560975,0.8414634146341463,2.2195121951219514,0.8780487804878049,5.378048780487805,2.426829268292683,0.073170731707317,0.024390243902439,2.1707317073170733,1.6341463414634143,6.333170731707317,0.5141338673650158,17.018292682926827,
2452,2003,J.R.,Bremer,1,0,0,61,8.655737704918034,2.6885245901639343,0.0491803278688524,0.6229508196721312,2.377049180327869,0.9672131147540984,7.60655737704918,2.80327868852459,4.688524590163935,1.6557377049180328,1.819672131147541,1.3934426229508197,8.407213114754098,0.514780438343343,17.008196721311478,
1763,2002,Ryan,Bowen,0,1,0,75,4.8533333333333335,0.6933333333333334,0.5466666666666666,1.0,3.986666666666667,0.5466666666666666,4.093333333333334,1.96,0.16,0.0133333333333333,1.2266666666666666,0.92,4.633066666666667,0.523771152296535,16.96666666666667,
2243,2005,Brian,Scalabrine,0,1,0,54,6.277777777777778,1.6296296296296295,0.3333333333333333,0.6296296296296297,4.518518518518518,1.2222222222222223,6.148148148148148,2.4444444444444446,1.2592592592592593,0.4074074074074074,1.2777777777777777,0.9814814814814816,6.71037037037037,0.4677668616845126,16.907407407407405,
2055,2003,Mamadou,N'diaye,0,0,1,22,5.454545454545454,0.3181818181818182,1.4545454545454546,0.3636363636363636,3.727272727272727,0.9545454545454546,4.363636363636363,1.9545454545454544,0.0,0.0,2.136363636363636,1.5454545454545454,5.303636363636363,0.5142269454919438,16.886363636363637,
251,2001,Sean,Elliott,0,1,0,52,7.865384615384615,1.5576923076923077,0.4807692307692308,0.4423076923076923,3.269230769230769,0.9807692307692308,6.519230769230769,2.826923076923077,2.480769230769231,1.0576923076923077,1.6153846153846154,1.1538461538461535,7.23,0.5439408447707202,16.836538461538463,elliose01
2669,2004,Linton,Johnson,0,1,0,41,4.219512195121951,0.6585365853658537,0.7804878048780488,0.902439024390244,4.463414634146342,0.902439024390244,4.951219512195122,1.7560975609756098,0.8048780487804879,0.1707317073170731,0.902439024390244,0.5365853658536586,5.34829268292683,0.3944728201386355,16.829268292682926,
1442,2002,Zeljko,Rebraca,0,0,1,74,6.9324324324324325,0.5135135135135135,0.9864864864864864,0.3783783783783784,3.918918918918919,1.135135135135135,5.054054054054054,2.554054054054054,0.0,0.0,2.364864864864865,1.8243243243243243,6.094594594594595,0.5687361419068736,16.77027027027027,
2230,2008,Maurice,Evans,1,1,0,75,8.853333333333333,1.08,0.1333333333333333,0.6133333333333333,2.9066666666666667,0.5333333333333333,7.266666666666667,3.493333333333333,2.786666666666666,1.08,1.106666666666667,0.7866666666666666,7.7536,0.5709175952675747,16.753333333333337,
201611,2010,Henry,Walker,0,1,0,34,9.676470588235292,1.1764705882352942,0.088235294117647,0.6764705882352942,2.588235294117647,0.8235294117647058,6.823529411764706,3.5294117647058822,3.411764705882353,1.4705882352941178,1.4411764705882353,1.1470588235294117,7.457647058823529,0.6487616343271809,16.735294117647058,
1005,2002,Walt,Williams,1,1,0,48,9.375,1.4375,0.2083333333333333,0.375,3.375,1.1041666666666667,8.25,3.458333333333333,3.8125,1.625,1.0625,0.8333333333333334,8.7175,0.5377114998566103,16.71875,
200749,2007,Shelden,Williams,0,1,1,80,5.55,0.55,0.4875,0.65,5.4375,1.2,4.5625,2.075,0.05,0.025,1.8,1.375,5.3545,0.5182556727985806,16.681250000000002,
1913,2001,Michael,Ruffin,0,1,1,45,2.6444444444444444,0.8666666666666667,0.8444444444444444,0.6666666666666666,5.822222222222222,1.022222222222222,2.0,0.8888888888888888,0.0,0.0,1.711111111111111,0.8666666666666667,2.7528888888888887,0.4803035195350339,16.677777777777777,
101189,2010,James,Singleton,0,1,0,54,4.648148148148148,0.5740740740740741,0.7962962962962963,0.5185185185185185,5.111111111111111,0.8888888888888888,4.648148148148148,1.7777777777777777,0.6296296296296297,0.1111111111111111,1.148148148148148,0.9814814814814816,5.153333333333333,0.4509846198073882,16.657407407407405,
2562,2007,Sasha,Pavlovic,1,1,0,65,9.292307692307691,1.6153846153846154,0.2615384615384615,0.8461538461538461,2.4307692307692306,1.5692307692307692,7.523076923076923,3.4153846153846152,2.276923076923077,0.9230769230769232,1.9384615384615385,1.5384615384615383,8.376,0.5546984057012712,16.653846153846153,
1922,2006,Francisco,Elson,0,1,1,72,4.888888888888889,0.6527777777777778,0.625,0.75,4.708333333333333,0.9027777777777778,3.9444444444444446,2.0972222222222223,0.0694444444444444,0.0138888888888888,1.0277777777777777,0.6805555555555556,4.3966666666666665,0.5559767500631793,16.625,
101130,2008,Johan,Petro,0,0,1,72,6.0,0.4444444444444444,0.5833333333333334,0.4861111111111111,5.138888888888889,1.0138888888888888,6.097222222222222,2.555555555555556,0.0138888888888888,0.0,1.2083333333333333,0.8888888888888888,6.628888888888889,0.4525645323499833,16.624999999999996,
2751,2006,Viktor,Khryapa,0,1,0,69,5.840579710144928,1.2753623188405796,0.4202898550724637,0.7246376811594203,4.449275362318841,1.2173913043478262,4.956521739130435,2.289855072463768,0.4347826086956521,0.144927536231884,1.608695652173913,1.115942028985507,5.664347826086956,0.5155562378466892,16.57246376811594,
1521,2002,Jacque,Vaughn,1,0,0,82,6.585365853658536,4.2560975609756095,0.024390243902439,0.7804878048780488,2.048780487804878,1.353658536585366,5.341463414634147,2.5121951219512195,0.6585365853658537,0.2926829268292683,1.5365853658536586,1.2682926829268293,6.017560975609756,0.5471789883268482,16.554878048780488,
2416,2006,Kareem,Rush,1,0,0,47,10.085106382978724,1.0638297872340423,0.2765957446808511,0.8085106382978723,2.191489361702128,1.3829787234042554,9.97872340425532,3.851063829787234,3.48936170212766,1.2127659574468086,1.6382978723404256,1.1702127659574468,10.699574468085109,0.4712853961183583,16.54255319148936,
201978,2010,Chase,Budinger,0,1,0,71,8.971830985915492,1.2112676056338028,0.1549295774647887,0.4647887323943662,3.028169014084507,0.6338028169014085,7.690140845070423,3.3943661971830985,3.352112676056338,1.2394366197183098,1.1971830985915493,0.943661971830986,8.216901408450704,0.5459376071306136,16.54225352112676,
2067,2004,Eddie,House,1,0,0,60,6.816666666666666,2.466666666666667,0.0666666666666666,1.0833333333333333,2.3,1.05,7.483333333333333,2.683333333333333,2.2666666666666666,0.85,0.75,0.6,7.813333333333333,0.4362201365187713,16.46666666666666,
2774,2006,Bernard,Robinson,1,1,0,66,6.393939393939394,1.1666666666666667,0.1515151515151515,1.2272727272727273,3.3181818181818183,1.121212121212121,5.53030303030303,2.378787878787879,0.3181818181818182,0.0303030303030303,2.0303030303030303,1.606060606060606,6.423636363636364,0.4976884611755826,16.393939393939394,
718,2002,Gary,Trent,0,1,0,64,7.46875,0.9375,0.421875,0.328125,4.21875,0.90625,5.953125,3.015625,0.03125,0.0,2.25,1.4375,6.943125,0.5378521919164642,16.390625,
1886,2003,Jonathan,Bender,0,1,0,45,6.733333333333333,0.9333333333333332,1.2444444444444445,0.1777777777777777,2.955555555555556,0.9333333333333332,5.644444444444445,2.488888888888889,1.1777777777777778,0.4222222222222222,1.8666666666666667,1.3333333333333333,6.465777777777778,0.5206901292273852,16.38888888888889,
916,2001,Corie,Blount,0,1,1,68,4.602941176470588,0.8676470588235294,0.3235294117647059,0.6176470588235294,5.882352941176471,1.0735294117647058,4.323529411764706,1.911764705882353,0.1176470588235294,0.0294117647058823,1.2205882352941178,0.75,4.860588235294117,0.4734963088466658,16.345588235294112,
2214,2003,Michael,Bradley,0,1,0,67,5.044776119402985,1.0,0.4776119402985074,0.2388059701492537,6.104477611940299,1.1343283582089552,4.686567164179104,2.253731343283582,0.0895522388059701,0.0149253731343283,1.0,0.5223880597014925,5.126567164179105,0.492022825200885,16.298507462686565,
2567,2006,Brian,Cook,0,1,1,81,7.925925925925926,0.9135802469135802,0.3950617283950617,0.4567901234567901,3.382716049382716,0.7530864197530864,6.308641975308642,3.2222222222222223,1.037037037037037,0.4444444444444444,1.2469135802469136,1.037037037037037,6.857283950617283,0.5779202074031399,16.271604938271604,
201962,2010,Toney,Douglas,1,0,0,54,8.851851851851851,2.074074074074074,0.0555555555555555,0.7777777777777778,1.9814814814814807,1.0,7.148148148148148,3.2962962962962963,3.2222222222222223,1.2592592592592593,1.2407407407407407,1.0,7.694074074074074,0.5752382786175027,16.268518518518515,
1074,2001,Matt,Maloney,1,0,0,54,6.833333333333333,2.833333333333333,0.0925925925925925,1.037037037037037,2.1666666666666665,1.2962962962962965,6.425925925925926,2.703703703703704,2.6296296296296298,0.9444444444444444,0.6296296296296297,0.4814814814814814,6.702962962962963,0.5097248314730909,16.25925925925926,
201599,2009,DeAndre,Jordan,0,0,1,49,4.653061224489796,0.2244897959183673,1.2040816326530612,0.2244897959183673,4.816326530612245,0.8367346938775511,3.0,1.8979591836734693,0.0,0.0,2.224489795918368,0.8571428571428571,3.9787755102040814,0.584735330324169,16.255102040816325,
201175,2009,Glen,Davis,0,1,1,76,6.973684210526316,0.9078947368421052,0.25,0.6973684210526315,3.960526315789474,0.9342105263157896,5.921052631578948,2.6184210526315788,0.0657894736842105,0.0263157894736842,2.3421052631578947,1.7105263157894737,6.9515789473684215,0.5015899454875833,16.197368421052634,
345,2001,Terry,Porter,1,0,0,80,7.1625,3.1375,0.1375,0.65,2.5125,1.3,5.5,2.4625,2.5625,1.0875,1.45,1.15,6.138,0.5834555229716519,16.1875,portete01
2745,2008,Kirk,Snyder,1,1,0,36,7.25,1.7777777777777777,0.4166666666666667,0.5555555555555556,3.5,1.4444444444444444,5.25,2.6666666666666665,0.6388888888888888,0.1388888888888889,2.4444444444444446,1.7777777777777777,6.325555555555556,0.5730721939223608,16.166666666666668,
200769,2010,Shannon,Brown,1,0,0,80,8.175,1.325,0.3875,0.6875,2.2375,0.8375,7.3125,3.1,2.325,0.75,1.4625,1.225,7.955999999999999,0.5137631975867271,16.14375,
201951,2010,Ty,Lawson,1,0,0,63,8.222222222222221,3.111111111111111,0.0317460317460317,0.7142857142857143,1.8888888888888888,1.2857142857142858,5.904761904761905,3.031746031746032,1.2857142857142858,0.5396825396825397,2.142857142857143,1.619047619047619,6.847619047619048,0.6003708854891051,16.134920634920633,
178,2001,Olden,Polynice,0,1,1,81,5.296296296296297,0.382716049382716,0.9506172839506172,0.3333333333333333,4.666666666666667,0.9629629629629628,5.1234567901234565,2.54320987654321,0.0123456790123456,0.0,0.8024691358024691,0.2098765432098765,5.476543209876543,0.4835437330928765,16.080246913580247,polynol01
101123,2007,Gerald,Green,1,1,0,81,10.407407407407408,1.0246913580246917,0.2962962962962963,0.5061728395061729,2.567901234567901,1.4814814814814814,9.123456790123456,3.8271604938271606,3.185185185185185,1.1728395061728396,1.962962962962963,1.5802469135802468,9.987160493827162,0.5210393591772151,16.04320987654321,
105,2001,Dan,Majerle,1,1,0,53,5.037735849056604,1.660377358490566,0.2830188679245283,1.0,3.1320754716981134,0.660377358490566,4.886792452830188,1.6415094339622642,3.4150943396226414,1.0754716981132075,0.8301886792452831,0.6792452830188679,5.252075471698113,0.4795947693634143,16.037735849056602,
201156,2009,Nick,Young,1,1,0,82,10.878048780487806,1.1585365853658536,0.2439024390243902,0.4756097560975609,1.829268292682927,1.1219512195121952,9.21951219512195,4.097560975609756,2.0,0.6829268292682927,2.3536585365853657,2.0,10.255121951219513,0.5303714978832708,15.993902439024394,
101177,2008,Fabricio,Oberto,0,0,1,82,4.841463414634147,1.1585365853658536,0.2439024390243902,0.4512195121951219,5.243902439024391,0.6219512195121951,3.609756097560976,2.1951219512195124,0.0121951219512195,0.0,0.7439024390243902,0.4512195121951219,3.9370731707317073,0.6148556560525338,15.981707317073171,
2457,2007,Jannero,Pargo,1,0,0,82,9.158536585365852,2.475609756097561,0.048780487804878,0.6463414634146342,2.1951219512195124,1.4878048780487805,8.439024390243903,3.451219512195122,2.548780487804878,0.9878048780487804,1.4878048780487805,1.2682926829268293,9.093658536585366,0.5035672138182599,15.96951219512195,
200826,2009,J.J.,Barea,1,0,0,78,7.910256410256411,3.448717948717949,0.0641025641025641,0.4743589743589743,2.269230769230769,1.3461538461538465,7.141025641025641,3.1538461538461537,1.9743589743589745,0.7051282051282052,1.1923076923076923,0.8974358974358975,7.665641025641026,0.515955311747391,15.948717948717947,
201603,2010,Sonny,Weems,1,1,0,68,7.617647058823529,1.4852941176470589,0.3676470588235294,0.5735294117647058,2.823529411764706,0.9558823529411764,6.735294117647059,3.4705882352941178,0.2205882352941176,0.0294117647058823,0.9411764705882352,0.6470588235294118,7.149411764705882,0.5327464209313806,15.933823529411764,
2206,2003,Rodney,White,0,1,0,72,9.02777777777778,1.6805555555555556,0.4444444444444444,0.625,2.958333333333333,2.1666666666666665,8.86111111111111,3.611111111111111,1.8611111111111112,0.4444444444444444,1.7361111111111112,1.3611111111111112,9.625,0.468975468975469,15.93055555555556,
101143,2008,Travis,Diener,1,0,0,66,6.909090909090909,3.803030303030303,0.0606060606060606,0.5303030303030303,1.7424242424242424,0.8333333333333334,6.515151515151516,2.409090909090909,3.5303030303030303,1.121212121212121,1.0757575757575757,0.9696969696969696,6.988484848484849,0.4943196600468302,15.924242424242427,
1065,2002,Erick,Strickland,1,0,0,78,7.769230769230769,2.358974358974359,0.0128205128205128,0.717948717948718,2.730769230769231,1.205128205128205,6.256410256410256,2.435897435897436,3.1666666666666665,1.2179487179487178,1.9871794871794872,1.6794871794871795,7.13076923076923,0.5447680690399137,15.916666666666666,
201161,2009,Daequan,Cook,1,0,0,75,9.146666666666668,0.9466666666666668,0.1333333333333333,0.52,2.52,0.56,8.6,3.2266666666666666,5.266666666666667,2.04,0.7466666666666667,0.6533333333333333,8.928533333333332,0.5122155187862135,15.84,
2758,2005,David,Harrison,0,0,1,42,6.285714285714286,0.3095238095238095,1.2857142857142858,0.3809523809523809,3.2142857142857144,1.238095238095238,4.380952380952381,2.523809523809524,0.0,0.0,2.1666666666666665,1.238095238095238,5.3342857142857145,0.5891805034815211,15.76190476190476,
42,2002,Monty,Williams,0,1,0,68,7.117647058823529,1.411764705882353,0.25,0.7058823529411765,3.4558823529411766,1.2647058823529411,5.323529411764706,2.911764705882353,0.0588235294117647,0.0,1.9705882352941173,1.2941176470588236,6.1905882352941175,0.5748764728240212,15.713235294117649,
1720,2001,Michael,Doleac,0,0,1,76,6.447368421052632,0.8552631578947368,0.5394736842105263,0.4868421052631579,3.5921052631578947,0.7763157894736842,6.934210526315789,2.894736842105264,0.0394736842105263,0.0,0.7763157894736842,0.6578947368421053,7.275789473684211,0.4430700231481481,15.671052631578949,
101160,2007,Lawrence,Roberts,0,1,0,54,5.2407407407407405,0.5555555555555556,0.2407407407407407,0.6666666666666666,4.833333333333333,0.6666666666666666,3.851851851851852,1.7407407407407407,0.037037037037037,0.0,2.425925925925926,1.7592592592592593,4.919259259259259,0.5326758018370727,15.620370370370368,
2454,2003,Junior,Harrington,1,0,0,82,5.097560975609756,3.3780487804878048,0.1829268292682926,0.975609756097561,3.048780487804878,1.914634146341464,5.695121951219512,2.0609756097560976,0.3414634146341463,0.0853658536585365,1.3658536585365857,0.8902439024390244,6.2960975609756105,0.4048190904160532,15.542682926829269,
1915,2001,Evan,Eschmeyer,0,0,1,74,3.391891891891892,0.5405405405405406,0.7837837837837838,0.5540540540540541,4.945945945945946,0.7162162162162162,2.702702702702702,1.2432432432432432,0.0,0.0,1.3783783783783785,0.9054054054054054,3.309189189189189,0.5124959163672003,15.54054054054054,
1909,2002,Scott,Padgett,0,1,0,73,6.849315068493151,1.1232876712328768,0.1780821917808219,0.589041095890411,3.863013698630137,0.9452054794520548,5.397260273972603,2.5753424657534247,1.547945205479452,0.6712328767123288,1.3972602739726028,1.0273972602739727,6.012054794520548,0.5696317900109369,15.506849315068491,
101144,2009,Von,Wafer,1,0,0,62,9.838709677419354,1.1451612903225807,0.1290322580645161,0.6451612903225806,1.8225806451612905,0.9516129032258064,8.258064516129032,3.693548387096774,2.6451612903225805,1.032258064516129,1.8870967741935485,1.4193548387096775,9.088387096774191,0.5412791935827358,15.483870967741936,
201609,2010,Goran,Dragic,1,0,0,78,7.961538461538462,3.0,0.1025641025641025,0.6153846153846154,2.1666666666666665,1.5769230769230769,6.1923076923076925,2.769230769230769,2.3974358974358974,0.935897435897436,1.9871794871794872,1.4871794871794872,7.066666666666666,0.5633164005805515,15.42948717948718,
399,2001,Sean,Rooks,0,0,1,82,5.439024390243903,0.9390243902439024,0.7804878048780488,0.4146341463414634,3.695121951219512,0.8902439024390244,4.817073170731708,2.0609756097560976,0.024390243902439,0.0121951219512195,1.7439024390243902,1.304878048780488,5.58439024390244,0.4869846261355695,15.390243902439025,
201942,2010,DeMar,DeRozan,1,1,0,75,8.64,0.68,0.2133333333333333,0.56,2.84,0.8133333333333334,6.653333333333333,3.32,0.2,0.0533333333333333,2.56,1.9466666666666668,7.779733333333334,0.5552889559196545,15.386666666666663,
2648,2004,Ronald,Dupree,0,1,0,47,6.212765957446808,1.1702127659574468,0.3829787234042553,0.6808510638297872,3.5531914893617023,1.0851063829787233,6.0,2.3617021276595747,0.1914893617021276,0.0851063829787234,2.234042553191489,1.4042553191489362,6.982978723404255,0.4448507007921999,15.382978723404255,
164,2001,Chris,Childs,1,0,0,77,4.701298701298701,4.6103896103896105,0.1948051948051948,0.7662337662337663,2.623376623376624,2.0259740259740258,4.35064935064935,1.7532467532467533,1.3766233766233766,0.4155844155844156,0.922077922077922,0.7792207792207793,4.756363636363636,0.4942114460463084,15.344155844155845,
200811,2010,Lou,Amundson,0,1,0,77,4.688311688311688,0.4025974025974026,0.8961038961038961,0.3116883116883117,4.3896103896103895,0.6883116883116883,3.5324675324675323,1.9350649350649352,0.0129870129870129,0.0,1.4935064935064934,0.8181818181818182,4.189610389610389,0.5595164290142591,15.331168831168831,
2260,2002,Jarron,Collins,0,0,1,70,6.428571428571429,0.8285714285714286,0.3142857142857143,0.4142857142857143,4.228571428571429,0.8,4.9,2.257142857142857,0.0142857142857142,0.0,2.585714285714286,1.9142857142857144,6.037714285714286,0.5323679727427598,15.328571428571433,
1023,2001,Emanual,Davis,1,0,0,62,5.82258064516129,2.2096774193548385,0.1935483870967742,1.032258064516129,2.4838709677419355,1.2419354838709675,5.129032258064516,2.1451612903225805,2.048387096774193,0.8064516129032258,0.8870967741935484,0.7258064516129032,5.519354838709678,0.5274693161893629,15.282258064516128,
200755,2010,JJ,Redick,1,0,0,80,9.575,1.9,0.05,0.35,1.8625,0.775,6.7125,2.9375,3.3375,1.35,2.725,2.35,7.9115,0.6051317702079251,15.268749999999995,
201158,2009,Marco,Belinelli,1,0,0,42,8.857142857142858,2.095238095238096,0.0238095238095238,0.8571428571428571,1.6904761904761905,1.4047619047619049,7.547619047619047,3.333333333333333,3.119047619047619,1.238095238095238,1.238095238095238,0.9523809523809524,8.092380952380953,0.5472519712839826,15.249999999999996,
182,2001,Billy,Owens,1,1,0,45,4.4,1.2222222222222223,0.2666666666666666,0.7111111111111111,4.555555555555555,0.8666666666666667,5.111111111111111,1.9555555555555555,0.4444444444444444,0.0666666666666666,0.8888888888888888,0.4222222222222222,5.502222222222222,0.3998384491114702,15.244444444444447,
200814,2007,Tarence,Kinsey,1,0,0,46,8.021739130434783,0.8695652173913043,0.0217391304347826,1.1521739130434785,2.108695652173913,1.0,6.608695652173913,3.0217391304347827,1.0,0.2826086956521739,2.130434782608696,1.6956521739130437,7.546086956521739,0.531516478451256,15.184782608695652,
2417,2006,Qyntel,Woods,1,1,0,49,6.714285714285714,0.9591836734693876,0.2653061224489796,0.6530612244897959,3.877551020408163,1.2448979591836735,5.183673469387755,2.63265306122449,1.2244897959183674,0.4489795918367347,1.5510204081632653,1.0,5.866122448979592,0.5722933481770108,15.153061224489797,
1960,2003,Milt,Palacio,1,0,0,80,4.9625,3.2375,0.2,0.85,2.9375,1.6375,4.85,2.025,0.4625,0.1,1.0875,0.8125,5.3285,0.4656563760908323,15.15,
1505,2002,Tariq,Abdul-Wahad,1,1,0,24,5.625,1.0,0.4166666666666667,0.8333333333333334,3.5,1.125,6.125,2.2916666666666665,0.0833333333333333,0.0416666666666666,1.375,1.0,6.73,0.4179049034175334,15.125,
123,2001,Robert,Pack,1,0,0,74,6.472972972972973,3.95945945945946,0.0135135135135135,0.8783783783783784,1.8513513513513515,1.8243243243243243,5.756756756756757,2.445945945945946,0.4189189189189189,0.1621621621621621,1.8513513513513515,1.4189189189189189,6.571351351351352,0.4925146006416056,15.108108108108103,packro01
101120,2009,Antoine,Wright,1,1,0,65,7.292307692307692,1.1846153846153846,0.4153846153846154,0.7076923076923077,2.0923076923076924,0.8307692307692308,6.630769230769231,2.753846153846154,2.292307692307692,0.6923076923076923,1.4615384615384617,1.0923076923076922,7.273846153846154,0.5012690355329948,15.038461538461542,
200835,2007,Walter,Herrmann,0,1,0,48,9.208333333333334,0.5416666666666666,0.1458333333333333,0.3541666666666667,2.895833333333333,0.6666666666666666,6.875,3.625,2.395833333333333,1.1041666666666667,1.1041666666666667,0.8541666666666666,7.360833333333334,0.6254953017094985,15.031249999999998,
200818,2007,Justin,Williams,0,1,1,24,5.458333333333333,0.0833333333333333,0.6666666666666666,0.2083333333333333,4.75,0.625,3.6666666666666665,2.25,0.0416666666666666,0.0,2.625,0.9583333333333334,4.821666666666666,0.5660214310404424,14.958333333333332,
2064,2001,Khalid,El-Amin,1,0,0,50,6.28,2.9,0.04,0.96,1.62,1.08,6.22,2.3,1.68,0.56,1.44,1.12,6.8536,0.4581533792459437,14.9,
2694,2008,Josh,Powell,0,1,0,63,5.603174603174603,0.746031746031746,0.365079365079365,0.2222222222222222,5.253968253968254,1.031746031746032,5.0,2.3015873015873014,0.0476190476190476,0.0,1.380952380952381,1.0,5.607619047619048,0.4996037137681158,14.88888888888889,
201202,2008,Joel,Anthony,0,0,1,24,3.5416666666666665,0.125,1.2916666666666667,0.375,3.875,0.7083333333333334,2.5,1.1666666666666667,0.0,0.0,2.0416666666666665,1.2083333333333333,3.398333333333333,0.5210887690044139,14.791666666666666,
2853,2008,Earl,Barron,0,1,1,46,7.086956521739131,0.6304347826086957,0.1739130434782608,0.4130434782608695,4.304347826086956,1.0434782608695652,7.108695652173913,2.869565217391304,0.2826086956521739,0.0217391304347826,1.891304347826087,1.326086956521739,7.940869565217391,0.4462330267192291,14.749999999999998,
101180,2006,Sarunas,Jasikevicius,1,0,0,72,7.597222222222222,3.1527777777777777,0.0555555555555555,0.5555555555555556,2.125,1.6111111111111112,5.958333333333333,2.361111111111111,3.2777777777777777,1.1944444444444444,1.8472222222222223,1.6805555555555556,6.771111111111111,0.5610026255333115,14.73611111111111,
2756,2008,Sasha,Vujacic,1,0,0,70,9.028571428571428,1.0285714285714285,0.0714285714285714,0.5142857142857142,2.2,0.7428571428571429,6.885714285714286,3.128571428571429,3.857142857142857,1.6857142857142855,1.3,1.0857142857142856,7.457714285714286,0.6053176001838939,14.72857142857143,
101121,2009,Joey,Graham,0,1,0,78,7.653846153846154,0.6153846153846154,0.1538461538461538,0.4487179487179487,3.743589743589744,0.9487179487179488,6.153846153846154,2.9615384615384617,0.2051282051282051,0.0384615384615384,2.051282051282051,1.6923076923076923,7.056410256410256,0.5423328488372093,14.705128205128208,
101162,2009,Marcin,Gortat,0,0,1,63,3.7936507936507935,0.2222222222222222,0.8412698412698413,0.2857142857142857,4.53968253968254,0.3968253968253968,2.9682539682539684,1.6825396825396826,0.0158730158730158,0.0158730158730158,0.7142857142857143,0.4126984126984127,3.2825396825396824,0.5778529980657641,14.65079365079365,
200822,2009,Pops,Mensah-Bonsu,0,1,0,21,5.285714285714286,0.2857142857142857,0.238095238095238,0.4285714285714285,5.333333333333333,0.9047619047619048,4.904761904761905,1.8571428571428568,0.0952380952380952,0.0,2.2857142857142856,1.5714285714285714,5.91047619047619,0.4471479213664195,14.57142857142857,
2624,2007,Quinton,Ross,1,1,0,81,5.234567901234568,1.0617283950617284,0.3950617283950617,0.8641975308641975,2.345679012345679,0.4074074074074074,4.679012345679013,2.185185185185185,0.1234567901234567,0.0246913580246913,1.0740740740740742,0.8395061728395061,5.151604938271605,0.5080521472392638,14.567901234567902,
753,2001,Randy,Brown,1,0,0,54,4.12962962962963,2.851851851851852,0.1851851851851851,1.148148148148148,1.8333333333333333,1.037037037037037,4.388888888888889,1.851851851851852,0.0555555555555555,0.0,0.7407407407407407,0.4259259259259259,4.714814814814815,0.4379418695993715,14.416666666666666,
2254,2005,Loren,Woods,0,0,1,45,3.911111111111111,0.3777777777777777,0.8666666666666667,0.1777777777777777,4.888888888888889,0.8222222222222222,3.644444444444445,1.5777777777777775,0.0222222222222222,0.0,1.3111111111111111,0.7555555555555555,4.221333333333333,0.4632554221941461,14.344444444444443,
168,2002,Chris,Mills,0,1,0,66,7.409090909090909,1.0909090909090908,0.1969696969696969,0.4696969696969697,2.878787878787879,0.8484848484848485,6.46969696969697,2.696969696969697,1.9242424242424243,0.7272727272727273,1.621212121212121,1.2878787878787878,7.183030303030303,0.51573574080324,14.333333333333334,
330,2001,Danny,Manning,0,1,1,82,7.353658536585366,1.1219512195121952,0.3536585365853658,0.573170731707317,2.609756097560976,1.170731707317073,6.097560975609756,3.0121951219512195,0.3414634146341463,0.0853658536585365,1.7073170731707317,1.2439024390243902,6.848780487804878,0.5368589743589743,14.317073170731708,
1724,2001,Bryce,Drew,1,0,0,48,6.291666666666667,3.8541666666666665,0.0625,0.6666666666666666,1.4375,1.4166666666666667,6.8125,2.583333333333333,2.1875,0.8333333333333334,0.3958333333333333,0.2916666666666667,6.986666666666666,0.4502624045801527,14.312500000000002,
180,2002,John,Crotty,1,0,0,41,6.926829268292683,3.4390243902439024,0.024390243902439,0.4634146341463415,1.829268292682927,1.2439024390243902,5.073170731707317,2.3902439024390243,1.6829268292682926,0.7560975609756098,1.6097560975609757,1.3902439024390243,5.781463414634146,0.5990550118123523,14.292682926829269,
1032,2001,Darvin,Ham,1,1,0,29,3.7586206896551726,0.8620689655172413,0.7241379310344828,0.5862068965517241,4.172413793103448,1.137931034482759,2.7586206896551726,1.3448275862068966,0.1034482758620689,0.0689655172413793,1.6896551724137931,1.0,3.5020689655172417,0.5366285939346199,14.275862068965518,
763,2002,Tony,Massenburg,0,1,1,73,5.52054794520548,0.3561643835616438,0.4246575342465753,0.410958904109589,4.438356164383562,0.8904109589041096,4.780821917808219,2.1780821917808217,0.0136986301369863,0.0136986301369863,1.6027397260273972,1.1506849315068493,5.486027397260274,0.5031462245305633,14.273972602739727,
2221,2004,Raul,Lopez,1,0,0,82,6.975609756097561,3.719512195121952,0.024390243902439,0.7560975609756098,1.8902439024390243,2.1219512195121952,6.304878048780488,2.7195121951219514,1.0365853658536586,0.3048780487804878,1.4268292682926829,1.2317073170731707,6.932682926829268,0.5030959752321982,14.268292682926829,
201602,2009,Kyle,Weaver,1,0,0,56,5.339285714285714,1.8035714285714288,0.4464285714285714,0.8392857142857143,2.321428571428572,1.2321428571428572,4.392857142857143,2.017857142857143,1.6607142857142858,0.5714285714285714,1.0357142857142858,0.7321428571428571,4.848571428571429,0.5506040070713023,14.205357142857142,
201934,2010,Hasheem,Thabeet,0,0,1,65,3.2,0.1692307692307692,1.3692307692307693,0.2307692307692307,3.707692307692308,0.6461538461538462,1.984615384615385,1.1846153846153846,0.0,0.0,1.4,0.8307692307692308,2.6006153846153848,0.6152389966871746,14.123076923076924,
2441,2005,Jamal,Sampson,0,1,1,23,3.4347826086956523,0.3478260869565217,0.7391304347826086,0.1739130434782608,5.304347826086956,0.7391304347826086,2.6956521739130435,1.2173913043478262,0.0,0.0,1.6956521739130437,1.0,3.441739130434782,0.4989893885800909,14.08695652173913,
1985,2002,Zendon,Hamilton,0,1,1,54,6.0,0.2592592592592592,0.3333333333333333,0.3888888888888889,4.685185185185185,1.1111111111111112,4.537037037037037,1.907407407407408,0.0,0.0,3.351851851851852,2.185185185185185,6.011851851851852,0.4990142927550517,14.083333333333336,
692,2003,Andrew,DeClercq,0,0,1,77,4.740259740259741,0.6753246753246753,0.4675324675324675,0.5064935064935064,4.402597402597403,1.0909090909090908,3.623376623376624,1.9350649350649352,0.0,0.0,1.3506493506493509,0.8701298701298701,4.217662337662338,0.561953442542185,14.071428571428571,
1919,2001,Laron,Profit,1,1,0,34,4.470588235294118,2.617647058823529,0.3235294117647059,1.0588235294117647,1.8823529411764703,1.3529411764705883,4.176470588235294,1.6470588235294117,0.7647058823529411,0.2058823529411764,1.3235294117647058,0.9705882352941176,4.758823529411765,0.4697156983930778,14.044117647058822,
680,2001,John,Amaechi,0,1,1,82,7.926829268292683,0.902439024390244,0.3536585365853658,0.3414634146341463,3.268292682926829,1.5121951219512195,7.219512195121951,2.8902439024390243,0.0853658536585365,0.0,3.402439024390244,2.1463414634146343,8.716585365853659,0.4546980804745649,13.9390243902439,
2128,2001,David,Vanterpool,1,0,0,22,5.545454545454546,3.0,0.1363636363636363,1.0454545454545454,1.681818181818182,1.681818181818182,5.0,2.090909090909091,0.2727272727272727,0.0,2.272727272727273,1.3636363636363635,6.0,0.4621212121212121,13.931818181818183,
200760,2009,Rodney,Carney,0,1,0,66,7.287878787878788,0.3939393939393939,0.4393939393939394,0.6818181818181818,1.9090909090909087,0.6515151515151515,6.409090909090909,2.6666666666666665,3.4242424242424243,1.196969696969697,1.0,0.7575757575757576,6.84909090909091,0.5320325634899566,13.924242424242424,
200776,2007,Mardy,Collins,1,0,0,39,6.0256410256410255,2.102564102564102,0.0769230769230769,0.8205128205128205,2.641025641025641,1.435897435897436,5.82051282051282,2.230769230769231,1.1794871794871795,0.3333333333333333,2.102564102564102,1.2307692307692308,6.745641025641025,0.4466322031321271,13.858974358974358,
200771,2010,Sergio,Rodriguez,1,0,0,63,6.809523809523809,3.3174603174603177,0.0793650793650793,0.7777777777777778,1.3650793650793651,1.7777777777777777,5.4603174603174605,2.619047619047619,1.4126984126984128,0.492063492063492,1.4761904761904765,1.0793650793650793,6.109841269841271,0.5572586511482904,13.706349206349207,
201958,2010,Rodrigue,Beaubois,1,0,0,50,7.94,1.48,0.24,0.58,1.56,1.06,5.94,3.1,2.18,0.9,1.04,0.84,6.397600000000001,0.6205452044516694,13.66,
1134,2001,Ike,Austin,0,0,1,52,4.346153846153846,1.1153846153846154,0.4423076923076923,0.3846153846153846,4.269230769230769,1.0384615384615383,5.1923076923076925,1.8461538461538465,0.4615384615384615,0.1153846153846153,0.7692307692307693,0.5384615384615384,5.530769230769231,0.3929068150208623,13.653846153846152,
101136,2006,Salim,Stoudamire,1,0,0,61,9.655737704918034,1.2295081967213115,0.0491803278688524,0.4426229508196721,1.901639344262295,1.3442622950819672,8.065573770491802,3.344262295081968,3.540983606557377,1.3442622950819672,1.8032786885245904,1.6229508196721312,8.859016393442623,0.5449666913397484,13.631147540983608,
201573,2010,Jerryd,Bayless,1,0,0,74,8.513513513513514,2.324324324324324,0.0675675675675675,0.3513513513513513,1.6216216216216215,1.2702702702702702,6.527027027027027,2.702702702702702,1.2432432432432432,0.3918918918918919,3.27027027027027,2.716216216216216,7.965945945945946,0.5343692746149149,13.567567567567568,
200761,2008,Shawne,Williams,0,1,0,65,6.723076923076923,0.9076923076923076,0.4,0.4,2.707692307692308,0.8923076923076924,5.723076923076923,2.4461538461538463,2.107692307692308,0.6615384615384615,1.6307692307692307,1.1692307692307693,6.440615384615385,0.5219281482896999,13.56153846153846,
904,2001,Chris,Mullin,0,1,0,20,5.75,0.95,0.5,0.8,2.05,0.95,5.3,1.8,2.6,0.95,1.4,1.2,5.916,0.4859702501690331,13.55,
93,2002,Hubert,Davis,1,0,0,50,7.3,2.14,0.06,0.56,1.54,0.88,6.52,2.92,2.52,1.14,0.42,0.32,6.7048,0.5443861114425487,13.54,
344,2002,Dana,Barros,1,0,0,29,6.655172413793103,2.655172413793104,0.0689655172413793,0.4827586206896552,1.9655172413793105,1.137931034482759,6.620689655172414,2.5517241379310347,2.4482758620689653,0.8275862068965517,0.9310344827586208,0.7241379310344828,7.030344827586207,0.4733176378261722,13.517241379310343,barroda01
761,2001,Matt,Geiger,0,0,1,35,6.085714285714285,0.4,0.2285714285714285,0.3428571428571428,3.971428571428572,0.7142857142857143,6.4,2.5142857142857142,0.0571428571428571,0.0,1.542857142857143,1.0571428571428572,7.078857142857143,0.4298514691637067,13.5,
201585,2009,Kosta,Koufos,0,0,1,43,5.209302325581396,0.4651162790697674,0.7209302325581395,0.2790697674418604,3.186046511627907,0.6046511627906976,4.27906976744186,2.186046511627907,0.0,0.0,1.186046511627907,0.8372093023255814,4.800930232558139,0.5425305173416005,13.47674418604651,
201941,2010,Jordan,Hill,0,1,1,46,5.304347826086956,0.4347826086956521,0.4565217391304347,0.3043478260869565,3.804347826086957,0.6521739130434783,4.3478260869565215,2.152173913043478,0.0434782608695652,0.0,1.4782608695652173,1.0,4.998260869565217,0.5306193458594294,13.402173913043477,
201985,2010,AJ,Price,1,0,0,55,7.454545454545454,1.9272727272727272,0.0545454545454545,0.6363636363636364,1.6,1.0727272727272728,6.4363636363636365,2.636363636363636,3.163636363636364,1.0909090909090908,1.3636363636363635,1.0909090909090908,7.036363636363636,0.5297157622739018,13.363636363636363,
1918,2005,Obinna,Ekezie,0,0,1,42,5.476190476190476,0.2619047619047619,0.2857142857142857,0.5238095238095238,4.261904761904762,1.0714285714285714,4.333333333333333,1.880952380952381,0.0238095238095238,0.0,2.2142857142857144,1.7142857142857142,5.307619047619047,0.5158801363717926,13.357142857142856,
1683,2001,Larry,Robinson,1,0,0,34,5.852941176470588,1.0588235294117647,0.0588235294117647,0.8235294117647058,2.5588235294117645,0.7352941176470589,5.411764705882353,1.9705882352941173,3.411764705882353,1.2941176470588236,0.7058823529411765,0.6176470588235294,5.722352941176471,0.5114103618421052,13.338235294117649,
278,2001,Stacey,Augmon,1,1,0,66,4.712121212121212,1.4848484848484849,0.3181818181818182,0.7272727272727273,2.409090909090909,0.7272727272727273,4.03030303030303,1.9242424242424243,0.0606060606060606,0.0,1.318181818181818,0.8636363636363636,4.61030303030303,0.5110424608912844,13.280303030303031,
2761,2005,Jackson,Vroman,0,1,1,44,4.818181818181818,0.9090909090909092,0.4318181818181818,0.5681818181818182,3.977272727272727,1.4545454545454546,4.5227272727272725,1.8636363636363635,0.0681818181818181,0.0,1.7045454545454546,1.0909090909090908,5.2727272727272725,0.4568965517241379,13.238636363636363,
53,2001,Mario,Elie,1,1,0,68,4.397058823529412,1.9264705882352944,0.1764705882352941,0.8529411764705882,2.2794117647058822,0.8823529411764706,3.6176470588235294,1.5294117647058822,1.4705882352941178,0.5294117647058824,1.0147058823529411,0.8088235294117647,4.064117647058824,0.5409610652771747,13.058823529411764,
2040,2003,Jerome,Moiso,0,1,0,51,4.019607843137255,0.4313725490196078,0.8627450980392157,0.3725490196078431,3.4901960784313726,0.9019607843137256,3.3529411764705883,1.7450980392156863,0.0,0.0,0.803921568627451,0.5294117647058824,3.706666666666667,0.542213288192975,13.039215686274508,
101113,2006,Ike,Diogu,0,1,0,69,7.043478260869565,0.4202898550724637,0.4347826086956521,0.217391304347826,3.318840579710145,1.1304347826086956,4.840579710144928,2.536231884057971,0.0,0.0,2.4347826086956523,1.9710144927536235,5.911884057971015,0.5957050402039615,13.000000000000002,
2418,2004,Casey,Jacobsen,1,0,0,78,5.974358974358975,1.2564102564102564,0.1153846153846153,0.6153846153846154,2.576923076923077,0.8717948717948718,4.615384615384615,1.9230769230769231,2.3076923076923075,0.9615384615384616,1.4230769230769231,1.1666666666666667,5.241538461538461,0.5699050973485961,12.903846153846157,
201177,2010,Josh,McRoberts,0,1,1,41,4.365853658536586,1.0731707317073171,0.3902439024390244,0.4146341463414634,3.073170731707317,0.4634146341463415,3.5609756097560976,1.853658536585366,0.5609756097560976,0.1951219512195122,0.926829268292683,0.4634146341463415,3.968780487804878,0.5500245821042282,12.878048780487804,
201159,2009,Javaris,Crittenton,1,0,0,63,5.031746031746032,2.380952380952381,0.0952380952380952,0.6349206349206349,2.634920634920635,1.3015873015873016,4.523809523809524,2.0793650793650795,0.238095238095238,0.0317460317460317,1.4603174603174602,0.8412698412698413,5.166349206349207,0.4869730859038957,12.873015873015872,
2261,2002,Kenny,Satterfield,1,0,0,35,5.4,3.057142857142857,0.0285714285714285,0.8857142857142857,1.4857142857142858,1.5142857142857142,5.685714285714286,2.085714285714286,0.7714285714285715,0.2,1.3142857142857145,1.0285714285714285,6.264,0.4310344827586207,12.842857142857143,
201970,2010,Sam,Young,1,1,0,78,7.628205128205129,0.6666666666666666,0.2564102564102564,0.4230769230769231,2.525641025641025,1.1538461538461535,6.333333333333333,2.871794871794872,0.7051282051282052,0.141025641025641,2.243589743589744,1.7435897435897436,7.32051282051282,0.5210157618213661,12.826923076923077,
200766,2007,Marcus,Williams,1,0,0,79,6.759493670886076,3.2911392405063293,0.0253164556962025,0.3670886075949367,2.0632911392405062,1.7974683544303798,6.658227848101266,2.632911392405063,2.0632911392405062,0.5822784810126582,1.0759493670886076,0.9113924050632912,7.131645569620253,0.4739084132055378,12.765822784810128,
690,2001,Don,Reid,0,1,0,64,3.28125,0.328125,0.84375,0.359375,3.78125,0.75,2.265625,1.28125,0.0,0.0,1.171875,0.71875,2.78125,0.5898876404494382,12.7578125,
924,2005,Anthony,Goldwire,1,0,0,32,5.375,2.4375,0.0,0.46875,1.84375,0.46875,4.25,1.78125,2.5,1.0,0.96875,0.8125,4.67625,0.574712643678161,12.734375,
201953,2010,Eric,Maynor,1,0,0,79,4.810126582278481,3.367088607594937,0.1265822784810126,0.5063291139240507,1.620253164556962,1.0506329113924051,4.6455696202531644,1.9493670886075949,0.8987341772151899,0.2784810126582278,0.8860759493670886,0.6329113924050633,5.035443037974684,0.4776269482151835,12.72151898734177,
1609,2002,Art,Long,0,1,0,63,4.523809523809524,0.6507936507936508,0.4444444444444444,0.3492063492063492,3.984126984126984,1.0,3.873015873015873,1.9047619047619049,0.0,0.0,1.3492063492063493,0.7142857142857143,4.466666666666667,0.5063965884861407,12.650793650793652,
375,2001,Isaiah,Rider,1,0,0,67,7.567164179104478,1.6567164179104477,0.1044776119402985,0.4029850746268656,2.328358208955224,1.462686567164179,7.044776119402985,3.0,1.373134328358209,0.5074626865671642,1.2388059701492538,1.0597014925373134,7.589850746268657,0.4985054668449619,12.649253731343284,rideris01
2208,2004,Kedrick,Brown,1,1,0,55,5.254545454545455,1.1636363636363636,0.1272727272727272,0.5454545454545454,2.6545454545454548,0.5272727272727272,4.618181818181818,2.1272727272727274,1.8,0.6909090909090909,0.4909090909090909,0.3090909090909091,4.834181818181818,0.5434782608695652,12.61818181818182,
365,2002,Derrick,McKey,0,1,0,41,2.902439024390244,1.0975609756097562,0.0975609756097561,1.0,3.097560975609756,0.5365853658536586,2.975609756097561,1.2682926829268293,0.2926829268292683,0.1219512195121951,0.3414634146341463,0.2439024390243902,3.125853658536585,0.4642634207240949,12.51219512195122,mckeyde01
77,2001,Doug,Overton,1,0,0,21,5.9523809523809526,3.4285714285714284,0.0,0.3809523809523809,1.8571428571428568,1.4761904761904765,6.619047619047619,2.4761904761904763,1.7142857142857142,0.5238095238095238,0.7619047619047619,0.4761904761904761,6.954285714285714,0.4279649411120241,12.45238095238095,
201153,2009,Julian,Wright,0,1,0,53,4.433962264150943,0.8113207547169812,0.3584905660377358,0.660377358490566,2.8679245283018866,0.8113207547169812,4.39622641509434,2.037735849056604,0.3962264150943396,0.0377358490566037,0.5660377358490566,0.320754716981132,4.645283018867925,0.4772542648253451,12.40566037735849,
2431,2010,David,Andersen,0,0,1,60,5.8,0.7166666666666667,0.1833333333333333,0.2333333333333333,3.333333333333333,0.6,5.433333333333334,2.316666666666667,1.2833333333333334,0.4333333333333333,1.0833333333333333,0.7333333333333333,5.91,0.4906937394247038,12.341666666666669,
198,2001,Danny,Ferry,0,1,0,80,5.6,0.8875,0.2625,0.35,2.7875,0.625,4.6875,2.225,1.95,0.875,0.375,0.275,4.8525,0.5770221535291087,12.312500000000002,
435,2001,Carlos,Rogers,0,1,1,39,4.589743589743589,0.2307692307692307,0.4615384615384615,0.2564102564102564,3.5641025641025643,0.4358974358974359,2.8205128205128207,1.9230769230769231,0.0256410256410256,0.0,1.3333333333333333,0.7435897435897436,3.407179487179487,0.6735400361228175,12.282051282051285,
201174,2008,Nick,Fazekas,0,1,0,25,4.28,0.44,0.44,0.32,3.56,0.52,3.24,1.84,0.08,0.0,0.88,0.6,3.6272,0.5899867666519629,12.28,
76,2001,Cedric,Ceballos,0,1,0,39,6.6923076923076925,0.5128205128205128,0.1794871794871795,0.4102564102564102,2.717948717948718,0.8205128205128205,5.871794871794871,2.58974358974359,1.871794871794872,0.5641025641025641,1.1025641025641026,0.9487179487179488,6.356923076923077,0.5263794772507261,12.256410256410255,cebalce01
200792,2007,Alexander,Johnson,0,1,0,57,4.526315789473684,0.2982456140350877,0.6140350877192983,0.4385964912280701,3.1403508771929824,0.8245614035087719,2.9473684210526314,1.5789473684210529,0.0,0.0,2.0526315789473686,1.368421052631579,3.8505263157894736,0.5877528704209951,12.24561403508772,
2866,2006,Jackie,Butler,0,0,1,55,5.3090909090909095,0.4545454545454545,0.5636363636363636,0.3090909090909091,3.327272727272727,1.1272727272727272,3.909090909090909,2.1272727272727274,0.0,0.0,1.4,1.0545454545454545,4.525090909090909,0.5866280938604951,12.21818181818182,
1035,2002,Shawnelle,Scott,0,0,1,21,3.9047619047619047,0.3809523809523809,0.2857142857142857,0.1428571428571428,4.904761904761905,0.7142857142857143,3.571428571428572,1.761904761904762,0.0,0.0,0.9523809523809524,0.3809523809523809,3.990476190476192,0.4892601431980907,12.11904761904762,
200797,2010,Ryan,Hollins,0,0,1,71,6.042253521126761,0.676056338028169,0.5352112676056338,0.2676056338028169,2.816901408450704,1.267605633802817,4.098591549295775,2.267605633802817,0.0140845070422535,0.0,2.140845070422535,1.5070422535211268,5.04056338028169,0.5993629149435565,11.957746478873238,
2776,2006,Pape,Sow,0,1,0,40,3.675,0.2,0.475,0.525,3.65,0.75,3.075,1.325,0.0,0.0,1.425,1.025,3.702,0.496353322528363,11.95,
201160,2008,Jason,Smith,0,1,1,76,4.473684210526316,0.2631578947368421,0.6578947368421053,0.2894736842105263,3.026315789473684,0.631578947368421,4.078947368421052,1.855263157894737,0.1842105263157894,0.0526315789473684,1.0789473684210529,0.7105263157894737,4.553684210526315,0.4912159038372631,11.934210526315791,
2767,2008,Royal,Ivey,1,0,0,75,5.573333333333333,2.1333333333333333,0.0933333333333333,0.6,1.5733333333333333,1.0,5.04,1.9866666666666664,1.4266666666666667,0.4666666666666667,1.56,1.1333333333333333,5.7264,0.4866350004656794,11.906666666666666,
200779,2009,Steve,Novak,0,1,0,67,7.343283582089552,0.5970149253731343,0.0746268656716417,0.2985074626865671,1.8656716417910448,0.3432835820895522,5.91044776119403,2.626865671641791,4.268656716417911,1.7761194029850746,0.3432835820895522,0.3134328358208955,6.061492537313433,0.6057322958731409,11.843283582089551,
201189,2009,Aaron,Gray,0,0,1,54,3.6296296296296298,0.8518518518518519,0.3148148148148148,0.2592592592592592,4.074074074074074,0.7407407407407407,3.092592592592593,1.5,0.0185185185185185,0.0,1.0925925925925926,0.6296296296296297,3.5733333333333333,0.50787728026534,11.833333333333334,
201805,2010,Chris,Hunter,0,1,1,60,4.5,0.6166666666666667,0.5833333333333334,0.2166666666666666,2.783333333333333,0.5,3.616666666666666,1.8166666666666669,0.0666666666666666,0.0,1.15,0.8666666666666667,4.1226666666666665,0.5457632600258733,11.800000000000002,
1444,2002,Lawrence,Funderburke,0,1,0,56,4.714285714285714,0.5714285714285714,0.3214285714285714,0.1964285714285714,3.5357142857142856,0.5892857142857143,4.375,2.0535714285714284,0.0535714285714285,0.0,1.0,0.6071428571428571,4.815,0.4895416110369381,11.767857142857144,
201446,2009,Mike,Taylor,1,0,0,49,5.8979591836734695,2.163265306122449,0.0,0.7346938775510204,1.7755102040816326,1.489795918367347,5.448979591836735,2.2448979591836733,0.8163265306122449,0.2653061224489796,1.653061224489796,1.1428571428571428,6.176326530612245,0.4774649748876552,11.76530612244898,
920,2001,A.C.,Green,0,1,0,82,4.475609756097561,0.4756097560975609,0.0975609756097561,0.3658536585365853,3.817073170731707,0.5487804878048781,3.951219512195122,1.7560975609756098,0.073170731707317,0.0,1.353658536585366,0.9634146341463414,4.546829268292683,0.4921682222937453,11.670731707317072,
1601,2002,Rusty,LaRue,1,0,0,33,5.848484848484849,2.1515151515151514,0.2121212121212121,0.5151515151515151,1.4848484848484849,1.303030303030303,5.606060606060606,2.212121212121212,1.5151515151515151,0.5151515151515151,1.0606060606060606,0.9090909090909092,6.072727272727273,0.4815369261477045,11.606060606060606,
2370,2002,Mengke,Bateer,0,0,1,27,5.148148148148148,0.8148148148148148,0.1851851851851851,0.3703703703703703,3.555555555555556,1.1851851851851851,4.888888888888889,1.962962962962963,0.4444444444444444,0.1481481481481481,1.3703703703703705,1.0740740740740742,5.491851851851853,0.4687078500134879,11.555555555555554,
1752,2002,Sean,Marks,0,1,1,21,4.571428571428571,0.3809523809523809,0.4761904761904761,0.238095238095238,3.571428571428572,0.9047619047619048,4.190476190476191,1.809523809523809,0.0,0.0,1.619047619047619,0.9523809523809524,4.902857142857143,0.4662004662004662,11.547619047619047,
201948,2010,Austin,Daye,0,1,0,67,5.208955223880597,0.5074626865671642,0.3880597014925373,0.373134328358209,2.5970149253731343,0.7164179104477612,4.402985074626866,2.044776119402985,1.417910447761194,0.4328358208955223,0.835820895522388,0.6865671641791045,4.770746268656716,0.5459266675009385,11.477611940298504,
440,2001,Zan,Tabak,0,0,1,55,3.9272727272727272,0.6,0.5454545454545454,0.1818181818181818,3.872727272727273,1.0363636363636364,3.381818181818182,1.7818181818181815,0.0,0.0,0.8545454545454545,0.3636363636363636,3.7578181818181817,0.5225469324559706,11.472727272727273,
1892,2001,Trajan,Langdon,1,0,0,64,6.078125,1.265625,0.140625,0.59375,1.390625,0.796875,4.890625,2.109375,1.9375,0.796875,1.1875,1.0625,5.413125,0.5614247777392911,11.40625,
200756,2009,Hilton,Armstrong,0,1,1,70,4.828571428571428,0.4142857142857143,0.6428571428571429,0.3714285714285714,2.7857142857142856,1.1428571428571428,3.5142857142857142,1.9714285714285715,0.0285714285714285,0.0,1.4,0.8857142857142857,4.130285714285714,0.5845323741007195,11.4,
1762,2003,Tremaine,Fowlkes,0,1,0,37,4.4324324324324325,0.6216216216216216,0.054054054054054,0.6756756756756757,2.783783783783784,0.5405405405405406,3.45945945945946,1.5135135135135136,0.2432432432432432,0.054054054054054,1.5945945945945943,1.351351351351351,4.161081081081081,0.5326058716549754,11.378378378378375,
2058,2004,Mark,Madsen,0,1,0,72,3.5972222222222223,0.3888888888888889,0.25,0.4583333333333333,3.7777777777777777,0.6527777777777778,2.833333333333333,1.4027777777777777,0.0833333333333333,0.0,1.6388888888888888,0.7916666666666666,3.5544444444444445,0.5060175054704595,11.375000000000002,
101153,2007,Mickael,Gelabale,0,1,0,66,4.863636363636363,0.8484848484848485,0.3333333333333333,0.3636363636363636,2.621212121212121,0.7424242424242424,3.984848484848485,1.8484848484848484,0.696969696969697,0.1666666666666666,1.2424242424242424,1.0,4.531515151515151,0.5366457135214658,11.371212121212125,
2242,2002,Terence,Morris,0,1,0,68,3.75,0.9411764705882352,0.3970588235294117,0.3088235294117647,3.1029411764705883,0.6617647058823529,4.25,1.6323529411764706,1.1470588235294117,0.2205882352941176,0.4117647058823529,0.2647058823529412,4.431176470588236,0.4231381919553962,11.316176470588234,
428,2001,Sherman,Douglas,1,0,0,59,5.728813559322034,2.440677966101695,0.0677966101694915,0.6101694915254238,1.2542372881355932,1.3389830508474576,5.135593220338983,2.067796610169492,0.6779661016949152,0.135593220338983,1.9491525423728813,1.4576271186440677,5.9932203389830505,0.4779411764705882,11.305084745762713,
64,2001,Sam,Perkins,0,1,1,64,3.78125,0.640625,0.28125,0.515625,2.625,0.296875,3.53125,1.34375,1.71875,0.59375,0.59375,0.5,3.7925,0.4985168094924193,11.2734375,perkisa01
1110,2002,Mark,Strickland,0,1,0,46,4.521739130434782,0.4347826086956521,0.3478260869565217,0.4130434782608695,2.847826086956522,0.6086956521739131,4.434782608695652,1.9782608695652173,0.0869565217391304,0.0217391304347826,0.9565217391304348,0.5434782608695652,4.855652173913044,0.4656160458452721,11.271739130434783,
1051,2001,Dean,Garrett,0,0,1,70,2.5285714285714285,0.3428571428571428,0.7,0.3714285714285714,3.1,0.3571428571428571,2.2285714285714286,1.0714285714285714,0.0,0.0,0.5571428571428572,0.3857142857142857,2.4737142857142858,0.511088011088011,11.264285714285714,
760,2001,Jerome,Kersey,0,1,0,21,3.333333333333333,0.7142857142857143,0.3809523809523809,0.6666666666666666,2.142857142857143,0.2857142857142857,3.2857142857142856,1.5238095238095235,0.0476190476190476,0.0,0.6666666666666666,0.2857142857142857,3.579047619047619,0.4656732304417243,11.238095238095235,kerseje01
902,2001,Bimbo,Coles,1,0,0,47,4.9361702127659575,2.936170212765957,0.1276595744680851,0.574468085106383,1.0212765957446808,1.25531914893617,5.085106382978723,1.9361702127659568,0.3404255319148936,0.0425531914893617,1.1914893617021276,1.0212765957446808,5.609361702127659,0.4399939311181915,11.170212765957448,
2437,2004,Lonny,Baxter,0,1,0,60,4.15,0.3333333333333333,0.4833333333333333,0.2833333333333333,3.1166666666666667,0.6333333333333333,3.466666666666667,1.7,0.05,0.0166666666666666,1.2666666666666666,0.7333333333333333,4.024,0.5156560636182903,11.125,
2062,2001,A.J.,Guyton,1,0,0,32,6.1875,2.0,0.15625,0.28125,1.125,0.75,6.0,2.4375,2.15625,0.84375,0.5625,0.46875,6.2475,0.4951980792316927,11.125,
1073,2001,Reggie,Slater,0,1,0,53,4.754716981132075,0.4716981132075472,0.1698113207547169,0.3396226415094339,3.490566037735849,0.8113207547169812,3.2830188679245285,1.679245283018868,0.0,0.0,2.0754716981132075,1.3962264150943395,4.19622641509434,0.5665467625899281,11.11320754716981,
2043,2001,Mateen,Cleaves,1,0,0,77,5.48051948051948,2.688311688311688,0.0129870129870129,0.6363636363636364,1.7142857142857142,1.8051948051948048,5.181818181818182,2.0779220779220777,0.2077922077922078,0.0649350649350649,1.7792207792207793,1.2597402597402598,5.964675324675325,0.4594147361086919,11.071428571428571,
672,2001,Matt,Bullard,0,1,0,60,5.9,0.7,0.15,0.1666666666666666,2.1666666666666665,0.2,5.083333333333333,2.15,3.55,1.4333333333333331,0.2333333333333333,0.1666666666666666,5.186,0.5688391824141921,11.066666666666665,
200780,2010,Solomon,Jones,0,1,0,50,3.86,0.58,0.66,0.28,2.68,0.74,3.34,1.46,0.06,0.0,1.34,0.94,3.9296,0.4911441368078176,11.03,
101179,2010,Ronnie,Price,1,0,0,57,4.2631578947368425,2.1052631578947367,0.2280701754385964,0.6842105263157895,1.2456140350877194,0.9649122807017544,4.035087719298246,1.631578947368421,1.0350877192982455,0.3157894736842105,0.9824561403508772,0.6842105263157895,4.467368421052631,0.4771442035815269,11.008771929824562,
961,2001,John,Wallace,0,1,0,40,5.925,0.575,0.4,0.325,2.075,0.9,5.9,2.5,0.375,0.05,1.125,0.875,6.3950000000000005,0.4632525410476935,11.0,
209,2002,Dell,Curry,1,1,0,55,6.545454545454546,1.1090909090909091,0.109090909090909,0.4,1.4727272727272729,0.7454545454545455,6.3090909090909095,2.5636363636363635,2.381818181818182,0.8181818181818182,0.6727272727272727,0.6,6.60509090909091,0.495485575864347,10.963636363636365,
721,2001,Tyus,Edney,1,0,0,22,4.818181818181818,2.4545454545454546,0.0,0.7727272727272727,1.0909090909090908,1.1363636363636365,4.136363636363637,1.5909090909090908,0.2727272727272727,0.0454545454545454,1.7727272727272727,1.5909090909090908,4.916363636363637,0.4900147928994082,10.954545454545451,
400,2001,Derek,Strong,0,1,0,28,4.214285714285714,0.25,0.0357142857142857,0.5,3.857142857142857,0.7857142857142857,4.178571428571429,1.6071428571428572,0.0357142857142857,0.0,1.3214285714285714,1.0,4.76,0.4426770708283313,10.946428571428571,
2069,2002,Hanno,Mottola,0,1,1,82,4.829268292682927,0.6097560975609756,0.2317073170731707,0.2439024390243902,3.268292682926829,0.8536585365853658,4.682926829268292,2.0609756097560976,0.1585365853658536,0.0121951219512195,0.926829268292683,0.6951219512195121,5.090731707317073,0.4743196627060176,10.841463414634148,
2226,2009,Will,Solomon,1,0,0,53,4.962264150943396,2.509433962264151,0.0754716981132075,0.5094339622641509,1.2075471698113207,1.018867924528302,4.622641509433962,1.981132075471698,1.6226415094339623,0.5283018867924528,0.6415094339622641,0.4716981132075472,4.904905660377358,0.5058470533928296,10.839622641509433,
201972,2010,Jon,Brockman,0,1,0,46,2.9565217391304346,0.4565217391304347,0.108695652173913,0.3260869565217391,4.304347826086956,0.5,2.065217391304348,1.0869565217391304,0.0,0.0,1.1956521739130437,0.782608695652174,2.5913043478260867,0.5704697986577182,10.836956521739127,
200810,2007,Allan,Ray,1,0,0,43,6.744186046511628,1.0,0.0697674418604651,0.4651162790697674,1.5813953488372092,0.9767441860465116,6.0,2.3255813953488373,2.697674418604651,1.1162790697674418,1.2790697674418603,0.9767441860465116,6.562790697674418,0.5138199858256556,10.80232558139535,
201967,2010,Dante,Cunningham,0,1,0,61,3.9836065573770494,0.2295081967213114,0.360655737704918,0.3934426229508196,2.622950819672131,0.2459016393442623,3.508196721311476,1.7377049180327868,0.0327868852459016,0.0,0.7868852459016393,0.5081967213114754,3.854426229508197,0.5167574004763525,10.78688524590164,
688,2001,Michael,Curry,1,1,0,68,5.235294117647059,1.9411764705882355,0.0441176470588235,0.3970588235294117,1.7794117647058822,0.8970588235294118,4.691176470588236,2.1323529411764706,0.1323529411764706,0.0588235294117647,1.0735294117647058,0.9117647058823528,5.163529411764706,0.5069491911597175,10.786764705882351,
2091,2004,Daniel,Santiago,0,0,1,51,4.254901960784314,0.4705882352941176,0.4117647058823529,0.3725490196078431,2.588235294117647,0.6274509803921569,3.196078431372549,1.5294117647058822,0.0,0.0,1.7450980392156863,1.196078431372549,3.963921568627451,0.5367036011080333,10.725490196078429,
2560,2005,Zarko,Cabarkapa,0,1,1,40,5.95,0.625,0.125,0.25,2.55,0.75,4.425,2.15,0.9,0.325,1.625,1.325,5.14,0.5787937743190662,10.7125,
2053,2002,Dalibor,Bagaric,0,0,1,50,3.7,0.46,0.48,0.34,3.24,0.92,3.56,1.44,0.02,0.0,1.4,0.82,4.176,0.443007662835249,10.69,
1052,2005,Ben,Handlogten,0,0,1,21,4.523809523809524,0.6190476190476191,0.238095238095238,0.3333333333333333,3.095238095238096,0.8571428571428571,3.952380952380953,2.0476190476190474,0.0476190476190476,0.0,0.8095238095238095,0.4285714285714285,4.308571428571429,0.5249778956675508,10.66666666666667,
2074,2005,Jabari,Smith,0,0,1,44,3.772727272727273,0.8636363636363636,0.3181818181818182,0.5681818181818182,2.522727272727273,0.8863636363636364,3.340909090909091,1.4090909090909092,0.0227272727272727,0.0227272727272727,1.25,0.9318181818181818,3.89090909090909,0.4848130841121496,10.625,
2351,2002,Oscar,Torres,1,1,0,64,6.078125,0.625,0.140625,0.390625,1.90625,0.765625,5.328125,2.109375,1.96875,0.578125,1.640625,1.28125,6.05,0.5023243801652892,10.46875,
932,2004,Oliver,Miller,0,0,1,46,2.608695652173913,0.782608695652174,0.5652173913043478,0.4130434782608695,2.8043478260869565,0.717391304347826,2.1739130434782608,1.1521739130434785,0.0217391304347826,0.0,0.4565217391304347,0.3043478260869565,2.374782608695652,0.549249359209081,10.467391304347824,milleol01
201961,2010,Wayne,Ellington,1,0,0,74,6.662162162162162,0.9594594594594594,0.0675675675675675,0.2567567567567567,2.027027027027027,0.9864864864864864,5.837837837837838,2.5,2.135135135135135,0.8648648648648649,0.918918918918919,0.7972972972972973,6.242162162162162,0.5336421891236578,10.466216216216216,
2782,2005,Matt,Freije,0,1,0,23,4.043478260869565,0.8695652173913043,0.0869565217391304,0.5652173913043478,2.652173913043478,0.7391304347826086,5.521739130434782,1.608695652173913,2.347826086956522,0.6086956521739131,0.3478260869565217,0.217391304347826,5.674782608695652,0.3562672387373583,10.456521739130434,
919,2001,Loy,Vaught,0,1,1,50,3.36,0.46,0.14,0.42,3.46,0.52,3.38,1.6,0.0,0.0,0.2,0.16,3.468,0.4844290657439446,10.439999999999998,
1917,2002,Wang,Zhi-zhi,0,0,1,55,5.6,0.4,0.3272727272727272,0.2,2.018181818181818,0.4545454545454545,4.509090909090909,1.981818181818182,2.109090909090909,0.8727272727272727,1.0363636363636364,0.7636363636363637,4.965090909090909,0.563937307748645,10.427272727272728,
96,2001,Detlef,Schrempf,0,1,0,26,4.0,1.6923076923076923,0.1153846153846153,0.2692307692307692,3.0,1.0769230769230769,3.6538461538461537,1.5,0.3076923076923077,0.1153846153846153,1.0384615384615383,0.8846153846153846,4.110769230769231,0.4865269461077844,10.423076923076923,schrede01
1538,2001,Cedric,Henderson,0,1,0,55,4.2727272727272725,1.4363636363636365,0.4181818181818181,0.5272727272727272,1.6363636363636365,1.1454545454545455,4.763636363636364,1.8545454545454545,0.1454545454545454,0.0181818181818181,0.8363636363636363,0.5454545454545454,5.131636363636364,0.4163123582766439,10.372727272727271,
201570,2009,Joe,Alexander,0,1,0,57,4.87719298245614,0.7368421052631579,0.5087719298245614,0.2631578947368421,2.017543859649123,0.912280701754386,4.298245614035087,1.7894736842105263,0.8070175438596491,0.2807017543859649,1.456140350877193,1.0175438596491229,4.9389473684210525,0.4937482239272521,10.271929824561402,
1562,2001,Gerard,King,0,1,0,45,4.8,0.6888888888888889,0.2444444444444444,0.3111111111111111,2.8666666666666667,1.0444444444444445,3.911111111111111,2.0,0.0,0.0,1.0,0.8,4.351111111111111,0.5515832482124617,10.266666666666666,
201633,2009,Rob,Kurz,0,1,0,40,3.925,0.5,0.475,0.35,2.025,0.4,3.275,1.275,0.95,0.375,1.25,1.0,3.825,0.5130718954248366,10.2125,
2366,2003,Mike,Wilks,1,0,0,45,3.2666666666666666,2.0444444444444443,0.0888888888888888,0.6,1.5777777777777775,0.6222222222222222,3.2888888888888888,1.1111111111111112,0.7777777777777778,0.2222222222222222,1.0444444444444445,0.8222222222222222,3.748444444444445,0.4357363054304007,10.211111111111112,
2109,2005,Eddie,Gill,1,0,0,69,3.898550724637681,1.2028985507246377,0.072463768115942,0.855072463768116,1.6231884057971016,0.8695652173913043,3.5072463768115942,1.173913043478261,1.6956521739130437,0.5217391304347826,1.173913043478261,1.0289855072463767,4.023768115942029,0.4844402823800605,10.108695652173912,
201949,2010,James,Johnson,0,1,0,64,3.9375,0.75,0.671875,0.328125,1.953125,0.953125,3.21875,1.46875,0.71875,0.234375,1.0625,0.765625,3.68625,0.5340793489318413,10.0859375,
101158,2006,Orien,Greene,1,0,0,79,3.2151898734177213,1.6329113924050631,0.1265822784810126,0.9746835443037974,1.835443037974684,1.379746835443038,3.2025316455696204,1.2658227848101269,0.5063291139240507,0.1139240506329113,0.8607594936708861,0.569620253164557,3.58126582278481,0.4488901456242047,10.063291139240503,
2414,2005,Curtis,Borchardt,0,0,1,67,2.985074626865672,0.7313432835820896,0.4776119402985074,0.1492537313432835,3.343283582089552,0.7761194029850746,2.567164179104477,1.1044776119402986,0.0,0.0,1.0597014925373134,0.7761194029850746,3.0334328358208955,0.492029128124385,10.052238805970148,
2788,2009,DJ,Mbenga,0,0,1,23,2.652173913043478,0.391304347826087,1.0434782608695652,0.4347826086956521,1.3478260869565215,0.5652173913043478,2.4782608695652173,1.173913043478261,0.0434782608695652,0.0,0.3478260869565217,0.3043478260869565,2.6313043478260867,0.5039656311962988,10.043478260869566,
236,2001,Kevin,Edwards,1,0,0,43,3.72093023255814,1.2093023255813953,0.1627906976744186,0.6744186046511628,1.9069767441860463,0.8604651162790697,3.953488372093023,1.302325581395349,0.4418604651162791,0.1162790697674418,1.2325581395348837,1.0,4.495813953488372,0.4138216428719222,10.023255813953488,
1736,2001,Corey,Benjamin,1,0,0,61,5.032786885245901,1.1311475409836065,0.2622950819672131,0.4590163934426229,1.639344262295082,1.0327868852459017,4.950819672131147,1.8852459016393444,1.3278688524590163,0.3442622950819672,1.360655737704918,0.918032786885246,5.549508196721312,0.4534444050573082,10.008196721311474,
2401,2003,Nikoloz,Tskitishvili,0,1,0,80,3.9375,1.1375,0.3625,0.3875,2.2625,1.05,4.9125,1.4375,1.9,0.4625,0.8125,0.6,5.27,0.3735768500948767,9.937500000000002,
51,2001,Mahmoud,Abdul-Rauf,1,0,0,41,6.487804878048781,1.853658536585366,0.024390243902439,0.2195121951219512,0.6097560975609756,0.6341463414634146,6.0,2.926829268292683,0.3414634146341463,0.0975609756097561,0.7073170731707317,0.5365853658536586,6.311219512195122,0.513989797495749,9.890243902439028,
101187,2006,Alan,Anderson,1,1,0,36,5.75,0.8888888888888888,0.1111111111111111,0.3055555555555556,1.9444444444444444,0.8888888888888888,5.027777777777778,2.083333333333333,1.6111111111111112,0.6666666666666666,1.1388888888888888,0.9166666666666666,5.528888888888889,0.5199959807073955,9.88888888888889,
2219,2003,Jeryl,Sasser,1,0,0,73,2.6575342465753424,0.8904109589041096,0.1643835616438356,0.6164383561643836,2.52054794520548,0.5342465753424658,2.835616438356164,0.8767123287671232,0.6027397260273972,0.1780821917808219,1.0684931506849316,0.726027397260274,3.305753424657534,0.4019559091662523,9.82876712328767,
200762,2010,Oleksiy,Pecherov,0,1,1,42,4.428571428571429,0.2619047619047619,0.3333333333333333,0.2142857142857142,2.880952380952381,0.7619047619047619,4.261904761904762,1.7142857142857142,1.1666666666666667,0.3095238095238095,0.7619047619047619,0.6904761904761905,4.597142857142857,0.4816656308266004,9.80952380952381,
2599,2004,Brandon,Hunter,0,1,0,35,3.571428571428572,0.5428571428571428,0.0285714285714285,0.3714285714285714,3.3714285714285714,0.6285714285714286,3.3142857142857145,1.5142857142857142,0.0857142857142857,0.0,1.2285714285714286,0.5428571428571428,3.854857142857143,0.4632374740587014,9.785714285714285,
2238,2002,Antonis,Fotsis,0,1,0,26,4.153846153846154,0.3846153846153846,0.4230769230769231,0.3461538461538461,2.3846153846153846,0.8076923076923077,4.0,1.6153846153846154,0.8846153846153846,0.2692307692307692,0.7692307692307693,0.6538461538461539,4.338461538461538,0.4787234042553192,9.76923076923077,
200821,2007,Yakhouba,Diawara,1,1,0,62,4.580645161290323,0.8870967741935484,0.1129032258064516,0.4838709677419355,1.7741935483870968,0.5967741935483871,4.709677419354839,1.6129032258064515,2.7419354838709675,0.7903225806451613,0.8548387096774194,0.5645161290322581,5.085806451612903,0.4503361664340987,9.766129032258064,
2469,2003,Pat,Burke,0,1,1,62,4.306451612903226,0.3709677419354839,0.4032258064516129,0.3064516129032258,2.3548387096774195,0.7580645161290323,4.774193548387097,1.8225806451612905,0.1129032258064516,0.0161290322580645,0.935483870967742,0.6451612903225806,5.185806451612903,0.4152152276685743,9.717741935483872,
228,2001,Adam,Keefe,0,1,0,67,2.5074626865671643,0.5373134328358209,0.2985074626865671,0.417910447761194,3.1194029850746268,0.5970149253731343,2.373134328358209,0.9552238805970148,0.044776119402985,0.0149253731343283,0.9402985074626866,0.582089552238806,2.786865671641791,0.4498714652956298,9.664179104477611,
219,2001,Vinny,Del Negro,1,0,0,64,3.96875,1.96875,0.046875,0.40625,1.28125,0.53125,3.65625,1.65625,0.203125,0.015625,0.6875,0.640625,3.95875,0.5012630249447426,9.59375,
2770,2006,Justin,Reed,0,1,0,65,5.0,0.6307692307692307,0.2307692307692307,0.3538461538461538,1.907692307692308,0.8,4.538461538461538,1.8307692307692307,0.0153846153846153,0.0,1.8461538461538465,1.3384615384615384,5.350769230769231,0.4672225416906267,9.546153846153848,
359,2001,Chucky,Brown,0,1,0,26,3.923076923076923,0.4230769230769231,0.2692307692307692,0.3461538461538461,2.076923076923077,0.3076923076923077,3.6538461538461537,1.5384615384615383,0.1153846153846153,0.0,1.3076923076923077,0.8461538461538461,4.229230769230769,0.4638050200072753,9.51923076923077,
765,2001,Hersey,Hawkins,1,0,0,57,3.210526315789474,1.263157894736842,0.1578947368421052,0.5789473684210527,1.4035087719298245,0.3333333333333333,2.4035087719298245,0.9824561403508772,0.8070175438596491,0.2982456140350877,1.105263157894737,0.9473684210526316,2.8898245614035085,0.5554881010199126,9.49122807017544,
201975,2010,Jodie,Meeks,1,0,0,56,5.017857142857143,0.6964285714285714,0.0892857142857142,0.3214285714285714,1.7678571428571428,0.4464285714285714,4.767857142857143,1.8571428571428568,2.357142857142857,0.75,0.6964285714285714,0.5535714285714286,5.074285714285715,0.4944397522522522,9.464285714285715,
201,2001,Chris,Dudley,0,0,1,52,1.3461538461538465,0.3461538461538461,0.5576923076923077,0.2692307692307692,3.519230769230769,0.5,1.4038461538461535,0.5576923076923077,0.0,0.0,0.6538461538461539,0.2307692307692307,1.6915384615384614,0.3979081400636653,9.451923076923077,
323,2003,Greg,Foster,0,0,1,29,4.172413793103448,0.4482758620689655,0.3103448275862069,0.0344827586206896,3.5172413793103448,1.0344827586206895,4.206896551724138,1.6206896551724137,0.1379310344827586,0.0344827586206896,1.103448275862069,0.896551724137931,4.692413793103448,0.444591416813639,9.43103448275862,
2253,2003,Sean,Lampley,0,1,0,35,4.828571428571428,0.8857142857142857,0.0857142857142857,0.2,2.3714285714285714,0.7142857142857143,3.6857142857142855,1.6,0.1142857142857142,0.0,2.342857142857143,1.6285714285714286,4.716571428571428,0.5118730312575721,9.42857142857143,
2565,2005,Zoran,Planinic,1,1,0,43,5.046511627906977,1.0232558139534884,0.0,0.5813953488372093,1.6046511627906976,0.9534883720930232,4.046511627906977,1.813953488372093,0.9302325581395348,0.3488372093023256,1.5348837209302326,1.069767441860465,4.721860465116279,0.5343774625689519,9.406976744186046,
1900,2002,Quincy,Lewis,1,1,0,35,4.114285714285714,1.0285714285714285,0.2571428571428571,0.6571428571428571,1.2285714285714286,0.8857142857142857,4.085714285714285,1.8285714285714283,0.5142857142857142,0.0857142857142857,0.5714285714285714,0.3714285714285714,4.337142857142857,0.4743083003952568,9.385714285714286,
998,2001,Mark,Pope,0,1,1,60,2.5166666666666666,0.6333333333333333,0.4333333333333333,0.2666666666666666,2.45,0.2833333333333333,2.3666666666666667,1.0333333333333334,0.4,0.0833333333333333,0.5833333333333334,0.3666666666666666,2.623333333333333,0.4796696315120711,9.375,
101261,2008,Andre,Owens,1,0,0,30,4.1,1.5666666666666669,0.1,0.4333333333333333,1.5666666666666669,0.8,3.533333333333333,1.3333333333333333,1.3,0.6,1.1333333333333333,0.8333333333333334,4.032,0.5084325396825397,9.333333333333332,
200781,2009,Paul,Davis,0,0,1,27,3.962962962962963,0.4444444444444444,0.1111111111111111,0.3703703703703703,2.4814814814814814,0.4814814814814814,3.6296296296296298,1.4814814814814814,0.037037037037037,0.0,1.2592592592592593,1.0,4.183703703703704,0.4736189801699716,9.314814814814811,
2604,2005,Theron,Smith,0,1,0,33,3.1818181818181817,0.8484848484848485,0.1212121212121212,0.1818181818181818,3.515151515151515,0.8181818181818182,4.121212121212121,1.3333333333333333,0.3636363636363636,0.0909090909090909,0.4848484848484848,0.4242424242424242,4.334545454545454,0.3670302013422819,9.3030303030303,
137,2001,Vernon,Maxwell,1,0,0,43,4.674418604651163,1.1395348837209305,0.0697674418604651,0.4883720930232558,1.5348837209302326,0.813953488372093,5.186046511627907,1.697674418604651,2.581395348837209,0.7906976744186046,0.7441860465116279,0.4883720930232558,5.513488372093024,0.4239075417580563,9.290697674418606,
2873,2005,Billy,Thomas,1,0,0,23,4.0,0.7391304347826086,0.0434782608695652,0.6086956521739131,1.565217391304348,0.391304347826087,4.086956521739131,1.4782608695652173,2.4347826086956523,0.7391304347826086,0.391304347826087,0.3043478260869565,4.259130434782609,0.4695794201714985,9.282608695652174,
145,2002,Tracy,Murray,0,1,0,39,5.82051282051282,0.4871794871794871,0.2051282051282051,0.282051282051282,1.358974358974359,0.6410256410256411,5.307692307692308,2.17948717948718,2.6666666666666665,1.0256410256410255,0.5384615384615384,0.4358974358974359,5.544615384615384,0.5248797632260451,9.256410256410255,
376,2002,Eric,Montross,0,0,1,48,2.395833333333333,0.3333333333333333,0.4791666666666667,0.25,2.9166666666666665,0.5208333333333334,2.75,1.1041666666666667,0.0208333333333333,0.0,0.6041666666666666,0.1875,3.015833333333333,0.3972091738049185,9.145833333333334,
2499,2005,Richie,Frahm,1,0,0,38,4.315789473684211,0.7368421052631579,0.1052631578947368,0.3947368421052631,1.605263157894737,0.3684210526315789,3.631578947368421,1.4736842105263157,2.0526315789473686,0.8157894736842105,0.6578947368421053,0.5526315789473685,3.921052631578948,0.5503355704697986,9.092105263157896,
1738,2004,Ansu,Sesay,0,1,0,52,3.8461538461538463,0.3653846153846153,0.3653846153846153,0.3653846153846153,1.7692307692307692,0.4423076923076923,3.423076923076923,1.5576923076923077,0.4038461538461538,0.1153846153846153,0.8461538461538461,0.6153846153846154,3.795384615384615,0.5066882853668424,9.086538461538462,
202066,2010,Garrett,Temple,1,1,0,26,5.230769230769231,0.8076923076923077,0.2307692307692307,0.5,1.1923076923076923,1.0384615384615383,3.8846153846153846,1.6923076923076923,1.4230769230769231,0.5,1.9230769230769231,1.3461538461538465,4.730769230769231,0.5528455284552846,9.076923076923077,
2357,2005,Tierre,Brown,1,0,0,76,4.381578947368421,2.039473684210526,0.0131578947368421,0.4210526315789473,1.2236842105263157,0.9736842105263158,4.578947368421052,1.631578947368421,0.9473684210526316,0.3421052631578947,0.986842105263158,0.7763157894736842,5.013157894736842,0.4370078740157481,9.06578947368421,
101146,2009,Roko,Ukic,1,0,0,72,4.180555555555555,2.125,0.0277777777777777,0.4166666666666667,1.0416666666666667,0.8333333333333334,4.5,1.7083333333333333,0.8611111111111112,0.1527777777777778,0.8333333333333334,0.6111111111111112,4.866666666666667,0.4295091324200912,9.041666666666666,
201178,2009,Kyrylo,Fesenko,0,0,1,20,2.45,0.2,0.75,0.35,1.85,0.45,1.8,1.05,0.0,0.0,1.05,0.35,2.262,0.541556145004421,9.025,
101214,2010,Jawad,Williams,0,1,0,48,4.666666666666667,0.7083333333333334,0.1041666666666666,0.25,1.7291666666666667,0.375,4.291666666666667,1.6875,1.9375,0.625,0.9375,0.6666666666666666,4.704166666666667,0.496014171833481,8.989583333333334,
2696,2007,Lynn,Greer,1,0,0,36,4.638888888888889,1.4722222222222223,0.0277777777777777,0.4722222222222222,0.75,0.5,3.9166666666666665,1.6944444444444444,1.4444444444444444,0.5,0.8888888888888888,0.75,4.307777777777778,0.5384317771472789,8.972222222222223,
200759,2007,Cedric,Simmons,0,1,0,43,2.9302325581395348,0.2790697674418604,0.5348837209302325,0.1860465116279069,2.488372093023256,0.5116279069767442,3.069767441860465,1.2790697674418603,0.0,0.0,0.7674418604651163,0.3720930232558139,3.4074418604651164,0.4299754299754299,8.94186046511628,
2101,2001,Paul,McPherson,1,0,0,51,5.098039215686274,0.7450980392156863,0.0784313725490196,0.4705882352941176,1.5490196078431373,0.9019607843137256,4.215686274509804,2.117647058823529,0.2352941176470588,0.0392156862745098,1.0980392156862746,0.8235294117647058,4.698823529411765,0.5424803872475379,8.931372549019608,
1983,2002,Jermaine,Jackson,1,0,0,22,2.590909090909091,2.590909090909091,0.0454545454545454,0.4090909090909091,1.2272727272727273,0.6363636363636364,1.9090909090909087,0.9090909090909092,0.0909090909090909,0.0454545454545454,1.0909090909090908,0.7272727272727273,2.389090909090909,0.5422374429223744,8.863636363636363,
1898,2002,Cal,Bowdler,0,1,0,51,3.176470588235294,0.2156862745098039,0.2941176470588235,0.3529411764705882,2.1372549019607843,0.2156862745098039,3.411764705882353,1.196078431372549,0.0980392156862745,0.0196078431372549,0.9215686274509804,0.7647058823529411,3.817254901960784,0.4160673926443394,8.862745098039214,
2764,2005,Donta,Smith,1,0,0,37,3.4324324324324325,1.054054054054054,0.1351351351351351,0.6216216216216216,1.4054054054054057,0.6486486486486487,3.054054054054054,1.1891891891891893,0.5945945945945946,0.1621621621621621,1.2972972972972974,0.8918918918918919,3.6248648648648647,0.4734566060244557,8.85135135135135,
101211,2010,Stephen,Graham,1,1,0,61,4.442622950819672,0.360655737704918,0.1639344262295081,0.2950819672131147,2.081967213114754,0.5573770491803278,3.4918032786885247,1.7704918032786885,0.7377049180327869,0.2459016393442623,0.9836065573770492,0.6557377049180327,3.9245901639344254,0.5659983291562238,8.827868852459016,
201151,2008,Acie,Law,1,0,0,56,4.196428571428571,2.017857142857143,0.0,0.5178571428571429,1.0178571428571428,1.0,4.232142857142857,1.6964285714285714,0.6071428571428571,0.125,0.8571428571428571,0.6785714285714286,4.609285714285714,0.4552146288547962,8.821428571428571,
101137,2006,Daniel,Ewing,1,0,0,64,3.9375,1.3125,0.09375,0.578125,1.328125,0.890625,3.984375,1.515625,1.21875,0.34375,0.71875,0.5625,4.300625,0.4577822990844354,8.8046875,
201605,2010,Nathan,Jawai,0,1,0,38,3.1578947368421053,0.631578947368421,0.2368421052631578,0.2631578947368421,2.6842105263157894,0.7105263157894737,2.8421052631578947,1.263157894736842,0.0263157894736842,0.0,0.9473684210526316,0.631578947368421,3.2589473684210524,0.4844961240310078,8.710526315789474,
2852,2008,Awvee,Storey,1,1,0,24,3.8333333333333335,0.6666666666666666,0.0416666666666666,0.2916666666666667,2.25,0.4166666666666667,3.7083333333333335,1.625,0.2916666666666667,0.0,1.2083333333333333,0.5833333333333334,4.24,0.4520440251572327,8.708333333333332,
200763,2008,Quincy,Douby,1,0,0,70,5.057142857142857,0.7571428571428571,0.1714285714285714,0.4285714285714285,1.1714285714285717,0.8285714285714286,4.771428571428571,1.8857142857142857,1.7285714285714286,0.6,0.7428571428571429,0.6857142857142857,5.098285714285714,0.495965030262273,8.692857142857141,
201628,2010,Bobby,Brown,1,0,0,40,5.075,2.1,0.0,0.35,0.9,1.15,5.525,2.075,2.25,0.6,0.375,0.325,5.69,0.445957820738137,8.675,
2737,2005,Rafael,Araujo,0,0,1,59,3.3220338983050848,0.2711864406779661,0.135593220338983,0.3559322033898305,3.135593220338983,0.8813559322033898,2.9661016949152543,1.2881355932203389,0.0508474576271186,0.0169491525423728,0.9322033898305084,0.7288135593220338,3.376271186440678,0.4919678714859438,8.635593220338984,
190,2001,Duane,Causwell,0,0,1,31,2.4516129032258065,0.1612903225806451,0.5806451612903226,0.2580645161290322,2.677419354838709,0.7419354838709677,2.7419354838709675,1.032258064516129,0.0,0.0,0.8064516129032258,0.3870967741935484,3.096774193548387,0.3958333333333333,8.580645161290322,
1914,2001,Chris,Herren,1,0,0,25,3.32,2.24,0.0,0.56,0.84,0.8,3.84,1.16,2.2,0.64,0.48,0.36,4.0512,0.4097551342812006,8.58,
202178,2010,Sundiata,Gaines,1,0,0,26,3.8846153846153846,1.5,0.0,0.4615384615384615,1.1153846153846154,0.5384615384615384,3.0,1.3846153846153846,0.9615384615384616,0.2692307692307692,1.6923076923076923,0.8461538461538461,3.744615384615385,0.5186935086277732,8.576923076923077,
201960,2010,DeMarre,Carroll,0,1,0,63,3.095238095238096,0.5079365079365079,0.1428571428571428,0.3968253968253968,2.2063492063492065,0.3809523809523809,3.3174603174603177,1.3492063492063493,0.0952380952380952,0.0,0.5873015873015873,0.3968253968253968,3.5758730158730163,0.4327947443181817,8.563492063492063,
101183,2006,Shavlik,Randolph,0,1,0,51,2.5686274509803924,0.3725490196078431,0.2352941176470588,0.3725490196078431,2.549019607843137,0.4117647058823529,1.9019607843137247,0.8627450980392157,0.0,0.0,1.392156862745098,0.8431372549019608,2.5145098039215688,0.5107610729881472,8.558823529411764,
103,2001,Todd,Day,1,1,0,29,4.551724137931035,0.9655172413793104,0.2413793103448276,0.3448275862068966,1.2413793103448276,0.8275862068965517,4.068965517241379,1.5172413793103448,2.3793103448275863,0.896551724137931,0.7931034482758621,0.6206896551724138,4.417931034482758,0.5151420543240712,8.551724137931034,
2421,2004,Frank,Williams,1,0,0,56,3.9107142857142856,2.1607142857142856,0.1071428571428571,0.4464285714285714,0.9464285714285714,1.125,3.7142857142857135,1.4285714285714286,1.0714285714285714,0.3214285714285714,0.8571428571428571,0.7321428571428571,4.091428571428572,0.477915502793296,8.535714285714286,
1434,2001,Dragan,Tarlac,0,1,1,42,2.4285714285714284,0.7380952380952381,0.4523809523809524,0.1666666666666666,2.880952380952381,0.9047619047619048,2.357142857142857,0.9285714285714286,0.0,0.0,0.7380952380952381,0.5714285714285714,2.681904761904762,0.4527698863636363,8.523809523809524,
1519,2005,John,Thomas,0,0,1,42,2.642857142857143,0.4047619047619047,0.3095238095238095,0.3571428571428571,2.3095238095238093,0.4285714285714285,2.0476190476190474,1.0,0.0,0.0,1.0952380952380951,0.6428571428571429,2.529523809523809,0.5224021084337349,8.523809523809522,
101133,2010,Ian,Mahinmi,0,0,1,23,4.391304347826087,0.0869565217391304,0.3478260869565217,0.1304347826086956,2.260869565217391,0.6521739130434783,2.391304347826087,1.5217391304347827,0.0,0.0,2.0434782608695654,1.3478260869565215,3.2904347826086955,0.6672832980972516,8.521739130434781,
1760,2002,Derrick,Dial,1,0,0,31,3.2580645161290325,1.1290322580645162,0.1290322580645161,0.3225806451612903,1.806451612903225,0.5161290322580645,3.870967741935484,1.3225806451612905,0.3548387096774194,0.032258064516129,0.7741935483870968,0.5806451612903226,4.211612903225807,0.3867953431372549,8.435483870967744,
201965,2010,Jeff,Ayres,0,1,1,38,2.736842105263158,0.0263157894736842,0.4210526315789473,0.1842105263157894,2.5789473684210527,0.3157894736842105,1.7105263157894737,1.131578947368421,0.0,0.0,0.5263157894736842,0.4736842105263157,1.9421052631578948,0.7046070460704607,8.434210526315788,
2435,2005,Mario,Kasun,0,0,1,42,2.8095238095238093,0.1904761904761904,0.3095238095238095,0.1904761904761904,3.0476190476190474,0.6190476190476191,2.333333333333333,1.119047619047619,0.0238095238095238,0.0,1.0238095238095235,0.5714285714285714,2.783809523809524,0.504618542593226,8.428571428571427,
200786,2007,David,Noel,1,1,0,62,2.967741935483871,1.0483870967741935,0.1451612903225806,0.4032258064516129,1.9838709677419355,0.6451612903225806,2.8548387096774195,1.0483870967741935,0.8548387096774194,0.2741935483870967,0.6935483870967742,0.5967741935483871,3.16,0.4695794201714985,8.419354838709676,
348,2004,Mitchell,Butler,1,0,0,41,3.268292682926829,0.7804878048780488,0.0975609756097561,0.5365853658536586,1.7317073170731707,0.5853658536585366,3.024390243902439,1.3170731707317074,0.7317073170731707,0.2682926829268293,0.5853658536585366,0.3658536585365853,3.281951219512196,0.4979191438763376,8.402439024390246,
101156,2006,Robert,Whaley,0,0,1,20,2.45,0.85,0.4,0.35,2.05,0.7,2.8,1.15,0.0,0.0,0.3,0.15,2.932,0.4178035470668486,8.4,
201966,2010,Jermaine,Taylor,1,0,0,28,4.571428571428571,0.5714285714285714,0.1071428571428571,0.3571428571428571,1.6428571428571428,0.6785714285714286,4.214285714285714,1.6071428571428572,0.7857142857142857,0.1785714285714285,1.6428571428571428,1.1785714285714286,4.937142857142858,0.4629629629629629,8.392857142857142,
901,2001,Otis,Thorpe,0,1,1,49,2.816326530612245,0.5918367346938775,0.1428571428571428,0.2448979591836734,2.959183673469388,0.6530612244897959,2.673469387755102,1.2040816326530612,0.0,0.0,0.4897959183673469,0.4081632653061224,2.8889795918367347,0.4874258265046623,8.387755102040815,
200784,2008,Bobby,Jones,0,1,0,45,3.955555555555556,0.6222222222222222,0.0666666666666666,0.3333333333333333,2.0444444444444443,0.6222222222222222,3.111111111111111,1.3333333333333333,1.1777777777777778,0.4,1.1333333333333333,0.8888888888888888,3.609777777777778,0.5478946072395962,8.311111111111114,
2857,2005,Andre,Barrett,1,0,0,37,3.189189189189189,1.864864864864865,0.027027027027027,0.5135135135135135,1.0810810810810811,0.7297297297297297,3.351351351351352,1.2162162162162162,1.4054054054054057,0.3783783783783784,0.5135135135135135,0.3783783783783784,3.577297297297297,0.4457540042308854,8.31081081081081,
1766,2007,Maceo,Baston,0,1,0,39,3.4871794871794872,0.4102564102564102,0.4615384615384615,0.3076923076923077,1.8461538461538465,0.8205128205128205,1.8974358974358967,1.2307692307692308,0.1794871794871795,0.0769230769230769,1.205128205128205,0.9487179487179488,2.427692307692308,0.7182087029995775,8.307692307692308,
2409,2004,Marcus,Haislip,0,1,0,28,3.321428571428572,0.1428571428571428,0.4285714285714285,0.2142857142857142,1.8928571428571428,0.3214285714285714,2.642857142857143,1.2857142857142858,0.0714285714285714,0.0357142857142857,1.0,0.7142857142857143,3.0828571428571427,0.5386932344763671,8.303571428571429,
2752,2006,Sergei,Monia,0,1,0,25,3.08,0.76,0.2,0.28,2.08,0.48,3.48,1.16,1.36,0.36,0.56,0.4,3.7264,0.4132674967797338,8.3,
146,2001,Jud,Buechler,1,1,0,56,3.4107142857142856,0.6964285714285714,0.1785714285714285,0.375,1.6785714285714286,0.4464285714285714,2.9107142857142856,1.3392857142857142,1.375,0.5714285714285714,0.2142857142857142,0.1607142857142857,3.005,0.5675065367245068,8.294642857142858,
201952,2010,Jeff,Teague,1,0,0,69,3.2028985507246377,1.6956521739130437,0.1594202898550724,0.4782608695652174,0.9130434782608696,0.7101449275362319,3.130434782608696,1.2608695652173914,0.4347826086956521,0.0869565217391304,0.7101449275362319,0.5942028985507246,3.442898550724638,0.4651456474153898,8.246376811594203,
101185,2006,Rawle,Marshall,1,1,0,20,3.55,0.5,0.35,0.4,1.55,0.75,3.0,1.2,0.15,0.05,1.45,1.1,3.638,0.4879054425508521,8.125,
2573,2004,Maciej,Lampe,0,1,0,21,4.571428571428571,0.4285714285714285,0.1428571428571428,0.1428571428571428,2.095238095238096,0.7142857142857143,4.190476190476191,2.0476190476190474,0.1904761904761904,0.0,0.6190476190476191,0.4761904761904761,4.462857142857143,0.5121638924455826,8.071428571428571,
2810,2008,Andre,Brown,0,1,0,33,3.0303030303030303,0.2424242424242424,0.1212121212121212,0.2121212121212121,2.787878787878788,0.4242424242424242,2.363636363636364,1.181818181818182,0.0,0.0,1.4848484848484849,0.6666666666666666,3.016969696969697,0.502209722780233,8.06060606060606,
70,2002,Steve,Kerr,1,0,0,57,4.719298245614035,1.087719298245614,0.0175438596491228,0.2280701754385964,1.0350877192982455,0.4210526315789473,3.789473684210526,1.7894736842105263,1.1403508771929824,0.4561403508771929,0.7017543859649122,0.6842105263157895,4.098245614035087,0.5757705479452055,8.043859649122808,
2061,2002,Dan,Langhi,0,1,0,33,3.242424242424242,0.4242424242424242,0.1515151515151515,0.2424242424242424,2.0303030303030303,0.2727272727272727,3.787878787878788,1.4848484848484849,0.1212121212121212,0.0303030303030303,0.3333333333333333,0.2424242424242424,3.934545454545455,0.412045594577942,7.954545454545455,
969,2003,Travis,Knight,0,0,1,28,2.142857142857143,0.5,0.3214285714285714,0.2857142857142857,2.2142857142857144,0.3571428571428571,2.321428571428572,0.8928571428571429,0.0357142857142857,0.0,0.4642857142857143,0.3571428571428571,2.525714285714286,0.4242081447963801,7.92857142857143,
101204,2008,Dwayne,Jones,0,1,1,51,1.4901960784313726,0.196078431372549,0.4901960784313725,0.196078431372549,2.7058823529411766,0.3333333333333333,0.8823529411764706,0.4705882352941176,0.0196078431372549,0.0,1.0980392156862746,0.5490196078431373,1.3654901960784314,0.5456634118322803,7.92156862745098,
201176,2008,Jermareo,Davidson,0,1,0,36,3.333333333333333,0.3611111111111111,0.4166666666666667,0.1944444444444444,1.6944444444444444,0.4722222222222222,3.4722222222222223,1.4166666666666667,0.0,0.0,0.7777777777777778,0.5,3.8144444444444447,0.4369356248179434,7.916666666666666,
200801,2007,Hassan,Adams,0,1,0,44,3.954545454545455,0.2954545454545454,0.0909090909090909,0.3863636363636363,1.7272727272727273,0.5,3.0681818181818183,1.7045454545454546,0.0227272727272727,0.0,0.7727272727272727,0.5454545454545454,3.408181818181818,0.5801547079221125,7.897727272727272,
713,2001,Chris,Carr,1,0,0,30,5.433333333333334,0.3666666666666666,0.1,0.1333333333333333,1.4666666666666666,0.6333333333333333,3.6666666666666665,1.7,1.1666666666666667,0.5,2.0,1.5333333333333334,4.546666666666667,0.5975073313782991,7.85,
2668,2005,Josh,Davis,0,1,0,34,3.323529411764706,0.3529411764705882,0.1176470588235294,0.2352941176470588,2.294117647058824,0.4411764705882353,3.2058823529411766,1.2058823529411764,1.5,0.5294117647058824,0.4411764705882353,0.3823529411764705,3.4000000000000004,0.4887543252595155,7.823529411764705,
417,2001,Sam,Mitchell,0,1,0,80,3.5625,0.7125,0.125,0.3125,1.5375,0.45,3.6125,1.475,0.5375,0.1125,0.6875,0.5,3.915,0.4549808429118774,7.7875,
2580,2004,Travis,Hansen,1,1,0,39,3.1538461538461537,0.4871794871794871,0.2307692307692307,0.2564102564102564,1.794871794871795,0.3846153846153846,3.3076923076923075,1.1794871794871795,0.7435897435897436,0.2307692307692307,0.6923076923076923,0.5641025641025641,3.612307692307692,0.436541737649063,7.756410256410256,
223,2001,Bill,Curley,0,1,0,20,3.15,0.15,0.45,0.35,1.85,0.8,2.35,1.25,0.1,0.05,0.95,0.6,2.768,0.5690028901734103,7.750000000000002,
239,2006,Darrick,Martin,1,0,0,33,3.060606060606061,1.696969696969697,0.0,0.4848484848484848,0.6060606060606061,0.4545454545454545,2.909090909090909,1.0303030303030305,1.181818181818182,0.4848484848484848,0.6666666666666666,0.5151515151515151,3.2024242424242426,0.4778576835730507,7.545454545454546,
101194,2009,Anthony,Roberson,1,0,0,28,4.25,0.7142857142857143,0.0357142857142857,0.3571428571428571,0.7857142857142857,0.2857142857142857,4.25,1.5714285714285714,2.857142857142857,0.9285714285714286,0.1785714285714285,0.1785714285714285,4.328571428571428,0.4909240924092409,7.5,
200753,2009,Patrick,O'Bryant,0,0,1,36,2.7777777777777777,0.3055555555555556,0.5277777777777778,0.1666666666666666,1.805555555555556,0.6111111111111112,2.333333333333333,1.25,0.0555555555555555,0.0,0.5,0.2777777777777778,2.5533333333333337,0.5439512619669277,7.499999999999999,
386,2001,Elliot,Perry,1,0,0,47,3.0851063829787235,1.680851063829787,0.0212765957446808,0.4680851063829787,0.9787234042553192,0.8085106382978723,2.978723404255319,1.3829787234042554,0.1063829787234042,0.0212765957446808,0.425531914893617,0.2978723404255319,3.1659574468085103,0.487231182795699,7.414893617021278,
2423,2003,Chris,Jefferies,0,1,0,50,3.94,0.44,0.32,0.38,1.18,0.9,3.88,1.5,1.08,0.36,0.86,0.58,4.2584,0.4626150666917152,7.37,
1038,2003,Juaquin,Hawkins,0,1,0,55,2.4363636363636365,0.8545454545454545,0.109090909090909,0.5272727272727272,1.4181818181818182,0.5272727272727272,2.690909090909091,1.0363636363636364,0.4363636363636363,0.1818181818181818,0.3636363636363636,0.1818181818181818,2.850909090909091,0.4272959183673469,7.336363636363636,
201592,2010,J.R.,Giddens,1,0,0,23,3.0,0.5652173913043478,0.0869565217391304,0.3478260869565217,2.0869565217391304,0.6956521739130435,2.5217391304347827,1.2173913043478262,0.391304347826087,0.0,1.0,0.5652173913043478,2.9617391304347827,0.5064591896652966,7.326086956521739,
201974,2010,Derrick,Brown,0,1,0,53,3.30188679245283,0.3584905660377358,0.1509433962264151,0.3584905660377358,1.3962264150943395,0.3584905660377358,2.5849056603773586,1.1886792452830188,0.1132075471698113,0.0377358490566037,1.320754716981132,0.8867924528301887,3.166037735849057,0.5214541120381406,7.254716981132075,
1043,2004,Amal,McCaskill,0,0,1,58,1.9482758620689653,0.3448275862068966,0.3448275862068966,0.2068965517241379,2.293103448275862,0.4310344827586206,2.0172413793103448,0.8103448275862069,0.0172413793103448,0.0,0.4655172413793103,0.3275862068965517,2.222068965517241,0.4383923029174426,7.250000000000001,
2763,2005,Lionel,Chalmers,1,0,0,33,3.363636363636364,1.5454545454545454,0.0,0.3939393939393939,0.9393939393939394,0.7272727272727273,3.757575757575758,1.2727272727272727,1.4545454545454546,0.3636363636363636,0.7272727272727273,0.4545454545454545,4.077575757575758,0.4124554102259214,7.212121212121213,
2766,2005,Antonio,Burks,1,0,0,23,3.1739130434782608,1.2173913043478262,0.0434782608695652,0.5652173913043478,0.5217391304347826,0.5217391304347826,2.565217391304348,1.2173913043478262,0.4347826086956521,0.1304347826086956,0.8260869565217391,0.6086956521739131,2.928695652173913,0.5418646080760096,7.173913043478261,
128,2001,David,Benoit,0,1,0,45,3.911111111111111,0.4888888888888889,0.1333333333333333,0.1333333333333333,1.8,0.6222222222222222,3.2222222222222223,1.5555555555555556,0.2888888888888888,0.1111111111111111,0.8666666666666667,0.6888888888888889,3.603555555555556,0.5426739023186975,7.166666666666667,
201181,2008,Chris,Richard,0,1,0,52,1.8846153846153848,0.3461538461538461,0.2307692307692307,0.1923076923076923,2.5961538461538463,0.4615384615384615,1.6730769230769231,0.7884615384615384,0.0,0.0,0.5192307692307693,0.3076923076923077,1.9015384615384616,0.4955501618122977,7.067307692307692,
101182,2006,Donell,Taylor,1,0,0,50,2.76,0.9,0.08,0.6,1.06,0.68,2.7,1.04,0.34,0.08,0.86,0.6,3.0784,0.4482848232848232,7.06,
201165,2009,Morris,Almond,1,0,0,22,4.181818181818182,0.2727272727272727,0.1818181818181818,0.1818181818181818,1.6363636363636365,0.7272727272727273,3.6818181818181817,1.5,0.7727272727272727,0.2272727272727272,1.181818181818182,0.9545454545454546,4.201818181818181,0.49762007788836,7.045454545454545,
101249,2007,John,Lucas III,1,0,0,42,3.6666666666666665,0.7857142857142857,0.0,0.4047619047619047,0.8571428571428571,0.3571428571428571,3.7142857142857135,1.4761904761904765,1.4047619047619049,0.3571428571428571,0.4523809523809524,0.3571428571428571,3.9133333333333336,0.4684838160136286,7.035714285714286,
2876,2007,Jared,Reiner,0,0,1,25,1.32,0.52,0.24,0.2,2.84,0.56,1.68,0.6,0.0,0.0,0.4,0.12,1.856,0.3556034482758621,7.000000000000001,
200793,2007,Dee,Brown,1,0,0,47,2.0,1.7659574468085106,0.1276595744680851,0.4680851063829787,0.851063829787234,0.6595744680851063,2.0851063829787235,0.6808510638297872,0.5957446808510638,0.1276595744680851,0.7872340425531915,0.5106382978723404,2.431489361702128,0.4112705635281763,6.989361702127661,
2106,2001,Ruben,Wolkowyski,0,1,0,31,2.419354838709677,0.0967741935483871,0.5806451612903226,0.1612903225806451,1.4838709677419355,0.3870967741935484,2.548387096774193,0.8064516129032258,0.064516129032258,0.0,1.096774193548387,0.8064516129032258,3.030967741935484,0.3991060025542784,6.983870967741935,
101134,2006,Wayne,Simien,0,1,0,43,3.395348837209302,0.1627906976744186,0.0232558139534883,0.3023255813953488,2.046511627906977,0.5581395348837209,2.7906976744186047,1.3488372093023255,0.0,0.0,0.7906976744186046,0.6976744186046512,3.1386046511627907,0.5409010077059869,6.895348837209303,
724,2001,Cory,Alexander,1,0,0,23,2.260869565217391,1.565217391304348,0.0,0.6956521739130435,1.0869565217391304,1.0869565217391304,2.4347826086956523,0.782608695652174,0.6956521739130435,0.1739130434782608,0.782608695652174,0.5217391304347826,2.779130434782609,0.406758448060075,6.847826086956522,
2415,2005,Ryan,Humphrey,0,1,0,35,2.914285714285714,0.1714285714285714,0.0285714285714285,0.2857142857142857,2.4857142857142858,0.6571428571428571,2.942857142857143,1.2,0.0571428571428571,0.0,1.0571428571428572,0.5142857142857142,3.4080000000000004,0.4275653923541246,6.842857142857143,
26,2001,Luc,Longley,0,0,1,24,2.0416666666666665,0.2916666666666667,0.375,0.125,2.75,0.9166666666666666,2.25,0.75,0.0,0.0,0.7083333333333334,0.5416666666666666,2.5616666666666665,0.3985035783994795,6.770833333333333,
200754,2007,Mouhamed,Sene,0,0,1,23,2.3043478260869565,0.0,0.5217391304347826,0.1304347826086956,1.8695652173913044,0.4782608695652174,2.0869565217391304,0.782608695652174,0.0,0.0,1.2608695652173914,0.7391304347826086,2.6417391304347824,0.4361421988150099,6.760869565217392,
2343,2002,Joe,Crispin,1,0,0,20,3.95,1.3,0.0,0.25,0.55,0.5,3.4,1.3,1.95,0.75,0.65,0.6,3.686,0.5358111774281064,6.7250000000000005,
201969,2010,DaJuan,Summers,0,1,0,38,3.526315789473684,0.4210526315789473,0.1842105263157894,0.2105263157894736,1.1842105263157894,0.4210526315789473,3.421052631578948,1.2105263157894737,1.105263157894737,0.3947368421052631,1.0,0.7105263157894737,3.8610526315789473,0.4566521264994547,6.671052631578947,
201169,2009,Alando,Tucker,0,1,0,30,4.6,0.4,0.0333333333333333,0.1666666666666666,1.0333333333333334,0.4666666666666667,4.033333333333333,1.7333333333333334,0.7666666666666667,0.2666666666666666,1.1,0.8666666666666667,4.517333333333333,0.5091499409681227,6.616666666666667,
2453,2003,Predrag,Savovic,1,0,0,26,3.1923076923076925,0.8461538461538461,0.0384615384615384,0.5384615384615384,0.9615384615384616,0.8076923076923077,3.576923076923077,1.1153846153846154,1.0,0.1538461538461538,1.1153846153846154,0.8076923076923077,4.067692307692308,0.3923978819969743,6.596153846153847,
101212,2006,Esteban,Batista,0,1,1,54,1.8703703703703705,0.1296296296296296,0.2037037037037037,0.2777777777777778,2.6666666666666665,0.7037037037037037,1.4814814814814814,0.6296296296296297,0.0185185185185185,0.0,0.9814814814814816,0.6111111111111112,1.913333333333333,0.4887727448703058,6.583333333333333,
2639,2004,Britton,Johnsen,0,1,0,20,2.1,0.6,0.05,0.35,2.25,0.7,2.95,0.85,0.6,0.05,0.8,0.35,3.302,0.3179890975166566,6.575000000000001,
101207,2006,Kevin,Burleson,1,0,0,37,1.891891891891892,1.2972972972972974,0.054054054054054,0.7027027027027027,0.7027027027027027,0.6756756756756757,2.3783783783783785,0.5945945945945946,1.4594594594594594,0.2702702702702703,0.4594594594594595,0.4324324324324324,2.580540540540541,0.3665689149560117,6.567567567567568,
98,2001,Nick,Anderson,1,1,0,21,1.809523809523809,0.6190476190476191,0.1904761904761904,0.4761904761904761,1.1904761904761905,0.3333333333333333,2.7142857142857144,0.6666666666666666,1.8571428571428568,0.4761904761904761,0.0,0.0,2.7142857142857144,0.3333333333333333,6.523809523809524,
201199,2008,DJ,Strawberry,1,0,0,32,2.21875,0.9375,0.1875,0.375,0.875,0.34375,2.84375,0.875,0.78125,0.1875,0.59375,0.28125,3.105,0.3572866344605475,6.5,
101165,2009,Alex,Acker,1,0,0,23,3.130434782608696,0.5217391304347826,0.1739130434782608,0.217391304347826,1.0434782608695652,0.3043478260869565,3.3043478260869565,1.3043478260869563,0.8695652173913043,0.3043478260869565,0.4347826086956521,0.217391304347826,3.495652173913044,0.4477611940298507,6.434782608695651,
2228,2002,Alton,Ford,0,1,0,51,3.215686274509804,0.1372549019607843,0.1372549019607843,0.1176470588235294,2.07843137254902,0.6078431372549019,2.313725490196078,1.196078431372549,0.0,0.0,1.1176470588235294,0.8235294117647058,2.8054901960784315,0.5731059547106514,6.343137254901961,
1600,2001,Kornel,David,0,1,0,26,2.3846153846153846,0.2307692307692307,0.1538461538461538,0.1923076923076923,2.0,0.4230769230769231,1.9615384615384608,0.9615384615384616,0.0,0.0,0.5,0.4615384615384615,2.181538461538461,0.5465444287729196,6.269230769230769,
201632,2010,Hamed,Haddadi,0,0,1,34,1.7647058823529411,0.2941176470588235,0.4117647058823529,0.0294117647058823,2.147058823529412,0.5588235294117647,1.7352941176470589,0.6764705882352942,0.088235294117647,0.0,0.5588235294117647,0.4117647058823529,1.9811764705882355,0.4453681710213776,6.0735294117647065,
2068,2002,Lavor,Postell,1,1,0,21,4.380952380952381,0.238095238095238,0.0,0.2857142857142857,0.7619047619047619,0.5238095238095238,4.0,1.3333333333333333,1.238095238095238,0.2857142857142857,1.8571428571428568,1.4285714285714286,4.817142857142857,0.4547251878212733,5.976190476190476,
201858,2009,Cartier,Martin,0,1,0,31,2.774193548387097,0.4193548387096774,0.1290322580645161,0.2580645161290322,1.064516129032258,0.2903225806451613,2.4838709677419355,0.9032258064516128,1.064516129032258,0.3225806451612903,0.8064516129032258,0.6451612903225806,2.838709677419355,0.4886363636363636,5.967741935483871,
95,2002,Mark,Bryant,0,1,0,27,2.074074074074074,0.3703703703703703,0.074074074074074,0.2592592592592592,1.6296296296296295,0.2222222222222222,2.037037037037037,0.925925925925926,0.0,0.0,0.2962962962962963,0.2222222222222222,2.167407407407408,0.478468899521531,5.962962962962962,
201612,2010,Malik,Hairston,1,0,0,38,2.6052631578947367,0.4210526315789473,0.2368421052631578,0.1052631578947368,1.2894736842105263,0.2894736842105263,2.0,1.0526315789473684,0.2894736842105263,0.0526315789473684,0.7894736842105263,0.4473684210526316,2.347368421052632,0.5549327354260088,5.960526315789473,
201945,2010,Gerald,Henderson,1,0,0,39,2.41025641025641,0.3076923076923077,0.2051282051282051,0.2307692307692307,1.2564102564102564,0.3076923076923077,2.230769230769231,0.7692307692307693,0.358974358974359,0.0512820512820512,1.1025641025641026,0.8205128205128205,2.715897435897436,0.4437311178247733,5.884615384615385,
201238,2009,Mario,West,1,0,0,33,1.0303030303030305,0.5151515151515151,0.1212121212121212,0.4848484848484848,1.606060606060606,0.3939393939393939,0.8787878787878788,0.303030303030303,0.0,0.0,0.9090909090909092,0.4242424242424242,1.2787878787878788,0.4028436018957346,5.848484848484849,
2558,2004,Reece,Gaines,1,0,0,35,1.9714285714285715,1.1428571428571428,0.0571428571428571,0.3142857142857143,1.1142857142857143,0.5142857142857142,2.4285714285714284,0.7142857142857143,0.2857142857142857,0.0857142857142857,0.7142857142857143,0.4571428571428571,2.742857142857143,0.359375,5.814285714285715,
201172,2009,Gabe,Pruitt,1,0,0,43,2.1627906976744184,0.9069767441860463,0.0697674418604651,0.3488372093023256,1.0,0.4418604651162791,2.3488372093023258,0.7209302325581395,1.1162790697674418,0.3255813953488372,0.4883720930232558,0.3953488372093023,2.5637209302325585,0.4218069666182872,5.813953488372093,
1895,2001,William,Avery,1,0,0,49,3.142857142857143,1.510204081632653,0.0816326530612244,0.2448979591836734,0.5918367346938775,0.8979591836734694,2.9183673469387754,1.1224489795918366,1.2040816326530612,0.3265306122448979,0.7346938775510204,0.5714285714285714,3.2416326530612243,0.4847645429362881,5.806122448979592,
2257,2002,Ruben,Boumtje-Boumtje,0,0,1,30,1.3,0.1333333333333333,0.5333333333333333,0.1,1.8,0.4666666666666667,1.0666666666666669,0.4333333333333333,0.0,0.0,0.8333333333333334,0.4333333333333333,1.4333333333333331,0.4534883720930233,5.800000000000001,
2447,2004,Tamar,Slay,1,0,0,21,2.523809523809524,0.6666666666666666,0.0476190476190476,0.3333333333333333,1.1904761904761905,0.5238095238095238,2.857142857142857,1.0,0.5714285714285714,0.1904761904761904,0.6666666666666666,0.3333333333333333,3.1504761904761907,0.4005441354292623,5.785714285714286,
2425,2004,Robert,Archibald,0,1,0,31,1.032258064516129,0.4193548387096774,0.0967741935483871,0.4516129032258064,1.6774193548387095,0.3225806451612903,1.064516129032258,0.2903225806451613,0.0,0.0,1.0,0.4516129032258064,1.504516129032258,0.3430531732418525,5.725806451612903,
201616,2009,Darnell,Jackson,0,1,0,48,2.0416666666666665,0.1666666666666666,0.0833333333333333,0.2083333333333333,1.8125,0.2916666666666667,1.7708333333333333,0.7708333333333334,0.0416666666666666,0.0,0.7291666666666666,0.5,2.091666666666667,0.4880478087649402,5.593749999999999,
1942,2002,Harold,Jamison,0,1,0,24,2.25,0.25,0.0416666666666666,0.2083333333333333,1.625,0.25,1.7916666666666667,0.9166666666666666,0.0,0.0,0.625,0.4166666666666667,2.066666666666667,0.5443548387096774,5.5625,
2066,2001,Soumaila,Samake,0,0,1,33,1.393939393939394,0.0303030303030303,0.4242424242424242,0.0606060606060606,1.606060606060606,0.1212121212121212,1.4545454545454546,0.5454545454545454,0.0,0.0,0.7272727272727273,0.303030303030303,1.7745454545454546,0.3927595628415301,5.545454545454546,
201947,2010,Earl,Clark,0,1,0,48,2.7916666666666665,0.3958333333333333,0.2083333333333333,0.1041666666666666,1.125,0.4166666666666667,2.9375,1.1041666666666667,0.1041666666666666,0.0416666666666666,0.75,0.5416666666666666,3.2675,0.4271869421066054,5.489583333333333,
2739,2006,Luke,Jackson,1,1,0,34,2.823529411764706,0.7352941176470589,0.0588235294117647,0.3235294117647059,1.1764705882352942,0.9117647058823528,2.5,0.8529411764705882,1.0588235294117647,0.3529411764705882,0.9705882352941176,0.7647058823529411,2.927058823529412,0.4823151125401929,5.397058823529412,
201582,2009,Alexis,Ajinca,0,0,1,28,2.5,0.1071428571428571,0.2142857142857142,0.25,1.0357142857142858,0.3928571428571428,2.392857142857143,0.8928571428571429,0.0714285714285714,0.0,1.0,0.7142857142857143,2.8328571428571427,0.4412506303580434,5.285714285714286,
201043,2010,Randolph,Morris,0,0,1,25,2.48,0.08,0.12,0.2,1.52,0.44,1.64,0.92,0.0,0.0,1.08,0.64,2.1152,0.5862329803328291,5.28,
201606,2009,Sean,Singletary,1,0,0,35,2.571428571428572,0.8285714285714286,0.0,0.3142857142857143,1.0,0.6571428571428571,2.4,0.8857142857142857,0.6857142857142857,0.2857142857142857,0.6,0.5142857142857142,2.664,0.4826254826254827,5.257142857142857,
2823,2006,John,Edwards,0,0,1,38,1.8421052631578947,0.131578947368421,0.3947368421052631,0.0789473684210526,1.263157894736842,0.3157894736842105,1.6842105263157894,0.8157894736842105,0.0,0.0,0.2894736842105263,0.2105263157894736,1.811578947368421,0.5084253341080767,5.19736842105263,
2775,2006,Seung-Jin,Ha,0,0,1,26,1.6923076923076923,0.0384615384615384,0.3076923076923077,0.1153846153846153,1.8846153846153848,0.5384615384615384,1.1923076923076923,0.6923076923076923,0.0,0.0,0.6538461538461539,0.3076923076923077,1.48,0.5717255717255717,5.1923076923076925,
280,2002,Felton,Spencer,0,0,1,29,1.0,0.1034482758620689,0.2758620689655172,0.2413793103448276,1.7241379310344829,0.3793103448275862,0.896551724137931,0.2068965517241379,0.0,0.0,1.137931034482759,0.5862068965517241,1.3972413793103449,0.357847976307996,5.051724137931034,
2143,2001,Pepe,Sanchez,1,0,0,28,0.7142857142857143,1.4642857142857142,0.0357142857142857,0.3928571428571428,0.5357142857142857,0.2142857142857142,1.0,0.3214285714285714,0.0357142857142857,0.0,0.0714285714285714,0.0714285714285714,1.0314285714285714,0.3462603878116344,5.0,
695,2001,Eldridge,Recasner,1,0,0,43,2.395348837209302,0.9069767441860463,0.0232558139534883,0.1395348837209302,1.162790697674419,0.627906976744186,2.6511627906976742,0.8837209302325582,0.9069767441860463,0.3023255813953488,0.4186046511627907,0.3255813953488372,2.835348837209302,0.4224081364829396,4.895348837209303,
2220,2004,Brandon,Armstrong,1,0,0,53,2.811320754716981,0.2641509433962264,0.0377358490566037,0.2264150943396226,0.7924528301886793,0.4528301886792453,3.2830188679245285,1.2075471698113207,0.981132075471698,0.3584905660377358,0.0754716981132075,0.0377358490566037,3.31622641509434,0.4238734638142922,4.547169811320755,
2779,2007,Vassilis,Spanoulis,1,0,0,30,2.833333333333333,0.9333333333333332,0.0333333333333333,0.2333333333333333,0.7333333333333333,0.9666666666666668,2.4,0.7666666666666667,0.9666666666666668,0.1666666666666666,1.4,1.1333333333333333,3.016,0.4697170645446508,4.466666666666668,
1743,2003,Bruno,Sundov,0,0,1,24,1.3333333333333333,0.2916666666666667,0.125,0.25,1.1666666666666667,0.375,2.333333333333333,0.5833333333333334,0.6666666666666666,0.1666666666666666,0.0833333333333333,0.0,2.37,0.2812939521800281,4.270833333333333,
200788,2008,James,Augustine,0,1,0,25,1.6,0.08,0.08,0.2,1.2,0.24,1.36,0.72,0.0,0.0,0.32,0.16,1.5008,0.5330490405117271,4.16,
1565,2004,Michael,Stewart,0,0,1,24,0.5416666666666666,0.0,0.4166666666666667,0.0833333333333333,1.2083333333333333,0.125,0.5,0.2083333333333333,0.0,0.0,0.1666666666666666,0.125,0.5733333333333334,0.4723837209302325,4.104166666666667,
1906,2001,Tim,James,0,1,0,30,1.5,0.2666666666666666,0.1666666666666666,0.0666666666666666,1.1666666666666667,0.2666666666666666,1.7333333333333334,0.5333333333333333,0.1,0.0333333333333333,0.4666666666666667,0.4,1.9386666666666668,0.3868638239339752,4.05,
981,2003,Efthimios,Rentzias,0,0,1,31,1.5483870967741935,0.2258064516129032,0.064516129032258,0.1935483870967742,0.8387096774193549,0.1290322580645161,1.870967741935484,0.6129032258064516,0.2580645161290322,0.1290322580645161,0.2258064516129032,0.1935483870967742,1.9703225806451607,0.3929273084479371,3.919354838709678,
2080,2003,Igor,Rakocevic,1,0,0,31,2.3870967741935485,1.032258064516129,0.0,0.1290322580645161,0.5483870967741935,0.7096774193548387,1.7741935483870968,0.6451612903225806,0.3548387096774194,0.1612903225806451,1.1612903225806452,0.935483870967742,2.2851612903225806,0.5223037831733485,3.8548387096774186,
200772,2007,Maurice,Ager,1,1,0,29,2.310344827586207,0.2413793103448276,0.1034482758620689,0.1379310344827586,0.7241379310344828,0.5172413793103449,2.3793103448275863,0.7241379310344828,0.5172413793103449,0.1724137931034483,1.137931034482759,0.6896551724137931,2.88,0.4011015325670498,3.6896551724137936,
200841,2007,Cedric,Bozeman,1,0,0,22,1.181818181818182,0.4090909090909091,0.0454545454545454,0.2272727272727272,1.0454545454545454,0.4090909090909091,1.7727272727272727,0.5,0.5909090909090909,0.0909090909090909,0.2727272727272727,0.0909090909090909,1.8927272727272728,0.3121998078770413,3.636363636363636,
200806,2007,Damir,Markota,0,1,0,27,1.8888888888888888,0.2222222222222222,0.037037037037037,0.1111111111111111,1.148148148148148,0.5555555555555556,1.851851851851852,0.7037037037037037,0.5555555555555556,0.2222222222222222,0.4074074074074074,0.2592592592592592,2.031111111111111,0.4649890590809628,3.425925925925926,
101209,2006,Devin,Green,1,1,0,25,1.0,0.28,0.0,0.12,0.96,0.2,1.12,0.24,0.08,0.0,0.84,0.52,1.4896,0.3356605800214822,2.94,
101117,2006,Yaroslav,Korolev,0,1,0,21,1.2857142857142858,0.4285714285714285,0.0,0.1428571428571428,0.6190476190476191,0.2857142857142857,1.4285714285714286,0.4285714285714285,0.3333333333333333,0.0952380952380952,0.4761904761904761,0.3333333333333333,1.638095238095238,0.3924418604651163,2.8571428571428577,
200978,2008,Jeremy,Richardson,1,1,0,24,1.7083333333333333,0.0833333333333333,0.0,0.125,0.3333333333333333,0.25,1.8333333333333333,0.6666666666666666,0.7916666666666666,0.2916666666666667,0.0833333333333333,0.0833333333333333,1.87,0.4567736185383244,2.333333333333333,
